hisse,fark,adet2,tks2,tip,donem,yukleme
SASA,483801702,2886264193,25700421137,yabanci,2026_01,2026-04-18 13:52
YKBNK,179411900,1597793768,4705235952,yabanci,2026_01,2026-04-18 13:52
ISCTR,106481506,2348020550,8880196742,yabanci,2026_01,2026-04-18 13:52
FENER,97243112,119553604,2772321026,yabanci,2026_01,2026-04-18 13:52
AKBNK,84702501,1587627624,3059020211,yabanci,2026_01,2026-04-18 13:52
EREGL,81127898,753959539,3554238535,yabanci,2026_01,2026-04-18 13:52
KAYSE,59062228,77478408,814062605,yabanci,2026_01,2026-04-18 13:52
AEFES,51528056,767574231,2028860053,yabanci,2026_01,2026-04-18 13:52
TRALT,47496410,248999979,952271819,yabanci,2026_01,2026-04-18 13:52
ZOREN,46092497,280462455,2681244172,yabanci,2026_01,2026-04-18 13:52
PETKM,43689167,122359468,1241736844,yabanci,2026_01,2026-04-18 13:52
GMTAS,40033694,75847227,298687813,yabanci,2026_01,2026-04-18 13:52
SMRTG,37582683,54106185,664164672,yabanci,2026_01,2026-04-18 13:52
HEKTS,37105786,389179675,3946474643,yabanci,2026_01,2026-04-18 13:52
ALGYO,35588467,41173788,989357377,yabanci,2026_01,2026-04-18 13:52
GLYHO,32134133,317827713,1949290631,yabanci,2026_01,2026-04-18 13:52
KCHOL,31025644,263565336,674052308,yabanci,2026_01,2026-04-18 13:52
PEKGY,30261697,397307374,4685012615,yabanci,2026_01,2026-04-18 13:52
VAKBN,30254964,183449945,8046896130,yabanci,2026_01,2026-04-18 13:52
GSRAY,28665436,111693388,10123744690,yabanci,2026_01,2026-04-18 13:52
BTCIM,27419394,337241511,4046650979,yabanci,2026_01,2026-04-18 13:52
TCELL,25839994,742173144,1622604373,yabanci,2026_01,2026-04-18 13:52
SAHOL,22380633,373533145,1142761094,yabanci,2026_01,2026-04-18 13:52
TUPRS,21024008,311953798,902334854,yabanci,2026_01,2026-04-18 13:52
FORMT,20726148,22220691,1075744232,yabanci,2026_01,2026-04-18 13:52
CANTE,20006868,287631801,6026143802,yabanci,2026_01,2026-04-18 13:52
CWENE,19344390,59476517,530758241,yabanci,2026_01,2026-04-18 13:52
ASELS,18010858,613850906,1178597817,yabanci,2026_01,2026-04-18 13:52
QUAGR,17535487,168983189,1771950000,yabanci,2026_01,2026-04-18 13:52
SISE,17349200,204593491,1814922730,yabanci,2026_01,2026-04-18 13:52
EKGYO,16822445,502227361,1925107366,yabanci,2026_01,2026-04-18 13:52
AGROT,15457337,31190420,843999770,yabanci,2026_01,2026-04-18 13:52
SRVGY,15383214,65117604,806067999,yabanci,2026_01,2026-04-18 13:52
GARAN,15100127,209072982,2454854227,yabanci,2026_01,2026-04-18 13:52
FROTO,14621437,216980292,625120847,yabanci,2026_01,2026-04-18 13:52
MAVI,14605550,181384008,576779312,yabanci,2026_01,2026-04-18 13:52
BORLS,14362599,14546242,308652686,yabanci,2026_01,2026-04-18 13:52
LIDFA,14062782,30692281,458180545,yabanci,2026_01,2026-04-18 13:52
RYGYO,13640894,302149379,770588057,yabanci,2026_01,2026-04-18 13:52
HALKB,13614592,45116032,6546422780,yabanci,2026_01,2026-04-18 13:52
ANSGR,13020546,147913426,1564416026,yabanci,2026_01,2026-04-18 13:52
DOHOL,12881970,224329706,984706959,yabanci,2026_01,2026-04-18 13:52
ALVES,12372274,12428951,862856920,yabanci,2026_01,2026-04-18 13:52
ASTOR,12212550,174490690,366896261,yabanci,2026_01,2026-04-18 13:52
SKBNK,11415509,124877176,2498879854,yabanci,2026_01,2026-04-18 13:52
AKFGY,11236668,153281204,3457819315,yabanci,2026_01,2026-04-18 13:52
DAPGM,10626658,97782571,928276145,yabanci,2026_01,2026-04-18 13:52
TSPOR,8584676,24561389,3674526664,yabanci,2026_01,2026-04-18 13:52
ULKER,8361855,56808723,338855989,yabanci,2026_01,2026-04-18 13:52
SARKY,7607733,55062204,999999671,yabanci,2026_01,2026-04-18 13:52
BJKAS,7443711,105952420,1776089716,yabanci,2026_01,2026-04-18 13:52
MAGEN,7347539,89084916,719512140,yabanci,2026_01,2026-04-18 13:52
HLGYO,7242975,48843618,1075198516,yabanci,2026_01,2026-04-18 13:52
ULUFA,7106444,10155470,305352801,yabanci,2026_01,2026-04-18 13:52
ALBRK,7013443,198475336,1050739765,yabanci,2026_01,2026-04-18 13:52
AKGRT,6815738,158719745,629007625,yabanci,2026_01,2026-04-18 13:52
TUKAS,6600280,180337860,4499995929,yabanci,2026_01,2026-04-18 13:52
AGHOL,6342789,250063103,1068828243,yabanci,2026_01,2026-04-18 13:52
CVKMD,6023406,35532305,461999787,yabanci,2026_01,2026-04-18 13:52
DARDL,5736771,16345339,1753442695,yabanci,2026_01,2026-04-18 13:52
IHGZT,5231567,5245860,570666228,yabanci,2026_01,2026-04-18 13:52
AKFYE,5067364,149890066,551782160,yabanci,2026_01,2026-04-18 13:52
ISKPL,5029489,49083521,724625736,yabanci,2026_01,2026-04-18 13:52
ENSRI,4774368,9316422,236333503,yabanci,2026_01,2026-04-18 13:52
TUREX,4752104,9256325,432000000,yabanci,2026_01,2026-04-18 13:52
DOAS,4485698,21332135,97899975,yabanci,2026_01,2026-04-18 13:52
ALARK,4342232,18334265,164975148,yabanci,2026_01,2026-04-18 13:52
TAVHL,4212268,119608223,213213415,yabanci,2026_01,2026-04-18 13:52
PSGYO,4164800,26530353,2954231556,yabanci,2026_01,2026-04-18 13:52
SEGMN,4047461,4141300,80999980,yabanci,2026_01,2026-04-18 13:52
OZGYO,3954619,6686074,490916869,yabanci,2026_01,2026-04-18 13:52
METRO,3921101,3944120,539989959,yabanci,2026_01,2026-04-18 13:52
ISDMR,3920868,23535195,147623050,yabanci,2026_01,2026-04-18 13:52
KATMR,3841948,74320481,1980989998,yabanci,2026_01,2026-04-18 13:52
PATEK,3709459,16138728,293081892,yabanci,2026_01,2026-04-18 13:52
TRMET,3700322,49765921,174454588,yabanci,2026_01,2026-04-18 13:52
MEGMT,3562905,5578373,72749999,yabanci,2026_01,2026-04-18 13:52
AHSGY,3339202,16034339,184999889,yabanci,2026_01,2026-04-18 13:52
EGEPO,3254839,7106479,200000000,yabanci,2026_01,2026-04-18 13:52
TOASO,3254321,27362999,120585076,yabanci,2026_01,2026-04-18 13:52
RYSAS,3200923,855389089,1504020937,yabanci,2026_01,2026-04-18 13:52
ECOGR,3160722,3764793,109980000,yabanci,2026_01,2026-04-18 13:52
ENJSA,3104127,56467473,236211770,yabanci,2026_01,2026-04-18 13:52
IMASM,2976527,31582600,622850499,yabanci,2026_01,2026-04-18 13:52
TABGD,2743796,21653984,52499906,yabanci,2026_01,2026-04-18 13:52
TSKB,2611958,330804593,1516591673,yabanci,2026_01,2026-04-18 13:52
KFEIN,2411617,2462224,150306170,yabanci,2026_01,2026-04-18 13:52
TRENJ,2408858,12107597,97964682,yabanci,2026_01,2026-04-18 13:52
KRDMD,2390041,117838091,780216365,yabanci,2026_01,2026-04-18 13:52
INFO,2375038,10841525,767463337,yabanci,2026_01,2026-04-18 13:52
MGROS,2291989,31641284,96563547,yabanci,2026_01,2026-04-18 13:52
TTKOM,2257730,226504563,524999999,yabanci,2026_01,2026-04-18 13:52
ARCLK,2234907,23026921,170054748,yabanci,2026_01,2026-04-18 13:52
TEKTU,2233599,4407963,195639308,yabanci,2026_01,2026-04-18 13:52
GESAN,2203588,13864413,141759180,yabanci,2026_01,2026-04-18 13:52
MANAS,2192069,2192070,149942371,yabanci,2026_01,2026-04-18 13:52
ESEN,2131285,37735115,682499950,yabanci,2026_01,2026-04-18 13:52
ARSAN,2000516,3359421,887344274,yabanci,2026_01,2026-04-18 13:52
VESTL,1966330,8597262,295447203,yabanci,2026_01,2026-04-18 13:52
CIMSA,1858040,39374616,488404404,yabanci,2026_01,2026-04-18 13:52
MOGAN,1829492,13801798,262635000,yabanci,2026_01,2026-04-18 13:52
SOKM,1753263,152909459,448708248,yabanci,2026_01,2026-04-18 13:52
AGESA,1673219,21176837,35829553,yabanci,2026_01,2026-04-18 13:52
LRSHO,1613457,13791730,724120946,yabanci,2026_01,2026-04-18 13:52
MPARK,1563075,32018558,80869110,yabanci,2026_01,2026-04-18 13:52
ARMGD,1551965,1708036,54996000,yabanci,2026_01,2026-04-18 13:52
HDFGS,1549903,1722507,956974190,yabanci,2026_01,2026-04-18 13:52
LILAK,1547010,7357565,260252730,yabanci,2026_01,2026-04-18 13:52
AZTEK,1545248,4430560,279000000,yabanci,2026_01,2026-04-18 13:52
IZMDC,1531639,43135205,723225318,yabanci,2026_01,2026-04-18 13:52
KOTON,1505262,1686263,136599960,yabanci,2026_01,2026-04-18 13:52
LYDHO,1471992,8485030,197140910,yabanci,2026_01,2026-04-18 13:52
TATGD,1408902,10737360,119284718,yabanci,2026_01,2026-04-18 13:52
GUBRF,1299452,9823437,85359737,yabanci,2026_01,2026-04-18 13:52
DURKN,1297870,1473504,42500000,yabanci,2026_01,2026-04-18 13:52
KRDMB,1289522,3086479,118762110,yabanci,2026_01,2026-04-18 13:52
CONSE,1191247,7224566,377854899,yabanci,2026_01,2026-04-18 13:52
DITAS,1167977,2127507,83407812,yabanci,2026_01,2026-04-18 13:52
BUCIM,1138958,46035687,1286538062,yabanci,2026_01,2026-04-18 13:52
ENKAI,1128869,222125485,874736059,yabanci,2026_01,2026-04-18 13:52
ALTNY,1089966,15445435,399889404,yabanci,2026_01,2026-04-18 13:52
AYDEM,1060763,25372918,130000000,yabanci,2026_01,2026-04-18 13:52
SOKE,1044146,2682017,126999996,yabanci,2026_01,2026-04-18 13:52
IHAAS,1015520,26742390,56031248,yabanci,2026_01,2026-04-18 13:52
MNDTR,1012690,750662800,910071938,yabanci,2026_01,2026-04-18 13:52
ZRGYO,999829,81669541,1173404997,yabanci,2026_01,2026-04-18 13:52
YEOTK,995254,11419133,160933198,yabanci,2026_01,2026-04-18 13:52
DYOBY,941977,1504764,186553687,yabanci,2026_01,2026-04-18 13:52
ENERY,929599,261854363,2420686786,yabanci,2026_01,2026-04-18 13:52
KRDMA,909393,17947843,240300917,yabanci,2026_01,2026-04-18 13:52
TKFEN,854655,27778813,230848007,yabanci,2026_01,2026-04-18 13:52
AFYON,817039,7766615,399992258,yabanci,2026_01,2026-04-18 13:52
BULGS,811242,2836952,72499900,yabanci,2026_01,2026-04-18 13:52
PRDGS,770098,949053,110850000,yabanci,2026_01,2026-04-18 13:52
ANHYT,770029,10951208,88457041,yabanci,2026_01,2026-04-18 13:52
MEYSU,767965,767965,175000000,yabanci,2026_01,2026-04-18 13:52
THYAO,760034,154226322,739329751,yabanci,2026_01,2026-04-18 13:52
PAPIL,759774,1920944,206247674,yabanci,2026_01,2026-04-18 13:52
ECILC,707701,13872751,210589603,yabanci,2026_01,2026-04-18 13:52
LMKDC,692203,4309630,155929999,yabanci,2026_01,2026-04-18 13:52
MIATK,689825,10422388,313087979,yabanci,2026_01,2026-04-18 13:52
BRSAN,660607,4467641,35912460,yabanci,2026_01,2026-04-18 13:52
KGYO,648610,675978,767895149,yabanci,2026_01,2026-04-18 13:52
AKFIS,625636,2140949,66841328,yabanci,2026_01,2026-04-18 13:52
ARASE,603554,5832055,49999991,yabanci,2026_01,2026-04-18 13:52
BIENY,571354,2990196,83144831,yabanci,2026_01,2026-04-18 13:52
SKTAS,567303,919500,332865443,yabanci,2026_01,2026-04-18 13:52
KLKIM,557728,9030008,138383655,yabanci,2026_01,2026-04-18 13:52
YUNSA,554652,5489470,202164056,yabanci,2026_01,2026-04-18 13:52
KOPOL,548549,4318628,266319652,yabanci,2026_01,2026-04-18 13:52
MERIT,523918,2879737,329748900,yabanci,2026_01,2026-04-18 13:52
MERCN,518189,6192474,74389005,yabanci,2026_01,2026-04-18 13:52
KLYPV,508915,3481928,46334639,yabanci,2026_01,2026-04-18 13:52
BEGYO,477912,626687,277250000,yabanci,2026_01,2026-04-18 13:52
AYGAZ,472613,10412083,98568807,yabanci,2026_01,2026-04-18 13:52
BURCE,470154,4966085,44422390,yabanci,2026_01,2026-04-18 13:52
ASGYO,458669,1221689,165000000,yabanci,2026_01,2026-04-18 13:52
ASUZU,453397,3546732,41130807,yabanci,2026_01,2026-04-18 13:52
EMKEL,450859,786304,149999456,yabanci,2026_01,2026-04-18 13:52
NATEN,450118,3230896,309375000,yabanci,2026_01,2026-04-18 13:52
HRKET,448099,758901,24000000,yabanci,2026_01,2026-04-18 13:52
BALSU,446610,32703393,278000000,yabanci,2026_01,2026-04-18 13:52
MHRGY,405312,1127771,310499991,yabanci,2026_01,2026-04-18 13:52
KAREL,403421,17654565,329659497,yabanci,2026_01,2026-04-18 13:52
CEMAS,379668,6293818,790994229,yabanci,2026_01,2026-04-18 13:52
KZBGY,378396,28952521,585996164,yabanci,2026_01,2026-04-18 13:52
DERHL,342712,2522531,197281316,yabanci,2026_01,2026-04-18 13:52
OBASE,317180,636114,14924000,yabanci,2026_01,2026-04-18 13:52
VAKFN,312626,36576149,2064378140,yabanci,2026_01,2026-04-18 13:52
KMPUR,300361,6462274,132432524,yabanci,2026_01,2026-04-18 13:52
SDTTR,291839,667155,15990000,yabanci,2026_01,2026-04-18 13:52
PNLSN,287244,1481680,34752383,yabanci,2026_01,2026-04-18 13:52
DZGYO,283834,440197,399777846,yabanci,2026_01,2026-04-18 13:52
ATATP,282657,1569399,18809999,yabanci,2026_01,2026-04-18 13:52
FADE,277130,700509,42347497,yabanci,2026_01,2026-04-18 13:52
KRONT,272736,3642267,116892885,yabanci,2026_01,2026-04-18 13:52
OZKGY,272503,26436339,363999945,yabanci,2026_01,2026-04-18 13:52
GLRYH,266516,13780216,599623814,yabanci,2026_01,2026-04-18 13:52
BIOEN,256104,14841039,197983419,yabanci,2026_01,2026-04-18 13:52
HATEK,251125,297811,62998947,yabanci,2026_01,2026-04-18 13:52
GRSEL,249114,2061141,29650000,yabanci,2026_01,2026-04-18 13:52
BOBET,239784,2024349,113999998,yabanci,2026_01,2026-04-18 13:52
MEPET,237768,1316970,73940585,yabanci,2026_01,2026-04-18 13:52
EGPRO,237341,436563,175170570,yabanci,2026_01,2026-04-18 13:52
BOSSA,229084,275404,508724189,yabanci,2026_01,2026-04-18 13:52
HURGZ,227051,261254,220784167,yabanci,2026_01,2026-04-18 13:52
SAFKR,227035,592409,139427409,yabanci,2026_01,2026-04-18 13:52
BLUME,224851,637759,174710134,yabanci,2026_01,2026-04-18 13:52
MOBTL,221110,5231384,207999999,yabanci,2026_01,2026-04-18 13:52
BAKAB,216229,741842,34985326,yabanci,2026_01,2026-04-18 13:52
CRFSA,211073,1940608,18312793,yabanci,2026_01,2026-04-18 13:52
BIGTK,210170,1538037,23395022,yabanci,2026_01,2026-04-18 13:52
SANKO,206653,912398,37499197,yabanci,2026_01,2026-04-18 13:52
FRMPL,206476,206476,39997696,yabanci,2026_01,2026-04-18 13:52
AYEN,202046,1714719,55531320,yabanci,2026_01,2026-04-18 13:52
BEYAZ,192629,408188,42317352,yabanci,2026_01,2026-04-18 13:52
RTALB,192506,798797,432976722,yabanci,2026_01,2026-04-18 13:52
ISGSY,186789,332369,47378729,yabanci,2026_01,2026-04-18 13:52
ISFIN,183712,37006732,310154523,yabanci,2026_01,2026-04-18 13:52
SURGY,183149,282376,44745990,yabanci,2026_01,2026-04-18 13:52
GZNMI,180666,377271,40910271,yabanci,2026_01,2026-04-18 13:52
TEHOL,178116,89652184,1967936441,yabanci,2026_01,2026-04-18 13:52
BMSTL,169492,433045,74772260,yabanci,2026_01,2026-04-18 13:52
ORGE,168255,7889439,41839996,yabanci,2026_01,2026-04-18 13:52
LINK,163502,1219640,18231985,yabanci,2026_01,2026-04-18 13:52
EPLAS,157467,3864019,190491857,yabanci,2026_01,2026-04-18 13:52
ETILR,157108,157108,156217454,yabanci,2026_01,2026-04-18 13:52
CEOEM,156796,786434,22232614,yabanci,2026_01,2026-04-18 13:52
KRTEK,146365,252851,18914650,yabanci,2026_01,2026-04-18 13:52
DOKTA,146235,367998,145872862,yabanci,2026_01,2026-04-18 13:52
ALCTL,144913,417405,13543218,yabanci,2026_01,2026-04-18 13:52
KRPLS,140464,811376,78486163,yabanci,2026_01,2026-04-18 13:52
GLRMK,137572,2998941,38760000,yabanci,2026_01,2026-04-18 13:52
KZGYO,132350,1878902,49999985,yabanci,2026_01,2026-04-18 13:52
PENTA,131088,13519482,181070136,yabanci,2026_01,2026-04-18 13:52
TCKRC,126556,2710744,70000000,yabanci,2026_01,2026-04-18 13:52
VAKKO,122802,2249196,30789786,yabanci,2026_01,2026-04-18 13:52
DGATE,121636,356255,15227271,yabanci,2026_01,2026-04-18 13:52
EGGUB,121274,1342018,75862114,yabanci,2026_01,2026-04-18 13:52
PKART,120861,3486114,11048497,yabanci,2026_01,2026-04-18 13:52
GWIND,112240,10710194,179165491,yabanci,2026_01,2026-04-18 13:52
PNSUT,111851,2006721,128323851,yabanci,2026_01,2026-04-18 13:52
IHEVA,108995,3607167,291631239,yabanci,2026_01,2026-04-18 13:52
TLMAN,106080,294882,10300000,yabanci,2026_01,2026-04-18 13:52
BAYRK,102461,104232,189751123,yabanci,2026_01,2026-04-18 13:52
GIPTA,99425,312019,51625912,yabanci,2026_01,2026-04-18 13:52
ZERGY,95888,95888,156799985,yabanci,2026_01,2026-04-18 13:52
MSGYO,95268,127642,169650150,yabanci,2026_01,2026-04-18 13:52
KCAER,93207,72973844,496494775,yabanci,2026_01,2026-04-18 13:52
DESA,92095,23169062,171107590,yabanci,2026_01,2026-04-18 13:52
BESLR,88353,12589622,658098036,yabanci,2026_01,2026-04-18 13:52
DSTKF,88151,4651611,82195267,yabanci,2026_01,2026-04-18 13:52
GOLTS,84610,834916,12422783,yabanci,2026_01,2026-04-18 13:52
DERIM,84395,562971,40403770,yabanci,2026_01,2026-04-18 13:52
GARFA,83128,103534,138399778,yabanci,2026_01,2026-04-18 13:52
ONRYT,82263,448330,19730000,yabanci,2026_01,2026-04-18 13:52
NUHCM,78107,6485714,33135899,yabanci,2026_01,2026-04-18 13:52
GUNDG,77742,81742,18968972,yabanci,2026_01,2026-04-18 13:52
FORTE,71459,71459,21999999,yabanci,2026_01,2026-04-18 13:52
AKSUE,70316,70317,56376184,yabanci,2026_01,2026-04-18 13:52
KLSER,69754,5919794,109457566,yabanci,2026_01,2026-04-18 13:52
PAMEL,69075,426875,21533681,yabanci,2026_01,2026-04-18 13:52
RAYSG,66423,44220698,51947024,yabanci,2026_01,2026-04-18 13:52
MARKA,63584,64914,20752018,yabanci,2026_01,2026-04-18 13:52
BAHKM,60980,77913,23289000,yabanci,2026_01,2026-04-18 13:52
TTRAK,58646,6645985,24967458,yabanci,2026_01,2026-04-18 13:52
NUGYO,53698,11735037,324943976,yabanci,2026_01,2026-04-18 13:52
KLGYO,53338,6735455,689399869,yabanci,2026_01,2026-04-18 13:52
BRKSN,52678,126423,62639942,yabanci,2026_01,2026-04-18 13:52
ARTMS,52634,73177,24199999,yabanci,2026_01,2026-04-18 13:52
DUNYH,48814,2484429,36443197,yabanci,2026_01,2026-04-18 13:52
BRISA,46362,2253597,31247472,yabanci,2026_01,2026-04-18 13:52
EYGYO,45896,216026,341859667,yabanci,2026_01,2026-04-18 13:52
ARFYE,43980,43980,47000000,yabanci,2026_01,2026-04-18 13:52
AYCES,43007,44389,1895369,yabanci,2026_01,2026-04-18 13:52
BFREN,42249,6209079,24586148,yabanci,2026_01,2026-04-18 13:52
FMIZP,41918,137430,3497751,yabanci,2026_01,2026-04-18 13:52
AVPGY,41397,3309560,100000000,yabanci,2026_01,2026-04-18 13:52
BIGEN,40121,62269,115500000,yabanci,2026_01,2026-04-18 13:52
ERBOS,35836,357915,15899843,yabanci,2026_01,2026-04-18 13:52
MZHLD,34543,34544,72215314,yabanci,2026_01,2026-04-18 13:52
PKENT,29925,56812,23766169,yabanci,2026_01,2026-04-18 13:52
BRLSM,29591,612340,108025075,yabanci,2026_01,2026-04-18 13:52
VAKFA,26119,629935,224999701,yabanci,2026_01,2026-04-18 13:52
ELITE,24688,78101,44650000,yabanci,2026_01,2026-04-18 13:52
ALKA,21793,24381,330750000,yabanci,2026_01,2026-04-18 13:52
TGSAS,19679,184715,12348294,yabanci,2026_01,2026-04-18 13:52
BRYAT,17256,426257,10264685,yabanci,2026_01,2026-04-18 13:52
EBEBK,15240,3880021,40534692,yabanci,2026_01,2026-04-18 13:52
TMPOL,15096,15615,11039990,yabanci,2026_01,2026-04-18 13:52
UFUK,14841,882233,46845974,yabanci,2026_01,2026-04-18 13:52
MAALT,14096,30559,4763850,yabanci,2026_01,2026-04-18 13:52
GOODY,13808,64599976,132804473,yabanci,2026_01,2026-04-18 13:52
KAPLM,13388,225561,4563571,yabanci,2026_01,2026-04-18 13:52
KIMMR,11686,6903882,75000000,yabanci,2026_01,2026-04-18 13:52
MOPAS,9499,99579,57330000,yabanci,2026_01,2026-04-18 13:52
PCILT,9205,311919,45014183,yabanci,2026_01,2026-04-18 13:52
LYDYE,7828,176040,1391287,yabanci,2026_01,2026-04-18 13:52
DNISI,7039,7040,59171727,yabanci,2026_01,2026-04-18 13:52
ICBCT,6878,927772,216761845,yabanci,2026_01,2026-04-18 13:52
REEDR,6418,43760936,632558010,yabanci,2026_01,2026-04-18 13:52
CMBTN,3778,4802,1023000,yabanci,2026_01,2026-04-18 13:52
ANGEN,3373,322597,86440002,yabanci,2026_01,2026-04-18 13:52
RUBNS,3151,1002561,42377765,yabanci,2026_01,2026-04-18 13:52
EKOS,2942,2942,307199852,yabanci,2026_01,2026-04-18 13:52
BVSAN,2907,4808,13749998,yabanci,2026_01,2026-04-18 13:52
ALFAS,2763,6983459,84639559,yabanci,2026_01,2026-04-18 13:52
EGEEN,1949,111528,1137161,yabanci,2026_01,2026-04-18 13:52
VERTU,1019,8433,22000000,yabanci,2026_01,2026-04-18 13:52
GEDZA,77,706651,42983624,yabanci,2026_01,2026-04-18 13:52
QNBTR,12,31,2571745911,yabanci,2026_01,2026-04-18 13:52
SONME,0,0,4349319,yabanci,2026_01,2026-04-18 13:52
OYAYO,0,16000,19999941,yabanci,2026_01,2026-04-18 13:52
OYLUM,0,0,80937367,yabanci,2026_01,2026-04-18 13:52
EUHOL,0,325000,142999955,yabanci,2026_01,2026-04-18 13:52
LIOYS,0,0,31625013,yabanci,2026_01,2026-04-18 13:52
OZRDN,0,5,57107579,yabanci,2026_01,2026-04-18 13:52
EGCYO,0,0,21986285,yabanci,2026_01,2026-04-18 13:52
ARBUL,0,2300,15459297,yabanci,2026_01,2026-04-18 13:52
TDGYO,0,398606,59914214,yabanci,2026_01,2026-04-18 13:52
DGGYO,0,7410,280709437,yabanci,2026_01,2026-04-18 13:52
FENIS,0,210000,26080019,yabanci,2026_01,2026-04-18 13:52
ASYAB,0,25266969,477904801,yabanci,2026_01,2026-04-18 13:52
KENT,0,0,1191005,yabanci,2026_01,2026-04-18 13:52
KERVN,0,0,588346973,yabanci,2026_01,2026-04-18 13:52
MANGO,0,50001,37831688,yabanci,2026_01,2026-04-18 13:52
ARTOG,0,220000,18578922,yabanci,2026_01,2026-04-18 13:52
CMENT,0,1776,56829666,yabanci,2026_01,2026-04-18 13:52
MEGAP,0,1,234498757,yabanci,2026_01,2026-04-18 13:52
ATEKS,0,4172,5441598,yabanci,2026_01,2026-04-18 13:52
PRZMA,0,60,61941154,yabanci,2026_01,2026-04-18 13:52
PSDTC,0,284,6599991,yabanci,2026_01,2026-04-18 13:52
MEMSA,0,1,160110709,yabanci,2026_01,2026-04-18 13:52
QNBFK,0,13,843137646,yabanci,2026_01,2026-04-18 13:52
MENBA,0,4513,3496852,yabanci,2026_01,2026-04-18 13:52
CRDFA,0,0,74996853,yabanci,2026_01,2026-04-18 13:52
ATPET,0,101,11403497,yabanci,2026_01,2026-04-18 13:52
KLNMA,0,57760,91846864,yabanci,2026_01,2026-04-18 13:52
AKPAZ,0,352917,22489187,yabanci,2026_01,2026-04-18 13:52
UKIM,0,22970,2053621,yabanci,2026_01,2026-04-18 13:52
ULAS,0,0,25200172,yabanci,2026_01,2026-04-18 13:52
BURVA,0,71327,4723271,yabanci,2026_01,2026-04-18 13:52
GLBMD,0,1,28880500,yabanci,2026_01,2026-04-18 13:52
UNTAR,0,1,29562129,yabanci,2026_01,2026-04-18 13:52
UZEL,0,3248483,26329793,yabanci,2026_01,2026-04-18 13:52
GLDTRF,0,884,48100000,yabanci,2026_01,2026-04-18 13:52
ENPRA,0,70,15294299,yabanci,2026_01,2026-04-18 13:52
KRATL,0,5403,17800000,yabanci,2026_01,2026-04-18 13:52
SANEL,0,1,18112451,yabanci,2026_01,2026-04-18 13:52
AKYHO,0,2,223895870,yabanci,2026_01,2026-04-18 13:52
BYDNR,0,474040,20499984,yabanci,2026_01,2026-04-18 13:52
ISBIR,0,3825,14500244,yabanci,2026_01,2026-04-18 13:52
YGYO,0,19379986,1310632851,yabanci,2026_01,2026-04-18 13:52
ARAT,0,600000,39867975,yabanci,2026_01,2026-04-18 13:52
SEYKM,0,1,151040901,yabanci,2026_01,2026-04-18 13:52
SILVR,0,9,212818206,yabanci,2026_01,2026-04-18 13:52
GOLDS,0,222541,192323946,yabanci,2026_01,2026-04-18 13:52
KSTUR,0,842,3952561,yabanci,2026_01,2026-04-18 13:52
CELHA,0,0,146078935,yabanci,2026_01,2026-04-18 13:52
SKYLP,0,0,7159255,yabanci,2026_01,2026-04-18 13:52
ERSU,0,0,31755894,yabanci,2026_01,2026-04-18 13:52
SNPAM,0,1,19679871,yabanci,2026_01,2026-04-18 13:52
GRNYO,0,130436,37386059,yabanci,2026_01,2026-04-18 13:52
BRMEN,0,119040,57566555,yabanci,2026_01,2026-04-18 13:52
ORCAY,-1,0,149972352,yabanci,2026_01,2026-04-18 13:52
DENGE,-1,5456,525284797,yabanci,2026_01,2026-04-18 13:52
FLAP,-1,1,93599986,yabanci,2026_01,2026-04-18 13:52
KARTN,-178,1269355,72781126,yabanci,2026_01,2026-04-18 13:52
YGGYO,-311,11181550,240625741,yabanci,2026_01,2026-04-18 13:52
TARKM,-357,2142,4999885,yabanci,2026_01,2026-04-18 13:52
MRSHL,-671,185,4212888,yabanci,2026_01,2026-04-18 13:52
DOGUB,-792,87,19821566,yabanci,2026_01,2026-04-18 13:52
ALCAR,-878,28227,1721735,yabanci,2026_01,2026-04-18 13:52
KONYA,-1000,51258,1646416,yabanci,2026_01,2026-04-18 13:52
SMART,-1126,94374,29737499,yabanci,2026_01,2026-04-18 13:52
TRHOL,-1710,13844,17635692,yabanci,2026_01,2026-04-18 13:52
MAKTK,-1868,50696,184370066,yabanci,2026_01,2026-04-18 13:52
TSGYO,-3395,2947,266499982,yabanci,2026_01,2026-04-18 13:52
YAPRK,-4137,392,4214998,yabanci,2026_01,2026-04-18 13:52
ACSEL,-5398,335,8589113,yabanci,2026_01,2026-04-18 13:52
BANVT,-5420,1,36961044,yabanci,2026_01,2026-04-18 13:52
KUTPO,-7108,87880,10524430,yabanci,2026_01,2026-04-18 13:52
CLEBI,-7725,224748,5490178,yabanci,2026_01,2026-04-18 13:52
PLTUR,-7838,368533,49500000,yabanci,2026_01,2026-04-18 13:52
BRKVY,-10195,20220,13618361,yabanci,2026_01,2026-04-18 13:52
OTTO,-10514,2593,5474438,yabanci,2026_01,2026-04-18 13:52
TBORG,-10790,157239,59392160,yabanci,2026_01,2026-04-18 13:52
ERCB,-11569,13294,39113273,yabanci,2026_01,2026-04-18 13:52
KNFRT,-12703,11397,131747000,yabanci,2026_01,2026-04-18 13:52
ISYAT,-14091,2,152245569,yabanci,2026_01,2026-04-18 13:52
SERNT,-19868,19352,113000000,yabanci,2026_01,2026-04-18 13:52
INGRM,-20833,616,14969536,yabanci,2026_01,2026-04-18 13:52
KTSKR,-21029,45374,14691795,yabanci,2026_01,2026-04-18 13:52
YAYLA,-23672,9497,39874966,yabanci,2026_01,2026-04-18 13:52
BLCYT,-25004,375455,49088907,yabanci,2026_01,2026-04-18 13:52
RUZYE,-29638,1031516,267748491,yabanci,2026_01,2026-04-18 13:52
INTEM,-30770,9182,9428747,yabanci,2026_01,2026-04-18 13:52
OTKAR,-32808,6040536,33417145,yabanci,2026_01,2026-04-18 13:52
ULUSE,-34712,72067,24000000,yabanci,2026_01,2026-04-18 13:52
POLTK,-37061,294347,1125000,yabanci,2026_01,2026-04-18 13:52
VKING,-38031,6232,30932905,yabanci,2026_01,2026-04-18 13:52
GSDDE,-40736,1716724,106850751,yabanci,2026_01,2026-04-18 13:52
LUKSK,-43270,20846,27257202,yabanci,2026_01,2026-04-18 13:52
FRIGO,-44141,32001,153667954,yabanci,2026_01,2026-04-18 13:52
AKMGY,-44545,2,21568998,yabanci,2026_01,2026-04-18 13:52
TUCLK,-47224,50861,230681400,yabanci,2026_01,2026-04-18 13:52
VERUS,-51695,12927054,34499937,yabanci,2026_01,2026-04-18 13:52
TRCAS,-51709,7261469,206252778,yabanci,2026_01,2026-04-18 13:52
CGCAM,-52101,384,42000000,yabanci,2026_01,2026-04-18 13:52
SEKFK,-55285,533752,62311473,yabanci,2026_01,2026-04-18 13:52
EDIP,-58395,368298,36468204,yabanci,2026_01,2026-04-18 13:52
JANTS,-61389,3919144,207477849,yabanci,2026_01,2026-04-18 13:52
INVES,-64393,2769584,37480000,yabanci,2026_01,2026-04-18 13:52
MAKIM,-65702,2079704,42559998,yabanci,2026_01,2026-04-18 13:52
ONCSM,-69007,324159,10086000,yabanci,2026_01,2026-04-18 13:52
HOROZ,-70371,21944,24599986,yabanci,2026_01,2026-04-18 13:52
ODINE,-82427,1539977,52576848,yabanci,2026_01,2026-04-18 13:52
TMSN,-91536,2055452,44449988,yabanci,2026_01,2026-04-18 13:52
OZSUB,-93349,33059,42499126,yabanci,2026_01,2026-04-18 13:52
GENTS,-93436,2310680,749958921,yabanci,2026_01,2026-04-18 13:52
POLHO,-94304,16706726,164140074,yabanci,2026_01,2026-04-18 13:52
ATAKP,-94940,172057,28224000,yabanci,2026_01,2026-04-18 13:52
RNPOL,-99559,200176,16795000,yabanci,2026_01,2026-04-18 13:52
GRTHO,-101056,6573648,36745000,yabanci,2026_01,2026-04-18 13:52
ARENA,-102047,63438,66996461,yabanci,2026_01,2026-04-18 13:52
KLMSN,-103144,12034,30881197,yabanci,2026_01,2026-04-18 13:52
DEVA,-105501,1266189,199971814,yabanci,2026_01,2026-04-18 13:52
PAGYO,-106245,2412308,57781202,yabanci,2026_01,2026-04-18 13:52
ECZYT,-106381,2135821,45880511,yabanci,2026_01,2026-04-18 13:52
KONKA,-114524,27072,89670000,yabanci,2026_01,2026-04-18 13:52
PINSU,-115404,183094,101635846,yabanci,2026_01,2026-04-18 13:52
FZLGY,-118315,2146646,398427439,yabanci,2026_01,2026-04-18 13:52
AGYO,-125361,246031,129036460,yabanci,2026_01,2026-04-18 13:52
BNTAS,-128330,1,170624998,yabanci,2026_01,2026-04-18 13:52
YATAS,-128435,13658894,94866488,yabanci,2026_01,2026-04-18 13:52
BINBN,-132585,9630033,17000000,yabanci,2026_01,2026-04-18 13:52
BASGZ,-138431,12758395,174999999,yabanci,2026_01,2026-04-18 13:52
AVGYO,-142042,70653,111590302,yabanci,2026_01,2026-04-18 13:52
GLCVY,-145774,927898,26400000,yabanci,2026_01,2026-04-18 13:52
OBAMS,-146654,8230963,725750028,yabanci,2026_01,2026-04-18 13:52
CEMZY,-157049,116539,124118690,yabanci,2026_01,2026-04-18 13:52
SUNTK,-161926,13945056,144433250,yabanci,2026_01,2026-04-18 13:52
ENTRA,-162438,5977600,369383564,yabanci,2026_01,2026-04-18 13:52
NETAS,-166744,339283,31783484,yabanci,2026_01,2026-04-18 13:52
OZATD,-172686,971990,13349933,yabanci,2026_01,2026-04-18 13:52
SAYAS,-178066,698810,42530887,yabanci,2026_01,2026-04-18 13:52
KORDS,-182766,2834839,65421451,yabanci,2026_01,2026-04-18 13:52
KRGYO,-192269,491027,275373393,yabanci,2026_01,2026-04-18 13:52
ENDAE,-196791,497909,120211591,yabanci,2026_01,2026-04-18 13:52
BIGCH,-213841,2742465,73786589,yabanci,2026_01,2026-04-18 13:52
AKENR,-220916,1890275,385189146,yabanci,2026_01,2026-04-18 13:52
CATES,-224585,669828,33050000,yabanci,2026_01,2026-04-18 13:52
PARSN,-241471,683135,34033246,yabanci,2026_01,2026-04-18 13:52
OFSYM,-245725,785249,22749998,yabanci,2026_01,2026-04-18 13:52
TURGG,-250236,579071,32042988,yabanci,2026_01,2026-04-18 13:52
DESPC,-258366,118546,16023700,yabanci,2026_01,2026-04-18 13:52
GEREL,-267090,9836,219036379,yabanci,2026_01,2026-04-18 13:52
BIZIM,-288989,511937,27601626,yabanci,2026_01,2026-04-18 13:52
BARMA,-289689,438398,67594701,yabanci,2026_01,2026-04-18 13:52
ARDYZ,-321949,2961631,279551557,yabanci,2026_01,2026-04-18 13:52
LIDER,-325035,21583319,279500000,yabanci,2026_01,2026-04-18 13:52
HATSN,-328841,900301,44299973,yabanci,2026_01,2026-04-18 13:52
USAK,-339110,12216605,1218028690,yabanci,2026_01,2026-04-18 13:52
YESIL,-349123,0,640699952,yabanci,2026_01,2026-04-18 13:52
PRKAB,-351335,306759,35225443,yabanci,2026_01,2026-04-18 13:52
EUPWR,-351735,17501427,199610525,yabanci,2026_01,2026-04-18 13:52
OYYAT,-360053,7175567,91048322,yabanci,2026_01,2026-04-18 13:52
AKCNS,-362058,3342618,39359284,yabanci,2026_01,2026-04-18 13:52
NTHOL,-363417,24684310,485479112,yabanci,2026_01,2026-04-18 13:52
SMRVA,-366218,2241280,28000000,yabanci,2026_01,2026-04-18 13:52
TKNSA,-367722,1479716,100485379,yabanci,2026_01,2026-04-18 13:52
DGNMO,-395817,4075848,327634635,yabanci,2026_01,2026-04-18 13:52
OZYSR,-399725,607232,40488000,yabanci,2026_01,2026-04-18 13:52
UNLU,-411752,2942042,102181558,yabanci,2026_01,2026-04-18 13:52
SUWEN,-424501,47460430,365687500,yabanci,2026_01,2026-04-18 13:52
SKYMD,-429186,3576,52499981,yabanci,2026_01,2026-04-18 13:52
ALKIM,-443243,10333806,182767821,yabanci,2026_01,2026-04-18 13:52
VSNMD,-447690,1163218,24000000,yabanci,2026_01,2026-04-18 13:52
VBTYZ,-458411,1253788,55935000,yabanci,2026_01,2026-04-18 13:52
DAGI,-466578,4,175301274,yabanci,2026_01,2026-04-18 13:52
KLRHO,-471108,58945242,341250000,yabanci,2026_01,2026-04-18 13:52
ADGYO,-492576,897082,379654367,yabanci,2026_01,2026-04-18 13:52
PETUN,-499648,4746862,134673118,yabanci,2026_01,2026-04-18 13:52
NTGAZ,-509078,7045000,276000000,yabanci,2026_01,2026-04-18 13:52
MERKO,-523021,782655,101104701,yabanci,2026_01,2026-04-18 13:52
ISSEN,-528754,13320,107411517,yabanci,2026_01,2026-04-18 13:52
ALKLC,-537151,4247557,45382467,yabanci,2026_01,2026-04-18 13:52
RALYH,-540029,16259209,176324572,yabanci,2026_01,2026-04-18 13:52
SELEC,-551040,13193313,124262097,yabanci,2026_01,2026-04-18 13:52
NIBAS,-562328,22447,267767946,yabanci,2026_01,2026-04-18 13:52
MTRKS,-567483,215243,43633165,yabanci,2026_01,2026-04-18 13:52
BAGFS,-602437,5933209,100042745,yabanci,2026_01,2026-04-18 13:52
LKMNH,-621800,3423927,163262533,yabanci,2026_01,2026-04-18 13:52
DOFER,-623423,39123,19572500,yabanci,2026_01,2026-04-18 13:52
RGYAS,-658946,53459162,105523000,yabanci,2026_01,2026-04-18 13:52
KBORU,-678416,517710,143999994,yabanci,2026_01,2026-04-18 13:52
BERA,-711409,52279261,491816866,yabanci,2026_01,2026-04-18 13:52
SNICA,-731487,5179833,321688855,yabanci,2026_01,2026-04-18 13:52
OSMEN,-744536,461934,157750927,yabanci,2026_01,2026-04-18 13:52
YYLGD,-753133,25063278,369826200,yabanci,2026_01,2026-04-18 13:52
ADEL,-780188,17131,112043619,yabanci,2026_01,2026-04-18 13:52
MEDTR,-793446,170011,24499999,yabanci,2026_01,2026-04-18 13:52
CEMTS,-795818,5023684,233425986,yabanci,2026_01,2026-04-18 13:52
AVOD,-830558,649572,253604577,yabanci,2026_01,2026-04-18 13:52
VESBE,-840770,32723250,503578676,yabanci,2026_01,2026-04-18 13:52
MARBL,-851909,8069,65226403,yabanci,2026_01,2026-04-18 13:52
YIGIT,-890319,160951,74999975,yabanci,2026_01,2026-04-18 13:52
KOCMT,-932862,1351388,581991187,yabanci,2026_01,2026-04-18 13:52
IHLAS,-975627,14412138,1396079076,yabanci,2026_01,2026-04-18 13:52
GEDIK,-977205,3402814,983076856,yabanci,2026_01,2026-04-18 13:52
DOFRB,-1009363,282371,45000000,yabanci,2026_01,2026-04-18 13:52
LOGO,-1060898,25924048,74328248,yabanci,2026_01,2026-04-18 13:52
HKTM,-1086224,156865,72747500,yabanci,2026_01,2026-04-18 13:52
TRILC,-1102205,746926,118499496,yabanci,2026_01,2026-04-18 13:52
AKSEN,-1139930,22964590,638545796,yabanci,2026_01,2026-04-18 13:52
OSTIM,-1158278,8817371,509984964,yabanci,2026_01,2026-04-18 13:52
BIMAS,-1163821,200381613,436214016,yabanci,2026_01,2026-04-18 13:52
KUYAS,-1228490,16357528,395658898,yabanci,2026_01,2026-04-18 13:52
BINHO,-1261833,1442528,488884390,yabanci,2026_01,2026-04-18 13:52
PENGD,-1326916,1429058,171069968,yabanci,2026_01,2026-04-18 13:52
GOKNR,-1338344,5394363,178040711,yabanci,2026_01,2026-04-18 13:52
MEKAG,-1446386,202291,320319999,yabanci,2026_01,2026-04-18 13:52
YYAPI,-1446528,1069390,1705025550,yabanci,2026_01,2026-04-18 13:52
KRVGD,-1460493,64675400,596159766,yabanci,2026_01,2026-04-18 13:52
HTTBT,-1508179,16793784,82805422,yabanci,2026_01,2026-04-18 13:52
ZEDUR,-1519978,0,69899992,yabanci,2026_01,2026-04-18 13:52
MNDRS,-1616779,5563593,222007982,yabanci,2026_01,2026-04-18 13:52
GSDHO,-1641861,117393689,999994969,yabanci,2026_01,2026-04-18 13:52
MACKO,-1668754,2806957,41453550,yabanci,2026_01,2026-04-18 13:52
SANFM,-1749202,144057,225029995,yabanci,2026_01,2026-04-18 13:52
INVEO,-1848016,454048,998999954,yabanci,2026_01,2026-04-18 13:52
IHYAY,-1890373,1436043,388124996,yabanci,2026_01,2026-04-18 13:52
HEDEF,-1911730,4545777,562499930,yabanci,2026_01,2026-04-18 13:52
ANELE,-1926406,509626,151405542,yabanci,2026_01,2026-04-18 13:52
TNZTP,-1936162,6677955,87496826,yabanci,2026_01,2026-04-18 13:52
EGSER,-1939564,556638,545751057,yabanci,2026_01,2026-04-18 13:52
KARSN,-1948824,21798668,827850973,yabanci,2026_01,2026-04-18 13:52
SELVA,-2000000,436374,747897737,yabanci,2026_01,2026-04-18 13:52
TEZOL,-2018227,1014093,139835975,yabanci,2026_01,2026-04-18 13:52
PRKME,-2114525,35584,53038641,yabanci,2026_01,2026-04-18 13:52
DURDO,-2136269,4634005,379703149,yabanci,2026_01,2026-04-18 13:52
IEYHO,-2181845,25711173,541032947,yabanci,2026_01,2026-04-18 13:52
AHGAZ,-2211654,75277024,659370871,yabanci,2026_01,2026-04-18 13:52
KRSTL,-2355900,11137049,183664642,yabanci,2026_01,2026-04-18 13:52
PGSUS,-2360293,41777292,245068871,yabanci,2026_01,2026-04-18 13:52
DMSAS,-2381546,3871166,199994510,yabanci,2026_01,2026-04-18 13:52
ISGYO,-2458718,38966234,531312439,yabanci,2026_01,2026-04-18 13:52
HUNER,-2466921,18901304,670137934,yabanci,2026_01,2026-04-18 13:52
ARZUM,-2577084,3299753,293999828,yabanci,2026_01,2026-04-18 13:52
OYAKC,-2624565,235321992,4656879380,yabanci,2026_01,2026-04-18 13:52
IHLGM,-2644132,2152962,986078000,yabanci,2026_01,2026-04-18 13:52
SNGYO,-2711218,157636472,3607173097,yabanci,2026_01,2026-04-18 13:52
IZFAS,-2788110,981643,156001658,yabanci,2026_01,2026-04-18 13:52
AKSA,-2880887,253838209,1503670642,yabanci,2026_01,2026-04-18 13:52
ESCAR,-2933575,28161233,101933690,yabanci,2026_01,2026-04-18 13:52
EKSUN,-2994497,37291,171792833,yabanci,2026_01,2026-04-18 13:52
EGEGY,-2996263,1765988,61200000,yabanci,2026_01,2026-04-18 13:52
EFOR,-3030747,86399481,539999994,yabanci,2026_01,2026-04-18 13:52
TATEN,-3040828,4277192,347769724,yabanci,2026_01,2026-04-18 13:52
EDATA,-3049293,376078,160065396,yabanci,2026_01,2026-04-18 13:52
TERA,-3234511,23222216,240888789,yabanci,2026_01,2026-04-18 13:52
TRGYO,-3354933,47989349,251573369,yabanci,2026_01,2026-04-18 13:52
BSOKE,-3375232,31957109,458486931,yabanci,2026_01,2026-04-18 13:52
KTLEV,-3738488,90287142,1288500000,yabanci,2026_01,2026-04-18 13:52
ULUUN,-4176760,4902080,290523352,yabanci,2026_01,2026-04-18 13:52
GENIL,-4631297,11164105,85937999,yabanci,2026_01,2026-04-18 13:52
ESCOM,-4640857,969213,463831670,yabanci,2026_01,2026-04-18 13:52
VRGYO,-4828894,29084484,597643904,yabanci,2026_01,2026-04-18 13:52
INDES,-4892096,50845943,462749768,yabanci,2026_01,2026-04-18 13:52
YKSLN,-4978493,3934488,197429570,yabanci,2026_01,2026-04-18 13:52
FONET,-5031365,5914947,577082984,yabanci,2026_01,2026-04-18 13:52
KONTR,-5210052,50253164,936038763,yabanci,2026_01,2026-04-18 13:52
VKGYO,-5575918,92489348,1637202242,yabanci,2026_01,2026-04-18 13:52
MRGYO,-5710252,5984363,1035439185,yabanci,2026_01,2026-04-18 13:52
AKSGY,-5829190,97243701,1628451947,yabanci,2026_01,2026-04-18 13:52
KLSYN,-6133079,914872,107854952,yabanci,2026_01,2026-04-18 13:52
CCOLA,-6362949,592834388,818085147,yabanci,2026_01,2026-04-18 13:52
MARMR,-6797557,48832116,961218727,yabanci,2026_01,2026-04-18 13:52
GOZDE,-7116323,10670803,384992447,yabanci,2026_01,2026-04-18 13:52
PASEU,-7888308,34279021,215295868,yabanci,2026_01,2026-04-18 13:52
MARTI,-9383719,9,590191701,yabanci,2026_01,2026-04-18 13:52
ISMEN,-9631809,135911739,467723147,yabanci,2026_01,2026-04-18 13:52
ODAS,-13349606,82982146,1113798031,yabanci,2026_01,2026-04-18 13:52
EUREN,-20246217,68484817,1040132637,yabanci,2026_01,2026-04-18 13:52
IZENR,-24294008,70399252,914537597,yabanci,2026_01,2026-04-18 13:52
DMRGD,-33699261,8108837,1277294592,yabanci,2026_01,2026-04-18 13:52
TURSG,-46675581,423782162,7907296076,yabanci,2026_01,2026-04-18 13:52
ADESE,-50298751,558655493,4687131701,yabanci,2026_01,2026-04-18 13:52
PAHOL,-208648739,10972932,3999999979,yabanci,2026_01,2026-04-18 13:52
SASA,737733537,1252618131,25700421137,fon,2026_01,2026-04-18 13:52
PEKGY,215470941,1230574267,4685012615,fon,2026_01,2026-04-18 13:52
KTLEV,76531299,131007374,1288500000,fon,2026_01,2026-04-18 13:52
ALGYO,61857245,73587710,989357377,fon,2026_01,2026-04-18 13:52
DAPGM,34177615,114544188,928276145,fon,2026_01,2026-04-18 13:52
BSOKE,32013905,85340625,458486931,fon,2026_01,2026-04-18 13:52
ZGYO,29704618,29704618,84499889,fon,2026_01,2026-04-18 13:52
TERA,26072375,86242228,240888789,fon,2026_01,2026-04-18 13:52
EFOR,22698018,258832839,539999994,fon,2026_01,2026-04-18 13:52
TATEN,22673647,107784639,347769724,fon,2026_01,2026-04-18 13:52
LIDFA,22495180,49372726,458180545,fon,2026_01,2026-04-18 13:52
PASEU,22034804,66757960,215295868,fon,2026_01,2026-04-18 13:52
KAYSE,20351100,20886311,814062605,fon,2026_01,2026-04-18 13:52
PAHOL,19584383,46007714,3999999979,fon,2026_01,2026-04-18 13:52
KRDMD,18665750,86470636,780216365,fon,2026_01,2026-04-18 13:52
FONET,14226284,38664516,577082984,fon,2026_01,2026-04-18 13:52
ISCTR,13411882,1371514667,8880196742,fon,2026_01,2026-04-18 13:52
CANTE,13291994,125000429,6026143802,fon,2026_01,2026-04-18 13:52
EREGL,12926762,530053667,3554238535,fon,2026_01,2026-04-18 13:52
AEFES,12576380,175842836,2028860053,fon,2026_01,2026-04-18 13:52
EDATA,9805073,22759231,160065396,fon,2026_01,2026-04-18 13:52
SNGYO,9727541,274869872,3607173097,fon,2026_01,2026-04-18 13:52
ESCOM,9163105,40901129,463831670,fon,2026_01,2026-04-18 13:52
ALTNY,8179082,72117019,399889404,fon,2026_01,2026-04-18 13:52
KATMR,8023994,31814963,1980989998,fon,2026_01,2026-04-18 13:52
ALVES,7891826,8100959,862856920,fon,2026_01,2026-04-18 13:52
UCAYM,7665473,7665473,59996268,fon,2026_01,2026-04-18 13:52
ISGYO,7512096,28365531,531312439,fon,2026_01,2026-04-18 13:52
RTALB,7041983,7236484,432976722,fon,2026_01,2026-04-18 13:52
SISE,6488311,108559009,1814922730,fon,2026_01,2026-04-18 13:52
ECILC,6350839,23990736,210589603,fon,2026_01,2026-04-18 13:52
DOHOL,5825302,102525395,984706959,fon,2026_01,2026-04-18 13:52
LMKDC,5819666,27548585,155929999,fon,2026_01,2026-04-18 13:52
KRVGD,5697851,93083869,596159766,fon,2026_01,2026-04-18 13:52
FENER,5627050,5697051,2772321026,fon,2026_01,2026-04-18 13:52
GESAN,5417256,17940262,141759180,fon,2026_01,2026-04-18 13:52
ESCAR,5372479,16139313,101933690,fon,2026_01,2026-04-18 13:52
KUYAS,4841618,56823258,395658898,fon,2026_01,2026-04-18 13:52
AKSGY,4494637,92714406,1628451947,fon,2026_01,2026-04-18 13:52
NTGAZ,4323493,18710931,276000000,fon,2026_01,2026-04-18 13:52
AGHOL,4286756,348964113,1068828243,fon,2026_01,2026-04-18 13:52
CIMSA,4221783,53061689,488404404,fon,2026_01,2026-04-18 13:52
KOTON,4069169,16753325,136599960,fon,2026_01,2026-04-18 13:52
AHSGY,4022150,90241762,184999889,fon,2026_01,2026-04-18 13:52
SOKM,3983172,43105599,448708248,fon,2026_01,2026-04-18 13:52
GMTAS,3829176,7169720,298687813,fon,2026_01,2026-04-18 13:52
OBAMS,3821217,18336746,725750028,fon,2026_01,2026-04-18 13:52
ODINE,3707909,7491864,52576848,fon,2026_01,2026-04-18 13:52
EUPWR,3553682,14751747,199610525,fon,2026_01,2026-04-18 13:52
THYAO,3541047,53387757,739329751,fon,2026_01,2026-04-18 13:52
AKSA,3137716,152880769,1503670642,fon,2026_01,2026-04-18 13:52
MAGEN,3128189,411268634,719512140,fon,2026_01,2026-04-18 13:52
YYLGD,3121849,75389268,369826200,fon,2026_01,2026-04-18 13:52
ODAS,3062216,54947530,1113798031,fon,2026_01,2026-04-18 13:52
TEKTU,3038679,3165314,195639308,fon,2026_01,2026-04-18 13:52
INDES,2993777,58363403,462749768,fon,2026_01,2026-04-18 13:52
EPLAS,2850000,2850000,190491857,fon,2026_01,2026-04-18 13:52
SRVGY,2800156,22496533,806067999,fon,2026_01,2026-04-18 13:52
SMRTG,2760344,3964936,664164672,fon,2026_01,2026-04-18 13:52
TRHOL,2712526,6535110,17635692,fon,2026_01,2026-04-18 13:52
KARSN,2697928,5710579,827850973,fon,2026_01,2026-04-18 13:52
BIMAS,2597037,22050922,436214016,fon,2026_01,2026-04-18 13:52
DZGYO,2516385,2522884,399777846,fon,2026_01,2026-04-18 13:52
HEDEF,2479975,296298245,562499930,fon,2026_01,2026-04-18 13:52
RALYH,2395241,49542364,176324572,fon,2026_01,2026-04-18 13:52
DGNMO,2388871,20279057,327634635,fon,2026_01,2026-04-18 13:52
IZFAS,2379449,47362233,156001658,fon,2026_01,2026-04-18 13:52
GENTS,2215848,3051558,749958921,fon,2026_01,2026-04-18 13:52
EGEGY,2007058,2549214,61200000,fon,2026_01,2026-04-18 13:52
BOBET,1956569,12117762,113999998,fon,2026_01,2026-04-18 13:52
AKFYE,1915963,55288328,551782160,fon,2026_01,2026-04-18 13:52
ALBRK,1776986,132820341,1050739765,fon,2026_01,2026-04-18 13:52
TOASO,1728367,18530898,120585076,fon,2026_01,2026-04-18 13:52
ALKLC,1685577,7101741,45382467,fon,2026_01,2026-04-18 13:52
AYDEM,1675733,3699972,130000000,fon,2026_01,2026-04-18 13:52
BESLR,1549706,34471123,658098036,fon,2026_01,2026-04-18 13:52
TTKOM,1541563,28880226,524999999,fon,2026_01,2026-04-18 13:52
PATEK,1499302,12336836,293081892,fon,2026_01,2026-04-18 13:52
ADGYO,1410135,12639200,379654367,fon,2026_01,2026-04-18 13:52
LKMNH,1406902,20844250,163262533,fon,2026_01,2026-04-18 13:52
MANAS,1376511,4307079,149942371,fon,2026_01,2026-04-18 13:52
VESTL,1347113,4804121,295447203,fon,2026_01,2026-04-18 13:52
NPTLRF,1297132,1297132,1375000,fon,2026_01,2026-04-18 13:52
MEYSU,1278357,1278357,175000000,fon,2026_01,2026-04-18 13:52
TRALT,1224747,71760553,952271819,fon,2026_01,2026-04-18 13:52
OZGYO,1220600,1220600,490916869,fon,2026_01,2026-04-18 13:52
MOPAS,1209414,26740232,57330000,fon,2026_01,2026-04-18 13:52
POLHO,1200205,14316877,164140074,fon,2026_01,2026-04-18 13:52
KBORU,1176270,5148435,143999994,fon,2026_01,2026-04-18 13:52
SELEC,1149476,21842134,124262097,fon,2026_01,2026-04-18 13:52
TRMET,1144273,20473972,174454588,fon,2026_01,2026-04-18 13:52
SUWEN,1142628,106770887,365687500,fon,2026_01,2026-04-18 13:52
SAFKR,1100403,1104786,139427409,fon,2026_01,2026-04-18 13:52
GOKNR,1099476,13404123,178040711,fon,2026_01,2026-04-18 13:52
KGYO,1084880,76723621,767895149,fon,2026_01,2026-04-18 13:52
ISDMR,1056476,4949184,147623050,fon,2026_01,2026-04-18 13:52
SUNTK,996075,69861804,144433250,fon,2026_01,2026-04-18 13:52
BIGCH,984831,9008870,73786589,fon,2026_01,2026-04-18 13:52
ARDYZ,977086,25967761,279551557,fon,2026_01,2026-04-18 13:52
SANFM,967804,11513363,225029995,fon,2026_01,2026-04-18 13:52
TUCLK,960183,970025,230681400,fon,2026_01,2026-04-18 13:52
KLGYO,943168,105863700,689399869,fon,2026_01,2026-04-18 13:52
TKFEN,934267,11816479,230848007,fon,2026_01,2026-04-18 13:52
SAHOL,929128,155321021,1142761094,fon,2026_01,2026-04-18 13:52
AVPGY,928310,14963381,100000000,fon,2026_01,2026-04-18 13:52
UNLU,916772,40006772,102181558,fon,2026_01,2026-04-18 13:52
ARMGD,908558,11528047,54996000,fon,2026_01,2026-04-18 13:52
EUREN,904620,53730525,1040132637,fon,2026_01,2026-04-18 13:52
USAK,881722,1203196,1218028690,fon,2026_01,2026-04-18 13:52
DCTTR,834418,27783939,157328724,fon,2026_01,2026-04-18 13:52
INFO,796731,269860208,767463337,fon,2026_01,2026-04-18 13:52
LOGO,770845,8994351,74328248,fon,2026_01,2026-04-18 13:52
CUSAN,750575,750575,18500000,fon,2026_01,2026-04-18 13:52
YUNSA,732162,1938127,202164056,fon,2026_01,2026-04-18 13:52
TRENJ,707349,4846531,97964682,fon,2026_01,2026-04-18 13:52
ENKAI,703587,41580286,874736059,fon,2026_01,2026-04-18 13:52
GSDHO,695264,97461322,999994969,fon,2026_01,2026-04-18 13:52
HEKTS,678974,189719685,3946474643,fon,2026_01,2026-04-18 13:52
BORSK,673415,2660722,279999879,fon,2026_01,2026-04-18 13:52
ARASE,662829,6167115,49999991,fon,2026_01,2026-04-18 13:52
BLUME,628879,2737507,174710134,fon,2026_01,2026-04-18 13:52
YATAS,628259,11082237,94866488,fon,2026_01,2026-04-18 13:52
GUBRF,611761,7531036,85359737,fon,2026_01,2026-04-18 13:52
BEGYO,599641,901106,277250000,fon,2026_01,2026-04-18 13:52
ZGOLDF,595016,13958656,152040000,fon,2026_01,2026-04-18 13:52
RUBNS,589747,589747,42377765,fon,2026_01,2026-04-18 13:52
MNDRS,580089,8082301,222007982,fon,2026_01,2026-04-18 13:52
TEZOL,528927,599735,139835975,fon,2026_01,2026-04-18 13:52
PAPIL,525834,6545784,206247674,fon,2026_01,2026-04-18 13:52
OZSUB,518900,1272889,42499126,fon,2026_01,2026-04-18 13:52
FROTO,507457,48584174,625120847,fon,2026_01,2026-04-18 13:52
VESBE,499668,4158359,503578676,fon,2026_01,2026-04-18 13:52
HRKET,488384,1467421,24000000,fon,2026_01,2026-04-18 13:52
MTRKS,484042,2726550,43633165,fon,2026_01,2026-04-18 13:52
ALKIM,476457,14387542,182767821,fon,2026_01,2026-04-18 13:52
AGROT,450311,463672,843999770,fon,2026_01,2026-04-18 13:52
LILAK,446798,163622623,260252730,fon,2026_01,2026-04-18 13:52
BAHKM,439986,2860335,23289000,fon,2026_01,2026-04-18 13:52
IZENR,439962,15306909,914537597,fon,2026_01,2026-04-18 13:52
DARDL,438305,21687369,1753442695,fon,2026_01,2026-04-18 13:52
AGXAAC,432536,1947036,35877518,fon,2026_01,2026-04-18 13:52
AYES,419869,886370,86971609,fon,2026_01,2026-04-18 13:52
DESA,412414,4403682,171107590,fon,2026_01,2026-04-18 13:52
AHGAZ,410750,104143494,659370871,fon,2026_01,2026-04-18 13:52
IHLAS,388483,445091,1396079076,fon,2026_01,2026-04-18 13:52
KNFRT,377000,427000,131747000,fon,2026_01,2026-04-18 13:52
TMPOL,373886,5600032,11039990,fon,2026_01,2026-04-18 13:52
ECOGR,369081,544204,109980000,fon,2026_01,2026-04-18 13:52
CEMTS,365622,4015901,233425986,fon,2026_01,2026-04-18 13:52
TKNSA,356272,11232581,100485379,fon,2026_01,2026-04-18 13:52
EGPRO,352832,1155063,175170570,fon,2026_01,2026-04-18 13:52
ULUUN,350437,35577947,290523352,fon,2026_01,2026-04-18 13:52
BALSU,344508,102461705,278000000,fon,2026_01,2026-04-18 13:52
TCKRC,343149,5849945,70000000,fon,2026_01,2026-04-18 13:52
AFYON,342905,13285615,399992258,fon,2026_01,2026-04-18 13:52
ASUZU,325901,939891,41130807,fon,2026_01,2026-04-18 13:52
DAGI,322315,35637840,175301274,fon,2026_01,2026-04-18 13:52
VANGD,313722,1382986,24374995,fon,2026_01,2026-04-18 13:52
HTTBT,297761,13171261,82805422,fon,2026_01,2026-04-18 13:52
MGROS,289655,12119845,96563547,fon,2026_01,2026-04-18 13:52
TATGD,285362,3802742,119284718,fon,2026_01,2026-04-18 13:52
PINSU,270310,870419,101635846,fon,2026_01,2026-04-18 13:52
YKSLN,266433,1580747,197429570,fon,2026_01,2026-04-18 13:52
PETUN,260097,3485788,134673118,fon,2026_01,2026-04-18 13:52
ARENA,255957,2899483,66996461,fon,2026_01,2026-04-18 13:52
TMSN,248178,1663334,44449988,fon,2026_01,2026-04-18 13:52
VBTYZ,239434,3410129,55935000,fon,2026_01,2026-04-18 13:52
ALCTL,228663,1095381,13543218,fon,2026_01,2026-04-18 13:52
AKFIS,228113,8288900,66841328,fon,2026_01,2026-04-18 13:52
KIMMR,223167,1702682,75000000,fon,2026_01,2026-04-18 13:52
BRKSN,219219,955569,62639942,fon,2026_01,2026-04-18 13:52
ENSRI,216281,120760530,236333503,fon,2026_01,2026-04-18 13:52
PENTA,215410,7593277,181070136,fon,2026_01,2026-04-18 13:52
BIGEN,214194,552724,115500000,fon,2026_01,2026-04-18 13:52
ARCLK,200190,11654919,170054748,fon,2026_01,2026-04-18 13:52
KFEIN,198386,8401329,150306170,fon,2026_01,2026-04-18 13:52
DYOBY,198000,1086225,186553687,fon,2026_01,2026-04-18 13:52
YEOTK,197938,3873154,160933198,fon,2026_01,2026-04-18 13:52
YIGIT,196844,364746,74999975,fon,2026_01,2026-04-18 13:52
VAKFA,185496,585280,224999701,fon,2026_01,2026-04-18 13:52
ECZYT,184565,724889,45880511,fon,2026_01,2026-04-18 13:52
OZYSR,182822,377821,40488000,fon,2026_01,2026-04-18 13:52
TTRAK,181114,2040363,24967458,fon,2026_01,2026-04-18 13:52
ATATP,175335,1354116,18809999,fon,2026_01,2026-04-18 13:52
TUREX,170954,10296311,432000000,fon,2026_01,2026-04-18 13:52
INTEM,169608,299858,9428747,fon,2026_01,2026-04-18 13:52
DOFRB,167005,1060482,45000000,fon,2026_01,2026-04-18 13:52
TBORG,163348,1036944,59392160,fon,2026_01,2026-04-18 13:52
MOBTL,155223,5838792,207999999,fon,2026_01,2026-04-18 13:52
NETAS,148775,787128,31783484,fon,2026_01,2026-04-18 13:52
HOROZ,147293,6315272,24599986,fon,2026_01,2026-04-18 13:52
CWENE,143787,243450940,530758241,fon,2026_01,2026-04-18 13:52
ONRYT,140819,2105811,19730000,fon,2026_01,2026-04-18 13:52
BULGS,140091,354473,72499900,fon,2026_01,2026-04-18 13:52
EYGYO,132755,23966975,341859667,fon,2026_01,2026-04-18 13:52
GLRMK,132024,6544325,38760000,fon,2026_01,2026-04-18 13:52
BRSAN,130733,319215,35912460,fon,2026_01,2026-04-18 13:52
VERUS,125192,233850,34499937,fon,2026_01,2026-04-18 13:52
GRSEL,123328,9607321,29650000,fon,2026_01,2026-04-18 13:52
AKENR,120916,373145,385189146,fon,2026_01,2026-04-18 13:52
LRSHO,120809,143261,724120946,fon,2026_01,2026-04-18 13:52
SAYAS,106402,803511,42530887,fon,2026_01,2026-04-18 13:52
SOKE,105724,728189,126999996,fon,2026_01,2026-04-18 13:52
OYYAT,103889,8991477,91048322,fon,2026_01,2026-04-18 13:52
TARKM,103131,103305,4999885,fon,2026_01,2026-04-18 13:52
KOPOL,101059,6645890,266319652,fon,2026_01,2026-04-18 13:52
DUNYH,100503,296094,36443197,fon,2026_01,2026-04-18 13:52
BAGFS,100292,8668002,100042745,fon,2026_01,2026-04-18 13:52
PNLSN,98257,15333554,34752383,fon,2026_01,2026-04-18 13:52
FRMPL,94280,94280,39997696,fon,2026_01,2026-04-18 13:52
PENGD,94077,803906,171069968,fon,2026_01,2026-04-18 13:52
PARSN,91829,1458333,34033246,fon,2026_01,2026-04-18 13:52
VAKKO,89178,3670804,30789786,fon,2026_01,2026-04-18 13:52
CEMAS,88384,112885,790994229,fon,2026_01,2026-04-18 13:52
BINHO,85118,90343,488884390,fon,2026_01,2026-04-18 13:52
GOZDE,81717,12502959,384992447,fon,2026_01,2026-04-18 13:52
CATES,79776,1099883,33050000,fon,2026_01,2026-04-18 13:52
RUZYE,77154,17683757,267748491,fon,2026_01,2026-04-18 13:52
PAGYO,65601,205734,57781202,fon,2026_01,2026-04-18 13:52
GLDTRF,64594,6648007,48100000,fon,2026_01,2026-04-18 13:52
CVKMD,60955,144029,461999787,fon,2026_01,2026-04-18 13:52
OFSYM,53832,426313,22749998,fon,2026_01,2026-04-18 13:52
BURCE,52919,54063,44422390,fon,2026_01,2026-04-18 13:52
MAKTK,49285,66328330,184370066,fon,2026_01,2026-04-18 13:52
BANVT,47832,176910,36961044,fon,2026_01,2026-04-18 13:52
HDFGS,47419,86546,956974190,fon,2026_01,2026-04-18 13:52
FORTE,46254,1239670,21999999,fon,2026_01,2026-04-18 13:52
ATAGY,41308,7396839,45670114,fon,2026_01,2026-04-18 13:52
MOGAN,37686,1218556,262635000,fon,2026_01,2026-04-18 13:52
ENJSA,36812,28095352,236211770,fon,2026_01,2026-04-18 13:52
PKART,33230,199539,11048497,fon,2026_01,2026-04-18 13:52
GEDZA,31741,107930,42983624,fon,2026_01,2026-04-18 13:52
IHLGM,31154,60064,986078000,fon,2026_01,2026-04-18 13:52
AYCES,31038,31038,1895369,fon,2026_01,2026-04-18 13:52
FORMT,29243,613677,1075744232,fon,2026_01,2026-04-18 13:52
YYAPI,28084,804546,1705025550,fon,2026_01,2026-04-18 13:52
KLSER,28048,49197,109457566,fon,2026_01,2026-04-18 13:52
BRYAT,27260,30344,10264685,fon,2026_01,2026-04-18 13:52
CEMZY,27256,50315805,124118690,fon,2026_01,2026-04-18 13:52
GENIL,22773,10900518,85937999,fon,2026_01,2026-04-18 13:52
ICBCT,22151,466665,216761845,fon,2026_01,2026-04-18 13:52
INVES,21724,3970031,37480000,fon,2026_01,2026-04-18 13:52
APLIBF,21290,3821685,63600000,fon,2026_01,2026-04-18 13:52
OBASE,20882,672649,14924000,fon,2026_01,2026-04-18 13:52
GRNYO,20818,3014682,37386059,fon,2026_01,2026-04-18 13:52
IHGZT,19605,38394,570666228,fon,2026_01,2026-04-18 13:52
MARMR,19347,88071,961218727,fon,2026_01,2026-04-18 13:52
GOODY,19016,649016,132804473,fon,2026_01,2026-04-18 13:52
AGYO,17000,1231469,129036460,fon,2026_01,2026-04-18 13:52
GIPTA,16096,17473,51625912,fon,2026_01,2026-04-18 13:52
FADE,15231,15231,42347497,fon,2026_01,2026-04-18 13:52
EDIP,15059,41579,36468204,fon,2026_01,2026-04-18 13:52
FRIGO,14514,85006,153667954,fon,2026_01,2026-04-18 13:52
MERCN,13633,367845,74389005,fon,2026_01,2026-04-18 13:52
SNICA,12477,581845,321688855,fon,2026_01,2026-04-18 13:52
BINBN,12339,687602,17000000,fon,2026_01,2026-04-18 13:52
TLMAN,11000,189669,10300000,fon,2026_01,2026-04-18 13:52
IHYAY,10930,29630,388124996,fon,2026_01,2026-04-18 13:52
OSTIM,10899,53752158,509984964,fon,2026_01,2026-04-18 13:52
OYLUM,10000,5400000,80937367,fon,2026_01,2026-04-18 13:52
GOLTS,9123,632308,12422783,fon,2026_01,2026-04-18 13:52
HATSN,8400,3691264,44299973,fon,2026_01,2026-04-18 13:52
NUGYO,8236,2110688,324943976,fon,2026_01,2026-04-18 13:52
ICUGS,6942,23609,336250000,fon,2026_01,2026-04-18 13:52
BVSAN,6555,75030,13749998,fon,2026_01,2026-04-18 13:52
DITAS,6199,6199,83407812,fon,2026_01,2026-04-18 13:52
INGRM,6170,72651,14969536,fon,2026_01,2026-04-18 13:52
METRO,5534,26172,539989959,fon,2026_01,2026-04-18 13:52
ARZUM,5353,20654,293999828,fon,2026_01,2026-04-18 13:52
EGEPO,5061,5061,200000000,fon,2026_01,2026-04-18 13:52
DENGE,4223,50874,525284797,fon,2026_01,2026-04-18 13:52
PRKAB,3986,5117,35225443,fon,2026_01,2026-04-18 13:52
CELHA,3543,3543,146078935,fon,2026_01,2026-04-18 13:52
HURGZ,3380,8725,220784167,fon,2026_01,2026-04-18 13:52
ADEL,3203,6695,112043619,fon,2026_01,2026-04-18 13:52
BRLSM,3170,8492,108025075,fon,2026_01,2026-04-18 13:52
UFUK,3093,1114118,46845974,fon,2026_01,2026-04-18 13:52
KRGYO,3037,4901,275373393,fon,2026_01,2026-04-18 13:52
NUHCM,2310,2610446,33135899,fon,2026_01,2026-04-18 13:52
IMASM,2061,28673,622850499,fon,2026_01,2026-04-18 13:52
AKSUE,2049,22049,56376184,fon,2026_01,2026-04-18 13:52
SKYMD,1869,1869,52499981,fon,2026_01,2026-04-18 13:52
ZEDUR,1668,1668,69899992,fon,2026_01,2026-04-18 13:52
IZMDC,1645,2730137,723225318,fon,2026_01,2026-04-18 13:52
VSNMD,1635,2547,24000000,fon,2026_01,2026-04-18 13:52
MEKAG,1596,1596,320319999,fon,2026_01,2026-04-18 13:52
MEGMT,1343,1863225,72749999,fon,2026_01,2026-04-18 13:52
ANELE,1160,1161,151405542,fon,2026_01,2026-04-18 13:52
MARBL,1120,1120,65226403,fon,2026_01,2026-04-18 13:52
VERTU,1105,1105,22000000,fon,2026_01,2026-04-18 13:52
DOKTA,915,915,145872862,fon,2026_01,2026-04-18 13:52
IHAAS,900,2252828,56031248,fon,2026_01,2026-04-18 13:52
ANGEN,763,3299,86440002,fon,2026_01,2026-04-18 13:52
CEOEM,637,2461,22232614,fon,2026_01,2026-04-18 13:52
HATEK,572,572,62998947,fon,2026_01,2026-04-18 13:52
ALKA,532,7900,330750000,fon,2026_01,2026-04-18 13:52
BIENY,504,1845146,83144831,fon,2026_01,2026-04-18 13:52
DERIM,450,450,40403770,fon,2026_01,2026-04-18 13:52
CRDFA,446,14602882,74996853,fon,2026_01,2026-04-18 13:52
GSDDE,425,836750,106850751,fon,2026_01,2026-04-18 13:52
KRDMB,415,1203247,118762110,fon,2026_01,2026-04-18 13:52
DERHL,404,4386,197281316,fon,2026_01,2026-04-18 13:52
ENDAE,385,4189,120211591,fon,2026_01,2026-04-18 13:52
BIGTK,312,142186,23395022,fon,2026_01,2026-04-18 13:52
ERCB,311,6855456,39113273,fon,2026_01,2026-04-18 13:52
CRFSA,236,131157,18312793,fon,2026_01,2026-04-18 13:52
TURGG,212,225,32042988,fon,2026_01,2026-04-18 13:52
OZATD,190,3312371,13349933,fon,2026_01,2026-04-18 13:52
BIZIM,160,293201,27601626,fon,2026_01,2026-04-18 13:52
BFREN,153,792,24586148,fon,2026_01,2026-04-18 13:52
KAPLM,133,133,4563571,fon,2026_01,2026-04-18 13:52
ACSEL,121,121,8589113,fon,2026_01,2026-04-18 13:52
TGSAS,99,84560,12348294,fon,2026_01,2026-04-18 13:52
BAKAB,85,25973,34985326,fon,2026_01,2026-04-18 13:52
KARTN,76,623,72781126,fon,2026_01,2026-04-18 13:52
ERBOS,68,3818584,15899843,fon,2026_01,2026-04-18 13:52
MERKO,35,35,101104701,fon,2026_01,2026-04-18 13:52
PKENT,33,318,23766169,fon,2026_01,2026-04-18 13:52
BURVA,33,152,4723271,fon,2026_01,2026-04-18 13:52
ULUSE,26,27,24000000,fon,2026_01,2026-04-18 13:52
RAYSG,25,5300,51947024,fon,2026_01,2026-04-18 13:52
DNISI,25,25,59171727,fon,2026_01,2026-04-18 13:52
PAMEL,23,23,21533681,fon,2026_01,2026-04-18 13:52
KLMSN,19,19,30881197,fon,2026_01,2026-04-18 13:52
AVHOL,19,15419,26047279,fon,2026_01,2026-04-18 13:52
OTTO,13,131,5474438,fon,2026_01,2026-04-18 13:52
FMIZP,13,13,3497751,fon,2026_01,2026-04-18 13:52
BRKVY,10,160010,13618361,fon,2026_01,2026-04-18 13:52
MAALT,6,62,4763850,fon,2026_01,2026-04-18 13:52
ALCAR,5,57,1721735,fon,2026_01,2026-04-18 13:52
CMBTN,3,2998,1023000,fon,2026_01,2026-04-18 13:52
YAPRK,1,690,4214998,fon,2026_01,2026-04-18 13:52
QNBTR,1,2,2571745911,fon,2026_01,2026-04-18 13:52
HKTM,0,1432,72747500,fon,2026_01,2026-04-18 13:52
DURDO,0,4183,379703149,fon,2026_01,2026-04-18 13:52
KRTEK,0,137602,18914650,fon,2026_01,2026-04-18 13:52
EGSER,0,10156829,545751057,fon,2026_01,2026-04-18 13:52
ISSEN,0,400048,107411517,fon,2026_01,2026-04-18 13:52
KRPLS,0,1269198,78486163,fon,2026_01,2026-04-18 13:52
AVOD,0,149703,253604577,fon,2026_01,2026-04-18 13:52
MMCAS,0,226485,12393964,fon,2026_01,2026-04-18 13:52
KUVVA,0,1400000,24204585,fon,2026_01,2026-04-18 13:52
SEYKM,0,1100000,151040901,fon,2026_01,2026-04-18 13:52
DURKN,0,67,42500000,fon,2026_01,2026-04-18 13:52
AKMGY,0,677989,21568998,fon,2026_01,2026-04-18 13:52
DOGUB,0,682,19821566,fon,2026_01,2026-04-18 13:52
KONYA,0,28,1646416,fon,2026_01,2026-04-18 13:52
ENPRA,0,4,15294299,fon,2026_01,2026-04-18 13:52
DGGYO,0,1,280709437,fon,2026_01,2026-04-18 13:52
AVGYO,0,1,111590302,fon,2026_01,2026-04-18 13:52
AKYHO,0,1,223895870,fon,2026_01,2026-04-18 13:52
UZEL,0,15606,26329793,fon,2026_01,2026-04-18 13:52
BMSTL,-65,8280,74772260,fon,2026_01,2026-04-18 13:52
SKYLP,-146,2021927,7159255,fon,2026_01,2026-04-18 13:52
GEREL,-1112,683881,219036379,fon,2026_01,2026-04-18 13:52
NATEN,-1463,20015,309375000,fon,2026_01,2026-04-18 13:52
OSMEN,-1990,454107,157750927,fon,2026_01,2026-04-18 13:52
SEGYO,-3025,680030,203388821,fon,2026_01,2026-04-18 13:52
LYDYE,-3381,123382,1391287,fon,2026_01,2026-04-18 13:52
LINK,-3507,415551,18231985,fon,2026_01,2026-04-18 13:52
EGEEN,-3595,77,1137161,fon,2026_01,2026-04-18 13:52
CLEBI,-4709,19482,5490178,fon,2026_01,2026-04-18 13:52
MNDTR,-5472,939364,910071938,fon,2026_01,2026-04-18 13:52
BOSSA,-5948,5742,508724189,fon,2026_01,2026-04-18 13:52
DMSAS,-5967,6341,199994510,fon,2026_01,2026-04-18 13:52
ISGSY,-7958,425650,47378729,fon,2026_01,2026-04-18 13:52
EMKEL,-8312,7365,149999456,fon,2026_01,2026-04-18 13:52
APBDLF,-10000,32794,14400000,fon,2026_01,2026-04-18 13:52
SKTAS,-10086,2,332865443,fon,2026_01,2026-04-18 13:52
KLRHO,-10409,205817297,341250000,fon,2026_01,2026-04-18 13:52
MHRGY,-10784,11427338,310499991,fon,2026_01,2026-04-18 13:52
AKCNS,-11261,3748279,39359284,fon,2026_01,2026-04-18 13:52
KZGYO,-11800,119332,49999985,fon,2026_01,2026-04-18 13:52
BEYAZ,-12588,910,42317352,fon,2026_01,2026-04-18 13:52
OPTLRF,-14711,330527,3300000,fon,2026_01,2026-04-18 13:52
YESIL,-16667,8038,640699952,fon,2026_01,2026-04-18 13:52
POLTK,-19570,42,1125000,fon,2026_01,2026-04-18 13:52
GATEG,-20564,54086,10559341,fon,2026_01,2026-04-18 13:52
ALFAS,-24182,162270,84639559,fon,2026_01,2026-04-18 13:52
LYDHO,-25544,8880998,197140910,fon,2026_01,2026-04-18 13:52
KTSKR,-25868,8848,14691795,fon,2026_01,2026-04-18 13:52
BRISA,-29430,3365634,31247472,fon,2026_01,2026-04-18 13:52
JANTS,-29579,6273,207477849,fon,2026_01,2026-04-18 13:52
MEDTR,-33570,1281298,24499999,fon,2026_01,2026-04-18 13:52
DOFER,-34654,18975,19572500,fon,2026_01,2026-04-18 13:52
ZPBDLF,-45447,4624595,8240000,fon,2026_01,2026-04-18 13:52
DESPC,-48405,783928,16023700,fon,2026_01,2026-04-18 13:52
ISYAT,-50345,2598427,152245569,fon,2026_01,2026-04-18 13:52
REEDR,-51393,14958710,632558010,fon,2026_01,2026-04-18 13:52
SDTTR,-51843,2978104,15990000,fon,2026_01,2026-04-18 13:52
RNPOL,-53000,167000,16795000,fon,2026_01,2026-04-18 13:52
DOAS,-64439,2082252,97899975,fon,2026_01,2026-04-18 13:52
SMART,-66699,1381731,29737499,fon,2026_01,2026-04-18 13:52
YGGYO,-72191,113709,240625741,fon,2026_01,2026-04-18 13:52
KUTPO,-74293,145408,10524430,fon,2026_01,2026-04-18 13:52
GLCVY,-76938,5377698,26400000,fon,2026_01,2026-04-18 13:52
BJKAS,-78823,50095738,1776089716,fon,2026_01,2026-04-18 13:52
DGATE,-93171,823531,15227271,fon,2026_01,2026-04-18 13:52
PRKME,-97544,1505,53038641,fon,2026_01,2026-04-18 13:52
DEVA,-104234,1158225,199971814,fon,2026_01,2026-04-18 13:52
EUHOL,-106004,911013,142999955,fon,2026_01,2026-04-18 13:52
BLCYT,-108869,87736,49088907,fon,2026_01,2026-04-18 13:52
KORDS,-117218,2103128,65421451,fon,2026_01,2026-04-18 13:52
TDGYO,-127427,2300,59914214,fon,2026_01,2026-04-18 13:52
KLSYN,-131013,1804725,107854952,fon,2026_01,2026-04-18 13:52
AYEN,-152093,136845,55531320,fon,2026_01,2026-04-18 13:52
EKSUN,-158441,1105498,171792833,fon,2026_01,2026-04-18 13:52
MSGYO,-163932,11,169650150,fon,2026_01,2026-04-18 13:52
EGGUB,-166670,434601,75862114,fon,2026_01,2026-04-18 13:52
PLTUR,-177016,411763,49500000,fon,2026_01,2026-04-18 13:52
KONKA,-203337,15601744,89670000,fon,2026_01,2026-04-18 13:52
INVEO,-203681,9462450,998999954,fon,2026_01,2026-04-18 13:52
EKOS,-210838,1451682,307199852,fon,2026_01,2026-04-18 13:52
PCILT,-221737,2889180,45014183,fon,2026_01,2026-04-18 13:52
MPARK,-223192,12739378,80869110,fon,2026_01,2026-04-18 13:52
ONCSM,-225109,331,10086000,fon,2026_01,2026-04-18 13:52
TAVHL,-231594,13535066,213213415,fon,2026_01,2026-04-18 13:52
GLRYH,-238091,47961932,599623814,fon,2026_01,2026-04-18 13:52
OZRDN,-275000,1,57107579,fon,2026_01,2026-04-18 13:52
ULKER,-303302,11264596,338855989,fon,2026_01,2026-04-18 13:52
ELITE,-307182,638009,44650000,fon,2026_01,2026-04-18 13:52
PNSUT,-314406,1980732,128323851,fon,2026_01,2026-04-18 13:52
ORGE,-318066,4426872,41839996,fon,2026_01,2026-04-18 13:52
ANHYT,-320092,12514508,88457041,fon,2026_01,2026-04-18 13:52
ZPLIBF,-381236,125199415,206760000,fon,2026_01,2026-04-18 13:52
SURGY,-420452,251085,44745990,fon,2026_01,2026-04-18 13:52
GSRAY,-423216,844439,10123744690,fon,2026_01,2026-04-18 13:52
PRDGS,-434072,496928,110850000,fon,2026_01,2026-04-18 13:52
RYSAS,-441741,18330132,1504020937,fon,2026_01,2026-04-18 13:52
TSGYO,-494678,1399159,266499982,fon,2026_01,2026-04-18 13:52
GEDIK,-497387,69203627,983076856,fon,2026_01,2026-04-18 13:52
ATAKP,-506609,8633810,28224000,fon,2026_01,2026-04-18 13:52
MIATK,-537338,14007885,313087979,fon,2026_01,2026-04-18 13:52
SERNT,-548364,636,113000000,fon,2026_01,2026-04-18 13:52
RGYAS,-562166,8626898,105523000,fon,2026_01,2026-04-18 13:52
KRSTL,-608355,4403682,183664642,fon,2026_01,2026-04-18 13:52
MAKIM,-612848,6195657,42559998,fon,2026_01,2026-04-18 13:52
KRONT,-646203,6823811,116892885,fon,2026_01,2026-04-18 13:52
BASGZ,-667595,15464059,174999999,fon,2026_01,2026-04-18 13:52
GRTHO,-721969,16657682,36745000,fon,2026_01,2026-04-18 13:52
TRCAS,-748823,11290408,206252778,fon,2026_01,2026-04-18 13:52
TABGD,-749460,8749695,52499906,fon,2026_01,2026-04-18 13:52
ISFIN,-836620,23634467,310154523,fon,2026_01,2026-04-18 13:52
OTKAR,-864259,4683855,33417145,fon,2026_01,2026-04-18 13:52
CGCAM,-940672,5385767,42000000,fon,2026_01,2026-04-18 13:52
ARTMS,-962011,726492,24199999,fon,2026_01,2026-04-18 13:52
TRILC,-1005037,22094520,118499496,fon,2026_01,2026-04-18 13:52
KLKIM,-1076432,17166368,138383655,fon,2026_01,2026-04-18 13:52
EBEBK,-1089849,5289494,40534692,fon,2026_01,2026-04-18 13:52
BNTAS,-1151833,1916430,170624998,fon,2026_01,2026-04-18 13:52
ZRGYO,-1158066,762280827,1173404997,fon,2026_01,2026-04-18 13:52
AYGAZ,-1178758,6789157,98568807,fon,2026_01,2026-04-18 13:52
MACKO,-1210915,2659848,41453550,fon,2026_01,2026-04-18 13:52
SELVA,-1241842,27447,747897737,fon,2026_01,2026-04-18 13:52
TNZTP,-1317145,20689959,87496826,fon,2026_01,2026-04-18 13:52
ASGYO,-1367595,7675493,165000000,fon,2026_01,2026-04-18 13:52
ALARK,-1394629,8063705,164975148,fon,2026_01,2026-04-18 13:52
OZKGY,-1410141,123094059,363999945,fon,2026_01,2026-04-18 13:52
MARTI,-1552870,52580648,590191701,fon,2026_01,2026-04-18 13:52
MRGYO,-1564275,1767039,1035439185,fon,2026_01,2026-04-18 13:52
KLYPV,-1590206,10309221,46334639,fon,2026_01,2026-04-18 13:52
AZTEK,-1656757,13044627,279000000,fon,2026_01,2026-04-18 13:52
NTHOL,-1856667,3521565,485479112,fon,2026_01,2026-04-18 13:52
KZBGY,-1910787,3211019,585996164,fon,2026_01,2026-04-18 13:52
ZERGY,-1975086,1778931,156799985,fon,2026_01,2026-04-18 13:52
CONSE,-2211537,12093,377854899,fon,2026_01,2026-04-18 13:52
KRDMA,-2218952,9847393,240300917,fon,2026_01,2026-04-18 13:52
AGESA,-2228532,4683282,35829553,fon,2026_01,2026-04-18 13:52
TRGYO,-2245789,10217300,251573369,fon,2026_01,2026-04-18 13:52
ZOREN,-2352306,8095171,2681244172,fon,2026_01,2026-04-18 13:52
SEGMN,-2425381,2166767,80999980,fon,2026_01,2026-04-18 13:52
ISMEN,-2472630,35884303,467723147,fon,2026_01,2026-04-18 13:52
DSTKF,-2598576,64198729,82195267,fon,2026_01,2026-04-18 13:52
KAREL,-2659043,101173763,329659497,fon,2026_01,2026-04-18 13:52
SKBNK,-2718611,46430630,2498879854,fon,2026_01,2026-04-18 13:52
ANSGR,-2763459,166259304,1564416026,fon,2026_01,2026-04-18 13:52
CCOLA,-2824488,44953362,818085147,fon,2026_01,2026-04-18 13:52
RYGYO,-2979211,3850295,770588057,fon,2026_01,2026-04-18 13:52
GWIND,-3071508,17648041,179165491,fon,2026_01,2026-04-18 13:52
HALKB,-3286757,89204659,6546422780,fon,2026_01,2026-04-18 13:52
KMPUR,-3337729,23239108,132432524,fon,2026_01,2026-04-18 13:52
ASTOR,-3385525,18231578,366896261,fon,2026_01,2026-04-18 13:52
GZNMI,-3482999,17405451,40910271,fon,2026_01,2026-04-18 13:52
ARSAN,-3505598,11635332,887344274,fon,2026_01,2026-04-18 13:52
BMSCH,-3542662,1635972,69277402,fon,2026_01,2026-04-18 13:52
AKSEN,-3751175,13284839,638545796,fon,2026_01,2026-04-18 13:52
ASELS,-3911040,50360691,1178597817,fon,2026_01,2026-04-18 13:52
AKGRT,-3972448,86871245,629007625,fon,2026_01,2026-04-18 13:52
HLGYO,-3992088,6197054,1075198516,fon,2026_01,2026-04-18 13:52
LIDER,-4100132,171697911,279500000,fon,2026_01,2026-04-18 13:52
TUPRS,-4117665,51267282,902334854,fon,2026_01,2026-04-18 13:52
KOCMT,-4118448,5422980,581991187,fon,2026_01,2026-04-18 13:52
GMSTRF,-4245989,24975650,70300000,fon,2026_01,2026-04-18 13:52
TUKAS,-4589956,31202989,4499995929,fon,2026_01,2026-04-18 13:52
ISGLKF,-4607660,3709888,113800000,fon,2026_01,2026-04-18 13:52
PGSUS,-4751024,14302112,245068871,fon,2026_01,2026-04-18 13:52
VAKBN,-4911310,113753693,8046896130,fon,2026_01,2026-04-18 13:52
BIOEN,-4922479,38106463,197983419,fon,2026_01,2026-04-18 13:52
VRGYO,-4992106,772588,597643904,fon,2026_01,2026-04-18 13:52
BAYRK,-5015911,22232917,189751123,fon,2026_01,2026-04-18 13:52
OYAKC,-5048949,53392366,4656879380,fon,2026_01,2026-04-18 13:52
MERIT,-5508738,5820849,329748900,fon,2026_01,2026-04-18 13:52
GARAN,-5906528,122896740,2454854227,fon,2026_01,2026-04-18 13:52
BUCIM,-6217577,42185440,1286538062,fon,2026_01,2026-04-18 13:52
BERA,-6246380,14537898,491816866,fon,2026_01,2026-04-18 13:52
ULUFA,-6632630,5757342,305352801,fon,2026_01,2026-04-18 13:52
ENTRA,-6892608,87369801,369383564,fon,2026_01,2026-04-18 13:52
MAVI,-6979493,90436935,576779312,fon,2026_01,2026-04-18 13:52
SMRVA,-7028983,1811,28000000,fon,2026_01,2026-04-18 13:52
GUNDG,-7257908,2009386,18968972,fon,2026_01,2026-04-18 13:52
SARKY,-7470271,548119,999999671,fon,2026_01,2026-04-18 13:52
ARFYE,-7843134,215991,47000000,fon,2026_01,2026-04-18 13:52
IEYHO,-8431584,162129933,541032947,fon,2026_01,2026-04-18 13:52
AKFGY,-8616938,178432782,3457819315,fon,2026_01,2026-04-18 13:52
TCELL,-9693926,98975017,1622604373,fon,2026_01,2026-04-18 13:52
ISKPL,-9774756,122134848,724625736,fon,2026_01,2026-04-18 13:52
KCHOL,-10038733,56502336,674052308,fon,2026_01,2026-04-18 13:52
GLYHO,-10039989,385690286,1949290631,fon,2026_01,2026-04-18 13:52
ENERY,-10085327,235601317,2420686786,fon,2026_01,2026-04-18 13:52
TSPOR,-10140617,42095298,3674526664,fon,2026_01,2026-04-18 13:52
BARMA,-10803186,5233640,67594701,fon,2026_01,2026-04-18 13:52
FZLGY,-12689783,300458470,398427439,fon,2026_01,2026-04-18 13:52
VAKFN,-13183949,167212324,2064378140,fon,2026_01,2026-04-18 13:52
KCAER,-13208035,32854467,496494775,fon,2026_01,2026-04-18 13:52
VKGYO,-13583951,6684181,1637202242,fon,2026_01,2026-04-18 13:52
TURSG,-15260631,292325406,7907296076,fon,2026_01,2026-04-18 13:52
DMRGD,-15799583,402909678,1277294592,fon,2026_01,2026-04-18 13:52
HUNER,-16124757,5087820,670137934,fon,2026_01,2026-04-18 13:52
AKBNK,-25519208,448151105,3059020211,fon,2026_01,2026-04-18 13:52
TSKB,-30324718,84591421,1516591673,fon,2026_01,2026-04-18 13:52
EKGYO,-33029676,266244762,1925107366,fon,2026_01,2026-04-18 13:52
KONTR,-34285488,14224074,936038763,fon,2026_01,2026-04-18 13:52
BORLS,-44937701,23563808,308652686,fon,2026_01,2026-04-18 13:52
YKBNK,-47309260,577960250,4705235952,fon,2026_01,2026-04-18 13:52
PETKM,-55733283,98056733,1241736844,fon,2026_01,2026-04-18 13:52
QUAGR,-90300744,313278644,1771950000,fon,2026_01,2026-04-18 13:52
BTCIM,-94304087,194424762,4046650979,fon,2026_01,2026-04-18 13:52
PSGYO,-138403071,247582402,2954231556,fon,2026_01,2026-04-18 13:52
ESEN,-159828128,25392986,682499950,fon,2026_01,2026-04-18 13:52
TEHOL,-211833918,319185082,1967936441,fon,2026_01,2026-04-18 13:52
ADESE,-380070559,960870359,4687131701,fon,2026_01,2026-04-18 13:52
ISCTR,152338047,830828427,8880196742,emeklilik,2026_01,2026-04-18 13:52
PSGYO,92784376,93386291,2954231556,emeklilik,2026_01,2026-04-18 13:52
EREGL,64943201,167702798,3554238535,emeklilik,2026_01,2026-04-18 13:52
TURSG,63039901,563345199,7907296076,emeklilik,2026_01,2026-04-18 13:52
EKGYO,62206581,458629401,1925107366,emeklilik,2026_01,2026-04-18 13:52
SASA,28153188,49299890,25700421137,emeklilik,2026_01,2026-04-18 13:52
AKFGY,21854782,485441996,3457819315,emeklilik,2026_01,2026-04-18 13:52
KRDMD,16777035,202451043,780216365,emeklilik,2026_01,2026-04-18 13:52
ESCOM,10841161,96717061,463831670,emeklilik,2026_01,2026-04-18 13:52
TTKOM,8515408,50375283,524999999,emeklilik,2026_01,2026-04-18 13:52
FROTO,8367466,55061132,625120847,emeklilik,2026_01,2026-04-18 13:52
CCOLA,7941124,53063847,818085147,emeklilik,2026_01,2026-04-18 13:52
ISGLKF,7791855,109958227,113800000,emeklilik,2026_01,2026-04-18 13:52
TRALT,7127295,57014443,952271819,emeklilik,2026_01,2026-04-18 13:52
SAHOL,5738661,158096050,1142761094,emeklilik,2026_01,2026-04-18 13:52
AFYON,5524344,32661445,399992258,emeklilik,2026_01,2026-04-18 13:52
KATMR,5000000,5000000,1980989998,emeklilik,2026_01,2026-04-18 13:52
NTGAZ,4450405,56840106,276000000,emeklilik,2026_01,2026-04-18 13:52
THYAO,3655726,67380561,739329751,emeklilik,2026_01,2026-04-18 13:52
BIMAS,3652582,38449516,436214016,emeklilik,2026_01,2026-04-18 13:52
BIGCH,3407037,13151817,73786589,emeklilik,2026_01,2026-04-18 13:52
TSPOR,3178839,14000797,3674526664,emeklilik,2026_01,2026-04-18 13:52
ENERY,2950722,5787598,2420686786,emeklilik,2026_01,2026-04-18 13:52
ALTNY,2944764,20932473,399889404,emeklilik,2026_01,2026-04-18 13:52
AKSA,2703770,34177810,1503670642,emeklilik,2026_01,2026-04-18 13:52
ALBRK,2654149,284418452,1050739765,emeklilik,2026_01,2026-04-18 13:52
KAYSE,2440887,2471235,814062605,emeklilik,2026_01,2026-04-18 13:52
KLKIM,2314852,5217316,138383655,emeklilik,2026_01,2026-04-18 13:52
EPLAS,2100000,2100000,190491857,emeklilik,2026_01,2026-04-18 13:52
EUPWR,2011796,11983183,199610525,emeklilik,2026_01,2026-04-18 13:52
KLGYO,1987795,2148289,689399869,emeklilik,2026_01,2026-04-18 13:52
LMKDC,1807938,29174959,155929999,emeklilik,2026_01,2026-04-18 13:52
UCAYM,1698402,1698402,59996268,emeklilik,2026_01,2026-04-18 13:52
ENJSA,1695303,54393681,236211770,emeklilik,2026_01,2026-04-18 13:52
ISMEN,1681424,43062812,467723147,emeklilik,2026_01,2026-04-18 13:52
SMRTG,1625725,2449283,664164672,emeklilik,2026_01,2026-04-18 13:52
KOTON,1589426,1994139,136599960,emeklilik,2026_01,2026-04-18 13:52
HEKTS,1505841,3333910,3946474643,emeklilik,2026_01,2026-04-18 13:52
ODAS,1368369,43368815,1113798031,emeklilik,2026_01,2026-04-18 13:52
GMSTRF,1253254,12295497,70300000,emeklilik,2026_01,2026-04-18 13:52
REEDR,1234115,17966635,632558010,emeklilik,2026_01,2026-04-18 13:52
SELEC,1185043,16223465,124262097,emeklilik,2026_01,2026-04-18 13:52
KARSN,1165000,1865000,827850973,emeklilik,2026_01,2026-04-18 13:52
GLDTRF,1150717,28324750,48100000,emeklilik,2026_01,2026-04-18 13:52
MAGEN,1127032,2047033,719512140,emeklilik,2026_01,2026-04-18 13:52
KFEIN,1027990,5191435,150306170,emeklilik,2026_01,2026-04-18 13:52
BASGZ,1022029,44195917,174999999,emeklilik,2026_01,2026-04-18 13:52
GOKNR,953901,10991679,178040711,emeklilik,2026_01,2026-04-18 13:52
GUBRF,932822,17351249,85359737,emeklilik,2026_01,2026-04-18 13:52
CWENE,917275,2905001,530758241,emeklilik,2026_01,2026-04-18 13:52
FENER,857596,1071995,2772321026,emeklilik,2026_01,2026-04-18 13:52
AKSGY,827448,30333558,1628451947,emeklilik,2026_01,2026-04-18 13:52
AGHOL,814671,16223243,1068828243,emeklilik,2026_01,2026-04-18 13:52
OPTLRF,790000,1200279,3300000,emeklilik,2026_01,2026-04-18 13:52
DOHOL,757936,225964803,984706959,emeklilik,2026_01,2026-04-18 13:52
MANAS,749939,2699878,149942371,emeklilik,2026_01,2026-04-18 13:52
BOBET,702679,2526452,113999998,emeklilik,2026_01,2026-04-18 13:52
FONET,621489,14390643,577082984,emeklilik,2026_01,2026-04-18 13:52
GENTS,602741,1822747,749958921,emeklilik,2026_01,2026-04-18 13:52
ARASE,580828,10379018,49999991,emeklilik,2026_01,2026-04-18 13:52
GRSEL,579075,2660524,29650000,emeklilik,2026_01,2026-04-18 13:52
ZPLIBF,568685,79249995,206760000,emeklilik,2026_01,2026-04-18 13:52
AZTEK,565798,8041786,279000000,emeklilik,2026_01,2026-04-18 13:52
KRDMA,549813,5894115,240300917,emeklilik,2026_01,2026-04-18 13:52
CEMTS,513576,716869,233425986,emeklilik,2026_01,2026-04-18 13:52
EGPRO,509644,1742739,175170570,emeklilik,2026_01,2026-04-18 13:52
AKCNS,491310,5861466,39359284,emeklilik,2026_01,2026-04-18 13:52
ISFIN,456027,92373323,310154523,emeklilik,2026_01,2026-04-18 13:52
KLRHO,444700,444700,341250000,emeklilik,2026_01,2026-04-18 13:52
YATAS,386556,7738322,94866488,emeklilik,2026_01,2026-04-18 13:52
ULKER,372432,6584298,338855989,emeklilik,2026_01,2026-04-18 13:52
MIATK,335626,12031098,313087979,emeklilik,2026_01,2026-04-18 13:52
MEYSU,307640,307640,175000000,emeklilik,2026_01,2026-04-18 13:52
TOASO,302110,20517950,120585076,emeklilik,2026_01,2026-04-18 13:52
MTRKS,298790,3651302,43633165,emeklilik,2026_01,2026-04-18 13:52
PENTA,282865,4757677,181070136,emeklilik,2026_01,2026-04-18 13:52
YUNSA,263368,1790211,202164056,emeklilik,2026_01,2026-04-18 13:52
EFOR,258695,3178073,539999994,emeklilik,2026_01,2026-04-18 13:52
ATATP,258069,1115392,18809999,emeklilik,2026_01,2026-04-18 13:52
ALCTL,219828,669069,13543218,emeklilik,2026_01,2026-04-18 13:52
PASEU,216913,217065,215295868,emeklilik,2026_01,2026-04-18 13:52
HTTBT,208036,14026604,82805422,emeklilik,2026_01,2026-04-18 13:52
PAPIL,200000,5811149,206247674,emeklilik,2026_01,2026-04-18 13:52
ALGYO,187869,225248,989357377,emeklilik,2026_01,2026-04-18 13:52
AGXAAC,174999,33704632,35877518,emeklilik,2026_01,2026-04-18 13:52
MACKO,167644,1102191,41453550,emeklilik,2026_01,2026-04-18 13:52
HATSN,155951,1386090,44299973,emeklilik,2026_01,2026-04-18 13:52
GESAN,144670,4986175,141759180,emeklilik,2026_01,2026-04-18 13:52
TKNSA,141236,412336,100485379,emeklilik,2026_01,2026-04-18 13:52
TATEN,136777,503111,347769724,emeklilik,2026_01,2026-04-18 13:52
SELVA,102732,221231,747897737,emeklilik,2026_01,2026-04-18 13:52
KRONT,102360,5527596,116892885,emeklilik,2026_01,2026-04-18 13:52
DARDL,98593,224546,1753442695,emeklilik,2026_01,2026-04-18 13:52
DESPC,97002,1652145,16023700,emeklilik,2026_01,2026-04-18 13:52
DMRGD,95976,6696921,1277294592,emeklilik,2026_01,2026-04-18 13:52
DSTKF,91380,130514,82195267,emeklilik,2026_01,2026-04-18 13:52
AKSUE,76900,76900,56376184,emeklilik,2026_01,2026-04-18 13:52
ARENA,74676,3049304,66996461,emeklilik,2026_01,2026-04-18 13:52
VAKKO,74407,940301,30789786,emeklilik,2026_01,2026-04-18 13:52
GLCVY,70237,148217,26400000,emeklilik,2026_01,2026-04-18 13:52
SMART,66162,1168708,29737499,emeklilik,2026_01,2026-04-18 13:52
VBTYZ,63276,5021499,55935000,emeklilik,2026_01,2026-04-18 13:52
FRMPL,57242,57242,39997696,emeklilik,2026_01,2026-04-18 13:52
MERCN,51000,51000,74389005,emeklilik,2026_01,2026-04-18 13:52
SKTAS,50000,750004,332865443,emeklilik,2026_01,2026-04-18 13:52
TNZTP,49153,171160,87496826,emeklilik,2026_01,2026-04-18 13:52
DOFRB,48998,845391,45000000,emeklilik,2026_01,2026-04-18 13:52
OBASE,47955,442353,14924000,emeklilik,2026_01,2026-04-18 13:52
KLSER,47131,47131,109457566,emeklilik,2026_01,2026-04-18 13:52
OYAKC,45559,56545466,4656879380,emeklilik,2026_01,2026-04-18 13:52
DGATE,40890,1217127,15227271,emeklilik,2026_01,2026-04-18 13:52
ULUUN,39916,90374,290523352,emeklilik,2026_01,2026-04-18 13:52
BORSK,38418,86372,279999879,emeklilik,2026_01,2026-04-18 13:52
IZENR,38314,2401510,914537597,emeklilik,2026_01,2026-04-18 13:52
ESEN,34052,1283533,682499950,emeklilik,2026_01,2026-04-18 13:52
HUNER,31900,970376,670137934,emeklilik,2026_01,2026-04-18 13:52
CEMZY,29211,51606,124118690,emeklilik,2026_01,2026-04-18 13:52
VAKFA,25000,1699013,224999701,emeklilik,2026_01,2026-04-18 13:52
AYDEM,24764,3324022,130000000,emeklilik,2026_01,2026-04-18 13:52
ALKLC,23822,30909,45382467,emeklilik,2026_01,2026-04-18 13:52
KRSTL,23445,53191,183664642,emeklilik,2026_01,2026-04-18 13:52
KORDS,20988,190113,65421451,emeklilik,2026_01,2026-04-18 13:52
ENTRA,20352,8607158,369383564,emeklilik,2026_01,2026-04-18 13:52
FORTE,20029,475068,21999999,emeklilik,2026_01,2026-04-18 13:52
ZPBDLF,20000,3452145,8240000,emeklilik,2026_01,2026-04-18 13:52
YYLGD,18748,7851897,369826200,emeklilik,2026_01,2026-04-18 13:52
AKFIS,14533,169474,66841328,emeklilik,2026_01,2026-04-18 13:52
HOROZ,12274,915534,24599986,emeklilik,2026_01,2026-04-18 13:52
MOGAN,12188,700464,262635000,emeklilik,2026_01,2026-04-18 13:52
SDTTR,11578,928943,15990000,emeklilik,2026_01,2026-04-18 13:52
APBDLF,10000,12660402,14400000,emeklilik,2026_01,2026-04-18 13:52
PKART,9358,119497,11048497,emeklilik,2026_01,2026-04-18 13:52
BIGEN,8870,166153,115500000,emeklilik,2026_01,2026-04-18 13:52
TKFEN,8461,344835,230848007,emeklilik,2026_01,2026-04-18 13:52
ENDAE,7068,157475,120211591,emeklilik,2026_01,2026-04-18 13:52
CRFSA,5700,19308,18312793,emeklilik,2026_01,2026-04-18 13:52
ZOREN,5222,3387760,2681244172,emeklilik,2026_01,2026-04-18 13:52
KAREL,4717,9293531,329659497,emeklilik,2026_01,2026-04-18 13:52
ECOGR,4505,155236,109980000,emeklilik,2026_01,2026-04-18 13:52
ALFAS,3935,106421,84639559,emeklilik,2026_01,2026-04-18 13:52
GMTAS,3636,7233,298687813,emeklilik,2026_01,2026-04-18 13:52
ZEDUR,3157,97798,69899992,emeklilik,2026_01,2026-04-18 13:52
OFSYM,3142,7173,22749998,emeklilik,2026_01,2026-04-18 13:52
PNSUT,2364,22916,128323851,emeklilik,2026_01,2026-04-18 13:52
FRIGO,2071,20609,153667954,emeklilik,2026_01,2026-04-18 13:52
ADGYO,951,19068,379654367,emeklilik,2026_01,2026-04-18 13:52
ODINE,614,668332,52576848,emeklilik,2026_01,2026-04-18 13:52
GUNDG,559,2308,18968972,emeklilik,2026_01,2026-04-18 13:52
PAMEL,420,9500,21533681,emeklilik,2026_01,2026-04-18 13:52
CATES,248,47153,33050000,emeklilik,2026_01,2026-04-18 13:52
LYDYE,23,873,1391287,emeklilik,2026_01,2026-04-18 13:52
QNBTR,1,2,2571745911,emeklilik,2026_01,2026-04-18 13:52
MERKO,0,14121,101104701,emeklilik,2026_01,2026-04-18 13:52
MHRGY,0,75616,310499991,emeklilik,2026_01,2026-04-18 13:52
DCTTR,0,3641,157328724,emeklilik,2026_01,2026-04-18 13:52
MNDTR,0,120000,910071938,emeklilik,2026_01,2026-04-18 13:52
DESA,0,6,171107590,emeklilik,2026_01,2026-04-18 13:52
MRGYO,0,165827,1035439185,emeklilik,2026_01,2026-04-18 13:52
MSGYO,0,32262,169650150,emeklilik,2026_01,2026-04-18 13:52
FZLGY,0,63869,398427439,emeklilik,2026_01,2026-04-18 13:52
GEDIK,0,3900000,983076856,emeklilik,2026_01,2026-04-18 13:52
NUGYO,0,45897,324943976,emeklilik,2026_01,2026-04-18 13:52
ANELE,0,7841,151405542,emeklilik,2026_01,2026-04-18 13:52
DGGYO,0,4088,280709437,emeklilik,2026_01,2026-04-18 13:52
BEGYO,0,67784,277250000,emeklilik,2026_01,2026-04-18 13:52
ONRYT,0,379016,19730000,emeklilik,2026_01,2026-04-18 13:52
APMDLF,0,1300000,12300000,emeklilik,2026_01,2026-04-18 13:52
AGYO,0,10296,129036460,emeklilik,2026_01,2026-04-18 13:52
GOODY,0,1699328,132804473,emeklilik,2026_01,2026-04-18 13:52
DURKN,0,7340,42500000,emeklilik,2026_01,2026-04-18 13:52
ORCAY,0,21462,149972352,emeklilik,2026_01,2026-04-18 13:52
OTTO,0,5000,5474438,emeklilik,2026_01,2026-04-18 13:52
GSDHO,0,1,999994969,emeklilik,2026_01,2026-04-18 13:52
OYLUM,0,11437,80937367,emeklilik,2026_01,2026-04-18 13:52
OYYAT,0,363002,91048322,emeklilik,2026_01,2026-04-18 13:52
OZGYO,0,87893,490916869,emeklilik,2026_01,2026-04-18 13:52
OZYSR,0,247,40488000,emeklilik,2026_01,2026-04-18 13:52
DZGYO,0,23518,399777846,emeklilik,2026_01,2026-04-18 13:52
BINHO,0,357,488884390,emeklilik,2026_01,2026-04-18 13:52
ECZYT,0,1,45880511,emeklilik,2026_01,2026-04-18 13:52
PENGD,0,23245,171069968,emeklilik,2026_01,2026-04-18 13:52
EDIP,0,105545,36468204,emeklilik,2026_01,2026-04-18 13:52
PETUN,0,17284,134673118,emeklilik,2026_01,2026-04-18 13:52
PINSU,0,15203,101635846,emeklilik,2026_01,2026-04-18 13:52
BLCYT,0,2,49088907,emeklilik,2026_01,2026-04-18 13:52
EGEEN,0,101,1137161,emeklilik,2026_01,2026-04-18 13:52
PSDTC,0,148,6599991,emeklilik,2026_01,2026-04-18 13:52
EGEGY,0,16477,61200000,emeklilik,2026_01,2026-04-18 13:52
HURGZ,0,2,220784167,emeklilik,2026_01,2026-04-18 13:52
RALYH,0,88,176324572,emeklilik,2026_01,2026-04-18 13:52
ICBCT,0,1,216761845,emeklilik,2026_01,2026-04-18 13:52
RYSAS,0,9,1504020937,emeklilik,2026_01,2026-04-18 13:52
SAFKR,0,0,139427409,emeklilik,2026_01,2026-04-18 13:52
IDGYO,0,25195,119234999,emeklilik,2026_01,2026-04-18 13:52
SANEL,0,2790,18112451,emeklilik,2026_01,2026-04-18 13:52
SANKO,0,515,37499197,emeklilik,2026_01,2026-04-18 13:52
IEYHO,0,345,541032947,emeklilik,2026_01,2026-04-18 13:52
INGRM,0,44461,14969536,emeklilik,2026_01,2026-04-18 13:52
SEGMN,0,7682,80999980,emeklilik,2026_01,2026-04-18 13:52
SEGYO,0,49450,203388821,emeklilik,2026_01,2026-04-18 13:52
INTEM,0,62,9428747,emeklilik,2026_01,2026-04-18 13:52
INVEO,0,1184166,998999954,emeklilik,2026_01,2026-04-18 13:52
ARTMS,0,18,24199999,emeklilik,2026_01,2026-04-18 13:52
ARZUM,0,7004,293999828,emeklilik,2026_01,2026-04-18 13:52
EKSUN,0,30017,171792833,emeklilik,2026_01,2026-04-18 13:52
SOKE,0,16733,126999996,emeklilik,2026_01,2026-04-18 13:52
ISGSY,0,798750,47378729,emeklilik,2026_01,2026-04-18 13:52
TDGYO,0,12777,59914214,emeklilik,2026_01,2026-04-18 13:52
TGSAS,0,295,12348294,emeklilik,2026_01,2026-04-18 13:52
BRLSM,0,19308,108025075,emeklilik,2026_01,2026-04-18 13:52
ISSEN,0,3,107411517,emeklilik,2026_01,2026-04-18 13:52
BRSAN,0,10943,35912460,emeklilik,2026_01,2026-04-18 13:52
IZMDC,0,150000,723225318,emeklilik,2026_01,2026-04-18 13:52
BRYAT,0,1103,10264685,emeklilik,2026_01,2026-04-18 13:52
ENPRA,0,4,15294299,emeklilik,2026_01,2026-04-18 13:52
TSGYO,0,1582629,266499982,emeklilik,2026_01,2026-04-18 13:52
KARTN,0,1,72781126,emeklilik,2026_01,2026-04-18 13:52
ASGYO,0,44198,165000000,emeklilik,2026_01,2026-04-18 13:52
TURGG,0,5848,32042988,emeklilik,2026_01,2026-04-18 13:52
ERBOS,0,0,15899843,emeklilik,2026_01,2026-04-18 13:52
KGYO,0,75796,767895149,emeklilik,2026_01,2026-04-18 13:52
KIMMR,0,1592,75000000,emeklilik,2026_01,2026-04-18 13:52
UNLU,0,100000,102181558,emeklilik,2026_01,2026-04-18 13:52
UZEL,0,15000,26329793,emeklilik,2026_01,2026-04-18 13:52
ERCB,0,1,39113273,emeklilik,2026_01,2026-04-18 13:52
ASYAB,0,7350000,477904801,emeklilik,2026_01,2026-04-18 13:52
VANGD,0,3987,24374995,emeklilik,2026_01,2026-04-18 13:52
KOCMT,0,18324,581991187,emeklilik,2026_01,2026-04-18 13:52
VRGYO,0,151503,597643904,emeklilik,2026_01,2026-04-18 13:52
ERSU,0,4088,31755894,emeklilik,2026_01,2026-04-18 13:52
YAYLA,0,6585,39874966,emeklilik,2026_01,2026-04-18 13:52
YIGIT,0,75400,74999975,emeklilik,2026_01,2026-04-18 13:52
ESCAR,0,297284,101933690,emeklilik,2026_01,2026-04-18 13:52
YYAPI,0,261490,1705025550,emeklilik,2026_01,2026-04-18 13:52
ATAGY,0,6897,45670114,emeklilik,2026_01,2026-04-18 13:52
AHSGY,0,50595,184999889,emeklilik,2026_01,2026-04-18 13:52
KRGYO,0,53665,275373393,emeklilik,2026_01,2026-04-18 13:52
CLEBI,0,12,5490178,emeklilik,2026_01,2026-04-18 13:52
EUREN,0,1,1040132637,emeklilik,2026_01,2026-04-18 13:52
KTSKR,0,2390,14691795,emeklilik,2026_01,2026-04-18 13:52
KZGYO,0,12293,49999985,emeklilik,2026_01,2026-04-18 13:52
LIDER,0,250000,279500000,emeklilik,2026_01,2026-04-18 13:52
LILAK,0,140236,260252730,emeklilik,2026_01,2026-04-18 13:52
LINK,0,261604,18231985,emeklilik,2026_01,2026-04-18 13:52
EYGYO,0,60053,341859667,emeklilik,2026_01,2026-04-18 13:52
FADE,0,7264,42347497,emeklilik,2026_01,2026-04-18 13:52
AVGYO,0,16446,111590302,emeklilik,2026_01,2026-04-18 13:52
AVOD,0,44026,253604577,emeklilik,2026_01,2026-04-18 13:52
AKMGY,0,733,21568998,emeklilik,2026_01,2026-04-18 13:52
MARMR,0,2,961218727,emeklilik,2026_01,2026-04-18 13:52
MEGMT,0,1000,72749999,emeklilik,2026_01,2026-04-18 13:52
MEPET,0,1059,73940585,emeklilik,2026_01,2026-04-18 13:52
BINBN,-27,341395,17000000,emeklilik,2026_01,2026-04-18 13:52
BIZIM,-1027,12219,27601626,emeklilik,2026_01,2026-04-18 13:52
SURGY,-1289,37553,44745990,emeklilik,2026_01,2026-04-18 13:52
NATEN,-1505,556221,309375000,emeklilik,2026_01,2026-04-18 13:52
TTRAK,-1709,1382442,24967458,emeklilik,2026_01,2026-04-18 13:52
ASUZU,-3343,17537,41130807,emeklilik,2026_01,2026-04-18 13:52
TATGD,-3651,61133,119284718,emeklilik,2026_01,2026-04-18 13:52
PAGYO,-4253,446236,57781202,emeklilik,2026_01,2026-04-18 13:52
HRKET,-4576,411030,24000000,emeklilik,2026_01,2026-04-18 13:52
AKENR,-5778,341172,385189146,emeklilik,2026_01,2026-04-18 13:52
OZSUB,-5798,508202,42499126,emeklilik,2026_01,2026-04-18 13:52
VESTL,-6370,15161410,295447203,emeklilik,2026_01,2026-04-18 13:52
NUHCM,-7067,12448,33135899,emeklilik,2026_01,2026-04-18 13:52
KMPUR,-8445,57302,132432524,emeklilik,2026_01,2026-04-18 13:52
RYGYO,-12892,137200,770588057,emeklilik,2026_01,2026-04-18 13:52
NTHOL,-13000,10001,485479112,emeklilik,2026_01,2026-04-18 13:52
NETAS,-14031,880136,31783484,emeklilik,2026_01,2026-04-18 13:52
JANTS,-15000,2,207477849,emeklilik,2026_01,2026-04-18 13:52
HLGYO,-16474,186044,1075198516,emeklilik,2026_01,2026-04-18 13:52
KLSYN,-16849,30570,107854952,emeklilik,2026_01,2026-04-18 13:52
CONSE,-17489,717587,377854899,emeklilik,2026_01,2026-04-18 13:52
YGGYO,-19139,42567,240625741,emeklilik,2026_01,2026-04-18 13:52
ULUFA,-20000,950787,305352801,emeklilik,2026_01,2026-04-18 13:52
BERA,-20000,309,491816866,emeklilik,2026_01,2026-04-18 13:52
GRTHO,-22500,277524,36745000,emeklilik,2026_01,2026-04-18 13:52
SRVGY,-24144,1358607,806067999,emeklilik,2026_01,2026-04-18 13:52
YEOTK,-25000,895133,160933198,emeklilik,2026_01,2026-04-18 13:52
TEZOL,-25000,1,139835975,emeklilik,2026_01,2026-04-18 13:52
BANVT,-25053,1223540,36961044,emeklilik,2026_01,2026-04-18 13:52
MOBTL,-26504,9660829,207999999,emeklilik,2026_01,2026-04-18 13:52
ARMGD,-29821,182236,54996000,emeklilik,2026_01,2026-04-18 13:52
MEDTR,-30000,2789411,24499999,emeklilik,2026_01,2026-04-18 13:52
DOAS,-32186,3229864,97899975,emeklilik,2026_01,2026-04-18 13:52
ELITE,-44000,6964,44650000,emeklilik,2026_01,2026-04-18 13:52
ALARK,-45312,9400748,164975148,emeklilik,2026_01,2026-04-18 13:52
PEKGY,-46315,1040713,4685012615,emeklilik,2026_01,2026-04-18 13:52
KONTR,-46577,827971,936038763,emeklilik,2026_01,2026-04-18 13:52
OBAMS,-57238,1706467,725750028,emeklilik,2026_01,2026-04-18 13:52
KZBGY,-59776,2110403,585996164,emeklilik,2026_01,2026-04-18 13:52
GENIL,-62162,9736550,85937999,emeklilik,2026_01,2026-04-18 13:52
ZRGYO,-64750,7616253,1173404997,emeklilik,2026_01,2026-04-18 13:52
TRENJ,-68500,263568,97964682,emeklilik,2026_01,2026-04-18 13:52
BRISA,-83750,1529555,31247472,emeklilik,2026_01,2026-04-18 13:52
BESLR,-91428,275381,658098036,emeklilik,2026_01,2026-04-18 13:52
LOGO,-96821,7203114,74328248,emeklilik,2026_01,2026-04-18 13:52
ALVES,-98113,1000,862856920,emeklilik,2026_01,2026-04-18 13:52
AGESA,-98895,894894,35829553,emeklilik,2026_01,2026-04-18 13:52
EGGUB,-99568,552586,75862114,emeklilik,2026_01,2026-04-18 13:52
CVKMD,-100000,50000,461999787,emeklilik,2026_01,2026-04-18 13:52
ISYAT,-100000,3082932,152245569,emeklilik,2026_01,2026-04-18 13:52
EBEBK,-101922,5006684,40534692,emeklilik,2026_01,2026-04-18 13:52
SKBNK,-102919,521724,2498879854,emeklilik,2026_01,2026-04-18 13:52
GLRMK,-104184,9027931,38760000,emeklilik,2026_01,2026-04-18 13:52
PARSN,-122034,380175,34033246,emeklilik,2026_01,2026-04-18 13:52
TRCAS,-122500,150002,206252778,emeklilik,2026_01,2026-04-18 13:52
AVPGY,-122759,10021843,100000000,emeklilik,2026_01,2026-04-18 13:52
AYEN,-133065,56257,55531320,emeklilik,2026_01,2026-04-18 13:52
TUREX,-138259,99228,432000000,emeklilik,2026_01,2026-04-18 13:52
ISGYO,-183472,149997857,531312439,emeklilik,2026_01,2026-04-18 13:52
SOKM,-194628,5944804,448708248,emeklilik,2026_01,2026-04-18 13:52
KUYAS,-205551,63857,395658898,emeklilik,2026_01,2026-04-18 13:52
ECILC,-207514,85539,210589603,emeklilik,2026_01,2026-04-18 13:52
TBORG,-212727,763910,59392160,emeklilik,2026_01,2026-04-18 13:52
MOPAS,-260000,1408,57330000,emeklilik,2026_01,2026-04-18 13:52
PLTUR,-261421,235000,49500000,emeklilik,2026_01,2026-04-18 13:52
ISDMR,-266200,2200083,147623050,emeklilik,2026_01,2026-04-18 13:52
AKFYE,-295132,488992,551782160,emeklilik,2026_01,2026-04-18 13:52
PATEK,-306411,8176307,293081892,emeklilik,2026_01,2026-04-18 13:52
ATAKP,-344482,2856571,28224000,emeklilik,2026_01,2026-04-18 13:52
ZERGY,-347865,5803251,156799985,emeklilik,2026_01,2026-04-18 13:52
ENKAI,-350869,64999721,874736059,emeklilik,2026_01,2026-04-18 13:52
GLYHO,-352312,34756121,1949290631,emeklilik,2026_01,2026-04-18 13:52
ARCLK,-353908,7585297,170054748,emeklilik,2026_01,2026-04-18 13:52
GWIND,-415589,19326340,179165491,emeklilik,2026_01,2026-04-18 13:52
ANHYT,-490754,5531509,88457041,emeklilik,2026_01,2026-04-18 13:52
ARSAN,-600000,2009134,887344274,emeklilik,2026_01,2026-04-18 13:52
PNLSN,-617870,201419,34752383,emeklilik,2026_01,2026-04-18 13:52
AHGAZ,-656853,1245805,659370871,emeklilik,2026_01,2026-04-18 13:52
MPARK,-685838,19349192,80869110,emeklilik,2026_01,2026-04-18 13:52
CANTE,-702377,48573680,6026143802,emeklilik,2026_01,2026-04-18 13:52
ORGE,-731446,2291901,41839996,emeklilik,2026_01,2026-04-18 13:52
ALKIM,-766276,3501277,182767821,emeklilik,2026_01,2026-04-18 13:52
AYGAZ,-772607,16623000,98568807,emeklilik,2026_01,2026-04-18 13:52
BSOKE,-904415,2694654,458486931,emeklilik,2026_01,2026-04-18 13:52
DAPGM,-910049,1129354,928276145,emeklilik,2026_01,2026-04-18 13:52
KCHOL,-984886,80973794,674052308,emeklilik,2026_01,2026-04-18 13:52
ARDYZ,-1025902,24526271,279551557,emeklilik,2026_01,2026-04-18 13:52
BALSU,-1095487,29659668,278000000,emeklilik,2026_01,2026-04-18 13:52
RGYAS,-1207344,4496167,105523000,emeklilik,2026_01,2026-04-18 13:52
POLHO,-1231748,587825,164140074,emeklilik,2026_01,2026-04-18 13:52
SUNTK,-1267362,46944071,144433250,emeklilik,2026_01,2026-04-18 13:52
APLIBF,-1362790,56696236,63600000,emeklilik,2026_01,2026-04-18 13:52
ASTOR,-1411232,13461157,366896261,emeklilik,2026_01,2026-04-18 13:52
EDATA,-1436049,3186166,160065396,emeklilik,2026_01,2026-04-18 13:52
OTKAR,-1465822,4110728,33417145,emeklilik,2026_01,2026-04-18 13:52
SARKY,-1516498,751358,999999671,emeklilik,2026_01,2026-04-18 13:52
INDES,-1600947,27124951,462749768,emeklilik,2026_01,2026-04-18 13:52
SISE,-1691187,33868851,1814922730,emeklilik,2026_01,2026-04-18 13:52
SUWEN,-1723688,113347198,365687500,emeklilik,2026_01,2026-04-18 13:52
TAVHL,-1793320,14947217,213213415,emeklilik,2026_01,2026-04-18 13:52
QUAGR,-1805651,632605,1771950000,emeklilik,2026_01,2026-04-18 13:52
TSKB,-1901267,201044364,1516591673,emeklilik,2026_01,2026-04-18 13:52
LKMNH,-1985358,43606598,163262533,emeklilik,2026_01,2026-04-18 13:52
KLYPV,-2043324,335669,46334639,emeklilik,2026_01,2026-04-18 13:52
VESBE,-2102519,7149461,503578676,emeklilik,2026_01,2026-04-18 13:52
TRMET,-2305968,20702655,174454588,emeklilik,2026_01,2026-04-18 13:52
GARAN,-2336032,76122280,2454854227,emeklilik,2026_01,2026-04-18 13:52
BIOEN,-2384770,42799939,197983419,emeklilik,2026_01,2026-04-18 13:52
TABGD,-2414934,8865915,52499906,emeklilik,2026_01,2026-04-18 13:52
TRGYO,-2699297,8099355,251573369,emeklilik,2026_01,2026-04-18 13:52
MGROS,-2757940,18855411,96563547,emeklilik,2026_01,2026-04-18 13:52
PGSUS,-2795590,13596205,245068871,emeklilik,2026_01,2026-04-18 13:52
CIMSA,-2972351,52477500,488404404,emeklilik,2026_01,2026-04-18 13:52
ARFYE,-3539428,87947,47000000,emeklilik,2026_01,2026-04-18 13:52
DGNMO,-3561321,40695583,327634635,emeklilik,2026_01,2026-04-18 13:52
KCAER,-4439277,24948824,496494775,emeklilik,2026_01,2026-04-18 13:52
AKSEN,-4494729,5772964,638545796,emeklilik,2026_01,2026-04-18 13:52
KTLEV,-4841295,11972198,1288500000,emeklilik,2026_01,2026-04-18 13:52
TUPRS,-4870214,57849537,902334854,emeklilik,2026_01,2026-04-18 13:52
VAKBN,-5060348,87105261,8046896130,emeklilik,2026_01,2026-04-18 13:52
BUCIM,-5143515,26760226,1286538062,emeklilik,2026_01,2026-04-18 13:52
KRVGD,-5720730,113126018,596159766,emeklilik,2026_01,2026-04-18 13:52
BTCIM,-5840122,20216632,4046650979,emeklilik,2026_01,2026-04-18 13:52
ZGOLDF,-6056737,133468097,152040000,emeklilik,2026_01,2026-04-18 13:52
VKGYO,-6073366,20037711,1637202242,emeklilik,2026_01,2026-04-18 13:52
AKBNK,-6078761,217872858,3059020211,emeklilik,2026_01,2026-04-18 13:52
AKGRT,-6153364,11794214,629007625,emeklilik,2026_01,2026-04-18 13:52
MAVI,-6307972,130442268,576779312,emeklilik,2026_01,2026-04-18 13:52
HALKB,-7180228,12720798,6546422780,emeklilik,2026_01,2026-04-18 13:52
PETKM,-7503576,15239640,1241736844,emeklilik,2026_01,2026-04-18 13:52
TCELL,-7528089,101935092,1622604373,emeklilik,2026_01,2026-04-18 13:52
AEFES,-8331833,163322136,2028860053,emeklilik,2026_01,2026-04-18 13:52
OZKGY,-9345065,6727474,363999945,emeklilik,2026_01,2026-04-18 13:52
TUKAS,-9433993,15242700,4499995929,emeklilik,2026_01,2026-04-18 13:52
ASELS,-12737500,77227425,1178597817,emeklilik,2026_01,2026-04-18 13:52
ANSGR,-20366460,219664703,1564416026,emeklilik,2026_01,2026-04-18 13:52
BORLS,-25187350,1,308652686,emeklilik,2026_01,2026-04-18 13:52
SNGYO,-29435131,112947505,3607173097,emeklilik,2026_01,2026-04-18 13:52
YKBNK,-53251104,337861148,4705235952,emeklilik,2026_01,2026-04-18 13:52
PAHOL,-107367939,30462029,3999999979,emeklilik,2026_01,2026-04-18 13:52
GENIL,120786337,131950442,1289069985,yabanci,2026_02,2026-04-18 13:53
CANTE,111647709,399279510,8608815637,yabanci,2026_02,2026-04-18 13:53
AKBNK,83971224,1671598848,3059320211,yabanci,2026_02,2026-04-18 13:53
KZBGY,63900301,92852822,1959999915,yabanci,2026_02,2026-04-18 13:53
AEFES,51946733,819520964,2028860053,yabanci,2026_02,2026-04-18 13:53
SASA,45024345,2931288538,25700419936,yabanci,2026_02,2026-04-18 13:53
MRGYO,29803997,35788360,1753202571,yabanci,2026_02,2026-04-18 13:53
TRALT,28440476,277440455,952269019,yabanci,2026_02,2026-04-18 13:53
ESCOM,27242928,28212141,463831670,yabanci,2026_02,2026-04-18 13:53
YKBNK,25321363,1623115131,4705620952,yabanci,2026_02,2026-04-18 13:53
FROTO,19178069,236158361,625119847,yabanci,2026_02,2026-04-18 13:53
DMRGD,17014646,25123483,1277294592,yabanci,2026_02,2026-04-18 13:53
USAK,16784869,29001474,2436064709,yabanci,2026_02,2026-04-18 13:53
RYSAS,15062447,870451536,1504020937,yabanci,2026_02,2026-04-18 13:53
ALVES,12452672,24881623,1159999780,yabanci,2026_02,2026-04-18 13:53
MAVI,12047608,193431616,576779312,yabanci,2026_02,2026-04-18 13:53
AKSA,11199783,265037992,1503650642,yabanci,2026_02,2026-04-18 13:53
BIGCH,10770099,13512564,368932945,yabanci,2026_02,2026-04-18 13:53
SARKY,10587022,65649226,999999671,yabanci,2026_02,2026-04-18 13:53
ASTOR,10552907,185043597,366896261,yabanci,2026_02,2026-04-18 13:53
TURSG,10343561,434125723,7907296076,yabanci,2026_02,2026-04-18 13:53
RYGYO,9009373,311158752,770588057,yabanci,2026_02,2026-04-18 13:53
IHGZT,7886909,13132769,570666228,yabanci,2026_02,2026-04-18 13:53
AGROT,7787721,38978141,843999770,yabanci,2026_02,2026-04-18 13:53
TSPOR,6619018,31180407,3674975174,yabanci,2026_02,2026-04-18 13:53
CCOLA,6609631,599444019,820001147,yabanci,2026_02,2026-04-18 13:53
ALBRK,6490212,204965548,1050739765,yabanci,2026_02,2026-04-18 13:53
KRDMA,5957678,23905521,240300917,yabanci,2026_02,2026-04-18 13:53
TUREX,5047578,14303903,432000000,yabanci,2026_02,2026-04-18 13:53
ENERY,4941477,266795840,2420687469,yabanci,2026_02,2026-04-18 13:53
ECOGR,4786947,8551740,110000000,yabanci,2026_02,2026-04-18 13:53
KUYAS,4329518,20687046,398957788,yabanci,2026_02,2026-04-18 13:53
DARDL,3992033,20337372,1753442695,yabanci,2026_02,2026-04-18 13:53
ARCLK,3950371,26977292,170054748,yabanci,2026_02,2026-04-18 13:53
KATMR,3863645,78184126,1980989998,yabanci,2026_02,2026-04-18 13:53
RNPOL,3799824,4000000,335900000,yabanci,2026_02,2026-04-18 13:53
ISDMR,3577889,27113084,147623050,yabanci,2026_02,2026-04-18 13:53
MOBTL,3560920,8792304,207999999,yabanci,2026_02,2026-04-18 13:53
SANFM,3264544,3408601,225029995,yabanci,2026_02,2026-04-18 13:53
ENSRI,3208556,12524978,236333503,yabanci,2026_02,2026-04-18 13:53
ENTRA,3094927,9072527,369383564,yabanci,2026_02,2026-04-18 13:53
SEGMN,3002275,7143575,80999980,yabanci,2026_02,2026-04-18 13:53
YYAPI,2979296,4048686,1705025550,yabanci,2026_02,2026-04-18 13:53
KGYO,2789796,3465774,767895148,yabanci,2026_02,2026-04-18 13:53
THYAO,2427290,156653612,739463453,yabanci,2026_02,2026-04-18 13:53
MAGEN,2310844,91395760,719512140,yabanci,2026_02,2026-04-18 13:53
SRVGY,2132298,67249902,812499687,yabanci,2026_02,2026-04-18 13:53
SOKM,2113595,155023054,448708248,yabanci,2026_02,2026-04-18 13:53
MIATK,2097803,12520191,313087979,yabanci,2026_02,2026-04-18 13:53
MPARK,2021218,34039776,80869110,yabanci,2026_02,2026-04-18 13:53
IHLGM,1987684,4140646,986078000,yabanci,2026_02,2026-04-18 13:53
KLGYO,1808168,8543623,689399869,yabanci,2026_02,2026-04-18 13:53
AGHOL,1687800,251750903,1068828243,yabanci,2026_02,2026-04-18 13:53
EGEGY,1534774,3300762,69140000,yabanci,2026_02,2026-04-18 13:53
VRGYO,1509345,30593829,597693904,yabanci,2026_02,2026-04-18 13:53
GUNDG,1422259,1504001,18968972,yabanci,2026_02,2026-04-18 13:53
MGROS,1400995,33042279,96563550,yabanci,2026_02,2026-04-18 13:53
ANSGR,1388640,149302066,1564416026,yabanci,2026_02,2026-04-18 13:53
KBORU,1384526,1902236,143999994,yabanci,2026_02,2026-04-18 13:53
MOPAS,1362590,1462169,57330000,yabanci,2026_02,2026-04-18 13:53
KLSYN,1286660,2201532,107854952,yabanci,2026_02,2026-04-18 13:53
ODINE,1266271,2806248,52810834,yabanci,2026_02,2026-04-18 13:53
ISSEN,1252340,1265660,107411517,yabanci,2026_02,2026-04-18 13:53
GMTAS,1209273,77056500,298687813,yabanci,2026_02,2026-04-18 13:53
PENGD,1150641,2579699,171069968,yabanci,2026_02,2026-04-18 13:53
GWIND,1112387,11822581,179165491,yabanci,2026_02,2026-04-18 13:53
IZFAS,1070298,2051941,156001658,yabanci,2026_02,2026-04-18 13:53
LYDHO,1044251,9529281,197140970,yabanci,2026_02,2026-04-18 13:53
REEDR,918272,44679208,632419525,yabanci,2026_02,2026-04-18 13:53
TRMET,915120,50681041,174483588,yabanci,2026_02,2026-04-18 13:53
BSOKE,905320,32862429,458487038,yabanci,2026_02,2026-04-18 13:53
BNTAS,840728,840729,170624998,yabanci,2026_02,2026-04-18 13:53
MARTI,831846,831855,650112403,yabanci,2026_02,2026-04-18 13:53
TSGYO,808575,811522,266499982,yabanci,2026_02,2026-04-18 13:53
GOKNR,808526,6202889,178040711,yabanci,2026_02,2026-04-18 13:53
SKBNK,780522,125657698,2498877855,yabanci,2026_02,2026-04-18 13:53
ESEN,731747,38466862,682499950,yabanci,2026_02,2026-04-18 13:53
ETILR,680302,837410,156217454,yabanci,2026_02,2026-04-18 13:53
NIBAS,677553,700000,267767946,yabanci,2026_02,2026-04-18 13:53
KLKIM,628377,9658385,138383655,yabanci,2026_02,2026-04-18 13:53
FZLGY,589757,2736402,398427644,yabanci,2026_02,2026-04-18 13:53
AFYON,587710,8354325,399992258,yabanci,2026_02,2026-04-18 13:53
ATATR,531000,531000,280000000,yabanci,2026_02,2026-04-18 13:53
YIGIT,493920,654871,74999975,yabanci,2026_02,2026-04-18 13:53
DCTTR,463058,463058,157328724,yabanci,2026_02,2026-04-18 13:53
AKSUE,449181,519498,56376184,yabanci,2026_02,2026-04-18 13:53
BLUME,417866,1055625,174710134,yabanci,2026_02,2026-04-18 13:53
KARSN,402122,22200790,827827039,yabanci,2026_02,2026-04-18 13:53
ANELE,399657,909283,151405542,yabanci,2026_02,2026-04-18 13:53
GOODY,391615,64991591,132804473,yabanci,2026_02,2026-04-18 13:53
IHYAY,357847,1793890,388124996,yabanci,2026_02,2026-04-18 13:53
TABGD,353145,22007129,52499906,yabanci,2026_02,2026-04-18 13:53
ICUGS,350000,350000,336250000,yabanci,2026_02,2026-04-18 13:53
ONCSM,347736,671895,10086000,yabanci,2026_02,2026-04-18 13:53
EGSER,293090,849728,545751057,yabanci,2026_02,2026-04-18 13:53
MTRKS,272027,487270,43633165,yabanci,2026_02,2026-04-18 13:53
AVGYO,260053,330706,111590302,yabanci,2026_02,2026-04-18 13:53
DAGI,256073,256077,175301274,yabanci,2026_02,2026-04-18 13:53
KRPLS,254591,1065967,78486163,yabanci,2026_02,2026-04-18 13:53
SELVA,224007,660381,747897737,yabanci,2026_02,2026-04-18 13:53
AVPGY,213340,3522900,99999990,yabanci,2026_02,2026-04-18 13:53
ARFYE,192689,236669,47000000,yabanci,2026_02,2026-04-18 13:53
CEMZY,190342,306881,124119970,yabanci,2026_02,2026-04-18 13:53
PSGYO,178180,26708533,2954231556,yabanci,2026_02,2026-04-18 13:53
MARMR,174791,49006908,961218727,yabanci,2026_02,2026-04-18 13:53
PRKME,174143,209727,53038641,yabanci,2026_02,2026-04-18 13:53
BIGTK,173109,1711146,23834373,yabanci,2026_02,2026-04-18 13:53
LINK,172700,1392340,18231985,yabanci,2026_02,2026-04-18 13:53
TTRAK,160486,6806470,24967158,yabanci,2026_02,2026-04-18 13:53
KLMSN,156581,168615,30881297,yabanci,2026_02,2026-04-18 13:53
ISGYO,155461,39121695,531312439,yabanci,2026_02,2026-04-18 13:53
SAFKR,155012,747421,139406162,yabanci,2026_02,2026-04-18 13:53
KAPLM,143036,368597,4563571,yabanci,2026_02,2026-04-18 13:53
BARMA,140449,578847,68130939,yabanci,2026_02,2026-04-18 13:53
BAHKM,139298,217211,23289000,yabanci,2026_02,2026-04-18 13:53
DESPC,130517,249063,16023700,yabanci,2026_02,2026-04-18 13:53
SEKUR,124797,124797,131457835,yabanci,2026_02,2026-04-18 13:53
KAYSE,121974,77600382,818951998,yabanci,2026_02,2026-04-18 13:53
FRIGO,118909,150910,263258455,yabanci,2026_02,2026-04-18 13:53
ALKLC,118793,4366350,45382467,yabanci,2026_02,2026-04-18 13:53
KTSKR,116667,162041,14691795,yabanci,2026_02,2026-04-18 13:53
EBEBK,99071,3979092,40534692,yabanci,2026_02,2026-04-18 13:53
KRTEK,94601,347452,18914650,yabanci,2026_02,2026-04-18 13:53
EKSUN,84619,121910,171792833,yabanci,2026_02,2026-04-18 13:53
OTTO,83890,86483,5824438,yabanci,2026_02,2026-04-18 13:53
MSGYO,80027,207669,169650150,yabanci,2026_02,2026-04-18 13:53
LIDER,76492,21659811,279500000,yabanci,2026_02,2026-04-18 13:53
ZEDUR,76375,76375,69899992,yabanci,2026_02,2026-04-18 13:53
BMSCH,74794,74794,69277402,yabanci,2026_02,2026-04-18 13:53
AKCNS,74767,3417385,39359284,yabanci,2026_02,2026-04-18 13:53
KORDS,73799,2908638,65421451,yabanci,2026_02,2026-04-18 13:53
GENTS,73426,2384107,749958921,yabanci,2026_02,2026-04-18 13:53
MARBL,71971,80040,65226403,yabanci,2026_02,2026-04-18 13:53
AKSEN,71791,23036381,638545796,yabanci,2026_02,2026-04-18 13:53
KNFRT,67090,78487,131747000,yabanci,2026_02,2026-04-18 13:53
UFUK,61845,944078,46845974,yabanci,2026_02,2026-04-18 13:53
BORSK,61659,61659,279999879,yabanci,2026_02,2026-04-18 13:53
ALKA,61531,85912,330750000,yabanci,2026_02,2026-04-18 13:53
RUZYE,56660,1088176,267748491,yabanci,2026_02,2026-04-18 13:53
EGPRO,56641,493204,175170570,yabanci,2026_02,2026-04-18 13:53
ISYAT,49329,49331,152245569,yabanci,2026_02,2026-04-18 13:53
TMPOL,44079,59694,11039990,yabanci,2026_02,2026-04-18 13:53
SEGYO,37255,37255,203351321,yabanci,2026_02,2026-04-18 13:53
DSTKF,34559,4686170,84533333,yabanci,2026_02,2026-04-18 13:53
AKHAN,33900,33900,54700000,yabanci,2026_02,2026-04-18 13:53
AVHOL,33226,33226,26047279,yabanci,2026_02,2026-04-18 13:53
YAYLA,33018,42515,39874966,yabanci,2026_02,2026-04-18 13:53
OZSUB,32097,65156,42499126,yabanci,2026_02,2026-04-18 13:53
HRKET,28967,787868,24000000,yabanci,2026_02,2026-04-18 13:53
KONKA,27847,54919,89670000,yabanci,2026_02,2026-04-18 13:53
CUSAN,27685,27685,18500000,yabanci,2026_02,2026-04-18 13:53
VERTU,23842,32275,22000000,yabanci,2026_02,2026-04-18 13:53
ZGYO,20215,20215,84500000,yabanci,2026_02,2026-04-18 13:53
VAKFA,18845,648780,224999701,yabanci,2026_02,2026-04-18 13:53
TGSAS,18175,202890,12348294,yabanci,2026_02,2026-04-18 13:53
CRDFA,17457,17457,74996857,yabanci,2026_02,2026-04-18 13:53
VKING,14438,20670,30932905,yabanci,2026_02,2026-04-18 13:53
YESIL,14020,14020,640699949,yabanci,2026_02,2026-04-18 13:53
IHLAS,10721,14422859,1396079076,yabanci,2026_02,2026-04-18 13:53
ARDYZ,6192,2967823,279551557,yabanci,2026_02,2026-04-18 13:53
MARKA,5832,70746,20752018,yabanci,2026_02,2026-04-18 13:53
YAPRK,4390,4782,4214998,yabanci,2026_02,2026-04-18 13:53
TRILC,3487,750413,118499496,yabanci,2026_02,2026-04-18 13:53
DENGE,1700,7156,525284797,yabanci,2026_02,2026-04-18 13:53
LYDYE,1369,177409,1391287,yabanci,2026_02,2026-04-18 13:53
IMASM,1300,31583900,622850499,yabanci,2026_02,2026-04-18 13:53
AHSGY,1066,16035405,184999889,yabanci,2026_02,2026-04-18 13:53
BANVT,628,629,36961044,yabanci,2026_02,2026-04-18 13:53
INGRM,570,1186,14969536,yabanci,2026_02,2026-04-18 13:53
TARKM,519,2661,4999997,yabanci,2026_02,2026-04-18 13:53
CEMAS,161,6293979,790994229,yabanci,2026_02,2026-04-18 13:53
MENBA,0,4513,3496852,yabanci,2026_02,2026-04-18 13:53
TDGYO,0,398606,59898213,yabanci,2026_02,2026-04-18 13:53
KENT,0,0,1786507,yabanci,2026_02,2026-04-18 13:53
KERVN,0,0,588346973,yabanci,2026_02,2026-04-18 13:53
CMENT,0,1776,56829666,yabanci,2026_02,2026-04-18 13:53
GOLDS,0,222541,192323946,yabanci,2026_02,2026-04-18 13:53
ATEKS,0,4172,5441598,yabanci,2026_02,2026-04-18 13:53
GRNYO,0,130436,37386059,yabanci,2026_02,2026-04-18 13:53
KLNMA,0,57760,91846864,yabanci,2026_02,2026-04-18 13:53
ATPET,0,101,11403497,yabanci,2026_02,2026-04-18 13:53
ENPRA,0,70,15294299,yabanci,2026_02,2026-04-18 13:53
ARBUL,0,2300,15459297,yabanci,2026_02,2026-04-18 13:53
BRMEN,0,119040,57566555,yabanci,2026_02,2026-04-18 13:53
ORCAY,0,0,150197341,yabanci,2026_02,2026-04-18 13:53
ULAS,0,0,25200172,yabanci,2026_02,2026-04-18 13:53
UNTAR,0,1,29562129,yabanci,2026_02,2026-04-18 13:53
KRATL,0,5403,17800000,yabanci,2026_02,2026-04-18 13:53
OYAYO,0,16000,19999941,yabanci,2026_02,2026-04-18 13:53
OZRDN,0,5,57107579,yabanci,2026_02,2026-04-18 13:53
ERSU,0,0,31755894,yabanci,2026_02,2026-04-18 13:53
AKPAZ,0,352917,22488832,yabanci,2026_02,2026-04-18 13:53
DGGYO,0,7410,280709437,yabanci,2026_02,2026-04-18 13:53
PRZMA,0,60,61941150,yabanci,2026_02,2026-04-18 13:53
PSDTC,0,284,6599991,yabanci,2026_02,2026-04-18 13:53
BURVA,0,71327,4723271,yabanci,2026_02,2026-04-18 13:53
QNBFK,0,13,843137646,yabanci,2026_02,2026-04-18 13:53
QNBTR,0,31,2571745911,yabanci,2026_02,2026-04-18 13:53
EUHOL,0,325000,142999954,yabanci,2026_02,2026-04-18 13:53
ISBIR,0,3825,14520542,yabanci,2026_02,2026-04-18 13:53
FENIS,0,210000,26080019,yabanci,2026_02,2026-04-18 13:53
FLAP,0,1,93599985,yabanci,2026_02,2026-04-18 13:53
LIOYS,0,0,31625013,yabanci,2026_02,2026-04-18 13:53
AKMGY,0,2,21568998,yabanci,2026_02,2026-04-18 13:53
SANEL,0,1,18112451,yabanci,2026_02,2026-04-18 13:53
AKYHO,0,2,223895870,yabanci,2026_02,2026-04-18 13:53
CELHA,0,0,146124228,yabanci,2026_02,2026-04-18 13:53
MANGO,0,50001,37831688,yabanci,2026_02,2026-04-18 13:53
EGCYO,0,0,21986285,yabanci,2026_02,2026-04-18 13:53
ARTOG,0,220000,18578922,yabanci,2026_02,2026-04-18 13:53
SEYKM,0,1,151040901,yabanci,2026_02,2026-04-18 13:53
SILVR,0,9,212818206,yabanci,2026_02,2026-04-18 13:53
GEREL,0,9836,219036379,yabanci,2026_02,2026-04-18 13:53
SKYLP,0,0,7159255,yabanci,2026_02,2026-04-18 13:53
SNPAM,0,1,19679871,yabanci,2026_02,2026-04-18 13:53
GLDTRF,0,884,45850000,yabanci,2026_02,2026-04-18 13:53
SONME,0,0,4349319,yabanci,2026_02,2026-04-18 13:53
ARAT,0,600000,39867975,yabanci,2026_02,2026-04-18 13:53
MEGAP,0,1,234498757,yabanci,2026_02,2026-04-18 13:53
OYLUM,0,0,80937367,yabanci,2026_02,2026-04-18 13:53
MEMSA,-1,0,160110709,yabanci,2026_02,2026-04-18 13:53
GLBMD,-1,0,28880500,yabanci,2026_02,2026-04-18 13:53
TRHOL,-43,13801,17635692,yabanci,2026_02,2026-04-18 13:53
DOGUB,-87,0,19821566,yabanci,2026_02,2026-04-18 13:53
MRSHL,-183,2,4212888,yabanci,2026_02,2026-04-18 13:53
YGYO,-270,19379716,1310632851,yabanci,2026_02,2026-04-18 13:53
ACSEL,-334,1,8589113,yabanci,2026_02,2026-04-18 13:53
KSTUR,-436,406,3952560,yabanci,2026_02,2026-04-18 13:53
KONYA,-871,50387,1646416,yabanci,2026_02,2026-04-18 13:53
BVSAN,-1248,3560,13749998,yabanci,2026_02,2026-04-18 13:53
POLTK,-1270,293077,1125000,yabanci,2026_02,2026-04-18 13:53
TBORG,-2105,155134,59392160,yabanci,2026_02,2026-04-18 13:53
CMBTN,-3083,1719,1023000,yabanci,2026_02,2026-04-18 13:53
CLEBI,-5672,219076,5490178,yabanci,2026_02,2026-04-18 13:53
MAKTK,-6072,44624,184370066,yabanci,2026_02,2026-04-18 13:53
BFREN,-6378,6202701,24586148,yabanci,2026_02,2026-04-18 13:53
SMART,-6674,87700,29737499,yabanci,2026_02,2026-04-18 13:53
DNISI,-6952,88,59171727,yabanci,2026_02,2026-04-18 13:53
MEPET,-7073,1309897,73940585,yabanci,2026_02,2026-04-18 13:53
EGEEN,-7521,104007,1137161,yabanci,2026_02,2026-04-18 13:53
INTEM,-7646,1536,9428747,yabanci,2026_02,2026-04-18 13:53
MEDTR,-8472,161539,24499999,yabanci,2026_02,2026-04-18 13:53
ARTMS,-9800,63377,24199999,yabanci,2026_02,2026-04-18 13:53
PINSU,-10824,172270,101635846,yabanci,2026_02,2026-04-18 13:53
BESLR,-11714,12577908,658098036,yabanci,2026_02,2026-04-18 13:53
BIOEN,-12409,14828630,197983418,yabanci,2026_02,2026-04-18 13:53
ERCB,-12501,793,39113273,yabanci,2026_02,2026-04-18 13:53
BRKVY,-13692,6528,13618361,yabanci,2026_02,2026-04-18 13:53
ADEL,-14261,2870,112043619,yabanci,2026_02,2026-04-18 13:53
MAALT,-17334,13225,4763850,yabanci,2026_02,2026-04-18 13:53
NUHCM,-17447,6468267,33163299,yabanci,2026_02,2026-04-18 13:53
ANGEN,-17579,305018,86440002,yabanci,2026_02,2026-04-18 13:53
BRYAT,-18004,408253,10264685,yabanci,2026_02,2026-04-18 13:53
LUKSK,-18758,2088,27257202,yabanci,2026_02,2026-04-18 13:53
KUTPO,-20019,67861,10524430,yabanci,2026_02,2026-04-18 13:53
EDATA,-20378,355700,160065395,yabanci,2026_02,2026-04-18 13:53
TUCLK,-20854,30007,253181400,yabanci,2026_02,2026-04-18 13:53
PKENT,-21086,35726,23766169,yabanci,2026_02,2026-04-18 13:53
ALCAR,-22177,6050,1721735,yabanci,2026_02,2026-04-18 13:53
ARENA,-22503,40935,66996461,yabanci,2026_02,2026-04-18 13:53
JANTS,-26021,3893123,207512786,yabanci,2026_02,2026-04-18 13:53
ULUSE,-27642,44425,24000000,yabanci,2026_02,2026-04-18 13:53
DUNYH,-28058,2456371,36443197,yabanci,2026_02,2026-04-18 13:53
SMRVA,-28162,2213118,28000000,yabanci,2026_02,2026-04-18 13:53
MZHLD,-34543,1,72215314,yabanci,2026_02,2026-04-18 13:53
PLTUR,-36884,331649,49500000,yabanci,2026_02,2026-04-18 13:53
DOFER,-37295,1828,20172500,yabanci,2026_02,2026-04-18 13:53
TATEN,-37391,4239801,347799724,yabanci,2026_02,2026-04-18 13:53
VSNMD,-37953,1125265,24000000,yabanci,2026_02,2026-04-18 13:53
AYCES,-38587,5802,1895369,yabanci,2026_02,2026-04-18 13:53
ORGE,-38985,7850454,41839996,yabanci,2026_02,2026-04-18 13:53
INVEO,-41159,412889,998999954,yabanci,2026_02,2026-04-18 13:53
ERBOS,-44589,313326,15899843,yabanci,2026_02,2026-04-18 13:53
AKENR,-48333,1841942,385189146,yabanci,2026_02,2026-04-18 13:53
SELEC,-50158,13143155,124262097,yabanci,2026_02,2026-04-18 13:53
NUGYO,-52504,11682533,324943976,yabanci,2026_02,2026-04-18 13:53
GIPTA,-58315,253704,51617863,yabanci,2026_02,2026-04-18 13:53
PKART,-60654,3425460,11048497,yabanci,2026_02,2026-04-18 13:53
TMSN,-62017,1993435,44449988,yabanci,2026_02,2026-04-18 13:53
HURGZ,-63229,198025,220784167,yabanci,2026_02,2026-04-18 13:53
KARTN,-66379,1202976,72781126,yabanci,2026_02,2026-04-18 13:53
GARFA,-70557,32977,138399778,yabanci,2026_02,2026-04-18 13:53
FORTE,-71450,9,21999999,yabanci,2026_02,2026-04-18 13:53
GOLTS,-72857,762059,12422783,yabanci,2026_02,2026-04-18 13:53
ELITE,-75747,2354,44650000,yabanci,2026_02,2026-04-18 13:53
GRTHO,-81482,6492166,36745000,yabanci,2026_02,2026-04-18 13:53
FMIZP,-82864,54566,3497641,yabanci,2026_02,2026-04-18 13:53
TLMAN,-85005,209877,10300000,yabanci,2026_02,2026-04-18 13:53
VERUS,-88053,12839001,34499937,yabanci,2026_02,2026-04-18 13:53
ALKIM,-98424,10235382,182767821,yabanci,2026_02,2026-04-18 13:53
BAYRK,-103347,886,189751123,yabanci,2026_02,2026-04-18 13:53
BASGZ,-105432,12652963,174999999,yabanci,2026_02,2026-04-18 13:53
ARASE,-123322,5708733,49999991,yabanci,2026_02,2026-04-18 13:53
ADGYO,-125068,772014,379654333,yabanci,2026_02,2026-04-18 13:53
CRFSA,-130537,1810071,18312793,yabanci,2026_02,2026-04-18 13:53
LRSHO,-143730,13648000,724120946,yabanci,2026_02,2026-04-18 13:53
YGGYO,-153028,11028523,240625741,yabanci,2026_02,2026-04-18 13:53
BMSTL,-155460,277585,74772261,yabanci,2026_02,2026-04-18 13:53
KLSER,-162933,5756861,109457566,yabanci,2026_02,2026-04-18 13:53
ATAKP,-166958,5099,28224000,yabanci,2026_02,2026-04-18 13:53
KRDMB,-170290,2916189,118762110,yabanci,2026_02,2026-04-18 13:53
PARSN,-174588,508547,34033246,yabanci,2026_02,2026-04-18 13:53
BORLS,-180362,14365880,308652686,yabanci,2026_02,2026-04-18 13:53
RAYSG,-181983,44038715,51947024,yabanci,2026_02,2026-04-18 13:53
SDTTR,-182783,484372,15990000,yabanci,2026_02,2026-04-18 13:53
KONTR,-193311,50059853,936038762,yabanci,2026_02,2026-04-18 13:53
UZEL,-194065,3054418,26329793,yabanci,2026_02,2026-04-18 13:53
INVES,-194086,2575498,37480000,yabanci,2026_02,2026-04-18 13:53
VAKFN,-195945,36380203,2064378140,yabanci,2026_02,2026-04-18 13:53
MEKAG,-202290,1,320319999,yabanci,2026_02,2026-04-18 13:53
AYEN,-203963,1510756,55531320,yabanci,2026_02,2026-04-18 13:53
BEYAZ,-210128,198060,42317352,yabanci,2026_02,2026-04-18 13:53
GRSEL,-211500,1849641,29650000,yabanci,2026_02,2026-04-18 13:53
EYGYO,-216026,0,362859667,yabanci,2026_02,2026-04-18 13:53
DMSAS,-216270,3654896,199994510,yabanci,2026_02,2026-04-18 13:53
PCILT,-217641,94278,45014182,yabanci,2026_02,2026-04-18 13:53
KOPOL,-218716,4099912,266319652,yabanci,2026_02,2026-04-18 13:53
PAGYO,-220897,2191411,57781202,yabanci,2026_02,2026-04-18 13:53
BRISA,-223926,2029671,31247472,yabanci,2026_02,2026-04-18 13:53
ICBCT,-226619,701153,216761845,yabanci,2026_02,2026-04-18 13:53
ONRYT,-229663,218667,19730000,yabanci,2026_02,2026-04-18 13:53
GZNMI,-234784,142487,40949825,yabanci,2026_02,2026-04-18 13:53
ATATP,-236247,1333152,18809999,yabanci,2026_02,2026-04-18 13:53
EDIP,-242382,125916,36468204,yabanci,2026_02,2026-04-18 13:53
AGYO,-246030,1,129036460,yabanci,2026_02,2026-04-18 13:53
NETAS,-246622,92661,31783484,yabanci,2026_02,2026-04-18 13:53
DZGYO,-252378,187819,399777846,yabanci,2026_02,2026-04-18 13:53
SANKO,-253050,659348,37499197,yabanci,2026_02,2026-04-18 13:53
DGATE,-256014,100241,15227271,yabanci,2026_02,2026-04-18 13:53
AVOD,-256448,393124,253604577,yabanci,2026_02,2026-04-18 13:53
AYGAZ,-260446,10151637,98568807,yabanci,2026_02,2026-04-18 13:53
BOSSA,-268025,7379,508724189,yabanci,2026_02,2026-04-18 13:53
OSMEN,-269155,192779,157750927,yabanci,2026_02,2026-04-18 13:53
SURGY,-271143,11233,44999990,yabanci,2026_02,2026-04-18 13:53
PAMEL,-275563,151312,21533681,yabanci,2026_02,2026-04-18 13:53
VAKKO,-278622,1970574,30788486,yabanci,2026_02,2026-04-18 13:53
DOFRB,-279947,2424,45000000,yabanci,2026_02,2026-04-18 13:53
ENDAE,-282898,215011,123506828,yabanci,2026_02,2026-04-18 13:53
HATEK,-291226,6585,62998947,yabanci,2026_02,2026-04-18 13:53
FENER,-294331,119259273,2772321468,yabanci,2026_02,2026-04-18 13:53
ASYAB,-302128,24964841,477899601,yabanci,2026_02,2026-04-18 13:53
PRKAB,-306494,265,35225443,yabanci,2026_02,2026-04-18 13:53
SUNTK,-312492,13632564,145280000,yabanci,2026_02,2026-04-18 13:53
OYYAT,-313415,6862152,91048322,yabanci,2026_02,2026-04-18 13:53
DOKTA,-322094,45904,145872862,yabanci,2026_02,2026-04-18 13:53
CEOEM,-327509,458925,22209658,yabanci,2026_02,2026-04-18 13:53
ISGSY,-331218,1151,47378729,yabanci,2026_02,2026-04-18 13:53
KMPUR,-365902,6096372,132432524,yabanci,2026_02,2026-04-18 13:53
BLCYT,-369280,6175,49088907,yabanci,2026_02,2026-04-18 13:53
BERA,-375735,51903526,491964370,yabanci,2026_02,2026-04-18 13:53
BRSAN,-379940,4087701,35912460,yabanci,2026_02,2026-04-18 13:53
BUCIM,-379980,45655707,1292638065,yabanci,2026_02,2026-04-18 13:53
ASGYO,-385077,836612,165000000,yabanci,2026_02,2026-04-18 13:53
ALCTL,-386160,31245,13543218,yabanci,2026_02,2026-04-18 13:53
EMKEL,-386802,399502,149999456,yabanci,2026_02,2026-04-18 13:53
OZATD,-392057,579933,13349988,yabanci,2026_02,2026-04-18 13:53
AYDEM,-407223,24965695,130000000,yabanci,2026_02,2026-04-18 13:53
BAKAB,-414410,327432,34985326,yabanci,2026_02,2026-04-18 13:53
POLHO,-419000,16287726,164140074,yabanci,2026_02,2026-04-18 13:53
DERIM,-423713,139258,40403770,yabanci,2026_02,2026-04-18 13:53
BIZIM,-437305,74632,27601626,yabanci,2026_02,2026-04-18 13:53
GLCVY,-452709,475189,26400000,yabanci,2026_02,2026-04-18 13:53
CATES,-453614,216214,33050000,yabanci,2026_02,2026-04-18 13:53
KRGYO,-476406,14621,275246747,yabanci,2026_02,2026-04-18 13:53
FADE,-496290,204219,42347497,yabanci,2026_02,2026-04-18 13:53
NATEN,-496501,2734395,309375000,yabanci,2026_02,2026-04-18 13:53
TKNSA,-512888,966828,100485379,yabanci,2026_02,2026-04-18 13:53
OBASE,-521905,114209,14924000,yabanci,2026_02,2026-04-18 13:53
OZYSR,-522991,84241,40488000,yabanci,2026_02,2026-04-18 13:53
ALTNY,-524708,14920727,399885115,yabanci,2026_02,2026-04-18 13:53
BEGYO,-528772,97915,290000000,yabanci,2026_02,2026-04-18 13:53
BINBN,-530007,9100026,17000000,yabanci,2026_02,2026-04-18 13:53
BRLSM,-534961,77379,108025075,yabanci,2026_02,2026-04-18 13:53
MERCN,-540636,5651838,74389005,yabanci,2026_02,2026-04-18 13:53
AGESA,-543215,20633622,35829553,yabanci,2026_02,2026-04-18 13:53
TURGG,-574849,4222,32042988,yabanci,2026_02,2026-04-18 13:53
EGGUB,-577416,764602,75862197,yabanci,2026_02,2026-04-18 13:53
KLYPV,-585909,2896019,46334639,yabanci,2026_02,2026-04-18 13:53
ARMGD,-589377,1118659,54996000,yabanci,2026_02,2026-04-18 13:53
SAYAS,-599106,99704,42530887,yabanci,2026_02,2026-04-18 13:53
DEVA,-607434,658755,199971824,yabanci,2026_02,2026-04-18 13:53
RTALB,-649631,149166,432976722,yabanci,2026_02,2026-04-18 13:53
ECZYT,-659088,1476733,45880511,yabanci,2026_02,2026-04-18 13:53
OFSYM,-667745,117504,22749998,yabanci,2026_02,2026-04-18 13:53
BOBET,-674241,1350108,113999998,yabanci,2026_02,2026-04-18 13:53
IHEVA,-677266,2929901,291631239,yabanci,2026_02,2026-04-18 13:53
GLRMK,-682041,2316900,38760000,yabanci,2026_02,2026-04-18 13:53
KRONT,-682605,2959662,116892885,yabanci,2026_02,2026-04-18 13:53
SUWEN,-715849,46744581,365687500,yabanci,2026_02,2026-04-18 13:53
BALSU,-724364,31979029,278000000,yabanci,2026_02,2026-04-18 13:53
ASUZU,-727568,2819164,41130807,yabanci,2026_02,2026-04-18 13:53
MEYSU,-755469,12496,175000000,yabanci,2026_02,2026-04-18 13:53
MERKO,-757336,25319,101104700,yabanci,2026_02,2026-04-18 13:53
TUKAS,-797963,179539897,4499995929,yabanci,2026_02,2026-04-18 13:53
HATSN,-810838,89463,44299964,yabanci,2026_02,2026-04-18 13:53
TEZOL,-812446,201647,139999972,yabanci,2026_02,2026-04-18 13:53
DOAS,-820880,20511255,97899975,yabanci,2026_02,2026-04-18 13:53
SKTAS,-822237,97263,332865443,yabanci,2026_02,2026-04-18 13:53
ALFAS,-824453,6159006,84639559,yabanci,2026_02,2026-04-18 13:53
TRENJ,-825952,11281645,98018735,yabanci,2026_02,2026-04-18 13:53
ENJSA,-829631,55637842,236209270,yabanci,2026_02,2026-04-18 13:53
OTKAR,-830314,5210222,33417145,yabanci,2026_02,2026-04-18 13:53
ANHYT,-837538,10113670,88457041,yabanci,2026_02,2026-04-18 13:53
YATAS,-860449,12798445,94866488,yabanci,2026_02,2026-04-18 13:53
KAREL,-922134,16732431,329659497,yabanci,2026_02,2026-04-18 13:53
RUBNS,-937588,64973,42377765,yabanci,2026_02,2026-04-18 13:53
KOCMT,-940573,410815,587485478,yabanci,2026_02,2026-04-18 13:53
DYOBY,-990100,514664,186553687,yabanci,2026_02,2026-04-18 13:53
BIENY,-1003198,1986998,83144831,yabanci,2026_02,2026-04-18 13:53
HTTBT,-1023754,15770030,82805422,yabanci,2026_02,2026-04-18 13:53
EUPWR,-1033165,16468262,199610525,yabanci,2026_02,2026-04-18 13:53
BINHO,-1060747,381781,488884380,yabanci,2026_02,2026-04-18 13:53
ARSAN,-1081691,2277730,887344274,yabanci,2026_02,2026-04-18 13:53
EPLAS,-1147741,2716278,190491857,yabanci,2026_02,2026-04-18 13:53
KOTON,-1154463,531800,136599922,yabanci,2026_02,2026-04-18 13:53
LKMNH,-1157784,2266143,163262533,yabanci,2026_02,2026-04-18 13:53
TAVHL,-1158796,118449427,213213415,yabanci,2026_02,2026-04-18 13:53
OZGYO,-1165243,5520831,490916869,yabanci,2026_02,2026-04-18 13:53
VBTYZ,-1171135,82653,56160000,yabanci,2026_02,2026-04-18 13:53
MNDTR,-1179063,749483737,910071938,yabanci,2026_02,2026-04-18 13:53
MEGMT,-1199976,4378397,72749986,yabanci,2026_02,2026-04-18 13:53
HDFGS,-1225002,497505,956974191,yabanci,2026_02,2026-04-18 13:53
GSDDE,-1236205,480519,106850751,yabanci,2026_02,2026-04-18 13:53
ULUUN,-1265793,3636287,290523352,yabanci,2026_02,2026-04-18 13:53
MERIT,-1298978,1580759,329748900,yabanci,2026_02,2026-04-18 13:53
DURKN,-1363461,110043,42500000,yabanci,2026_02,2026-04-18 13:53
VESTL,-1372346,7224916,295447203,yabanci,2026_02,2026-04-18 13:53
PAPIL,-1377075,543869,206247674,yabanci,2026_02,2026-04-18 13:53
TRCAS,-1379801,5881668,206252778,yabanci,2026_02,2026-04-18 13:53
PNLSN,-1381666,100014,34752383,yabanci,2026_02,2026-04-18 13:53
YEOTK,-1393814,10025318,160933198,yabanci,2026_02,2026-04-18 13:53
KLRHO,-1404911,57540331,341250000,yabanci,2026_02,2026-04-18 13:53
DITAS,-1412331,715176,83407812,yabanci,2026_02,2026-04-18 13:53
DESA,-1418065,21750997,171107590,yabanci,2026_02,2026-04-18 13:53
LMKDC,-1482737,2826893,155929999,yabanci,2026_02,2026-04-18 13:53
OZKGY,-1525106,24911233,363999945,yabanci,2026_02,2026-04-18 13:53
SOKE,-1553000,1129017,126999996,yabanci,2026_02,2026-04-18 13:53
KFEIN,-1583744,878480,150306170,yabanci,2026_02,2026-04-18 13:53
NTGAZ,-1598650,5446350,276000000,yabanci,2026_02,2026-04-18 13:53
NTHOL,-1610723,23073587,485479112,yabanci,2026_02,2026-04-18 13:53
PNSUT,-1669645,337076,128323851,yabanci,2026_02,2026-04-18 13:53
RGYAS,-1678456,51780706,105523000,yabanci,2026_02,2026-04-18 13:53
RALYH,-1716535,14542674,176370972,yabanci,2026_02,2026-04-18 13:53
TOASO,-1736928,25626071,120585076,yabanci,2026_02,2026-04-18 13:53
KZGYO,-1741429,137473,49999978,yabanci,2026_02,2026-04-18 13:53
BURCE,-1756759,3209326,44422390,yabanci,2026_02,2026-04-18 13:53
TEHOL,-1764058,87888126,1967930261,yabanci,2026_02,2026-04-18 13:53
YYLGD,-1801388,23261890,369826200,yabanci,2026_02,2026-04-18 13:53
MACKO,-1830167,976790,41500000,yabanci,2026_02,2026-04-18 13:53
MAKIM,-1862156,217548,42559998,yabanci,2026_02,2026-04-18 13:53
TCKRC,-1864678,846066,70000000,yabanci,2026_02,2026-04-18 13:53
OBAMS,-1870247,6360716,751078524,yabanci,2026_02,2026-04-18 13:53
CIMSA,-1880368,37494249,488404404,yabanci,2026_02,2026-04-18 13:53
GUBRF,-1890409,7933028,85359737,yabanci,2026_02,2026-04-18 13:53
CEMTS,-1912105,3111579,233425986,yabanci,2026_02,2026-04-18 13:53
PATEK,-1960684,14178044,293081892,yabanci,2026_02,2026-04-18 13:53
MANAS,-1982729,209341,255704000,yabanci,2026_02,2026-04-18 13:53
TERA,-1991102,21231114,240888789,yabanci,2026_02,2026-04-18 13:53
DGNMO,-2021505,2054343,327634635,yabanci,2026_02,2026-04-18 13:53
BULGS,-2161952,675000,72499900,yabanci,2026_02,2026-04-18 13:53
ZRGYO,-2220117,79449424,1173404997,yabanci,2026_02,2026-04-18 13:53
BAGFS,-2223123,3710086,100042745,yabanci,2026_02,2026-04-18 13:53
IEYHO,-2238062,23473111,541032947,yabanci,2026_02,2026-04-18 13:53
KCHOL,-2286960,261278376,674052308,yabanci,2026_02,2026-04-18 13:53
ECILC,-2418804,11453947,210589603,yabanci,2026_02,2026-04-18 13:53
VESBE,-2430459,30292791,503578676,yabanci,2026_02,2026-04-18 13:53
DERHL,-2473359,49172,197281316,yabanci,2026_02,2026-04-18 13:53
PENTA,-2583689,10935793,181070136,yabanci,2026_02,2026-04-18 13:53
UNLU,-2671980,270062,102181558,yabanci,2026_02,2026-04-18 13:53
HEDEF,-2689567,1856210,562499930,yabanci,2026_02,2026-04-18 13:53
TATGD,-2746690,7990670,119286243,yabanci,2026_02,2026-04-18 13:53
LILAK,-2751299,4606266,260252705,yabanci,2026_02,2026-04-18 13:53
TEKTU,-2847434,1560529,195639311,yabanci,2026_02,2026-04-18 13:53
MOGAN,-2892360,10909438,262635000,yabanci,2026_02,2026-04-18 13:53
ARZUM,-2901724,398029,400949823,yabanci,2026_02,2026-04-18 13:53
PEKGY,-2928016,394379358,4685233406,yabanci,2026_02,2026-04-18 13:53
AKFYE,-2945611,146944455,551782160,yabanci,2026_02,2026-04-18 13:53
ISFIN,-3080243,33926489,310154523,yabanci,2026_02,2026-04-18 13:53
GEDIK,-3162708,240106,983076857,yabanci,2026_02,2026-04-18 13:53
INFO,-3162948,7678577,767463337,yabanci,2026_02,2026-04-18 13:53
EGEPO,-3335008,3771471,200000000,yabanci,2026_02,2026-04-18 13:53
METRO,-3374975,569145,539989959,yabanci,2026_02,2026-04-18 13:53
YKSLN,-3492068,442420,197429570,yabanci,2026_02,2026-04-18 13:53
PASEU,-3703142,30575879,215295868,yabanci,2026_02,2026-04-18 13:53
KIMMR,-3769892,3133990,75000000,yabanci,2026_02,2026-04-18 13:53
GESAN,-3836848,10027565,141759180,yabanci,2026_02,2026-04-18 13:53
ODAS,-3839656,79142490,1113798031,yabanci,2026_02,2026-04-18 13:53
ULKER,-3871662,52937061,338855989,yabanci,2026_02,2026-04-18 13:53
PETUN,-3875515,871347,134673118,yabanci,2026_02,2026-04-18 13:53
SNICA,-3980634,1199199,321688855,yabanci,2026_02,2026-04-18 13:53
CONSE,-4134377,3090189,377854899,yabanci,2026_02,2026-04-18 13:53
LOGO,-4176967,21747081,74328248,yabanci,2026_02,2026-04-18 13:53
MNDRS,-4200837,1362756,222007982,yabanci,2026_02,2026-04-18 13:53
AZTEK,-4234586,195974,279000000,yabanci,2026_02,2026-04-18 13:53
DURDO,-4320134,313871,379703149,yabanci,2026_02,2026-04-18 13:53
YUNSA,-4325943,1163526,202164056,yabanci,2026_02,2026-04-18 13:53
VAKBN,-4361432,179088513,8046896130,yabanci,2026_02,2026-04-18 13:53
SMRTG,-4632670,49473515,664164672,yabanci,2026_02,2026-04-18 13:53
ALARK,-4643488,13690777,165125148,yabanci,2026_02,2026-04-18 13:53
TRGYO,-4697417,43291932,251573369,yabanci,2026_02,2026-04-18 13:53
EUREN,-4699948,63784869,1040132637,yabanci,2026_02,2026-04-18 13:53
IHAAS,-4788641,21953749,56031248,yabanci,2026_02,2026-04-18 13:53
ESCAR,-4833252,23327980,101933690,yabanci,2026_02,2026-04-18 13:53
TNZTP,-4904105,1773850,87499950,yabanci,2026_02,2026-04-18 13:53
IZMDC,-5019312,38115893,723225318,yabanci,2026_02,2026-04-18 13:53
PGSUS,-5303950,36473342,295068870,yabanci,2026_02,2026-04-18 13:53
OSTIM,-5319075,3498296,510004637,yabanci,2026_02,2026-04-18 13:53
ALGYO,-5460760,35713028,989338262,yabanci,2026_02,2026-04-18 13:53
ISKPL,-5477585,43605936,724625736,yabanci,2026_02,2026-04-18 13:53
FONET,-5866122,48825,577082984,yabanci,2026_02,2026-04-18 13:53
SNGYO,-6005435,151631037,3607173097,yabanci,2026_02,2026-04-18 13:53
GOZDE,-6164757,4506046,384991447,yabanci,2026_02,2026-04-18 13:53
GLRYH,-6289447,7490769,599623814,yabanci,2026_02,2026-04-18 13:53
TKFEN,-6508848,21269965,230848007,yabanci,2026_02,2026-04-18 13:53
ENKAI,-6633561,215491924,874733059,yabanci,2026_02,2026-04-18 13:53
AKGRT,-6983187,151736558,629007625,yabanci,2026_02,2026-04-18 13:53
DAPGM,-7004312,90778259,928276145,yabanci,2026_02,2026-04-18 13:53
AHGAZ,-7153588,68123436,659370871,yabanci,2026_02,2026-04-18 13:53
BIMAS,-7285913,193095700,436214016,yabanci,2026_02,2026-04-18 13:53
ULUFA,-7321126,2834344,305269391,yabanci,2026_02,2026-04-18 13:53
KRSTL,-7616958,3520091,183664642,yabanci,2026_02,2026-04-18 13:53
DOHOL,-7933829,216395877,984706978,yabanci,2026_02,2026-04-18 13:53
VKGYO,-9103253,83386095,1637203242,yabanci,2026_02,2026-04-18 13:53
KCAER,-9646480,63327365,496494775,yabanci,2026_02,2026-04-18 13:53
IZENR,-10005623,60393629,914537597,yabanci,2026_02,2026-04-18 13:53
AKSGY,-10088738,87154963,1628451947,yabanci,2026_02,2026-04-18 13:53
CVKMD,-10154083,25378221,461999787,yabanci,2026_02,2026-04-18 13:53
CWENE,-10568394,48908123,530758241,yabanci,2026_02,2026-04-18 13:53
PAHOL,-10636034,336898,3999999979,yabanci,2026_02,2026-04-18 13:53
KRVGD,-11209626,53465774,596159766,yabanci,2026_02,2026-04-18 13:53
HALKB,-11822046,33293986,6546422780,yabanci,2026_02,2026-04-18 13:53
ISMEN,-12018131,123893607,467723147,yabanci,2026_02,2026-04-18 13:53
AKFGY,-12165413,141115791,3457819313,yabanci,2026_02,2026-04-18 13:53
KTLEV,-12876061,77411081,1288500000,yabanci,2026_02,2026-04-18 13:53
GSDHO,-13080688,104313001,999994969,yabanci,2026_02,2026-04-18 13:53
INDES,-13222453,37623490,462749767,yabanci,2026_02,2026-04-18 13:53
HUNER,-15600692,3300612,670137934,yabanci,2026_02,2026-04-18 13:53
HLGYO,-16932657,31910961,1075198517,yabanci,2026_02,2026-04-18 13:53
TCELL,-17870338,724302806,1622604373,yabanci,2026_02,2026-04-18 13:53
ASELS,-19141150,594709756,1178597817,yabanci,2026_02,2026-04-18 13:53
EFOR,-19491885,66907596,670679994,yabanci,2026_02,2026-04-18 13:53
ZOREN,-20055614,260406841,2681244194,yabanci,2026_02,2026-04-18 13:53
FORMT,-20486037,1734654,1029046010,yabanci,2026_02,2026-04-18 13:53
PETKM,-22914142,99445326,1241729843,yabanci,2026_02,2026-04-18 13:53
TTKOM,-22949342,203555221,524999999,yabanci,2026_02,2026-04-18 13:53
SISE,-25416392,179177099,1814905642,yabanci,2026_02,2026-04-18 13:53
BJKAS,-25962441,79989979,1776089716,yabanci,2026_02,2026-04-18 13:53
TUPRS,-27237583,284716216,902334139,yabanci,2026_02,2026-04-18 13:53
LIDFA,-27279951,3412330,458180545,yabanci,2026_02,2026-04-18 13:53
BTCIM,-29616888,307624623,4052065429,yabanci,2026_02,2026-04-18 13:53
GARAN,-36114925,172958057,2454957798,yabanci,2026_02,2026-04-18 13:53
SAHOL,-37484877,336048268,1145847384,yabanci,2026_02,2026-04-18 13:53
HEKTS,-40885021,348294654,3946424642,yabanci,2026_02,2026-04-18 13:53
KRDMD,-42000076,75838015,780216365,yabanci,2026_02,2026-04-18 13:53
EKGYO,-42357777,459869584,1925107366,yabanci,2026_02,2026-04-18 13:53
OYAKC,-42526846,192795146,4656879379,yabanci,2026_02,2026-04-18 13:53
TSKB,-48059804,282744789,1516591673,yabanci,2026_02,2026-04-18 13:53
QUAGR,-55268385,113714804,1773200000,yabanci,2026_02,2026-04-18 13:53
GLYHO,-63232605,254595108,1949290631,yabanci,2026_02,2026-04-18 13:53
EREGL,-73553632,680405907,3554238535,yabanci,2026_02,2026-04-18 13:53
GSRAY,-99183837,12509551,10123744690,yabanci,2026_02,2026-04-18 13:53
ADESE,-110249060,448406433,4687131701,yabanci,2026_02,2026-04-18 13:53
ISCTR,-153117493,2194903057,8880396856,yabanci,2026_02,2026-04-18 13:53
SASA,530594560,1783212691,25700419936,fon,2026_02,2026-04-18 13:53
GENIL,155821147,166721665,1289069985,fon,2026_02,2026-04-18 13:53
BTCIM,120972744,315397506,4052065429,fon,2026_02,2026-04-18 13:53
BIGCH,53788405,62797275,368932945,fon,2026_02,2026-04-18 13:53
HEKTS,46250877,235970562,3946424642,fon,2026_02,2026-04-18 13:53
GSRAY,43932163,44776602,10123744690,fon,2026_02,2026-04-18 13:53
CANTE,34519813,159520241,8608815637,fon,2026_02,2026-04-18 13:53
ADGYO,32999071,45638271,379654333,fon,2026_02,2026-04-18 13:53
KRDMD,26237800,112708436,780216365,fon,2026_02,2026-04-18 13:53
PETKM,25647399,123704132,1241729843,fon,2026_02,2026-04-18 13:53
ENERY,25569636,261170953,2420687469,fon,2026_02,2026-04-18 13:53
PEKGY,23770925,1254345192,4685233406,fon,2026_02,2026-04-18 13:53
PSGYO,23451259,271033661,2954231556,fon,2026_02,2026-04-18 13:53
TSPOR,21988428,64083726,3674975174,fon,2026_02,2026-04-18 13:53
KTLEV,21085303,152092677,1288500000,fon,2026_02,2026-04-18 13:53
TURSG,20648058,312973464,7907296076,fon,2026_02,2026-04-18 13:53
RTALB,17768405,25004889,432976722,fon,2026_02,2026-04-18 13:53
KRVGD,15673546,108757415,596159766,fon,2026_02,2026-04-18 13:53
MOGAN,15425387,16643943,262635000,fon,2026_02,2026-04-18 13:53
TEZOL,15347182,15946917,139999972,fon,2026_02,2026-04-18 13:53
SAHOL,14366118,169687139,1145847384,fon,2026_02,2026-04-18 13:53
HEDEF,14281493,310579738,562499930,fon,2026_02,2026-04-18 13:53
IZENR,13523049,28829958,914537597,fon,2026_02,2026-04-18 13:53
KONTR,13226004,27450078,936038762,fon,2026_02,2026-04-18 13:53
KGYO,10010845,86734466,767895148,fon,2026_02,2026-04-18 13:53
SOKE,9954867,10683056,126999996,fon,2026_02,2026-04-18 13:53
TCELL,7797436,106772453,1622604373,fon,2026_02,2026-04-18 13:53
EFOR,7664927,266497766,670679994,fon,2026_02,2026-04-18 13:53
TERA,7478700,93720928,240888789,fon,2026_02,2026-04-18 13:53
GSDHO,7410006,104871328,999994969,fon,2026_02,2026-04-18 13:53
KUYAS,6397281,63220539,398957788,fon,2026_02,2026-04-18 13:53
ALVES,6052399,14153358,1159999780,fon,2026_02,2026-04-18 13:53
EKGYO,5901758,272146520,1925107366,fon,2026_02,2026-04-18 13:53
ZERGY,5778350,7557281,156799985,fon,2026_02,2026-04-18 13:53
TSKB,5729046,90320467,1516591673,fon,2026_02,2026-04-18 13:53
ATATR,5259747,5259747,280000000,fon,2026_02,2026-04-18 13:53
ZGYO,5077000,34781618,84500000,fon,2026_02,2026-04-18 13:53
ASELS,4841905,55202596,1178597817,fon,2026_02,2026-04-18 13:53
ALARK,4636675,12700380,165125148,fon,2026_02,2026-04-18 13:53
KARSN,4635882,10346461,827827039,fon,2026_02,2026-04-18 13:53
MAGEN,4489077,415757711,719512140,fon,2026_02,2026-04-18 13:53
FONET,4369505,43034021,577082984,fon,2026_02,2026-04-18 13:53
TUPRS,4258656,55525938,902334139,fon,2026_02,2026-04-18 13:53
GUNDG,4246620,6256006,18968972,fon,2026_02,2026-04-18 13:53
ODINE,4238984,11730848,52810834,fon,2026_02,2026-04-18 13:53
CWENE,4000761,247451701,530758241,fon,2026_02,2026-04-18 13:53
AKHAN,3988734,3988734,54700000,fon,2026_02,2026-04-18 13:53
PASEU,3274314,70032274,215295868,fon,2026_02,2026-04-18 13:53
BSOKE,3238657,88579282,458487038,fon,2026_02,2026-04-18 13:53
KZBGY,3209894,6420913,1959999915,fon,2026_02,2026-04-18 13:53
MOPAS,3175623,29915855,57330000,fon,2026_02,2026-04-18 13:53
EGSER,3157255,13314084,545751057,fon,2026_02,2026-04-18 13:53
VKGYO,3136428,9820609,1637203242,fon,2026_02,2026-04-18 13:53
PGSUS,2940814,17242926,295068870,fon,2026_02,2026-04-18 13:53
RNPOL,2933000,3100000,335900000,fon,2026_02,2026-04-18 13:53
EDATA,2755961,25515192,160065395,fon,2026_02,2026-04-18 13:53
IHAAS,2667474,4920302,56031248,fon,2026_02,2026-04-18 13:53
YUNSA,2660796,4598923,202164056,fon,2026_02,2026-04-18 13:53
KCHOL,2657612,59159948,674052308,fon,2026_02,2026-04-18 13:53
MANAS,2628963,6936042,255704000,fon,2026_02,2026-04-18 13:53
ZTLRFF,2623626,2660985,3480000,fon,2026_02,2026-04-18 13:53
LRSHO,2497335,2640596,724120946,fon,2026_02,2026-04-18 13:53
CONSE,2478924,2491017,377854899,fon,2026_02,2026-04-18 13:53
AHGAZ,2455427,106598921,659370871,fon,2026_02,2026-04-18 13:53
AKSEN,2455015,15739854,638545796,fon,2026_02,2026-04-18 13:53
ULKER,2208920,13473516,338855989,fon,2026_02,2026-04-18 13:53
BRKO,2197881,2197881,138220828,fon,2026_02,2026-04-18 13:53
ALKLC,2134746,9236487,45382467,fon,2026_02,2026-04-18 13:53
DAGI,2132780,37770620,175301274,fon,2026_02,2026-04-18 13:53
GENTS,2122273,5173831,749958921,fon,2026_02,2026-04-18 13:53
BIGEN,1919320,2472044,115500000,fon,2026_02,2026-04-18 13:53
GESAN,1886837,19827099,141759180,fon,2026_02,2026-04-18 13:53
RUZYE,1880912,19564669,267748491,fon,2026_02,2026-04-18 13:53
BORSK,1855121,4515843,279999879,fon,2026_02,2026-04-18 13:53
CGCAM,1751810,7137577,42000000,fon,2026_02,2026-04-18 13:53
GWIND,1722604,19370645,179165491,fon,2026_02,2026-04-18 13:53
EMPAE,1651919,1651919,38000000,fon,2026_02,2026-04-18 13:53
BIMAS,1649639,23700561,436214016,fon,2026_02,2026-04-18 13:53
AHSGY,1614885,91856647,184999889,fon,2026_02,2026-04-18 13:53
KCAER,1606874,34461341,496494775,fon,2026_02,2026-04-18 13:53
NTGAZ,1598404,20309335,276000000,fon,2026_02,2026-04-18 13:53
AKCNS,1561068,5309347,39359284,fon,2026_02,2026-04-18 13:53
INDES,1535383,59898786,462749767,fon,2026_02,2026-04-18 13:53
DAPGM,1517316,116061504,928276145,fon,2026_02,2026-04-18 13:53
ASUZU,1515323,2455214,41130807,fon,2026_02,2026-04-18 13:53
GOZDE,1511615,14014574,384991447,fon,2026_02,2026-04-18 13:53
DCTTR,1427318,29211257,157328724,fon,2026_02,2026-04-18 13:53
AYDEM,1424885,5124857,130000000,fon,2026_02,2026-04-18 13:53
HTTBT,1397406,14568667,82805422,fon,2026_02,2026-04-18 13:53
ECILC,1362626,25353362,210589603,fon,2026_02,2026-04-18 13:53
GLRYH,1356591,49318523,599623814,fon,2026_02,2026-04-18 13:53
CRDFA,1351301,15954183,74996857,fon,2026_02,2026-04-18 13:53
DITAS,1343857,1350056,83407812,fon,2026_02,2026-04-18 13:53
OYAKC,1300991,54693357,4656879379,fon,2026_02,2026-04-18 13:53
ENSRI,1300000,122060530,236333503,fon,2026_02,2026-04-18 13:53
CVKMD,1214279,1358308,461999787,fon,2026_02,2026-04-18 13:53
ATAGY,1082500,8479339,45670114,fon,2026_02,2026-04-18 13:53
LIDER,1066028,172763939,279500000,fon,2026_02,2026-04-18 13:53
ECOGR,1064450,1608654,110000000,fon,2026_02,2026-04-18 13:53
ALKIM,1055066,15442608,182767821,fon,2026_02,2026-04-18 13:53
PETUN,1054792,4540580,134673118,fon,2026_02,2026-04-18 13:53
TRHOL,1046385,7581495,17635692,fon,2026_02,2026-04-18 13:53
TKFEN,1042078,12858557,230848007,fon,2026_02,2026-04-18 13:53
ZOREN,952185,9047356,2681244194,fon,2026_02,2026-04-18 13:53
ERSU,920236,920236,31755894,fon,2026_02,2026-04-18 13:53
OZYSR,895412,1273233,40488000,fon,2026_02,2026-04-18 13:53
DEVA,882156,2040381,199971824,fon,2026_02,2026-04-18 13:53
BNTAS,867646,2784076,170624998,fon,2026_02,2026-04-18 13:53
KBORU,832680,5981115,143999994,fon,2026_02,2026-04-18 13:53
ASGYO,831346,8506839,165000000,fon,2026_02,2026-04-18 13:53
DYOBY,805422,1891647,186553687,fon,2026_02,2026-04-18 13:53
NETCD,798535,798535,40000000,fon,2026_02,2026-04-18 13:53
NTHOL,776548,4298113,485479112,fon,2026_02,2026-04-18 13:53
PLTUR,775423,1187186,49500000,fon,2026_02,2026-04-18 13:53
KRONT,756850,7580661,116892885,fon,2026_02,2026-04-18 13:53
AKGRT,752513,87623758,629007625,fon,2026_02,2026-04-18 13:53
TMPOL,730533,6330565,11039990,fon,2026_02,2026-04-18 13:53
MEGMT,715038,2578263,72749986,fon,2026_02,2026-04-18 13:53
ULUUN,672900,36250847,290523352,fon,2026_02,2026-04-18 13:53
ULUFA,659508,6416850,305269391,fon,2026_02,2026-04-18 13:53
DZGYO,615412,3138296,399777846,fon,2026_02,2026-04-18 13:53
EGEPO,610244,615305,200000000,fon,2026_02,2026-04-18 13:53
TATGD,598326,4401068,119286243,fon,2026_02,2026-04-18 13:53
OBAMS,573240,18909986,751078524,fon,2026_02,2026-04-18 13:53
KRSTL,557050,4960732,183664642,fon,2026_02,2026-04-18 13:53
EUPWR,552924,15304671,199610525,fon,2026_02,2026-04-18 13:53
OSMEN,550790,1004897,157750927,fon,2026_02,2026-04-18 13:53
VAKFA,540325,1125605,224999701,fon,2026_02,2026-04-18 13:53
YEOTK,491208,4364362,160933198,fon,2026_02,2026-04-18 13:53
ENTRA,487577,87857378,369383564,fon,2026_02,2026-04-18 13:53
EGPRO,484111,1639174,175170570,fon,2026_02,2026-04-18 13:53
OZSUB,475104,1747993,42499126,fon,2026_02,2026-04-18 13:53
KNFRT,458985,885985,131747000,fon,2026_02,2026-04-18 13:53
BURVA,449889,450041,4723271,fon,2026_02,2026-04-18 13:53
LILAK,447950,164070573,260252705,fon,2026_02,2026-04-18 13:53
SMRTG,442868,4407804,664164672,fon,2026_02,2026-04-18 13:53
USAK,412511,1615707,2436064709,fon,2026_02,2026-04-18 13:53
PNLSN,407410,15740964,34752383,fon,2026_02,2026-04-18 13:53
ALCTL,406822,1502203,13543218,fon,2026_02,2026-04-18 13:53
RYSAS,405799,18735931,1504020937,fon,2026_02,2026-04-18 13:53
KOCMT,401940,5824920,587485478,fon,2026_02,2026-04-18 13:53
BALSU,371911,102833616,278000000,fon,2026_02,2026-04-18 13:53
ISYAT,370776,2969203,152245569,fon,2026_02,2026-04-18 13:53
MAKIM,369675,6565332,42559998,fon,2026_02,2026-04-18 13:53
KRDMA,363439,10210832,240300917,fon,2026_02,2026-04-18 13:53
RYGYO,357799,4208094,770588057,fon,2026_02,2026-04-18 13:53
AGXAAC,355491,2302527,36193521,fon,2026_02,2026-04-18 13:53
VAKFN,347716,167560040,2064378140,fon,2026_02,2026-04-18 13:53
BASGZ,338863,15802922,174999999,fon,2026_02,2026-04-18 13:53
BRKSN,322260,1277829,62639942,fon,2026_02,2026-04-18 13:53
MNDTR,315409,1254773,910071938,fon,2026_02,2026-04-18 13:53
CATES,310158,1410041,33050000,fon,2026_02,2026-04-18 13:53
POLHO,308017,14624894,164140074,fon,2026_02,2026-04-18 13:53
DESA,301021,4704703,171107590,fon,2026_02,2026-04-18 13:53
GEDZA,299477,407407,42983624,fon,2026_02,2026-04-18 13:53
ISGYO,270067,28635598,531312439,fon,2026_02,2026-04-18 13:53
BMSCH,256536,1892508,69277402,fon,2026_02,2026-04-18 13:53
GEDIK,251180,69454807,983076857,fon,2026_02,2026-04-18 13:53
AGYO,249422,1480891,129036460,fon,2026_02,2026-04-18 13:53
KIMMR,223116,1925798,75000000,fon,2026_02,2026-04-18 13:53
AFYON,206364,13491979,399992258,fon,2026_02,2026-04-18 13:53
AKSGY,206068,92920474,1628451947,fon,2026_02,2026-04-18 13:53
YIGIT,203841,568587,74999975,fon,2026_02,2026-04-18 13:53
BOBET,200118,12317880,113999998,fon,2026_02,2026-04-18 13:53
ISMEN,200049,36084352,467723147,fon,2026_02,2026-04-18 13:53
HLGYO,192576,6389630,1075198517,fon,2026_02,2026-04-18 13:53
KFEIN,191026,8592355,150306170,fon,2026_02,2026-04-18 13:53
BLUME,189815,2927322,174710134,fon,2026_02,2026-04-18 13:53
SELVA,187548,214995,747897737,fon,2026_02,2026-04-18 13:53
ISDMR,176397,5125581,147623050,fon,2026_02,2026-04-18 13:53
VAKKO,175097,3845901,30788486,fon,2026_02,2026-04-18 13:53
ZGOLDF,174904,14133560,152040000,fon,2026_02,2026-04-18 13:53
OFSYM,174595,600908,22749998,fon,2026_02,2026-04-18 13:53
TARKM,164084,267389,4999997,fon,2026_02,2026-04-18 13:53
HRKET,162677,1630098,24000000,fon,2026_02,2026-04-18 13:53
CEMTS,156426,4172327,233425986,fon,2026_02,2026-04-18 13:53
PCILT,155203,3044383,45014182,fon,2026_02,2026-04-18 13:53
ATAKP,142551,8776361,28224000,fon,2026_02,2026-04-18 13:53
BANVT,142407,319317,36961044,fon,2026_02,2026-04-18 13:53
FRIGO,140953,225959,263258455,fon,2026_02,2026-04-18 13:53
PARSN,126937,1585270,34033246,fon,2026_02,2026-04-18 13:53
AYES,124266,1010636,87567109,fon,2026_02,2026-04-18 13:53
KTSKR,120066,128914,14691795,fon,2026_02,2026-04-18 13:53
PINSU,114353,984772,101635846,fon,2026_02,2026-04-18 13:53
LINK,114112,529663,18231985,fon,2026_02,2026-04-18 13:53
BIENY,110920,1956066,83144831,fon,2026_02,2026-04-18 13:53
GOLTS,104077,736385,12422783,fon,2026_02,2026-04-18 13:53
KAYSE,103171,20989482,818951998,fon,2026_02,2026-04-18 13:53
SMART,101529,1483260,29737499,fon,2026_02,2026-04-18 13:53
REEDR,100971,15059681,632419525,fon,2026_02,2026-04-18 13:53
CUSAN,100726,851301,18500000,fon,2026_02,2026-04-18 13:53
MERCN,100242,468087,74389005,fon,2026_02,2026-04-18 13:53
DUNYH,100110,396204,36443197,fon,2026_02,2026-04-18 13:53
KLMSN,95245,95264,30881297,fon,2026_02,2026-04-18 13:53
BINHO,84382,174725,488884380,fon,2026_02,2026-04-18 13:53
BAGFS,82721,8750723,100042745,fon,2026_02,2026-04-18 13:53
AYCES,79601,110639,1895369,fon,2026_02,2026-04-18 13:53
ZRGYO,77817,762358644,1173404997,fon,2026_02,2026-04-18 13:53
BULGS,77667,432140,72499900,fon,2026_02,2026-04-18 13:53
ARFYE,72297,288288,47000000,fon,2026_02,2026-04-18 13:53
YYLGD,68928,75458196,369826200,fon,2026_02,2026-04-18 13:53
CRFSA,67265,198422,18312793,fon,2026_02,2026-04-18 13:53
BINBN,67232,754834,17000000,fon,2026_02,2026-04-18 13:53
BJKAS,64606,50160344,1776089716,fon,2026_02,2026-04-18 13:53
TTRAK,64482,2104845,24967158,fon,2026_02,2026-04-18 13:53
AVOD,60299,210002,253604577,fon,2026_02,2026-04-18 13:53
KUTPO,54667,200075,10524430,fon,2026_02,2026-04-18 13:53
ARMGD,53248,11581295,54996000,fon,2026_02,2026-04-18 13:53
BESTE,52020,52020,54578499,fon,2026_02,2026-04-18 13:53
FRMPL,49766,144046,39997767,fon,2026_02,2026-04-18 13:53
ZPBDLF,45713,4670308,8240000,fon,2026_02,2026-04-18 13:53
PAGYO,39796,245530,57781202,fon,2026_02,2026-04-18 13:53
DOFRB,38920,1099402,45000000,fon,2026_02,2026-04-18 13:53
NATEN,36375,56390,309375000,fon,2026_02,2026-04-18 13:53
DENGE,36345,87219,525284797,fon,2026_02,2026-04-18 13:53
DESPC,36323,820251,16023700,fon,2026_02,2026-04-18 13:53
ONCSM,33030,33361,10086000,fon,2026_02,2026-04-18 13:53
ARZUM,32522,53176,400949823,fon,2026_02,2026-04-18 13:53
GEREL,31771,715652,219036379,fon,2026_02,2026-04-18 13:53
BLCYT,30590,118326,49088907,fon,2026_02,2026-04-18 13:53
KAPLM,30042,30175,4563571,fon,2026_02,2026-04-18 13:53
YESIL,25069,33107,640699949,fon,2026_02,2026-04-18 13:53
MMCAS,24756,251241,12393964,fon,2026_02,2026-04-18 13:53
ARDYZ,22602,25990363,279551557,fon,2026_02,2026-04-18 13:53
BRSAN,22303,341518,35912460,fon,2026_02,2026-04-18 13:53
KLSER,20657,69854,109457566,fon,2026_02,2026-04-18 13:53
MERKO,19965,20000,101104700,fon,2026_02,2026-04-18 13:53
DURKN,19474,19541,42500000,fon,2026_02,2026-04-18 13:53
APLIBF,18510,3840195,58200000,fon,2026_02,2026-04-18 13:53
GOODY,17274,666290,132804473,fon,2026_02,2026-04-18 13:53
OZATD,15431,3327802,13349988,fon,2026_02,2026-04-18 13:53
IZFAS,15202,47377435,156001658,fon,2026_02,2026-04-18 13:53
BAKAB,14236,40209,34985326,fon,2026_02,2026-04-18 13:53
INTEM,13980,313838,9428747,fon,2026_02,2026-04-18 13:53
YGGYO,13940,127649,240625741,fon,2026_02,2026-04-18 13:53
SKTAS,13905,13907,332865443,fon,2026_02,2026-04-18 13:53
ALKA,13274,21174,330750000,fon,2026_02,2026-04-18 13:53
NUHCM,13135,2623581,33163299,fon,2026_02,2026-04-18 13:53
VRGYO,12283,784871,597693904,fon,2026_02,2026-04-18 13:53
IMASM,12072,40745,622850499,fon,2026_02,2026-04-18 13:53
NUGYO,11073,2121761,324943976,fon,2026_02,2026-04-18 13:53
SERNT,9814,10450,113000000,fon,2026_02,2026-04-18 13:53
IHGZT,8395,46789,570666228,fon,2026_02,2026-04-18 13:53
IHLGM,8246,68310,986078000,fon,2026_02,2026-04-18 13:53
HKTM,6302,7734,72747495,fon,2026_02,2026-04-18 13:53
RAYSG,5722,11022,51947024,fon,2026_02,2026-04-18 13:53
KZGYO,5503,124835,49999978,fon,2026_02,2026-04-18 13:53
YAPRK,5166,5856,4214998,fon,2026_02,2026-04-18 13:53
KUVVA,5000,1405000,24204585,fon,2026_02,2026-04-18 13:53
ETILR,4828,4828,156217454,fon,2026_02,2026-04-18 13:53
BVSAN,4410,79440,13749998,fon,2026_02,2026-04-18 13:53
OSTIM,4057,53756215,510004637,fon,2026_02,2026-04-18 13:53
ISGLKF,3956,3713844,113800000,fon,2026_02,2026-04-18 13:53
PRKME,3490,4995,53038641,fon,2026_02,2026-04-18 13:53
MARBL,2870,3990,65226403,fon,2026_02,2026-04-18 13:53
BRLSM,2485,10977,108025075,fon,2026_02,2026-04-18 13:53
DNISI,2025,2050,59171727,fon,2026_02,2026-04-18 13:53
FADE,1929,17160,42347497,fon,2026_02,2026-04-18 13:53
LYDHO,1925,8882923,197140970,fon,2026_02,2026-04-18 13:53
GIPTA,1737,19210,51617863,fon,2026_02,2026-04-18 13:53
JANTS,1717,7990,207512786,fon,2026_02,2026-04-18 13:53
IZMDC,1662,2731799,723225318,fon,2026_02,2026-04-18 13:53
MEKAG,1551,3147,320319999,fon,2026_02,2026-04-18 13:53
ICUGS,1517,25126,336250000,fon,2026_02,2026-04-18 13:53
CEOEM,1118,3579,22209658,fon,2026_02,2026-04-18 13:53
BOSSA,990,6732,508724189,fon,2026_02,2026-04-18 13:53
BEYAZ,925,1835,42317352,fon,2026_02,2026-04-18 13:53
VKING,910,910,30932905,fon,2026_02,2026-04-18 13:53
ANELE,910,2071,151405542,fon,2026_02,2026-04-18 13:53
MSGYO,867,878,169650150,fon,2026_02,2026-04-18 13:53
KRTEK,795,138397,18914650,fon,2026_02,2026-04-18 13:53
BRKVY,605,160615,13618361,fon,2026_02,2026-04-18 13:53
SANKO,579,579,37499197,fon,2026_02,2026-04-18 13:53
ARTMS,573,727065,24199999,fon,2026_02,2026-04-18 13:53
SAFKR,433,1105219,139406162,fon,2026_02,2026-04-18 13:53
PKENT,426,744,23766169,fon,2026_02,2026-04-18 13:53
KRGYO,409,5310,275246747,fon,2026_02,2026-04-18 13:53
EGEEN,380,457,1137161,fon,2026_02,2026-04-18 13:53
AVHOL,361,15780,26047279,fon,2026_02,2026-04-18 13:53
UFUK,320,1114438,46845974,fon,2026_02,2026-04-18 13:53
OTTO,316,447,5824438,fon,2026_02,2026-04-18 13:53
ISSEN,293,400341,107411517,fon,2026_02,2026-04-18 13:53
TDGYO,214,2514,59898213,fon,2026_02,2026-04-18 13:53
LUKSK,210,210,27257202,fon,2026_02,2026-04-18 13:53
ULUSE,198,225,24000000,fon,2026_02,2026-04-18 13:53
AKSUE,192,22241,56376184,fon,2026_02,2026-04-18 13:53
VERTU,150,1255,22000000,fon,2026_02,2026-04-18 13:53
DURDO,146,4329,379703149,fon,2026_02,2026-04-18 13:53
DERHL,140,4526,197281316,fon,2026_02,2026-04-18 13:53
DERIM,135,585,40403770,fon,2026_02,2026-04-18 13:53
ERBOS,116,3818700,15899843,fon,2026_02,2026-04-18 13:53
KARTN,104,727,72781126,fon,2026_02,2026-04-18 13:53
PAMEL,100,123,21533681,fon,2026_02,2026-04-18 13:53
SMRVA,100,1911,28000000,fon,2026_02,2026-04-18 13:53
ALCAR,66,123,1721735,fon,2026_02,2026-04-18 13:53
MAALT,66,128,4763850,fon,2026_02,2026-04-18 13:53
TGSAS,42,84602,12348294,fon,2026_02,2026-04-18 13:53
ENDAE,40,4229,123506828,fon,2026_02,2026-04-18 13:53
GSDDE,20,836770,106850751,fon,2026_02,2026-04-18 13:53
MARKA,16,16,20752018,fon,2026_02,2026-04-18 13:53
CMBTN,8,3006,1023000,fon,2026_02,2026-04-18 13:53
KONYA,4,32,1646416,fon,2026_02,2026-04-18 13:53
AVGYO,0,1,111590302,fon,2026_02,2026-04-18 13:53
ENPRA,0,4,15294299,fon,2026_02,2026-04-18 13:53
OPTLRF,0,330527,3000000,fon,2026_02,2026-04-18 13:53
DGGYO,0,1,280709437,fon,2026_02,2026-04-18 13:53
TLMAN,0,189669,10300000,fon,2026_02,2026-04-18 13:53
AKYHO,0,1,223895870,fon,2026_02,2026-04-18 13:53
GRNYO,0,3014682,37386059,fon,2026_02,2026-04-18 13:53
OZRDN,0,1,57107579,fon,2026_02,2026-04-18 13:53
SEYKM,0,1100000,151040901,fon,2026_02,2026-04-18 13:53
EUHOL,0,911013,142999954,fon,2026_02,2026-04-18 13:53
MHRGY,0,11427338,310499991,fon,2026_02,2026-04-18 13:53
AKMGY,0,677989,21568998,fon,2026_02,2026-04-18 13:53
QNBTR,0,2,2571745911,fon,2026_02,2026-04-18 13:53
DOGUB,0,682,19821566,fon,2026_02,2026-04-18 13:53
APBDLF,0,32794,14400000,fon,2026_02,2026-04-18 13:53
UZEL,0,15606,26329793,fon,2026_02,2026-04-18 13:53
FMIZP,-11,2,3497641,fon,2026_02,2026-04-18 13:53
POLTK,-13,29,1125000,fon,2026_02,2026-04-18 13:53
BFREN,-24,768,24586148,fon,2026_02,2026-04-18 13:53
ONRYT,-33,2105778,19730000,fon,2026_02,2026-04-18 13:53
BIGTK,-66,142120,23834373,fon,2026_02,2026-04-18 13:53
TSGYO,-76,1399083,266499982,fon,2026_02,2026-04-18 13:53
VERUS,-79,233771,34499937,fon,2026_02,2026-04-18 13:53
DOKTA,-120,795,145872862,fon,2026_02,2026-04-18 13:53
TURGG,-203,22,32042988,fon,2026_02,2026-04-18 13:53
LYDYE,-482,122900,1391287,fon,2026_02,2026-04-18 13:53
HATEK,-537,35,62998947,fon,2026_02,2026-04-18 13:53
ANGEN,-551,2748,86440002,fon,2026_02,2026-04-18 13:53
ZEDUR,-642,1026,69899992,fon,2026_02,2026-04-18 13:53
INVES,-937,3969094,37480000,fon,2026_02,2026-04-18 13:53
BIZIM,-1059,292142,27601626,fon,2026_02,2026-04-18 13:53
EDIP,-1149,40430,36468204,fon,2026_02,2026-04-18 13:53
ISGSY,-1202,424448,47378729,fon,2026_02,2026-04-18 13:53
VSNMD,-1459,1088,24000000,fon,2026_02,2026-04-18 13:53
EMKEL,-1548,5817,149999456,fon,2026_02,2026-04-18 13:53
CLEBI,-1671,17811,5490178,fon,2026_02,2026-04-18 13:53
HURGZ,-2139,6586,220784167,fon,2026_02,2026-04-18 13:53
ADEL,-2687,4008,112043619,fon,2026_02,2026-04-18 13:53
INGRM,-2688,69963,14969536,fon,2026_02,2026-04-18 13:53
PRKAB,-2857,2260,35225443,fon,2026_02,2026-04-18 13:53
METRO,-3229,22943,539989959,fon,2026_02,2026-04-18 13:53
DMSAS,-3875,2466,199994510,fon,2026_02,2026-04-18 13:53
TAVHL,-4142,13530924,213213415,fon,2026_02,2026-04-18 13:53
BMSTL,-4326,3954,74772261,fon,2026_02,2026-04-18 13:53
IHYAY,-5167,24463,388124996,fon,2026_02,2026-04-18 13:53
GATEG,-6260,47826,10570341,fon,2026_02,2026-04-18 13:53
BORLS,-8877,23554931,308652686,fon,2026_02,2026-04-18 13:53
BRYAT,-10134,20210,10264685,fon,2026_02,2026-04-18 13:53
SNICA,-10172,571673,321688855,fon,2026_02,2026-04-18 13:53
AYEN,-14180,122665,55531320,fon,2026_02,2026-04-18 13:53
YYAPI,-15026,789520,1705025550,fon,2026_02,2026-04-18 13:53
PKART,-15348,184191,11048497,fon,2026_02,2026-04-18 13:53
DOFER,-18314,661,20172500,fon,2026_02,2026-04-18 13:53
VANGD,-20000,1362986,24374995,fon,2026_02,2026-04-18 13:53
EGGUB,-27013,407588,75862197,fon,2026_02,2026-04-18 13:53
KRDMB,-27432,1175815,118762110,fon,2026_02,2026-04-18 13:53
NETAS,-30135,756993,31783484,fon,2026_02,2026-04-18 13:53
ALFAS,-31080,131190,84639559,fon,2026_02,2026-04-18 13:53
MARMR,-32888,55183,961218727,fon,2026_02,2026-04-18 13:53
AKFIS,-34461,8254439,66841328,fon,2026_02,2026-04-18 13:53
TCKRC,-34788,5815157,70000000,fon,2026_02,2026-04-18 13:53
HDFGS,-40555,45991,956974191,fon,2026_02,2026-04-18 13:53
SURGY,-44031,207054,44999990,fon,2026_02,2026-04-18 13:53
FORTE,-45640,1194030,21999999,fon,2026_02,2026-04-18 13:53
OYLUM,-50000,5350000,80937367,fon,2026_02,2026-04-18 13:53
BRISA,-50777,3314857,31247472,fon,2026_02,2026-04-18 13:53
MTRKS,-50952,2675598,43633165,fon,2026_02,2026-04-18 13:53
ICBCT,-51662,415003,216761845,fon,2026_02,2026-04-18 13:53
BURCE,-52352,1711,44422390,fon,2026_02,2026-04-18 13:53
ARENA,-53522,2845961,66996461,fon,2026_02,2026-04-18 13:53
EKSUN,-66000,1039498,171792833,fon,2026_02,2026-04-18 13:53
GUBRF,-72366,7458670,85359737,fon,2026_02,2026-04-18 13:53
ORGE,-75883,4350989,41839996,fon,2026_02,2026-04-18 13:53
DGATE,-77765,745766,15227271,fon,2026_02,2026-04-18 13:53
CEMAS,-85900,26985,790994229,fon,2026_02,2026-04-18 13:53
GRTHO,-89666,16568016,36745000,fon,2026_02,2026-04-18 13:53
GRSEL,-92751,9514570,29650000,fon,2026_02,2026-04-18 13:53
DOAS,-97519,1984733,97899975,fon,2026_02,2026-04-18 13:53
PAPIL,-100249,6445535,206247674,fon,2026_02,2026-04-18 13:53
KLRHO,-103104,205714193,341250000,fon,2026_02,2026-04-18 13:53
ARSAN,-104349,11530983,887344274,fon,2026_02,2026-04-18 13:53
SDTTR,-108068,2870036,15990000,fon,2026_02,2026-04-18 13:53
MAKTK,-110749,66217581,184370066,fon,2026_02,2026-04-18 13:53
VBTYZ,-113033,3297096,56160000,fon,2026_02,2026-04-18 13:53
EBEBK,-122684,5166810,40534692,fon,2026_02,2026-04-18 13:53
SELEC,-127319,21714815,124262097,fon,2026_02,2026-04-18 13:53
MEDTR,-129840,1151458,24499999,fon,2026_02,2026-04-18 13:53
AKENR,-135964,237181,385189146,fon,2026_02,2026-04-18 13:53
ELITE,-153518,484491,44650000,fon,2026_02,2026-04-18 13:53
OBASE,-155211,517438,14924000,fon,2026_02,2026-04-18 13:53
ECZYT,-157753,567136,45880511,fon,2026_02,2026-04-18 13:53
NPTLRF,-161206,1135926,1825000,fon,2026_02,2026-04-18 13:53
TMSN,-176585,1486749,44449988,fon,2026_02,2026-04-18 13:53
SAYAS,-177603,625908,42530887,fon,2026_02,2026-04-18 13:53
TBORG,-192703,844241,59392160,fon,2026_02,2026-04-18 13:53
PRDGS,-196928,300000,110850000,fon,2026_02,2026-04-18 13:53
GZNMI,-203423,17202028,40949825,fon,2026_02,2026-04-18 13:53
MOBTL,-214731,5624061,207999999,fon,2026_02,2026-04-18 13:53
ATATP,-217540,1136576,18809999,fon,2026_02,2026-04-18 13:53
SARKY,-223406,324713,999999671,fon,2026_02,2026-04-18 13:53
GMSTRF,-234916,24740734,73800000,fon,2026_02,2026-04-18 13:53
KORDS,-242220,1860908,65421451,fon,2026_02,2026-04-18 13:53
AZTEK,-244066,12800561,279000000,fon,2026_02,2026-04-18 13:53
ARASE,-247462,5919653,49999991,fon,2026_02,2026-04-18 13:53
FORMT,-249283,364394,1029046010,fon,2026_02,2026-04-18 13:53
OYYAT,-270342,8721135,91048322,fon,2026_02,2026-04-18 13:53
SISE,-270991,108288018,1814905642,fon,2026_02,2026-04-18 13:53
IHLAS,-271904,173187,1396079076,fon,2026_02,2026-04-18 13:53
VESTL,-273738,4530383,295447203,fon,2026_02,2026-04-18 13:53
IEYHO,-279669,161850264,541032947,fon,2026_02,2026-04-18 13:53
HATSN,-294522,3396742,44299964,fon,2026_02,2026-04-18 13:53
AGESA,-297853,4385429,35829553,fon,2026_02,2026-04-18 13:53
PENGD,-300398,503508,171069968,fon,2026_02,2026-04-18 13:53
CEMZY,-319525,49996280,124119970,fon,2026_02,2026-04-18 13:53
MACKO,-321087,2338761,41500000,fon,2026_02,2026-04-18 13:53
MNDRS,-322282,7760019,222007982,fon,2026_02,2026-04-18 13:53
SANFM,-374083,11139280,225029995,fon,2026_02,2026-04-18 13:53
TRGYO,-378635,9838665,251573369,fon,2026_02,2026-04-18 13:53
CIMSA,-390898,52670791,488404404,fon,2026_02,2026-04-18 13:53
AGROT,-398054,65618,843999770,fon,2026_02,2026-04-18 13:53
BEGYO,-420627,480479,290000000,fon,2026_02,2026-04-18 13:53
LKMNH,-421644,20422606,163262533,fon,2026_02,2026-04-18 13:53
TKNSA,-436279,10796302,100485379,fon,2026_02,2026-04-18 13:53
TRENJ,-439798,4406733,98018735,fon,2026_02,2026-04-18 13:53
EKOS,-450091,1001591,307199852,fon,2026_02,2026-04-18 13:53
GMTAS,-451765,6717955,298687813,fon,2026_02,2026-04-18 13:53
BAHKM,-466730,2393605,23289000,fon,2026_02,2026-04-18 13:53
PENTA,-518122,7075155,181070136,fon,2026_02,2026-04-18 13:53
HOROZ,-520029,5795243,24599986,fon,2026_02,2026-04-18 13:53
MEYSU,-551895,726462,175000000,fon,2026_02,2026-04-18 13:53
CCOLA,-553309,44400053,820001147,fon,2026_02,2026-04-18 13:53
BESLR,-568085,33903038,658098036,fon,2026_02,2026-04-18 13:53
ARCLK,-570444,11084475,170054748,fon,2026_02,2026-04-18 13:53
EPLAS,-575000,2275000,190491857,fon,2026_02,2026-04-18 13:53
SEGYO,-576875,103155,203351321,fon,2026_02,2026-04-18 13:53
MRGYO,-577408,1189631,1753202571,fon,2026_02,2026-04-18 13:53
KONKA,-649178,14952566,89670000,fon,2026_02,2026-04-18 13:53
TUREX,-681002,9615309,432000000,fon,2026_02,2026-04-18 13:53
TNZTP,-759311,19930648,87499950,fon,2026_02,2026-04-18 13:53
KLKIM,-765432,16400936,138383655,fon,2026_02,2026-04-18 13:53
PATEK,-769380,11567456,293081892,fon,2026_02,2026-04-18 13:53
ALGYO,-786434,72801276,989338262,fon,2026_02,2026-04-18 13:53
ENJSA,-795064,27300288,236209270,fon,2026_02,2026-04-18 13:53
KOPOL,-797534,5848356,266319652,fon,2026_02,2026-04-18 13:53
RALYH,-801073,48741291,176370972,fon,2026_02,2026-04-18 13:53
SRVGY,-809859,21686674,812499687,fon,2026_02,2026-04-18 13:53
AKFYE,-810183,54478145,551782160,fon,2026_02,2026-04-18 13:53
TRCAS,-842022,10448386,206252778,fon,2026_02,2026-04-18 13:53
OTKAR,-855165,3828690,33417145,fon,2026_02,2026-04-18 13:53
AYGAZ,-890694,5898463,98568807,fon,2026_02,2026-04-18 13:53
FZLGY,-895640,299562830,398427644,fon,2026_02,2026-04-18 13:53
UNLU,-901772,39105000,102181558,fon,2026_02,2026-04-18 13:53
YATAS,-934466,10147771,94866488,fon,2026_02,2026-04-18 13:53
ISFIN,-939180,22695287,310154523,fon,2026_02,2026-04-18 13:53
TUCLK,-942707,27318,253181400,fon,2026_02,2026-04-18 13:53
SUNTK,-962146,68899658,145280000,fon,2026_02,2026-04-18 13:53
KRPLS,-965218,303980,78486163,fon,2026_02,2026-04-18 13:53
THYAO,-982682,52405075,739463453,fon,2026_02,2026-04-18 13:53
TABGD,-992211,7757484,52499906,fon,2026_02,2026-04-18 13:53
SKYLP,-993000,1028927,7159255,fon,2026_02,2026-04-18 13:53
BAYRK,-997700,21235217,189751123,fon,2026_02,2026-04-18 13:53
AGHOL,-1057284,347906829,1068828243,fon,2026_02,2026-04-18 13:53
MIATK,-1085685,12922200,313087979,fon,2026_02,2026-04-18 13:53
VESBE,-1123041,3035318,503578676,fon,2026_02,2026-04-18 13:53
PNSUT,-1136090,844642,128323851,fon,2026_02,2026-04-18 13:53
TOASO,-1202412,17328486,120585076,fon,2026_02,2026-04-18 13:53
OZGYO,-1214534,6066,490916869,fon,2026_02,2026-04-18 13:53
LMKDC,-1268761,26279824,155929999,fon,2026_02,2026-04-18 13:53
MGROS,-1293837,10826008,96563550,fon,2026_02,2026-04-18 13:53
KAREL,-1316212,99857551,329659497,fon,2026_02,2026-04-18 13:53
ANHYT,-1347753,11166755,88457041,fon,2026_02,2026-04-18 13:53
LOGO,-1399289,7595062,74328248,fon,2026_02,2026-04-18 13:53
KLSYN,-1419137,385588,107854952,fon,2026_02,2026-04-18 13:53
MPARK,-1421032,11318346,80869110,fon,2026_02,2026-04-18 13:53
YKSLN,-1448057,132690,197429570,fon,2026_02,2026-04-18 13:53
ISKPL,-1529130,120605718,724625736,fon,2026_02,2026-04-18 13:53
BIOEN,-1683854,36422609,197983418,fon,2026_02,2026-04-18 13:53
SOKM,-1719855,41385744,448708248,fon,2026_02,2026-04-18 13:53
GLRMK,-1747754,4796571,38760000,fon,2026_02,2026-04-18 13:53
GLCVY,-1828545,3549153,26400000,fon,2026_02,2026-04-18 13:53
EREGL,-1831652,528222015,3554238535,fon,2026_02,2026-04-18 13:53
EGEGY,-1859016,690198,69140000,fon,2026_02,2026-04-18 13:53
GOKNR,-1900325,11503798,178040711,fon,2026_02,2026-04-18 13:53
TRMET,-1925295,18548677,174483588,fon,2026_02,2026-04-18 13:53
INVEO,-1935040,7527410,998999954,fon,2026_02,2026-04-18 13:53
GLDTRF,-1935957,4712050,45850000,fon,2026_02,2026-04-18 13:53
RGYAS,-2071253,6555645,105523000,fon,2026_02,2026-04-18 13:53
EYGYO,-2100391,21866584,362859667,fon,2026_02,2026-04-18 13:53
SEGMN,-2135287,31480,80999980,fon,2026_02,2026-04-18 13:53
KLYPV,-2242792,8066429,46334639,fon,2026_02,2026-04-18 13:53
TRILC,-2325895,19768625,118499496,fon,2026_02,2026-04-18 13:53
AVPGY,-2480127,12483254,99999990,fon,2026_02,2026-04-18 13:53
BARMA,-2572727,2660913,68130939,fon,2026_02,2026-04-18 13:53
ZPLIBF,-2709869,122489546,190200000,fon,2026_02,2026-04-18 13:53
OZKGY,-2735589,120358470,363999945,fon,2026_02,2026-04-18 13:53
KMPUR,-2825517,20413591,132432524,fon,2026_02,2026-04-18 13:53
ODAS,-2883306,52064224,1113798031,fon,2026_02,2026-04-18 13:53
KOTON,-2961515,13791810,136599922,fon,2026_02,2026-04-18 13:53
ENKAI,-2975253,38605033,874733059,fon,2026_02,2026-04-18 13:53
TTKOM,-3087516,25792710,524999999,fon,2026_02,2026-04-18 13:53
TEKTU,-3134651,30663,195639311,fon,2026_02,2026-04-18 13:53
ESCAR,-3138387,13000926,101933690,fon,2026_02,2026-04-18 13:53
ERCB,-3167641,3687815,39113273,fon,2026_02,2026-04-18 13:53
ASTOR,-3266828,14964750,366896261,fon,2026_02,2026-04-18 13:53
MERIT,-3471312,2349537,329748900,fon,2026_02,2026-04-18 13:53
BUCIM,-3638261,38547179,1292638065,fon,2026_02,2026-04-18 13:53
DGNMO,-3761032,16518025,327634635,fon,2026_02,2026-04-18 13:53
HUNER,-4938559,149261,670137934,fon,2026_02,2026-04-18 13:53
QUAGR,-5117227,308161417,1773200000,fon,2026_02,2026-04-18 13:53
SUWEN,-5516778,101254109,365687500,fon,2026_02,2026-04-18 13:53
FENER,-5613842,83209,2772321468,fon,2026_02,2026-04-18 13:53
ALTNY,-5833475,66283544,399885115,fon,2026_02,2026-04-18 13:53
BERA,-5914316,8623582,491964370,fon,2026_02,2026-04-18 13:53
LIDFA,-5946735,43425991,458180545,fon,2026_02,2026-04-18 13:53
GARAN,-6014138,116882602,2454957798,fon,2026_02,2026-04-18 13:53
KATMR,-6428562,25386401,1980989998,fon,2026_02,2026-04-18 13:53
DARDL,-6439055,15248314,1753442695,fon,2026_02,2026-04-18 13:53
MARTI,-6486843,46093805,650112403,fon,2026_02,2026-04-18 13:53
AKSA,-6714165,146166604,1503650642,fon,2026_02,2026-04-18 13:53
HALKB,-6981401,82223258,6546422780,fon,2026_02,2026-04-18 13:53
UCAYM,-7575990,89483,60000000,fon,2026_02,2026-04-18 13:53
ESCOM,-7914103,32987026,463831670,fon,2026_02,2026-04-18 13:53
TUKAS,-8301696,22901293,4499995929,fon,2026_02,2026-04-18 13:53
MAVI,-8558389,81878546,576779312,fon,2026_02,2026-04-18 13:53
EUREN,-8619982,45110543,1040132637,fon,2026_02,2026-04-18 13:53
SNGYO,-8698384,266171488,3607173097,fon,2026_02,2026-04-18 13:53
PAHOL,-8810554,37197160,3999999979,fon,2026_02,2026-04-18 13:53
TATEN,-9058727,98725912,347799724,fon,2026_02,2026-04-18 13:53
SKBNK,-9121008,37309622,2498877855,fon,2026_02,2026-04-18 13:53
INFO,-9149519,260710689,767463337,fon,2026_02,2026-04-18 13:53
DOHOL,-9823362,92702033,984706978,fon,2026_02,2026-04-18 13:53
VAKBN,-10085588,103668105,8046896130,fon,2026_02,2026-04-18 13:53
GLYHO,-10257715,375432571,1949290631,fon,2026_02,2026-04-18 13:53
FROTO,-10862076,37722098,625119847,fon,2026_02,2026-04-18 13:53
KLGYO,-11180891,94682809,689399869,fon,2026_02,2026-04-18 13:53
ANSGR,-11202240,155057064,1564416026,fon,2026_02,2026-04-18 13:53
DSTKF,-11639172,52559557,84533333,fon,2026_02,2026-04-18 13:53
AEFES,-11776387,164066449,2028860053,fon,2026_02,2026-04-18 13:53
TRALT,-12990494,58770059,952269019,fon,2026_02,2026-04-18 13:53
DMRGD,-16795563,386114115,1277294592,fon,2026_02,2026-04-18 13:53
ESEN,-24102970,1290016,682499950,fon,2026_02,2026-04-18 13:53
ALBRK,-26458138,106362203,1050739765,fon,2026_02,2026-04-18 13:53
YKBNK,-28992132,548968118,4705620952,fon,2026_02,2026-04-18 13:53
AKFGY,-31618621,146814161,3457819313,fon,2026_02,2026-04-18 13:53
AKBNK,-34815036,413336069,3059320211,fon,2026_02,2026-04-18 13:53
TEHOL,-66267752,252917330,1967930261,fon,2026_02,2026-04-18 13:53
ISCTR,-97624088,1273890579,8880396856,fon,2026_02,2026-04-18 13:53
ADESE,-879758398,81111961,4687131701,fon,2026_02,2026-04-18 13:53
GENIL,138213651,147950201,1289069985,emeklilik,2026_02,2026-04-18 13:53
SASA,51674161,100974051,25700419936,emeklilik,2026_02,2026-04-18 13:53
BIGCH,49131128,62282945,368932945,emeklilik,2026_02,2026-04-18 13:53
KRDMD,41697730,244148773,780216365,emeklilik,2026_02,2026-04-18 13:53
AKFGY,38069152,523511148,3457819313,emeklilik,2026_02,2026-04-18 13:53
PSGYO,27231730,120618021,2954231556,emeklilik,2026_02,2026-04-18 13:53
CANTE,22810353,71384033,8608815637,emeklilik,2026_02,2026-04-18 13:53
EKGYO,19975689,478605090,1925107366,emeklilik,2026_02,2026-04-18 13:53
VAKBN,12292884,99398145,8046896130,emeklilik,2026_02,2026-04-18 13:53
TURSG,11390620,574735819,7907296076,emeklilik,2026_02,2026-04-18 13:53
EMPAE,10640000,10640000,38000000,emeklilik,2026_02,2026-04-18 13:53
TUPRS,8891083,66740620,902334139,emeklilik,2026_02,2026-04-18 13:53
TSPOR,8661702,22662499,3674975174,emeklilik,2026_02,2026-04-18 13:53
SNGYO,8382253,121329758,3607173097,emeklilik,2026_02,2026-04-18 13:53
DOHOL,7715864,233680667,984706978,emeklilik,2026_02,2026-04-18 13:53
TTKOM,7109240,57484523,524999999,emeklilik,2026_02,2026-04-18 13:53
OYAKC,7059351,63604817,4656879379,emeklilik,2026_02,2026-04-18 13:53
AKSGY,6533454,36867012,1628451947,emeklilik,2026_02,2026-04-18 13:53
TSKB,5566296,206610660,1516591673,emeklilik,2026_02,2026-04-18 13:53
KZBGY,4966073,7076476,1959999915,emeklilik,2026_02,2026-04-18 13:53
ISFIN,4936488,97309811,310154523,emeklilik,2026_02,2026-04-18 13:53
CIMSA,4017547,56495047,488404404,emeklilik,2026_02,2026-04-18 13:53
ENERY,3878041,9665639,2420687469,emeklilik,2026_02,2026-04-18 13:53
ANSGR,3736096,223400799,1564416026,emeklilik,2026_02,2026-04-18 13:53
ISMEN,3367178,46429990,467723147,emeklilik,2026_02,2026-04-18 13:53
ASELS,3175152,80402577,1178597817,emeklilik,2026_02,2026-04-18 13:53
KATMR,3000000,8000000,1980989998,emeklilik,2026_02,2026-04-18 13:53
ISGYO,2898064,152895921,531312439,emeklilik,2026_02,2026-04-18 13:53
GWIND,2820870,22147210,179165491,emeklilik,2026_02,2026-04-18 13:53
GARAN,2504742,78627022,2454957798,emeklilik,2026_02,2026-04-18 13:53
ALVES,2500000,2501000,1159999780,emeklilik,2026_02,2026-04-18 13:53
BALSU,2496608,32156276,278000000,emeklilik,2026_02,2026-04-18 13:53
SOKM,2444144,8388948,448708248,emeklilik,2026_02,2026-04-18 13:53
KCAER,2224959,27173783,496494775,emeklilik,2026_02,2026-04-18 13:53
BIMAS,2109383,40558899,436214016,emeklilik,2026_02,2026-04-18 13:53
KTLEV,2002605,13974803,1288500000,emeklilik,2026_02,2026-04-18 13:53
YUNSA,1971297,3761508,202164056,emeklilik,2026_02,2026-04-18 13:53
ATATR,1954435,1954435,280000000,emeklilik,2026_02,2026-04-18 13:53
KRVGD,1935265,115061283,596159766,emeklilik,2026_02,2026-04-18 13:53
INDES,1715995,28840946,462749767,emeklilik,2026_02,2026-04-18 13:53
LMKDC,1566192,30741151,155929999,emeklilik,2026_02,2026-04-18 13:53
ALTNY,1457301,22389774,399885115,emeklilik,2026_02,2026-04-18 13:53
GESAN,1312687,6298862,141759180,emeklilik,2026_02,2026-04-18 13:53
MANAS,1200000,3899878,255704000,emeklilik,2026_02,2026-04-18 13:53
HTTBT,1019671,15046275,82805422,emeklilik,2026_02,2026-04-18 13:53
KLKIM,953459,6170775,138383655,emeklilik,2026_02,2026-04-18 13:53
EGPRO,892000,2634739,175170570,emeklilik,2026_02,2026-04-18 13:53
ARASE,890574,11269592,49999991,emeklilik,2026_02,2026-04-18 13:53
GUBRF,875650,18226899,85359737,emeklilik,2026_02,2026-04-18 13:53
KARSN,841238,2706238,827827039,emeklilik,2026_02,2026-04-18 13:53
CEMTS,728394,1445263,233425986,emeklilik,2026_02,2026-04-18 13:53
ENJSA,639464,55033145,236209270,emeklilik,2026_02,2026-04-18 13:53
AFYON,605000,33266445,399992258,emeklilik,2026_02,2026-04-18 13:53
LOGO,551606,7754720,74328248,emeklilik,2026_02,2026-04-18 13:53
AKHAN,512607,512607,54700000,emeklilik,2026_02,2026-04-18 13:53
CWENE,491378,3396380,530758241,emeklilik,2026_02,2026-04-18 13:53
NETCD,484000,484000,40000000,emeklilik,2026_02,2026-04-18 13:53
NTGAZ,435718,57275824,276000000,emeklilik,2026_02,2026-04-18 13:53
ODAS,422699,43791514,1113798031,emeklilik,2026_02,2026-04-18 13:53
AKFYE,420589,909581,551782160,emeklilik,2026_02,2026-04-18 13:53
ALCTL,402374,1071443,13543218,emeklilik,2026_02,2026-04-18 13:53
CVKMD,400000,450000,461999787,emeklilik,2026_02,2026-04-18 13:53
GRSEL,391826,3052350,29650000,emeklilik,2026_02,2026-04-18 13:53
BASGZ,388540,44584457,174999999,emeklilik,2026_02,2026-04-18 13:53
GOKNR,387983,11379662,178040711,emeklilik,2026_02,2026-04-18 13:53
ZOREN,340934,3728694,2681244194,emeklilik,2026_02,2026-04-18 13:53
EUPWR,335282,12318465,199610525,emeklilik,2026_02,2026-04-18 13:53
KRDMA,288956,6183071,240300917,emeklilik,2026_02,2026-04-18 13:53
AYDEM,280792,3604814,130000000,emeklilik,2026_02,2026-04-18 13:53
BOBET,232291,2758743,113999998,emeklilik,2026_02,2026-04-18 13:53
KLYPV,201424,537093,46334639,emeklilik,2026_02,2026-04-18 13:53
FONET,201421,14592064,577082984,emeklilik,2026_02,2026-04-18 13:53
EPLAS,200000,2300000,190491857,emeklilik,2026_02,2026-04-18 13:53
MRGYO,198992,364819,1753202571,emeklilik,2026_02,2026-04-18 13:53
AZTEK,194877,8236663,279000000,emeklilik,2026_02,2026-04-18 13:53
DEVA,184500,184500,199971824,emeklilik,2026_02,2026-04-18 13:53
TRGYO,170777,8270132,251573369,emeklilik,2026_02,2026-04-18 13:53
ESEN,157441,1440974,682499950,emeklilik,2026_02,2026-04-18 13:53
HUNER,143052,1113428,670137934,emeklilik,2026_02,2026-04-18 13:53
BRISA,139487,1669042,31247472,emeklilik,2026_02,2026-04-18 13:53
MAGEN,130010,2177043,719512140,emeklilik,2026_02,2026-04-18 13:53
ZTLRFF,127000,127000,3480000,emeklilik,2026_02,2026-04-18 13:53
SMRTG,116996,2566279,664164672,emeklilik,2026_02,2026-04-18 13:53
MOGAN,115204,815668,262635000,emeklilik,2026_02,2026-04-18 13:53
MOBTL,114016,9774845,207999999,emeklilik,2026_02,2026-04-18 13:53
PAPIL,110000,5921149,206247674,emeklilik,2026_02,2026-04-18 13:53
CATES,109197,156350,33050000,emeklilik,2026_02,2026-04-18 13:53
TTRAK,101340,1483782,24967158,emeklilik,2026_02,2026-04-18 13:53
ATATP,99953,1215345,18809999,emeklilik,2026_02,2026-04-18 13:53
TRENJ,97000,360568,98018735,emeklilik,2026_02,2026-04-18 13:53
VAKFA,88475,1787488,224999701,emeklilik,2026_02,2026-04-18 13:53
CONSE,86665,804252,377854899,emeklilik,2026_02,2026-04-18 13:53
TATEN,78982,582093,347799724,emeklilik,2026_02,2026-04-18 13:53
KFEIN,78527,5269962,150306170,emeklilik,2026_02,2026-04-18 13:53
ATAKP,69436,2926007,28224000,emeklilik,2026_02,2026-04-18 13:53
FRIGO,68192,88801,263258455,emeklilik,2026_02,2026-04-18 13:53
EDATA,68078,3254244,160065395,emeklilik,2026_02,2026-04-18 13:53
EFOR,67739,3245812,670679994,emeklilik,2026_02,2026-04-18 13:53
PAGYO,66479,512715,57781202,emeklilik,2026_02,2026-04-18 13:53
YEOTK,65000,960133,160933198,emeklilik,2026_02,2026-04-18 13:53
REEDR,63916,18030551,632419525,emeklilik,2026_02,2026-04-18 13:53
NATEN,63551,619772,309375000,emeklilik,2026_02,2026-04-18 13:53
OZSUB,62179,570381,42499126,emeklilik,2026_02,2026-04-18 13:53
PENTA,62040,4819717,181070136,emeklilik,2026_02,2026-04-18 13:53
TKFEN,60512,405347,230848007,emeklilik,2026_02,2026-04-18 13:53
AVOD,46438,90464,253604577,emeklilik,2026_02,2026-04-18 13:53
KORDS,42000,232113,65421451,emeklilik,2026_02,2026-04-18 13:53
AKENR,41102,382274,385189146,emeklilik,2026_02,2026-04-18 13:53
KRONT,37980,5565576,116892885,emeklilik,2026_02,2026-04-18 13:53
MTRKS,34027,3685329,43633165,emeklilik,2026_02,2026-04-18 13:53
DARDL,32700,257246,1753442695,emeklilik,2026_02,2026-04-18 13:53
ORCAY,32261,53723,150197341,emeklilik,2026_02,2026-04-18 13:53
EKSUN,31068,61085,171792833,emeklilik,2026_02,2026-04-18 13:53
DMRGD,31012,6727933,1277294592,emeklilik,2026_02,2026-04-18 13:53
ZRGYO,30721,7646974,1173404997,emeklilik,2026_02,2026-04-18 13:53
SELVA,29920,251151,747897737,emeklilik,2026_02,2026-04-18 13:53
ALGYO,26998,252246,989338262,emeklilik,2026_02,2026-04-18 13:53
BIGEN,26706,192859,115500000,emeklilik,2026_02,2026-04-18 13:53
KLGYO,25562,2173851,689399869,emeklilik,2026_02,2026-04-18 13:53
ENDAE,25547,183022,123506828,emeklilik,2026_02,2026-04-18 13:53
DESPC,25463,1677608,16023700,emeklilik,2026_02,2026-04-18 13:53
SKTAS,25000,775003,332865443,emeklilik,2026_02,2026-04-18 13:53
SMART,24732,1193440,29737499,emeklilik,2026_02,2026-04-18 13:53
PENGD,24596,47841,171069968,emeklilik,2026_02,2026-04-18 13:53
SRVGY,23940,1382547,812499687,emeklilik,2026_02,2026-04-18 13:53
ECOGR,23128,178364,110000000,emeklilik,2026_02,2026-04-18 13:53
HLGYO,23113,209157,1075198517,emeklilik,2026_02,2026-04-18 13:53
VBTYZ,21794,5043293,56160000,emeklilik,2026_02,2026-04-18 13:53
ARENA,20554,3069858,66996461,emeklilik,2026_02,2026-04-18 13:53
KAREL,19318,9312849,329659497,emeklilik,2026_02,2026-04-18 13:53
PNSUT,18802,41718,128323851,emeklilik,2026_02,2026-04-18 13:53
OBASE,18235,460588,14924000,emeklilik,2026_02,2026-04-18 13:53
RYGYO,18111,155311,770588057,emeklilik,2026_02,2026-04-18 13:53
ZPBDLF,18000,3470145,8240000,emeklilik,2026_02,2026-04-18 13:53
TATGD,17937,79070,119286243,emeklilik,2026_02,2026-04-18 13:53
PETUN,17515,34799,134673118,emeklilik,2026_02,2026-04-18 13:53
SOKE,17207,33940,126999996,emeklilik,2026_02,2026-04-18 13:53
VESTL,17066,15178476,295447203,emeklilik,2026_02,2026-04-18 13:53
PINSU,15998,31201,101635846,emeklilik,2026_02,2026-04-18 13:53
ALFAS,15858,122279,84639559,emeklilik,2026_02,2026-04-18 13:53
CEMZY,15501,67107,124119970,emeklilik,2026_02,2026-04-18 13:53
BESLR,15243,290624,658098036,emeklilik,2026_02,2026-04-18 13:53
ZEDUR,15146,112944,69899992,emeklilik,2026_02,2026-04-18 13:53
ZGYO,15122,15122,84500000,emeklilik,2026_02,2026-04-18 13:53
MERKO,14594,28715,101104700,emeklilik,2026_02,2026-04-18 13:53
DGATE,14267,1231394,15227271,emeklilik,2026_02,2026-04-18 13:53
OYLUM,12149,23586,80937367,emeklilik,2026_02,2026-04-18 13:53
ULUUN,11966,102340,290523352,emeklilik,2026_02,2026-04-18 13:53
AGESA,11809,906703,35829553,emeklilik,2026_02,2026-04-18 13:53
GLYHO,11000,34767121,1949290631,emeklilik,2026_02,2026-04-18 13:53
BORSK,10766,97138,279999879,emeklilik,2026_02,2026-04-18 13:53
ARZUM,10415,17419,400949823,emeklilik,2026_02,2026-04-18 13:53
AKSUE,9554,86454,56376184,emeklilik,2026_02,2026-04-18 13:53
AKFIS,8243,177717,66841328,emeklilik,2026_02,2026-04-18 13:53
GLCVY,8242,156459,26400000,emeklilik,2026_02,2026-04-18 13:53
AYEN,8227,64484,55531320,emeklilik,2026_02,2026-04-18 13:53
SEGMN,8138,15820,80999980,emeklilik,2026_02,2026-04-18 13:53
DURKN,7748,15088,42500000,emeklilik,2026_02,2026-04-18 13:53
KRSTL,7517,60708,183664642,emeklilik,2026_02,2026-04-18 13:53
FADE,7437,14701,42347497,emeklilik,2026_02,2026-04-18 13:53
FORTE,7281,482349,21999999,emeklilik,2026_02,2026-04-18 13:53
ELITE,7146,14110,44650000,emeklilik,2026_02,2026-04-18 13:53
GMTAS,7092,14325,298687813,emeklilik,2026_02,2026-04-18 13:53
ALKLC,5994,36903,45382467,emeklilik,2026_02,2026-04-18 13:53
YGGYO,5841,48408,240625741,emeklilik,2026_02,2026-04-18 13:53
CRFSA,4954,24262,18312793,emeklilik,2026_02,2026-04-18 13:53
VANGD,4515,8502,24374995,emeklilik,2026_02,2026-04-18 13:53
ERSU,4272,8360,31755894,emeklilik,2026_02,2026-04-18 13:53
ARMGD,3850,186086,54996000,emeklilik,2026_02,2026-04-18 13:53
DCTTR,3712,7353,157328724,emeklilik,2026_02,2026-04-18 13:53
ADGYO,3452,22520,379654333,emeklilik,2026_02,2026-04-18 13:53
PKART,2540,122037,11048497,emeklilik,2026_02,2026-04-18 13:53
KTSKR,2456,4846,14691795,emeklilik,2026_02,2026-04-18 13:53
EGGUB,2200,554786,75862197,emeklilik,2026_02,2026-04-18 13:53
KIMMR,1599,3191,75000000,emeklilik,2026_02,2026-04-18 13:53
MOPAS,1506,2914,57330000,emeklilik,2026_02,2026-04-18 13:53
NETAS,1412,881548,31783484,emeklilik,2026_02,2026-04-18 13:53
GUNDG,1363,3671,18968972,emeklilik,2026_02,2026-04-18 13:53
PAMEL,1289,10789,21533681,emeklilik,2026_02,2026-04-18 13:53
MEPET,1049,2108,73940585,emeklilik,2026_02,2026-04-18 13:53
OFSYM,1016,8189,22749998,emeklilik,2026_02,2026-04-18 13:53
BIZIM,653,12872,27601626,emeklilik,2026_02,2026-04-18 13:53
SANKO,521,1036,37499197,emeklilik,2026_02,2026-04-18 13:53
TGSAS,300,595,12348294,emeklilik,2026_02,2026-04-18 13:53
LYDYE,171,1044,1391287,emeklilik,2026_02,2026-04-18 13:53
PSDTC,148,296,6599991,emeklilik,2026_02,2026-04-18 13:53
INTEM,64,126,9428747,emeklilik,2026_02,2026-04-18 13:53
PEKGY,0,1040713,4685233406,emeklilik,2026_02,2026-04-18 13:53
BRLSM,0,19308,108025075,emeklilik,2026_02,2026-04-18 13:53
BRSAN,0,10943,35912460,emeklilik,2026_02,2026-04-18 13:53
ISSEN,0,3,107411517,emeklilik,2026_02,2026-04-18 13:53
IZMDC,0,150000,723225318,emeklilik,2026_02,2026-04-18 13:53
JANTS,0,2,207512786,emeklilik,2026_02,2026-04-18 13:53
BRYAT,0,1103,10264685,emeklilik,2026_02,2026-04-18 13:53
AVGYO,0,16446,111590302,emeklilik,2026_02,2026-04-18 13:53
KARTN,0,1,72781126,emeklilik,2026_02,2026-04-18 13:53
QNBTR,0,2,2571745911,emeklilik,2026_02,2026-04-18 13:53
QUAGR,0,632605,1773200000,emeklilik,2026_02,2026-04-18 13:53
RALYH,0,88,176370972,emeklilik,2026_02,2026-04-18 13:53
APBDLF,0,12660402,14400000,emeklilik,2026_02,2026-04-18 13:53
APMDLF,0,1300000,12300000,emeklilik,2026_02,2026-04-18 13:53
RYSAS,0,9,1504020937,emeklilik,2026_02,2026-04-18 13:53
SAFKR,0,0,139406162,emeklilik,2026_02,2026-04-18 13:53
SANEL,0,2790,18112451,emeklilik,2026_02,2026-04-18 13:53
AHSGY,0,50595,184999889,emeklilik,2026_02,2026-04-18 13:53
KGYO,0,75796,767895148,emeklilik,2026_02,2026-04-18 13:53
ENPRA,0,4,15294299,emeklilik,2026_02,2026-04-18 13:53
SEGYO,0,49450,203351321,emeklilik,2026_02,2026-04-18 13:53
AKMGY,0,733,21568998,emeklilik,2026_02,2026-04-18 13:53
SKBNK,0,521724,2498877855,emeklilik,2026_02,2026-04-18 13:53
ERBOS,0,0,15899843,emeklilik,2026_02,2026-04-18 13:53
KLSER,0,47131,109457566,emeklilik,2026_02,2026-04-18 13:53
ERCB,0,1,39113273,emeklilik,2026_02,2026-04-18 13:53
KMPUR,0,57302,132432524,emeklilik,2026_02,2026-04-18 13:53
KONTR,0,827971,936038762,emeklilik,2026_02,2026-04-18 13:53
CLEBI,0,12,5490178,emeklilik,2026_02,2026-04-18 13:53
ESCAR,0,297284,101933690,emeklilik,2026_02,2026-04-18 13:53
KRGYO,0,53665,275246747,emeklilik,2026_02,2026-04-18 13:53
TDGYO,0,12777,59898213,emeklilik,2026_02,2026-04-18 13:53
TEZOL,0,1,139999972,emeklilik,2026_02,2026-04-18 13:53
ARTMS,0,18,24199999,emeklilik,2026_02,2026-04-18 13:53
EUREN,0,1,1040132637,emeklilik,2026_02,2026-04-18 13:53
TNZTP,0,171160,87499950,emeklilik,2026_02,2026-04-18 13:53
EYGYO,0,60053,362859667,emeklilik,2026_02,2026-04-18 13:53
BEGYO,0,67784,290000000,emeklilik,2026_02,2026-04-18 13:53
TSGYO,0,1582629,266499982,emeklilik,2026_02,2026-04-18 13:53
BERA,0,309,491964370,emeklilik,2026_02,2026-04-18 13:53
AGXAAC,0,33704632,36193521,emeklilik,2026_02,2026-04-18 13:53
KZGYO,0,12293,49999978,emeklilik,2026_02,2026-04-18 13:53
LIDER,0,250000,279500000,emeklilik,2026_02,2026-04-18 13:53
LILAK,0,140236,260252705,emeklilik,2026_02,2026-04-18 13:53
TURGG,0,5848,32042988,emeklilik,2026_02,2026-04-18 13:53
LINK,0,261604,18231985,emeklilik,2026_02,2026-04-18 13:53
AGYO,0,10296,129036460,emeklilik,2026_02,2026-04-18 13:53
UNLU,0,100000,102181558,emeklilik,2026_02,2026-04-18 13:53
UZEL,0,15000,26329793,emeklilik,2026_02,2026-04-18 13:53
FZLGY,0,63869,398427644,emeklilik,2026_02,2026-04-18 13:53
ASGYO,0,44198,165000000,emeklilik,2026_02,2026-04-18 13:53
GEDIK,0,3900000,983076857,emeklilik,2026_02,2026-04-18 13:53
ASUZU,0,17537,41130807,emeklilik,2026_02,2026-04-18 13:53
MEGMT,0,1000,72749986,emeklilik,2026_02,2026-04-18 13:53
VRGYO,0,151503,597693904,emeklilik,2026_02,2026-04-18 13:53
YAYLA,0,6585,39874966,emeklilik,2026_02,2026-04-18 13:53
DGGYO,0,4088,280709437,emeklilik,2026_02,2026-04-18 13:53
BINBN,0,341395,17000000,emeklilik,2026_02,2026-04-18 13:53
YIGIT,0,75400,74999975,emeklilik,2026_02,2026-04-18 13:53
MHRGY,0,75616,310499991,emeklilik,2026_02,2026-04-18 13:53
YYAPI,0,261490,1705025550,emeklilik,2026_02,2026-04-18 13:53
MNDTR,0,120000,910071938,emeklilik,2026_02,2026-04-18 13:53
DOFRB,0,845391,45000000,emeklilik,2026_02,2026-04-18 13:53
BINHO,0,357,488884380,emeklilik,2026_02,2026-04-18 13:53
GOODY,0,1699328,132804473,emeklilik,2026_02,2026-04-18 13:53
MSGYO,0,32262,169650150,emeklilik,2026_02,2026-04-18 13:53
ASYAB,0,7350000,477899601,emeklilik,2026_02,2026-04-18 13:53
GSDHO,0,1,999994969,emeklilik,2026_02,2026-04-18 13:53
DZGYO,0,23518,399777846,emeklilik,2026_02,2026-04-18 13:53
BLCYT,0,2,49088907,emeklilik,2026_02,2026-04-18 13:53
NTHOL,0,10001,485479112,emeklilik,2026_02,2026-04-18 13:53
NUGYO,0,45897,324943976,emeklilik,2026_02,2026-04-18 13:53
NUHCM,0,12448,33163299,emeklilik,2026_02,2026-04-18 13:53
ECZYT,0,1,45880511,emeklilik,2026_02,2026-04-18 13:53
HEKTS,0,3333910,3946424642,emeklilik,2026_02,2026-04-18 13:53
ATAGY,0,6897,45670114,emeklilik,2026_02,2026-04-18 13:53
EDIP,0,105545,36468204,emeklilik,2026_02,2026-04-18 13:53
ANELE,0,7841,151405542,emeklilik,2026_02,2026-04-18 13:53
HURGZ,0,2,220784167,emeklilik,2026_02,2026-04-18 13:53
ICBCT,0,1,216761845,emeklilik,2026_02,2026-04-18 13:53
IDGYO,0,25195,119234999,emeklilik,2026_02,2026-04-18 13:53
OTTO,0,5000,5824438,emeklilik,2026_02,2026-04-18 13:53
IEYHO,0,345,541032947,emeklilik,2026_02,2026-04-18 13:53
EGEEN,0,101,1137161,emeklilik,2026_02,2026-04-18 13:53
OZGYO,0,87893,490916869,emeklilik,2026_02,2026-04-18 13:53
INGRM,0,44461,14969536,emeklilik,2026_02,2026-04-18 13:53
OZYSR,0,247,40488000,emeklilik,2026_02,2026-04-18 13:53
EGEGY,0,16477,69140000,emeklilik,2026_02,2026-04-18 13:53
PAHOL,0,30462029,3999999979,emeklilik,2026_02,2026-04-18 13:53
INVEO,0,1184166,998999954,emeklilik,2026_02,2026-04-18 13:53
PASEU,0,217065,215295868,emeklilik,2026_02,2026-04-18 13:53
KOCMT,0,18324,587485478,emeklilik,2026_02,2026-04-18 13:53
BORLS,0,1,308652686,emeklilik,2026_02,2026-04-18 13:53
DESA,-1,5,171107590,emeklilik,2026_02,2026-04-18 13:53
MARMR,-2,1,961218727,emeklilik,2026_02,2026-04-18 13:53
KUYAS,-1224,62633,398957788,emeklilik,2026_02,2026-04-18 13:53
YATAS,-2471,7735851,94866488,emeklilik,2026_02,2026-04-18 13:53
KLSYN,-2805,27765,107854952,emeklilik,2026_02,2026-04-18 13:53
SURGY,-2900,34653,44999990,emeklilik,2026_02,2026-04-18 13:53
DSTKF,-3626,126888,84533333,emeklilik,2026_02,2026-04-18 13:53
PNLSN,-4592,196827,34752383,emeklilik,2026_02,2026-04-18 13:53
POLHO,-5001,582824,164140074,emeklilik,2026_02,2026-04-18 13:53
ARFYE,-5801,82146,47000000,emeklilik,2026_02,2026-04-18 13:53
BANVT,-6832,1216708,36961044,emeklilik,2026_02,2026-04-18 13:53
MERCN,-9100,41900,74389005,emeklilik,2026_02,2026-04-18 13:53
ULKER,-14688,6569610,338855989,emeklilik,2026_02,2026-04-18 13:53
AKCNS,-14840,5846626,39359284,emeklilik,2026_02,2026-04-18 13:53
TUREX,-15030,84198,432000000,emeklilik,2026_02,2026-04-18 13:53
GRTHO,-15750,261774,36745000,emeklilik,2026_02,2026-04-18 13:53
PARSN,-15965,364210,34033246,emeklilik,2026_02,2026-04-18 13:53
VAKKO,-19832,920469,30788486,emeklilik,2026_02,2026-04-18 13:53
ISGSY,-20000,778750,47378729,emeklilik,2026_02,2026-04-18 13:53
ISGLKF,-22154,109936073,113800000,emeklilik,2026_02,2026-04-18 13:53
PATEK,-24204,8152103,293081892,emeklilik,2026_02,2026-04-18 13:53
ONRYT,-25000,354016,19730000,emeklilik,2026_02,2026-04-18 13:53
ODINE,-26826,641506,52810834,emeklilik,2026_02,2026-04-18 13:53
HRKET,-28126,382904,24000000,emeklilik,2026_02,2026-04-18 13:53
HATSN,-28601,1357489,44299964,emeklilik,2026_02,2026-04-18 13:53
ORGE,-35030,2256871,41839996,emeklilik,2026_02,2026-04-18 13:53
HOROZ,-36000,879534,24599986,emeklilik,2026_02,2026-04-18 13:53
ALARK,-37428,9363320,165125148,emeklilik,2026_02,2026-04-18 13:53
KLRHO,-37500,407200,341250000,emeklilik,2026_02,2026-04-18 13:53
EBEBK,-40778,4965906,40534692,emeklilik,2026_02,2026-04-18 13:53
LKMNH,-42386,43564212,163262533,emeklilik,2026_02,2026-04-18 13:53
GMSTRF,-46081,12249416,73800000,emeklilik,2026_02,2026-04-18 13:53
FRMPL,-48220,9022,39997767,emeklilik,2026_02,2026-04-18 13:53
ULUFA,-50001,900786,305269391,emeklilik,2026_02,2026-04-18 13:53
ALKIM,-52934,3448343,182767821,emeklilik,2026_02,2026-04-18 13:53
ANHYT,-55209,5476300,88457041,emeklilik,2026_02,2026-04-18 13:53
SELEC,-56993,16166472,124262097,emeklilik,2026_02,2026-04-18 13:53
ECILC,-75044,10495,210589603,emeklilik,2026_02,2026-04-18 13:53
MEYSU,-80989,226651,175000000,emeklilik,2026_02,2026-04-18 13:53
TKNSA,-94713,317623,100485379,emeklilik,2026_02,2026-04-18 13:53
ISYAT,-100000,2982932,152245569,emeklilik,2026_02,2026-04-18 13:53
DOAS,-107412,3122452,97899975,emeklilik,2026_02,2026-04-18 13:53
SDTTR,-109755,819188,15990000,emeklilik,2026_02,2026-04-18 13:53
TBORG,-115534,648376,59392160,emeklilik,2026_02,2026-04-18 13:53
MACKO,-115791,986400,41500000,emeklilik,2026_02,2026-04-18 13:53
SUNTK,-135064,46809007,145280000,emeklilik,2026_02,2026-04-18 13:53
OYYAT,-142500,220502,91048322,emeklilik,2026_02,2026-04-18 13:53
VESBE,-145389,7004072,503578676,emeklilik,2026_02,2026-04-18 13:53
TRCAS,-150000,2,206252778,emeklilik,2026_02,2026-04-18 13:53
PLTUR,-170000,65000,49500000,emeklilik,2026_02,2026-04-18 13:53
KAYSE,-208529,2262706,818951998,emeklilik,2026_02,2026-04-18 13:53
GENTS,-222741,1600006,749958921,emeklilik,2026_02,2026-04-18 13:53
VKGYO,-258767,19778944,1637203242,emeklilik,2026_02,2026-04-18 13:53
IZENR,-303269,2098241,914537597,emeklilik,2026_02,2026-04-18 13:53
FENER,-317970,754025,2772321468,emeklilik,2026_02,2026-04-18 13:53
MIATK,-343805,11687293,313087979,emeklilik,2026_02,2026-04-18 13:53
ZERGY,-347001,5456250,156799985,emeklilik,2026_02,2026-04-18 13:53
AHGAZ,-375841,869964,659370871,emeklilik,2026_02,2026-04-18 13:53
BSOKE,-390000,2304654,458487038,emeklilik,2026_02,2026-04-18 13:53
ISDMR,-432884,1767199,147623050,emeklilik,2026_02,2026-04-18 13:53
ENTRA,-438659,8168499,369383564,emeklilik,2026_02,2026-04-18 13:53
YYLGD,-458647,7393250,369826200,emeklilik,2026_02,2026-04-18 13:53
MEDTR,-458993,2330418,24499999,emeklilik,2026_02,2026-04-18 13:53
RGYAS,-481689,4014478,105523000,emeklilik,2026_02,2026-04-18 13:53
ARSAN,-500000,1509134,887344274,emeklilik,2026_02,2026-04-18 13:53
BTCIM,-500000,19716632,4052065429,emeklilik,2026_02,2026-04-18 13:53
ZGOLDF,-501803,132966294,152040000,emeklilik,2026_02,2026-04-18 13:53
SARKY,-504037,247321,999999671,emeklilik,2026_02,2026-04-18 13:53
KCHOL,-592592,80381202,674052308,emeklilik,2026_02,2026-04-18 13:53
EREGL,-666920,167035878,3554238535,emeklilik,2026_02,2026-04-18 13:53
AKSEN,-667636,5105328,638545796,emeklilik,2026_02,2026-04-18 13:53
OPTLRF,-790000,410279,3000000,emeklilik,2026_02,2026-04-18 13:53
MGROS,-808370,18047041,96563550,emeklilik,2026_02,2026-04-18 13:53
AYGAZ,-828794,15794206,98568807,emeklilik,2026_02,2026-04-18 13:53
TABGD,-830534,8035381,52499906,emeklilik,2026_02,2026-04-18 13:53
OTKAR,-840440,3270288,33417145,emeklilik,2026_02,2026-04-18 13:53
DAPGM,-1002709,126645,928276145,emeklilik,2026_02,2026-04-18 13:53
ARCLK,-1003844,6581453,170054748,emeklilik,2026_02,2026-04-18 13:53
DGNMO,-1044455,39651128,327634635,emeklilik,2026_02,2026-04-18 13:53
ENKAI,-1060452,63939269,874733059,emeklilik,2026_02,2026-04-18 13:53
KOTON,-1071720,922419,136599922,emeklilik,2026_02,2026-04-18 13:53
OBAMS,-1091822,614645,751078524,emeklilik,2026_02,2026-04-18 13:53
ARDYZ,-1153966,23372305,279551557,emeklilik,2026_02,2026-04-18 13:53
TCELL,-1296617,100638475,1622604373,emeklilik,2026_02,2026-04-18 13:53
AGHOL,-1344765,14878478,1068828243,emeklilik,2026_02,2026-04-18 13:53
MPARK,-1373230,17975962,80869110,emeklilik,2026_02,2026-04-18 13:53
GLDTRF,-1420883,26903867,45850000,emeklilik,2026_02,2026-04-18 13:53
SAHOL,-1435380,156660670,1145847384,emeklilik,2026_02,2026-04-18 13:53
TRMET,-1461146,19241509,174483588,emeklilik,2026_02,2026-04-18 13:53
SISE,-1492723,32376128,1814905642,emeklilik,2026_02,2026-04-18 13:53
SUWEN,-1583275,111763923,365687500,emeklilik,2026_02,2026-04-18 13:53
AVPGY,-1642834,8379009,99999990,emeklilik,2026_02,2026-04-18 13:53
UCAYM,-1694217,4185,60000000,emeklilik,2026_02,2026-04-18 13:53
TOASO,-1794235,18723715,120585076,emeklilik,2026_02,2026-04-18 13:53
HALKB,-1800916,10919882,6546422780,emeklilik,2026_02,2026-04-18 13:53
PETKM,-2450011,12789629,1241729843,emeklilik,2026_02,2026-04-18 13:53
TAVHL,-2738370,12208847,213213415,emeklilik,2026_02,2026-04-18 13:53
GLRMK,-3163532,5864399,38760000,emeklilik,2026_02,2026-04-18 13:53
BIOEN,-3296744,39503195,197983418,emeklilik,2026_02,2026-04-18 13:53
CCOLA,-3705857,49357990,820001147,emeklilik,2026_02,2026-04-18 13:53
OZKGY,-3814622,2912852,363999945,emeklilik,2026_02,2026-04-18 13:53
AKGRT,-4185369,7608845,629007625,emeklilik,2026_02,2026-04-18 13:53
ALBRK,-4610878,279807574,1050739765,emeklilik,2026_02,2026-04-18 13:53
PGSUS,-4858790,8737415,295068870,emeklilik,2026_02,2026-04-18 13:53
TUKAS,-5412380,9830320,4499995929,emeklilik,2026_02,2026-04-18 13:53
APLIBF,-5567205,51129031,58200000,emeklilik,2026_02,2026-04-18 13:53
BUCIM,-5798053,20962173,1292638065,emeklilik,2026_02,2026-04-18 13:53
ASTOR,-6120308,7340849,366896261,emeklilik,2026_02,2026-04-18 13:53
MAVI,-7096536,123345732,576779312,emeklilik,2026_02,2026-04-18 13:53
THYAO,-8639207,58741354,739463453,emeklilik,2026_02,2026-04-18 13:53
AKSA,-8833493,25344317,1503650642,emeklilik,2026_02,2026-04-18 13:53
FROTO,-10005915,45055217,625119847,emeklilik,2026_02,2026-04-18 13:53
ZPLIBF,-12974970,66275025,190200000,emeklilik,2026_02,2026-04-18 13:53
TRALT,-15071243,41943200,952269019,emeklilik,2026_02,2026-04-18 13:53
AEFES,-16919789,146402347,2028860053,emeklilik,2026_02,2026-04-18 13:53
ESCOM,-30446036,66271025,463831670,emeklilik,2026_02,2026-04-18 13:53
YKBNK,-43304225,294556923,4705620952,emeklilik,2026_02,2026-04-18 13:53
AKBNK,-53358615,164514243,3059320211,emeklilik,2026_02,2026-04-18 13:53
ISCTR,-99428807,731399620,8880396856,emeklilik,2026_02,2026-04-18 13:53
EFOR,145482325,212389921,670679994,yabanci,2026_03,2026-04-18 13:53
PSGYO,121309243,148017776,2954231556,yabanci,2026_03,2026-04-18 13:53
ADESE,74602080,523008513,4687131701,yabanci,2026_03,2026-04-18 13:53
KATMR,49100941,127285067,1980989998,yabanci,2026_03,2026-04-18 13:53
FORMT,46316887,48051541,1029046010,yabanci,2026_03,2026-04-18 13:53
LINK,43874003,45266343,747511382,yabanci,2026_03,2026-04-18 13:53
TURSG,38440799,472566522,7907296076,yabanci,2026_03,2026-04-18 13:53
TEHOL,31026884,118915010,1967930261,yabanci,2026_03,2026-04-18 13:53
USAK,27878373,56879847,2436064709,yabanci,2026_03,2026-04-18 13:53
TUPRS,24635588,309351804,942334139,yabanci,2026_03,2026-04-18 13:53
PETKM,21840277,121285603,1241729843,yabanci,2026_03,2026-04-18 13:53
KCHOL,21567812,282846188,674053695,yabanci,2026_03,2026-04-18 13:53
EREGL,19178157,699584064,3554243274,yabanci,2026_03,2026-04-18 13:53
ASELS,18972471,613682227,1178601424,yabanci,2026_03,2026-04-18 13:53
CANTE,17442823,416722333,8608815636,yabanci,2026_03,2026-04-18 13:53
DMRGD,17398968,42522451,1277294592,yabanci,2026_03,2026-04-18 13:53
IHLAS,16557996,30980855,1396079076,yabanci,2026_03,2026-04-18 13:53
LILAK,16086961,20693227,260252705,yabanci,2026_03,2026-04-18 13:53
ECOGR,16040930,24592670,110000000,yabanci,2026_03,2026-04-18 13:53
ASTOR,15029191,200072788,366896223,yabanci,2026_03,2026-04-18 13:53
IZENR,14117006,74510635,914537597,yabanci,2026_03,2026-04-18 13:53
TTKOM,13981309,217536530,524999999,yabanci,2026_03,2026-04-18 13:53
CCOLA,13178896,612622915,820001147,yabanci,2026_03,2026-04-18 13:53
HDFGS,13169001,13666506,956974191,yabanci,2026_03,2026-04-18 13:53
OYAKC,13119909,205915055,4656879379,yabanci,2026_03,2026-04-18 13:53
SRVGY,12749282,79999184,812499687,yabanci,2026_03,2026-04-18 13:53
MARMR,11893677,60900585,961218727,yabanci,2026_03,2026-04-18 13:53
NTGAZ,11816827,17263177,276000000,yabanci,2026_03,2026-04-18 13:53
ICUGS,8590395,8940395,336250000,yabanci,2026_03,2026-04-18 13:53
ISCTR,8511199,2203414256,8880396856,yabanci,2026_03,2026-04-18 13:53
MRGYO,7774117,43562477,2277966226,yabanci,2026_03,2026-04-18 13:53
KRDMD,7573698,83411713,780216365,yabanci,2026_03,2026-04-18 13:53
INFO,7543933,15222510,767463333,yabanci,2026_03,2026-04-18 13:53
KONTR,7489418,57549271,936038761,yabanci,2026_03,2026-04-18 13:53
IHYAY,7385983,9179873,388124996,yabanci,2026_03,2026-04-18 13:53
BTCIM,7250081,314874704,4220286921,yabanci,2026_03,2026-04-18 13:53
SMRTG,6855588,56329103,664164672,yabanci,2026_03,2026-04-18 13:53
CIMSA,6690750,44184999,488602363,yabanci,2026_03,2026-04-18 13:53
GSRAY,6586120,19095671,10123744690,yabanci,2026_03,2026-04-18 13:53
REEDR,6311949,50991157,632419525,yabanci,2026_03,2026-04-18 13:53
RYGYO,6238176,317396928,770588057,yabanci,2026_03,2026-04-18 13:53
IZFAS,6164608,8216549,156001658,yabanci,2026_03,2026-04-18 13:53
BLUME,5520364,6575989,174710134,yabanci,2026_03,2026-04-18 13:53
TERA,5502709,26733823,240888789,yabanci,2026_03,2026-04-18 13:53
IHLGM,5448858,9589504,986078000,yabanci,2026_03,2026-04-18 13:53
ODAS,5396729,84539219,1113798031,yabanci,2026_03,2026-04-18 13:53
AGROT,4878240,43856381,879999770,yabanci,2026_03,2026-04-18 13:53
MARTI,4681672,5513527,1475768116,yabanci,2026_03,2026-04-18 13:53
KUYAS,4454095,25141141,398957788,yabanci,2026_03,2026-04-18 13:53
DENGE,4425553,4432709,525284797,yabanci,2026_03,2026-04-18 13:53
OZGYO,3960484,9481315,490916869,yabanci,2026_03,2026-04-18 13:53
DARDL,3864918,24202290,1753442695,yabanci,2026_03,2026-04-18 13:53
ESCAR,3817040,27145020,101933690,yabanci,2026_03,2026-04-18 13:53
AKSEN,3566340,26602721,638545796,yabanci,2026_03,2026-04-18 13:53
MIATK,3481120,16001311,313087979,yabanci,2026_03,2026-04-18 13:53
TAVHL,3389582,121839009,213213415,yabanci,2026_03,2026-04-18 13:53
BMSTL,3123889,3401474,74772261,yabanci,2026_03,2026-04-18 13:53
GMTAS,3020138,80076638,298687813,yabanci,2026_03,2026-04-18 13:53
KAYSE,2584655,80185037,828951998,yabanci,2026_03,2026-04-18 13:53
BSOKE,2179508,35041937,458487038,yabanci,2026_03,2026-04-18 13:53
DERHL,2176384,2225556,197281316,yabanci,2026_03,2026-04-18 13:53
PASEU,2112201,32688080,215295868,yabanci,2026_03,2026-04-18 13:53
AYGAZ,2069818,12221455,98568807,yabanci,2026_03,2026-04-18 13:53
ARZUM,2033933,2431962,400949823,yabanci,2026_03,2026-04-18 13:53
DOFRB,2030674,2033098,45000000,yabanci,2026_03,2026-04-18 13:53
LRSHO,1938793,15586793,724120946,yabanci,2026_03,2026-04-18 13:53
ANSGR,1901345,151203411,1564416026,yabanci,2026_03,2026-04-18 13:53
BEGYO,1877345,1975260,290000000,yabanci,2026_03,2026-04-18 13:53
TSKB,1845521,284590310,1516591673,yabanci,2026_03,2026-04-18 13:53
BULGS,1845367,2520367,72500000,yabanci,2026_03,2026-04-18 13:53
PAHOL,1843893,2180791,3999999979,yabanci,2026_03,2026-04-18 13:53
GLRYH,1824071,9314840,599623814,yabanci,2026_03,2026-04-18 13:53
ALKLC,1755848,6122198,45283467,yabanci,2026_03,2026-04-18 13:53
DSTKF,1596126,6282296,84533333,yabanci,2026_03,2026-04-18 13:53
SANFM,1476201,4884802,225029995,yabanci,2026_03,2026-04-18 13:53
CEMZY,1430373,1737254,124119970,yabanci,2026_03,2026-04-18 13:53
MAVI,1405168,194836784,576779312,yabanci,2026_03,2026-04-18 13:53
EGGUB,1334246,2098848,75862197,yabanci,2026_03,2026-04-18 13:53
ARFYE,1275667,1512336,47000000,yabanci,2026_03,2026-04-18 13:53
FENER,1274382,120533655,2772321468,yabanci,2026_03,2026-04-18 13:53
EKSUN,1230665,1352575,171792833,yabanci,2026_03,2026-04-18 13:53
PATEK,1222020,15400064,293081893,yabanci,2026_03,2026-04-18 13:53
EUPWR,1193327,17661589,199610525,yabanci,2026_03,2026-04-18 13:53
MHRGY,1191196,1191196,310499991,yabanci,2026_03,2026-04-18 13:53
DCTTR,1148274,1611332,157328724,yabanci,2026_03,2026-04-18 13:53
SKTAS,1120192,1217455,332865443,yabanci,2026_03,2026-04-18 13:53
LIDFA,1118700,4531030,458180545,yabanci,2026_03,2026-04-18 13:53
LYDHO,1076446,10605727,197140970,yabanci,2026_03,2026-04-18 13:53
KAREL,1066320,17798751,329659497,yabanci,2026_03,2026-04-18 13:53
FONET,1047311,1096136,577082984,yabanci,2026_03,2026-04-18 13:53
IEYHO,1047147,24520258,541033797,yabanci,2026_03,2026-04-18 13:53
MEYSU,987504,1000000,175000000,yabanci,2026_03,2026-04-18 13:53
ENKAI,985478,216477402,874733059,yabanci,2026_03,2026-04-18 13:53
TOASO,975054,26601125,120585077,yabanci,2026_03,2026-04-18 13:53
TRENJ,960421,12242066,98018735,yabanci,2026_03,2026-04-18 13:53
ALTNY,949148,15869875,399885115,yabanci,2026_03,2026-04-18 13:53
ARCLK,891556,27868848,170054765,yabanci,2026_03,2026-04-18 13:53
GLRMK,875432,3192332,58116000,yabanci,2026_03,2026-04-18 13:53
HUNER,866694,4167306,670137933,yabanci,2026_03,2026-04-18 13:53
MNDTR,828270,750312007,910071938,yabanci,2026_03,2026-04-18 13:53
SAFKR,824690,1572111,140056162,yabanci,2026_03,2026-04-18 13:53
ENJSA,815586,56453428,236209270,yabanci,2026_03,2026-04-18 13:53
ANHYT,777819,10891489,88457041,yabanci,2026_03,2026-04-18 13:53
MNDRS,743630,2106386,222008082,yabanci,2026_03,2026-04-18 13:53
BIGCH,717184,14229748,368932945,yabanci,2026_03,2026-04-18 13:53
ONCSM,716802,1388697,10086000,yabanci,2026_03,2026-04-18 13:53
ANELE,716553,1625836,151405542,yabanci,2026_03,2026-04-18 13:53
KRGYO,714328,728949,275246747,yabanci,2026_03,2026-04-18 13:53
DAGI,713371,969448,175301274,yabanci,2026_03,2026-04-18 13:53
MEGMT,707634,5086031,85749986,yabanci,2026_03,2026-04-18 13:53
OYYAT,675332,7537484,91048322,yabanci,2026_03,2026-04-18 13:53
YESIL,631041,645061,640699949,yabanci,2026_03,2026-04-18 13:53
DZGYO,621588,809407,399777846,yabanci,2026_03,2026-04-18 13:53
KZBGY,613616,93466438,1959999915,yabanci,2026_03,2026-04-18 13:53
YKSLN,542356,984776,197429566,yabanci,2026_03,2026-04-18 13:53
BALSU,527058,32506087,278000000,yabanci,2026_03,2026-04-18 13:53
ZEDUR,493309,569684,69899991,yabanci,2026_03,2026-04-18 13:53
LXGYO,488201,488201,118936300,yabanci,2026_03,2026-04-18 13:53
RTALB,479251,628417,432976722,yabanci,2026_03,2026-04-18 13:53
AZTEK,478212,674186,279000000,yabanci,2026_03,2026-04-18 13:53
KMPUR,433861,6530233,132432524,yabanci,2026_03,2026-04-18 13:53
BINBN,424738,9524764,17000000,yabanci,2026_03,2026-04-18 13:53
EGSER,424453,1274181,545751057,yabanci,2026_03,2026-04-18 13:53
GENTS,422512,2806619,749958921,yabanci,2026_03,2026-04-18 13:53
DURDO,372226,686097,379703149,yabanci,2026_03,2026-04-18 13:53
MOGAN,368477,11277915,262635000,yabanci,2026_03,2026-04-18 13:53
BIMAS,345524,193441224,436214016,yabanci,2026_03,2026-04-18 13:53
KORDS,335284,3243922,65421451,yabanci,2026_03,2026-04-18 13:53
ALARK,331711,14022488,165125148,yabanci,2026_03,2026-04-18 13:53
DURKN,329969,440012,42500000,yabanci,2026_03,2026-04-18 13:53
NATEN,328626,3063021,309374995,yabanci,2026_03,2026-04-18 13:53
MERKO,326537,351856,101104700,yabanci,2026_03,2026-04-18 13:53
AYEN,308835,1819591,55531320,yabanci,2026_03,2026-04-18 13:53
TEZOL,307892,509539,139999972,yabanci,2026_03,2026-04-18 13:53
BRMEN,305960,425000,57566555,yabanci,2026_03,2026-04-18 13:53
ATATR,298000,829000,280000000,yabanci,2026_03,2026-04-18 13:53
FORTE,289034,289043,27999999,yabanci,2026_03,2026-04-18 13:53
DITAS,263844,979020,83407810,yabanci,2026_03,2026-04-18 13:53
KOCMT,253838,664653,587485478,yabanci,2026_03,2026-04-18 13:53
NUGYO,249288,11931821,324943976,yabanci,2026_03,2026-04-18 13:53
TUCLK,247708,277715,263182600,yabanci,2026_03,2026-04-18 13:53
PAGYO,238764,2430175,57781202,yabanci,2026_03,2026-04-18 13:53
ETILR,226734,1064144,156217454,yabanci,2026_03,2026-04-18 13:53
PCILT,220163,314441,45014182,yabanci,2026_03,2026-04-18 13:53
BAHKM,204888,422099,23289000,yabanci,2026_03,2026-04-18 13:53
VAKFN,198954,36579157,2064378140,yabanci,2026_03,2026-04-18 13:53
SEGMN,196051,7339626,80999980,yabanci,2026_03,2026-04-18 13:53
BESLR,185697,12763605,658098036,yabanci,2026_03,2026-04-18 13:53
BORSK,182148,243807,279999879,yabanci,2026_03,2026-04-18 13:53
SUNTK,180518,13813082,145280000,yabanci,2026_03,2026-04-18 13:53
FADE,175642,379861,42347497,yabanci,2026_03,2026-04-18 13:53
CATES,164851,381065,33050000,yabanci,2026_03,2026-04-18 13:53
YYLGD,160899,23422789,369826200,yabanci,2026_03,2026-04-18 13:53
VBTYZ,159814,242467,56205000,yabanci,2026_03,2026-04-18 13:53
TEKTU,158292,1718821,195639311,yabanci,2026_03,2026-04-18 13:53
KONKA,155676,210595,89670000,yabanci,2026_03,2026-04-18 13:53
BOSSA,154587,161966,508724189,yabanci,2026_03,2026-04-18 13:53
ECILC,129337,11583284,210589603,yabanci,2026_03,2026-04-18 13:53
YGGYO,119088,11147611,240625741,yabanci,2026_03,2026-04-18 13:53
MCARD,118495,118495,18900000,yabanci,2026_03,2026-04-18 13:53
PINSU,115582,287852,101635846,yabanci,2026_03,2026-04-18 13:53
TKNSA,106091,1072919,100485379,yabanci,2026_03,2026-04-18 13:53
ALKIM,100097,10335479,182767821,yabanci,2026_03,2026-04-18 13:53
VSNMD,99004,1224269,24000000,yabanci,2026_03,2026-04-18 13:53
OBASE,98043,212252,14924000,yabanci,2026_03,2026-04-18 13:53
SVGYO,94859,94859,295400000,yabanci,2026_03,2026-04-18 13:53
DMSAS,94829,3749725,199994510,yabanci,2026_03,2026-04-18 13:53
MERCN,88915,5740753,74389005,yabanci,2026_03,2026-04-18 13:53
VAKKO,87426,2058000,30788486,yabanci,2026_03,2026-04-18 13:53
LUKSK,87327,89415,27257202,yabanci,2026_03,2026-04-18 13:53
EUHOL,85272,410272,142999954,yabanci,2026_03,2026-04-18 13:53
UFUK,77937,1022015,46845974,yabanci,2026_03,2026-04-18 13:53
KLMSN,76662,245277,30881297,yabanci,2026_03,2026-04-18 13:53
PNLSN,76634,176648,34752383,yabanci,2026_03,2026-04-18 13:53
GEDZA,75746,75746,42983624,yabanci,2026_03,2026-04-18 13:53
ERCB,71529,72322,39113273,yabanci,2026_03,2026-04-18 13:53
HATEK,62196,68781,62998947,yabanci,2026_03,2026-04-18 13:53
BLCYT,59138,65313,49088907,yabanci,2026_03,2026-04-18 13:53
MAKTK,57632,102256,184370066,yabanci,2026_03,2026-04-18 13:53
ALCTL,55876,87121,13543218,yabanci,2026_03,2026-04-18 13:53
TURGG,55427,59649,32042988,yabanci,2026_03,2026-04-18 13:53
DNISI,54950,55038,59171727,yabanci,2026_03,2026-04-18 13:53
AKFIS,53223,53223,66841328,yabanci,2026_03,2026-04-18 13:53
ADEL,51091,53961,112043619,yabanci,2026_03,2026-04-18 13:53
MEKAG,50595,50596,320319999,yabanci,2026_03,2026-04-18 13:53
VERUS,46281,12885282,34499937,yabanci,2026_03,2026-04-18 13:53
AHGAZ,42271,68165707,659370871,yabanci,2026_03,2026-04-18 13:53
EKOS,42004,42004,307199852,yabanci,2026_03,2026-04-18 13:53
BEYAZ,41901,239961,42317352,yabanci,2026_03,2026-04-18 13:53
TABGD,40314,22047443,52499906,yabanci,2026_03,2026-04-18 13:53
RUBNS,36956,101929,42377765,yabanci,2026_03,2026-04-18 13:53
DESPC,36162,285225,16023700,yabanci,2026_03,2026-04-18 13:53
PRDGS,34324,34324,110850000,yabanci,2026_03,2026-04-18 13:53
VERTU,33866,66141,22000000,yabanci,2026_03,2026-04-18 13:53
KAPLM,32568,401165,4571305,yabanci,2026_03,2026-04-18 13:53
PRKME,29921,239648,53038641,yabanci,2026_03,2026-04-18 13:53
SDTTR,28632,513004,15990000,yabanci,2026_03,2026-04-18 13:53
GIPTA,25920,279624,51617863,yabanci,2026_03,2026-04-18 13:53
EYGYO,24000,24000,362859668,yabanci,2026_03,2026-04-18 13:53
TGSAS,23460,226350,12348294,yabanci,2026_03,2026-04-18 13:53
DGNMO,22883,2077226,327634635,yabanci,2026_03,2026-04-18 13:53
BRYAT,22668,430921,10264685,yabanci,2026_03,2026-04-18 13:53
MEDTR,22372,183911,24499999,yabanci,2026_03,2026-04-18 13:53
KOPOL,19743,4119655,266319652,yabanci,2026_03,2026-04-18 13:53
TBORG,19249,174383,59392160,yabanci,2026_03,2026-04-18 13:53
INVES,18915,2594413,37480000,yabanci,2026_03,2026-04-18 13:53
INTEM,17976,19512,9428747,yabanci,2026_03,2026-04-18 13:53
AKENR,17407,1859349,385189246,yabanci,2026_03,2026-04-18 13:53
PAMEL,16450,167762,21533681,yabanci,2026_03,2026-04-18 13:53
KNFRT,15539,94026,131747000,yabanci,2026_03,2026-04-18 13:53
BMSCH,14435,89229,69277402,yabanci,2026_03,2026-04-18 13:53
PKENT,14049,49775,23766169,yabanci,2026_03,2026-04-18 13:53
BRKVY,13581,20109,13618361,yabanci,2026_03,2026-04-18 13:53
TLMAN,13534,223411,10300000,yabanci,2026_03,2026-04-18 13:53
SAYAS,13007,112711,42530887,yabanci,2026_03,2026-04-18 13:53
BANVT,12854,13483,36961044,yabanci,2026_03,2026-04-18 13:53
DOKTA,12268,58172,145872862,yabanci,2026_03,2026-04-18 13:53
RAYSG,11215,44049930,51947024,yabanci,2026_03,2026-04-18 13:53
PRKAB,10936,11201,35225443,yabanci,2026_03,2026-04-18 13:53
ZERGY,10066,10066,156799985,yabanci,2026_03,2026-04-18 13:53
BAKAB,10058,337490,34985326,yabanci,2026_03,2026-04-18 13:53
ATAKP,10043,15142,28224000,yabanci,2026_03,2026-04-18 13:53
BIENY,9371,1996369,83144831,yabanci,2026_03,2026-04-18 13:53
BFREN,9101,6211802,24586148,yabanci,2026_03,2026-04-18 13:53
SMART,8689,96389,29737499,yabanci,2026_03,2026-04-18 13:53
LYDYE,8511,185920,1391287,yabanci,2026_03,2026-04-18 13:53
BIOEN,7805,14836435,197983418,yabanci,2026_03,2026-04-18 13:53
CELHA,5974,5974,146124225,yabanci,2026_03,2026-04-18 13:53
ASGYO,5263,841875,165000000,yabanci,2026_03,2026-04-18 13:53
CLEBI,5000,224076,5490178,yabanci,2026_03,2026-04-18 13:53
YAPRK,4269,9051,88514958,yabanci,2026_03,2026-04-18 13:53
PLTUR,4003,335652,49500000,yabanci,2026_03,2026-04-18 13:53
ARENA,3270,44205,66996461,yabanci,2026_03,2026-04-18 13:53
POLTK,2460,295537,1125000,yabanci,2026_03,2026-04-18 13:53
ISGSY,2039,3190,47378729,yabanci,2026_03,2026-04-18 13:53
BESTE,1627,1627,54578499,yabanci,2026_03,2026-04-18 13:53
GRSEL,1553,1851194,29650000,yabanci,2026_03,2026-04-18 13:53
ELITE,1351,3705,44650000,yabanci,2026_03,2026-04-18 13:53
INGRM,1206,2392,14969536,yabanci,2026_03,2026-04-18 13:53
PAPIL,945,544814,206247674,yabanci,2026_03,2026-04-18 13:53
ACSEL,330,331,8589113,yabanci,2026_03,2026-04-18 13:53
HKTM,268,268,72747495,yabanci,2026_03,2026-04-18 13:53
MRSHL,142,144,4212888,yabanci,2026_03,2026-04-18 13:53
DOFER,4,1832,20172500,yabanci,2026_03,2026-04-18 13:53
ENPRA,0,70,374258700,yabanci,2026_03,2026-04-18 13:53
CMENT,0,1776,56829666,yabanci,2026_03,2026-04-18 13:53
SEKUR,0,124797,131457835,yabanci,2026_03,2026-04-18 13:53
SEYKM,0,1,151040901,yabanci,2026_03,2026-04-18 13:53
SILVR,0,9,212818206,yabanci,2026_03,2026-04-18 13:53
DOGUB,0,0,19821566,yabanci,2026_03,2026-04-18 13:53
SKYLP,0,0,7159255,yabanci,2026_03,2026-04-18 13:53
ERSU,0,0,31755894,yabanci,2026_03,2026-04-18 13:53
MZHLD,0,1,72215314,yabanci,2026_03,2026-04-18 13:53
SNPAM,0,1,19679871,yabanci,2026_03,2026-04-18 13:53
SONME,0,0,4349319,yabanci,2026_03,2026-04-18 13:53
ANGEN,0,305018,86440002,yabanci,2026_03,2026-04-18 13:53
NIBAS,0,700000,267767946,yabanci,2026_03,2026-04-18 13:53
ARTOG,0,220000,18578922,yabanci,2026_03,2026-04-18 13:53
AGYO,0,1,129036460,yabanci,2026_03,2026-04-18 13:53
KRATL,0,5403,17800000,yabanci,2026_03,2026-04-18 13:53
TDGYO,0,398606,61998213,yabanci,2026_03,2026-04-18 13:53
IHEVA,0,2929901,291631239,yabanci,2026_03,2026-04-18 13:53
AKYHO,0,2,223895870,yabanci,2026_03,2026-04-18 13:53
ORCAY,0,0,151124962,yabanci,2026_03,2026-04-18 13:53
OSMEN,0,192779,159162130,yabanci,2026_03,2026-04-18 13:53
KSTUR,0,406,3952560,yabanci,2026_03,2026-04-18 13:53
OYAYO,0,16000,19999941,yabanci,2026_03,2026-04-18 13:53
OYLUM,0,0,80937367,yabanci,2026_03,2026-04-18 13:53
ARAT,0,600000,39867975,yabanci,2026_03,2026-04-18 13:53
ARBUL,0,2300,15459297,yabanci,2026_03,2026-04-18 13:53
OZRDN,0,5,57107579,yabanci,2026_03,2026-04-18 13:53
DGGYO,0,7410,280709437,yabanci,2026_03,2026-04-18 13:53
FENIS,0,210000,26080019,yabanci,2026_03,2026-04-18 13:53
FLAP,0,1,93599985,yabanci,2026_03,2026-04-18 13:53
LIOYS,0,0,31625013,yabanci,2026_03,2026-04-18 13:53
ASYAB,0,24964841,477899601,yabanci,2026_03,2026-04-18 13:53
ISBIR,0,3825,14545542,yabanci,2026_03,2026-04-18 13:53
ULAS,0,0,25200172,yabanci,2026_03,2026-04-18 13:53
UNTAR,0,1,29562129,yabanci,2026_03,2026-04-18 13:53
UZEL,0,3054418,26329793,yabanci,2026_03,2026-04-18 13:53
EGCYO,0,0,21986285,yabanci,2026_03,2026-04-18 13:53
BAYRK,0,886,189751123,yabanci,2026_03,2026-04-18 13:53
MANGO,0,50001,37831688,yabanci,2026_03,2026-04-18 13:53
AKMGY,0,2,21568998,yabanci,2026_03,2026-04-18 13:53
AKPAZ,0,352917,22488832,yabanci,2026_03,2026-04-18 13:53
GLBMD,0,0,28880500,yabanci,2026_03,2026-04-18 13:53
ATEKS,0,4172,5441598,yabanci,2026_03,2026-04-18 13:53
MEGAP,0,1,234498757,yabanci,2026_03,2026-04-18 13:53
PRZMA,0,60,61941150,yabanci,2026_03,2026-04-18 13:53
PSDTC,0,284,6599991,yabanci,2026_03,2026-04-18 13:53
ATPET,0,101,11403497,yabanci,2026_03,2026-04-18 13:53
QNBFK,0,13,843137646,yabanci,2026_03,2026-04-18 13:53
QNBTR,0,31,2571745911,yabanci,2026_03,2026-04-18 13:53
CMBTN,0,1719,1023000,yabanci,2026_03,2026-04-18 13:53
MEMSA,0,0,160110709,yabanci,2026_03,2026-04-18 13:53
RNPOL,0,4000000,335900000,yabanci,2026_03,2026-04-18 13:53
MENBA,0,4513,3496852,yabanci,2026_03,2026-04-18 13:53
GOLDS,0,222541,192323946,yabanci,2026_03,2026-04-18 13:53
KENT,0,0,1786507,yabanci,2026_03,2026-04-18 13:53
KERVN,0,0,588346973,yabanci,2026_03,2026-04-18 13:53
SANEL,0,1,18112451,yabanci,2026_03,2026-04-18 13:53
GRNYO,0,130436,37386059,yabanci,2026_03,2026-04-18 13:53
KLNMA,0,57760,91846864,yabanci,2026_03,2026-04-18 13:53
GLDTRF,-240,644,47850000,yabanci,2026_03,2026-04-18 13:53
TARKM,-519,2142,4999997,yabanci,2026_03,2026-04-18 13:53
GARFA,-981,31996,138399778,yabanci,2026_03,2026-04-18 13:53
BRLSM,-1002,76377,108025075,yabanci,2026_03,2026-04-18 13:53
ULUUN,-1808,3634479,290523353,yabanci,2026_03,2026-04-18 13:53
MAALT,-2545,10680,4763850,yabanci,2026_03,2026-04-18 13:53
KONYA,-2945,47442,1646416,yabanci,2026_03,2026-04-18 13:53
IHAAS,-3458,21950291,56031248,yabanci,2026_03,2026-04-18 13:53
TRILC,-3487,746926,118499496,yabanci,2026_03,2026-04-18 13:53
HATSN,-4230,85233,44299964,yabanci,2026_03,2026-04-18 13:53
ALCAR,-5842,208,1721735,yabanci,2026_03,2026-04-18 13:53
INVEO,-7843,405046,998999954,yabanci,2026_03,2026-04-18 13:53
GEREL,-8013,1823,219036379,yabanci,2026_03,2026-04-18 13:53
MTRKS,-8033,479237,43633165,yabanci,2026_03,2026-04-18 13:53
KLYPV,-8345,2887674,46334639,yabanci,2026_03,2026-04-18 13:53
SURGY,-10460,773,44999990,yabanci,2026_03,2026-04-18 13:53
DESA,-10491,21740506,171107590,yabanci,2026_03,2026-04-18 13:53
MEPET,-10739,1299158,73940585,yabanci,2026_03,2026-04-18 13:53
GOLTS,-11912,750147,12422783,yabanci,2026_03,2026-04-18 13:53
TRHOL,-12000,1801,17583212,yabanci,2026_03,2026-04-18 13:53
ENDAE,-13090,201921,123901910,yabanci,2026_03,2026-04-18 13:53
CUSAN,-13267,14418,18500000,yabanci,2026_03,2026-04-18 13:53
HLGYO,-14085,31896876,1075198517,yabanci,2026_03,2026-04-18 13:53
ULUSE,-14222,30203,24000000,yabanci,2026_03,2026-04-18 13:53
TMSN,-14477,1978958,44449999,yabanci,2026_03,2026-04-18 13:53
YAYLA,-14539,27976,39874966,yabanci,2026_03,2026-04-18 13:53
ARSAN,-15592,2262138,887344281,yabanci,2026_03,2026-04-18 13:53
CRDFA,-17457,0,224990570,yabanci,2026_03,2026-04-18 13:53
SUWEN,-17474,46727107,365687500,yabanci,2026_03,2026-04-18 13:53
CEMTS,-17853,3093726,233425986,yabanci,2026_03,2026-04-18 13:53
OZSUB,-20827,44329,44247402,yabanci,2026_03,2026-04-18 13:53
ARDYZ,-24247,2943576,279551557,yabanci,2026_03,2026-04-18 13:53
ERBOS,-27835,285491,15899843,yabanci,2026_03,2026-04-18 13:53
GEDIK,-28595,211511,983076857,yabanci,2026_03,2026-04-18 13:53
AKCNS,-29052,3388333,39359284,yabanci,2026_03,2026-04-18 13:53
AKHAN,-29998,3902,54700000,yabanci,2026_03,2026-04-18 13:53
JANTS,-30923,3862200,207607465,yabanci,2026_03,2026-04-18 13:53
TUKAS,-30955,179508942,4499995929,yabanci,2026_03,2026-04-18 13:53
LKMNH,-31949,2234194,163262533,yabanci,2026_03,2026-04-18 13:53
AVHOL,-32251,975,26047279,yabanci,2026_03,2026-04-18 13:53
EGEEN,-33117,70890,1137161,yabanci,2026_03,2026-04-18 13:53
FRIGO,-35961,114949,263258455,yabanci,2026_03,2026-04-18 13:53
PNSUT,-36071,301005,128323851,yabanci,2026_03,2026-04-18 13:53
FMIZP,-36499,18067,3497641,yabanci,2026_03,2026-04-18 13:53
BIZIM,-41380,33252,27601626,yabanci,2026_03,2026-04-18 13:53
SMRVA,-43337,2169781,28000000,yabanci,2026_03,2026-04-18 13:53
VAKFA,-45188,603592,224999701,yabanci,2026_03,2026-04-18 13:53
TATEN,-46808,4192993,347799724,yabanci,2026_03,2026-04-18 13:53
BRISA,-47730,1981941,31247472,yabanci,2026_03,2026-04-18 13:53
ISYAT,-49329,2,152245569,yabanci,2026_03,2026-04-18 13:53
EDIP,-50650,75266,36468204,yabanci,2026_03,2026-04-18 13:53
BORLS,-51703,14314177,308652686,yabanci,2026_03,2026-04-18 13:53
TMPOL,-53109,6585,11039990,yabanci,2026_03,2026-04-18 13:53
PENTA,-53248,10882545,181070136,yabanci,2026_03,2026-04-18 13:53
KUTPO,-54820,13041,10524430,yabanci,2026_03,2026-04-18 13:53
OTTO,-59150,27333,5824438,yabanci,2026_03,2026-04-18 13:53
GZNMI,-60952,81535,40949825,yabanci,2026_03,2026-04-18 13:53
ARTMS,-61047,2330,28399999,yabanci,2026_03,2026-04-18 13:53
ENSRI,-62129,12462849,236333503,yabanci,2026_03,2026-04-18 13:53
KZGYO,-62667,74806,49999978,yabanci,2026_03,2026-04-18 13:53
PKART,-65454,3360006,11048497,yabanci,2026_03,2026-04-18 13:53
GESAN,-66121,9961444,141759179,yabanci,2026_03,2026-04-18 13:53
KRONT,-66844,2892818,116892885,yabanci,2026_03,2026-04-18 13:53
HRKET,-67366,720502,24000000,yabanci,2026_03,2026-04-18 13:53
NUHCM,-67648,6400619,33164430,yabanci,2026_03,2026-04-18 13:53
KRPLS,-69915,996052,78486163,yabanci,2026_03,2026-04-18 13:53
POLHO,-70862,16216864,164140074,yabanci,2026_03,2026-04-18 13:53
BURVA,-70983,344,4723271,yabanci,2026_03,2026-04-18 13:53
OZYSR,-73183,11058,40488000,yabanci,2026_03,2026-04-18 13:53
OZATD,-74628,505305,13349988,yabanci,2026_03,2026-04-18 13:53
CRFSA,-75949,1734122,18312793,yabanci,2026_03,2026-04-18 13:53
DGATE,-78151,22090,15227271,yabanci,2026_03,2026-04-18 13:53
AVPGY,-78565,3444335,99999990,yabanci,2026_03,2026-04-18 13:53
KLRHO,-78767,57461564,341250000,yabanci,2026_03,2026-04-18 13:53
ALKA,-82194,3718,330750000,yabanci,2026_03,2026-04-18 13:53
BAGFS,-88156,3621930,100042745,yabanci,2026_03,2026-04-18 13:53
RUZYE,-88176,1000000,267748491,yabanci,2026_03,2026-04-18 13:53
OFSYM,-89808,27696,22749998,yabanci,2026_03,2026-04-18 13:53
CEMAS,-89936,6204043,790994229,yabanci,2026_03,2026-04-18 13:53
NETAS,-90310,2351,31783484,yabanci,2026_03,2026-04-18 13:53
DEVA,-93277,565478,199971824,yabanci,2026_03,2026-04-18 13:53
HEDEF,-95227,1760983,562499930,yabanci,2026_03,2026-04-18 13:53
OBAMS,-96079,6264637,751078524,yabanci,2026_03,2026-04-18 13:53
PARSN,-98384,410163,34033246,yabanci,2026_03,2026-04-18 13:53
ASUZU,-99273,2719891,41130807,yabanci,2026_03,2026-04-18 13:53
BASGZ,-104659,12548304,174999999,yabanci,2026_03,2026-04-18 13:53
OSTIM,-105706,3392590,510004637,yabanci,2026_03,2026-04-18 13:53
METRO,-121808,447337,539989959,yabanci,2026_03,2026-04-18 13:53
TATGD,-127692,7862978,119286243,yabanci,2026_03,2026-04-18 13:53
DYOBY,-131741,382923,186553687,yabanci,2026_03,2026-04-18 13:53
KARSN,-136987,22063803,827827039,yabanci,2026_03,2026-04-18 13:53
DERIM,-139087,171,40403770,yabanci,2026_03,2026-04-18 13:53
ORGE,-144079,7706375,41839996,yabanci,2026_03,2026-04-18 13:53
MSGYO,-144293,63376,169650150,yabanci,2026_03,2026-04-18 13:53
SELEC,-151692,12991463,124262097,yabanci,2026_03,2026-04-18 13:53
KTSKR,-151761,10280,14691795,yabanci,2026_03,2026-04-18 13:53
DUNYH,-151956,2304415,36443197,yabanci,2026_03,2026-04-18 13:53
ECZYT,-152376,1324357,45880511,yabanci,2026_03,2026-04-18 13:53
ONRYT,-153236,65431,19730000,yabanci,2026_03,2026-04-18 13:53
MAKIM,-163940,53608,42559998,yabanci,2026_03,2026-04-18 13:53
ADGYO,-178885,593129,379654333,yabanci,2026_03,2026-04-18 13:53
GOODY,-185162,64806429,132804473,yabanci,2026_03,2026-04-18 13:53
YATAS,-187541,12610904,94866488,yabanci,2026_03,2026-04-18 13:53
MANAS,-197113,12228,306992000,yabanci,2026_03,2026-04-18 13:53
HURGZ,-197382,643,220784167,yabanci,2026_03,2026-04-18 13:53
FZLGY,-198861,2537541,398427644,yabanci,2026_03,2026-04-18 13:53
UNLU,-199145,70917,102181558,yabanci,2026_03,2026-04-18 13:53
AKFYE,-211226,146733229,551782160,yabanci,2026_03,2026-04-18 13:53
SANKO,-213112,446236,37499197,yabanci,2026_03,2026-04-18 13:53
EMKEL,-221501,178001,149999458,yabanci,2026_03,2026-04-18 13:53
EPLAS,-242882,2473396,190491857,yabanci,2026_03,2026-04-18 13:53
GOKNR,-258067,5944822,178040711,yabanci,2026_03,2026-04-18 13:53
ATATP,-265507,1067645,18809999,yabanci,2026_03,2026-04-18 13:53
EDATA,-281025,74675,160065395,yabanci,2026_03,2026-04-18 13:53
VESTL,-282919,6941997,295447203,yabanci,2026_03,2026-04-18 13:53
TSGYO,-292469,519053,266499982,yabanci,2026_03,2026-04-18 13:53
ALFAS,-299617,5859389,84639559,yabanci,2026_03,2026-04-18 13:53
AKSUE,-302700,216798,56376184,yabanci,2026_03,2026-04-18 13:53
YYAPI,-304138,3744548,1705025550,yabanci,2026_03,2026-04-18 13:53
ARASE,-310366,5398367,49999991,yabanci,2026_03,2026-04-18 13:53
EUREN,-320423,63464446,1040132637,yabanci,2026_03,2026-04-18 13:53
AVGYO,-330705,1,111590302,yabanci,2026_03,2026-04-18 13:53
AYDEM,-331784,24633911,130000000,yabanci,2026_03,2026-04-18 13:53
RALYH,-332005,14210669,176370972,yabanci,2026_03,2026-04-18 13:53
YIGIT,-337381,317490,74999974,yabanci,2026_03,2026-04-18 13:53
BINHO,-338762,43019,488884380,yabanci,2026_03,2026-04-18 13:53
KLSER,-342559,5414302,109457654,yabanci,2026_03,2026-04-18 13:53
BARMA,-343878,234969,78130939,yabanci,2026_03,2026-04-18 13:53
AVOD,-350598,42526,253604577,yabanci,2026_03,2026-04-18 13:53
ARMGD,-375692,742967,54996000,yabanci,2026_03,2026-04-18 13:53
CEOEM,-376373,82552,22209658,yabanci,2026_03,2026-04-18 13:53
ODINE,-380738,2425510,52810834,yabanci,2026_03,2026-04-18 13:53
EGPRO,-404986,88218,175170570,yabanci,2026_03,2026-04-18 13:53
EBEBK,-421949,3557143,40534692,yabanci,2026_03,2026-04-18 13:53
GLCVY,-423782,51407,26400000,yabanci,2026_03,2026-04-18 13:53
KRVGD,-433433,53032341,596159766,yabanci,2026_03,2026-04-18 13:53
AGESA,-436746,20196876,35829553,yabanci,2026_03,2026-04-18 13:53
KBORU,-445386,1456850,143999994,yabanci,2026_03,2026-04-18 13:53
SELVA,-449007,211374,775687737,yabanci,2026_03,2026-04-18 13:53
ISFIN,-449875,33476614,310154523,yabanci,2026_03,2026-04-18 13:53
GSDDE,-452623,27896,106850751,yabanci,2026_03,2026-04-18 13:53
LIDER,-459408,21200403,279500000,yabanci,2026_03,2026-04-18 13:53
KOTON,-463837,67963,136599922,yabanci,2026_03,2026-04-18 13:53
GUBRF,-467704,7465324,85403679,yabanci,2026_03,2026-04-18 13:53
PETUN,-492067,379280,134673118,yabanci,2026_03,2026-04-18 13:53
HTTBT,-508199,15261831,82805422,yabanci,2026_03,2026-04-18 13:53
RGYAS,-510124,51270582,105523000,yabanci,2026_03,2026-04-18 13:53
KARTN,-538374,664602,72781126,yabanci,2026_03,2026-04-18 13:53
ICBCT,-614352,86801,216761845,yabanci,2026_03,2026-04-18 13:53
AHSGY,-616041,15419364,184999889,yabanci,2026_03,2026-04-18 13:53
BOBET,-647751,702357,113999998,yabanci,2026_03,2026-04-18 13:53
KFEIN,-663912,214568,150306170,yabanci,2026_03,2026-04-18 13:53
GRTHO,-690936,5801230,36745000,yabanci,2026_03,2026-04-18 13:53
MACKO,-733182,243608,41500000,yabanci,2026_03,2026-04-18 13:53
YEOTK,-755670,9269648,160933198,yabanci,2026_03,2026-04-18 13:53
BNTAS,-755927,84802,170624998,yabanci,2026_03,2026-04-18 13:53
IZMDC,-774561,37341332,723225318,yabanci,2026_03,2026-04-18 13:53
MPARK,-780883,33258893,80869110,yabanci,2026_03,2026-04-18 13:53
ESEN,-806813,37660049,682499950,yabanci,2026_03,2026-04-18 13:53
TCKRC,-810327,35739,70000000,yabanci,2026_03,2026-04-18 13:53
KRDMB,-883710,2032479,118762110,yabanci,2026_03,2026-04-18 13:53
GUNDG,-910128,593873,18968983,yabanci,2026_03,2026-04-18 13:53
OZKGY,-934119,23977114,363999945,yabanci,2026_03,2026-04-18 13:53
LMKDC,-956661,1870232,155929999,yabanci,2026_03,2026-04-18 13:53
YUNSA,-961742,201784,202164056,yabanci,2026_03,2026-04-18 13:53
IHGZT,-975912,12156857,570666228,yabanci,2026_03,2026-04-18 13:53
SOKE,-997468,131549,126999996,yabanci,2026_03,2026-04-18 13:53
TNZTP,-1006501,767349,87499950,yabanci,2026_03,2026-04-18 13:53
MGROS,-1051208,31991071,96563568,yabanci,2026_03,2026-04-18 13:53
LOGO,-1056299,20690782,74328248,yabanci,2026_03,2026-04-18 13:53
TRMET,-1063713,49617328,174483588,yabanci,2026_03,2026-04-18 13:53
KLKIM,-1065970,8592415,138383655,yabanci,2026_03,2026-04-18 13:53
TRCAS,-1095561,4786107,206252869,yabanci,2026_03,2026-04-18 13:53
MERIT,-1118024,462735,329748900,yabanci,2026_03,2026-04-18 13:53
GOZDE,-1167878,3338168,384991447,yabanci,2026_03,2026-04-18 13:53
GWIND,-1186211,10636370,179165491,yabanci,2026_03,2026-04-18 13:53
ISSEN,-1191039,74621,107417374,yabanci,2026_03,2026-04-18 13:53
ISGYO,-1198809,37922886,531312439,yabanci,2026_03,2026-04-18 13:53
SNICA,-1199198,1,321688855,yabanci,2026_03,2026-04-18 13:53
KCAER,-1221980,62105385,496494775,yabanci,2026_03,2026-04-18 13:53
KRSTL,-1225595,2294496,183664642,yabanci,2026_03,2026-04-18 13:53
CONSE,-1253001,1837188,377854899,yabanci,2026_03,2026-04-18 13:53
TTRAK,-1253866,5552604,24967158,yabanci,2026_03,2026-04-18 13:53
BIGTK,-1289915,421231,23834373,yabanci,2026_03,2026-04-18 13:53
AKGRT,-1300322,150436236,629007625,yabanci,2026_03,2026-04-18 13:53
KLGYO,-1348412,7195211,689399869,yabanci,2026_03,2026-04-18 13:53
OTKAR,-1445997,3764225,33417145,yabanci,2026_03,2026-04-18 13:53
MOPAS,-1460784,1385,57330000,yabanci,2026_03,2026-04-18 13:53
ALBRK,-1480033,203485515,1050739765,yabanci,2026_03,2026-04-18 13:53
SNGYO,-1507743,150123294,3607173097,yabanci,2026_03,2026-04-18 13:53
KLSYN,-1602684,598848,107854952,yabanci,2026_03,2026-04-18 13:53
ULUFA,-1665915,1168429,305269391,yabanci,2026_03,2026-04-18 13:53
AKSGY,-1769497,85385466,1628451947,yabanci,2026_03,2026-04-18 13:53
BRSAN,-1921307,2166394,35912460,yabanci,2026_03,2026-04-18 13:53
EGEPO,-1946126,1825345,200000000,yabanci,2026_03,2026-04-18 13:53
VRGYO,-2014381,28579448,597693904,yabanci,2026_03,2026-04-18 13:53
MAGEN,-2111302,89284458,719512140,yabanci,2026_03,2026-04-18 13:53
SKBNK,-2183579,123474119,2498877855,yabanci,2026_03,2026-04-18 13:53
AFYON,-2253592,6100733,399992258,yabanci,2026_03,2026-04-18 13:53
INDES,-2258079,35365411,462749767,yabanci,2026_03,2026-04-18 13:53
KGYO,-2344939,1120835,767894934,yabanci,2026_03,2026-04-18 13:53
BUCIM,-2363908,43291799,1292638065,yabanci,2026_03,2026-04-18 13:53
EGEGY,-2397984,902778,69140000,yabanci,2026_03,2026-04-18 13:53
DOAS,-2449821,18061434,97899975,yabanci,2026_03,2026-04-18 13:53
ISMEN,-2487162,121406445,467723147,yabanci,2026_03,2026-04-18 13:53
VESBE,-2532148,27760643,503578676,yabanci,2026_03,2026-04-18 13:53
RYSAS,-2562199,867889337,1504020937,yabanci,2026_03,2026-04-18 13:53
PENGD,-2574824,4875,171069968,yabanci,2026_03,2026-04-18 13:53
IMASM,-2594601,28989299,650600499,yabanci,2026_03,2026-04-18 13:53
ZRGYO,-2615006,76834418,1173404997,yabanci,2026_03,2026-04-18 13:53
AGHOL,-2730692,249020211,1069828243,yabanci,2026_03,2026-04-18 13:53
KIMMR,-2738343,395647,75000000,yabanci,2026_03,2026-04-18 13:53
KTLEV,-2920990,74490091,1288500000,yabanci,2026_03,2026-04-18 13:53
VKGYO,-2928137,80457958,1637203242,yabanci,2026_03,2026-04-18 13:53
TKFEN,-2934710,18335255,230848007,yabanci,2026_03,2026-04-18 13:53
FROTO,-3024720,233133641,625119847,yabanci,2026_03,2026-04-18 13:53
BURCE,-3072519,136807,44422390,yabanci,2026_03,2026-04-18 13:53
ENTRA,-3127831,5944696,369383564,yabanci,2026_03,2026-04-18 13:53
GLYHO,-3141127,251453981,1949290631,yabanci,2026_03,2026-04-18 13:53
NTHOL,-3143440,19930147,485479112,yabanci,2026_03,2026-04-18 13:53
QUAGR,-3214860,110499944,1773200000,yabanci,2026_03,2026-04-18 13:53
BERA,-3283797,48619729,492027250,yabanci,2026_03,2026-04-18 13:53
SARKY,-3427349,62221877,999999671,yabanci,2026_03,2026-04-18 13:53
GSDHO,-3549464,100763537,999994969,yabanci,2026_03,2026-04-18 13:53
MOBTL,-3639179,5153125,207999999,yabanci,2026_03,2026-04-18 13:53
CVKMD,-3891214,21487007,461999787,yabanci,2026_03,2026-04-18 13:53
KRDMA,-3943367,19962154,240300917,yabanci,2026_03,2026-04-18 13:53
ESCOM,-4401395,23810746,465831670,yabanci,2026_03,2026-04-18 13:53
ISDMR,-4443557,22669527,147631816,yabanci,2026_03,2026-04-18 13:53
ENERY,-5882094,260913746,2420687469,yabanci,2026_03,2026-04-18 13:53
PGSUS,-5904462,30568880,295068869,yabanci,2026_03,2026-04-18 13:53
TCELL,-6141125,718161681,1622604373,yabanci,2026_03,2026-04-18 13:53
ULKER,-6144263,46792798,338855989,yabanci,2026_03,2026-04-18 13:53
AKSA,-6283588,258754404,1503650642,yabanci,2026_03,2026-04-18 13:53
HEKTS,-6384357,341910297,3946424637,yabanci,2026_03,2026-04-18 13:53
TRGYO,-6517310,36774622,251573369,yabanci,2026_03,2026-04-18 13:53
SISE,-7594117,171582982,1814905641,yabanci,2026_03,2026-04-18 13:53
VAKBN,-8461007,170627506,8046896130,yabanci,2026_03,2026-04-18 13:53
DOHOL,-8480699,207915178,984706978,yabanci,2026_03,2026-04-18 13:53
HALKB,-9464874,23829112,6546422780,yabanci,2026_03,2026-04-18 13:53
TUREX,-10053495,4250408,432000000,yabanci,2026_03,2026-04-18 13:53
CWENE,-12068423,36839700,530758241,yabanci,2026_03,2026-04-18 13:53
ISKPL,-12388339,31217597,724625736,yabanci,2026_03,2026-04-18 13:53
SOKM,-13633774,141389280,448708248,yabanci,2026_03,2026-04-18 13:53
ALGYO,-13775876,21937152,989338262,yabanci,2026_03,2026-04-18 13:53
SAHOL,-15348859,320699409,1149847384,yabanci,2026_03,2026-04-18 13:53
AKFGY,-15886119,125229672,3457819313,yabanci,2026_03,2026-04-18 13:53
BJKAS,-17357506,62632473,1776089716,yabanci,2026_03,2026-04-18 13:53
GARAN,-17619072,155338985,2454957797,yabanci,2026_03,2026-04-18 13:53
YGYO,-17627625,1752091,1310632851,yabanci,2026_03,2026-04-18 13:53
PEKGY,-19640560,374738798,4685173406,yabanci,2026_03,2026-04-18 13:53
THYAO,-19836369,136817243,739463453,yabanci,2026_03,2026-04-18 13:53
EKGYO,-20460183,439409401,1925107366,yabanci,2026_03,2026-04-18 13:53
AEFES,-21280852,798240112,2028860053,yabanci,2026_03,2026-04-18 13:53
GENIL,-21853786,110096656,1289069985,yabanci,2026_03,2026-04-18 13:53
ALVES,-22577924,2303699,1159999780,yabanci,2026_03,2026-04-18 13:53
DAPGM,-22873373,67904886,942910838,yabanci,2026_03,2026-04-18 13:53
TSPOR,-23086500,8093907,3674975174,yabanci,2026_03,2026-04-18 13:53
ZOREN,-25766409,234640432,2681244194,yabanci,2026_03,2026-04-18 13:53
TRALT,-31540529,245899926,952269019,yabanci,2026_03,2026-04-18 13:53
YKBNK,-115842675,1507272456,4705620952,yabanci,2026_03,2026-04-18 13:53
SASA,-117930109,2813358429,25700434927,yabanci,2026_03,2026-04-18 13:53
AKBNK,-146370426,1525228422,3059320211,yabanci,2026_03,2026-04-18 13:53
ALVES,192011509,206164867,1159999780,fon,2026_03,2026-04-18 13:53
KTLEV,111918586,264011263,1288500000,fon,2026_03,2026-04-18 13:53
ISCTR,97090221,1370980800,8880396856,fon,2026_03,2026-04-18 13:53
MARTI,94982361,141076166,1475768116,fon,2026_03,2026-04-18 13:53
SVGYO,90782261,90782261,295400000,fon,2026_03,2026-04-18 13:53
BTCIM,77636507,393034013,4220286921,fon,2026_03,2026-04-18 13:53
EREGL,70833604,599055619,3554243274,fon,2026_03,2026-04-18 13:53
DOHOL,60047586,152749619,984706978,fon,2026_03,2026-04-18 13:53
TERA,53650106,147371034,240888789,fon,2026_03,2026-04-18 13:53
SASA,49233100,1832445791,25700434927,fon,2026_03,2026-04-18 13:53
AKBNK,41211486,454547555,3059320211,fon,2026_03,2026-04-18 13:53
PETKM,39400022,163104154,1241729843,fon,2026_03,2026-04-18 13:53
CRDFA,36153456,52107639,224990570,fon,2026_03,2026-04-18 13:53
DAPGM,30424732,146486236,942910838,fon,2026_03,2026-04-18 13:53
CANTE,24404739,183924980,8608815636,fon,2026_03,2026-04-18 13:53
MRGYO,23213782,24403413,2277966226,fon,2026_03,2026-04-18 13:53
AKSA,22268565,168435169,1503650642,fon,2026_03,2026-04-18 13:53
CWENE,19888056,267339757,530758241,fon,2026_03,2026-04-18 13:53
BSOKE,19319375,107898657,458487038,fon,2026_03,2026-04-18 13:53
THYAO,16590071,68995146,739463453,fon,2026_03,2026-04-18 13:53
HEDEF,16453529,327033267,562499930,fon,2026_03,2026-04-18 13:53
IZENR,14956417,43786375,914537597,fon,2026_03,2026-04-18 13:53
YKBNK,14803607,563771725,4705620952,fon,2026_03,2026-04-18 13:53
ISKPL,13353623,133959341,724625736,fon,2026_03,2026-04-18 13:53
LINK,12789097,13318760,747511382,fon,2026_03,2026-04-18 13:53
KOPOL,12230175,18078531,266319652,fon,2026_03,2026-04-18 13:53
MAGEN,12032759,427790470,719512140,fon,2026_03,2026-04-18 13:53
PASEU,11702054,81734328,215295868,fon,2026_03,2026-04-18 13:53
AEFES,11467460,175533909,2028860053,fon,2026_03,2026-04-18 13:53
TUPRS,11294799,66820737,942334139,fon,2026_03,2026-04-18 13:53
SAHOL,10631533,180318672,1149847384,fon,2026_03,2026-04-18 13:53
KRDMA,9757339,19968171,240300917,fon,2026_03,2026-04-18 13:53
SOKE,9383949,20067005,126999996,fon,2026_03,2026-04-18 13:53
GARAN,9274206,126156808,2454957797,fon,2026_03,2026-04-18 13:53
TEZOL,8927533,24874450,139999972,fon,2026_03,2026-04-18 13:53
ZERGY,8772853,16330134,156799985,fon,2026_03,2026-04-18 13:53
AKGRT,8733760,96357518,629007625,fon,2026_03,2026-04-18 13:53
TSKB,8448952,98769419,1516591673,fon,2026_03,2026-04-18 13:53
ULUFA,8431249,14848099,305269391,fon,2026_03,2026-04-18 13:53
TRALT,7981009,66751068,952269019,fon,2026_03,2026-04-18 13:53
MAVI,7951700,89830246,576779312,fon,2026_03,2026-04-18 13:53
PSGYO,7418615,278452276,2954231556,fon,2026_03,2026-04-18 13:53
TUREX,7267707,16883016,432000000,fon,2026_03,2026-04-18 13:53
KUYAS,6947751,70168290,398957788,fon,2026_03,2026-04-18 13:53
GUNDG,6947313,13203319,18968983,fon,2026_03,2026-04-18 13:53
INFO,6677478,267388167,767463333,fon,2026_03,2026-04-18 13:53
INVEO,6614431,14141841,998999954,fon,2026_03,2026-04-18 13:53
IZFAS,5941480,53318915,156001658,fon,2026_03,2026-04-18 13:53
SOKM,5519568,46905312,448708248,fon,2026_03,2026-04-18 13:53
ZRGYO,5190987,767549631,1173404997,fon,2026_03,2026-04-18 13:53
KCHOL,4486940,63646888,674053695,fon,2026_03,2026-04-18 13:53
MOGAN,4451019,21094962,262635000,fon,2026_03,2026-04-18 13:53
ANSGR,4296065,159353129,1564416026,fon,2026_03,2026-04-18 13:53
INDES,4146295,64045081,462749767,fon,2026_03,2026-04-18 13:53
GEDIK,4120785,73575592,983076857,fon,2026_03,2026-04-18 13:53
TCELL,4098170,110870623,1622604373,fon,2026_03,2026-04-18 13:53
EGEGY,3875092,4565290,69140000,fon,2026_03,2026-04-18 13:53
MEGMT,3675309,6253572,85749986,fon,2026_03,2026-04-18 13:53
ENDAE,3447460,3451689,123901910,fon,2026_03,2026-04-18 13:53
SISE,3266175,111554193,1814905641,fon,2026_03,2026-04-18 13:53
DAGI,3151043,40921663,175301274,fon,2026_03,2026-04-18 13:53
QUAGR,3062508,311223925,1773200000,fon,2026_03,2026-04-18 13:53
AKSEN,2976199,18716053,638545796,fon,2026_03,2026-04-18 13:53
DCTTR,2742705,31953962,157328724,fon,2026_03,2026-04-18 13:53
DSTKF,2718995,55278552,84533333,fon,2026_03,2026-04-18 13:53
AKFYE,2663390,57141535,551782160,fon,2026_03,2026-04-18 13:53
KCAER,2441473,36902814,496494775,fon,2026_03,2026-04-18 13:53
KRVGD,2362468,111119883,596159766,fon,2026_03,2026-04-18 13:53
ENKAI,2186078,40791111,874733059,fon,2026_03,2026-04-18 13:53
GMSTRF,2063757,26804491,75300000,fon,2026_03,2026-04-18 13:53
AYDEM,2047276,7172133,130000000,fon,2026_03,2026-04-18 13:53
DERHL,2000137,2004663,197281316,fon,2026_03,2026-04-18 13:53
KOCMT,1973032,7797952,587485478,fon,2026_03,2026-04-18 13:53
ULKER,1960351,15433867,338855989,fon,2026_03,2026-04-18 13:53
ENSRI,1900000,123960530,236333503,fon,2026_03,2026-04-18 13:53
MIATK,1880909,14803109,313087979,fon,2026_03,2026-04-18 13:53
ODINE,1786125,13516973,52810834,fon,2026_03,2026-04-18 13:53
VAKFA,1777483,2903088,224999701,fon,2026_03,2026-04-18 13:53
ADGYO,1510163,47148434,379654333,fon,2026_03,2026-04-18 13:53
AHSGY,1407419,93264066,184999889,fon,2026_03,2026-04-18 13:53
BARMA,1396254,4057167,78130939,fon,2026_03,2026-04-18 13:53
GOZDE,1304529,15319103,384991447,fon,2026_03,2026-04-18 13:53
IHAAS,1295262,6215564,56031248,fon,2026_03,2026-04-18 13:53
GLRMK,1285173,6081744,58116000,fon,2026_03,2026-04-18 13:53
TKFEN,1243712,14102269,230848007,fon,2026_03,2026-04-18 13:53
TRHOL,1234616,8816111,17583212,fon,2026_03,2026-04-18 13:53
AZTEK,1219649,14020210,279000000,fon,2026_03,2026-04-18 13:53
KLGYO,1163310,95846119,689399869,fon,2026_03,2026-04-18 13:53
TDGYO,1156174,1158688,61998213,fon,2026_03,2026-04-18 13:53
SKYLP,1139915,2168842,7159255,fon,2026_03,2026-04-18 13:53
TATGD,1112885,5513953,119286243,fon,2026_03,2026-04-18 13:53
ICUGS,1106086,1131212,336250000,fon,2026_03,2026-04-18 13:53
YYLGD,1037227,76495423,369826200,fon,2026_03,2026-04-18 13:53
OZYSR,1023210,2296443,40488000,fon,2026_03,2026-04-18 13:53
OZGYO,1002295,1008361,490916869,fon,2026_03,2026-04-18 13:53
BESLR,963491,34866529,658098036,fon,2026_03,2026-04-18 13:53
KARSN,954342,11300803,827827039,fon,2026_03,2026-04-18 13:53
ERSU,869764,1790000,31755894,fon,2026_03,2026-04-18 13:53
KORDS,856881,2717789,65421451,fon,2026_03,2026-04-18 13:53
ZGYO,819029,35600647,84500000,fon,2026_03,2026-04-18 13:53
LIDER,802743,173566682,279500000,fon,2026_03,2026-04-18 13:53
ASUZU,800515,3255729,41130807,fon,2026_03,2026-04-18 13:53
BORLS,793491,24348422,308652686,fon,2026_03,2026-04-18 13:53
ATAGY,756400,9235739,45670114,fon,2026_03,2026-04-18 13:53
BNTAS,688482,3472558,170624998,fon,2026_03,2026-04-18 13:53
BAGFS,671677,9422400,100042745,fon,2026_03,2026-04-18 13:53
KZGYO,622567,747402,49999978,fon,2026_03,2026-04-18 13:53
REEDR,601939,15661620,632419525,fon,2026_03,2026-04-18 13:53
AYES,576623,1587259,87622392,fon,2026_03,2026-04-18 13:53
YUNSA,570580,5169503,202164056,fon,2026_03,2026-04-18 13:53
MGROS,555832,11381840,96563568,fon,2026_03,2026-04-18 13:53
YATAS,516760,10664531,94866488,fon,2026_03,2026-04-18 13:53
MCARD,509468,509468,18900000,fon,2026_03,2026-04-18 13:53
OYLUM,500000,5850000,80937367,fon,2026_03,2026-04-18 13:53
EGGUB,496708,904296,75862197,fon,2026_03,2026-04-18 13:53
ALKIM,444218,15886826,182767821,fon,2026_03,2026-04-18 13:53
ATAKP,426522,9202883,28224000,fon,2026_03,2026-04-18 13:53
SEKUR,426099,426099,131457835,fon,2026_03,2026-04-18 13:53
SMRTG,419328,4827132,664164672,fon,2026_03,2026-04-18 13:53
PCILT,410552,3454935,45014182,fon,2026_03,2026-04-18 13:53
UNLU,404432,39509432,102181558,fon,2026_03,2026-04-18 13:53
BURVA,403786,853827,4723271,fon,2026_03,2026-04-18 13:53
DMSAS,400000,402466,199994510,fon,2026_03,2026-04-18 13:53
LXGYO,389733,389733,118936300,fon,2026_03,2026-04-18 13:53
AYEN,378036,500701,55531320,fon,2026_03,2026-04-18 13:53
POLHO,370439,14995332,164140074,fon,2026_03,2026-04-18 13:53
TMPOL,365452,6696017,11039990,fon,2026_03,2026-04-18 13:53
MACKO,350594,2689355,41500000,fon,2026_03,2026-04-18 13:53
OTKAR,333934,4162624,33417145,fon,2026_03,2026-04-18 13:53
ASELS,314807,55517403,1178601424,fon,2026_03,2026-04-18 13:53
RUBNS,306125,306125,42377765,fon,2026_03,2026-04-18 13:53
SURGY,293564,500618,44999990,fon,2026_03,2026-04-18 13:53
BIMAS,291457,23992018,436214016,fon,2026_03,2026-04-18 13:53
GENKM,288331,288331,124845000,fon,2026_03,2026-04-18 13:53
VBTYZ,286703,3583799,56205000,fon,2026_03,2026-04-18 13:53
ECZYT,277794,844930,45880511,fon,2026_03,2026-04-18 13:53
INVES,267232,4236326,37480000,fon,2026_03,2026-04-18 13:53
AGESA,264608,4650037,35829553,fon,2026_03,2026-04-18 13:53
EGPRO,256400,1895574,175170570,fon,2026_03,2026-04-18 13:53
OZSUB,234290,1982283,44247402,fon,2026_03,2026-04-18 13:53
KRSTL,234193,5194925,183664642,fon,2026_03,2026-04-18 13:53
VANGD,214972,1577958,24374995,fon,2026_03,2026-04-18 13:53
NETCD,200300,998835,40000000,fon,2026_03,2026-04-18 13:53
TNZTP,197356,20128004,87499950,fon,2026_03,2026-04-18 13:53
BRLSM,193760,204737,108025075,fon,2026_03,2026-04-18 13:53
ZGOLDF,192961,14326521,152040000,fon,2026_03,2026-04-18 13:53
TUCLK,182524,209842,263182600,fon,2026_03,2026-04-18 13:53
OSMEN,172190,1177087,159162130,fon,2026_03,2026-04-18 13:53
SEGYO,162937,266092,203351321,fon,2026_03,2026-04-18 13:53
KUTPO,162877,362952,10524430,fon,2026_03,2026-04-18 13:53
MNDTR,160066,1414839,910071938,fon,2026_03,2026-04-18 13:53
AKCNS,155392,5464739,39359284,fon,2026_03,2026-04-18 13:53
VERUS,154814,388585,34499937,fon,2026_03,2026-04-18 13:53
OZKGY,148301,120506771,363999945,fon,2026_03,2026-04-18 13:53
MNDRS,144568,7904587,222008082,fon,2026_03,2026-04-18 13:53
ORGE,126256,4477245,41839996,fon,2026_03,2026-04-18 13:53
CVKMD,122307,1480615,461999787,fon,2026_03,2026-04-18 13:53
FRMPL,117562,261608,39997767,fon,2026_03,2026-04-18 13:53
KFEIN,117082,8709437,150306170,fon,2026_03,2026-04-18 13:53
BRSAN,115079,456597,35912460,fon,2026_03,2026-04-18 13:53
SAYAS,113308,739216,42530887,fon,2026_03,2026-04-18 13:53
PENTA,113132,7188287,181070136,fon,2026_03,2026-04-18 13:53
SKBNK,111706,37421328,2498877855,fon,2026_03,2026-04-18 13:53
DESA,110263,4814966,171107590,fon,2026_03,2026-04-18 13:53
ISDMR,107134,5232715,147631816,fon,2026_03,2026-04-18 13:53
SARKY,103685,428398,999999671,fon,2026_03,2026-04-18 13:53
BESTE,101902,153922,54578499,fon,2026_03,2026-04-18 13:53
SEGMN,101330,132810,80999980,fon,2026_03,2026-04-18 13:53
YAPRK,99144,105000,88514958,fon,2026_03,2026-04-18 13:53
ULUUN,95663,36346510,290523353,fon,2026_03,2026-04-18 13:53
KLKIM,92356,16493292,138383655,fon,2026_03,2026-04-18 13:53
MEYSU,86713,813175,175000000,fon,2026_03,2026-04-18 13:53
SDTTR,81094,2951130,15990000,fon,2026_03,2026-04-18 13:53
GWIND,78896,19449541,179165491,fon,2026_03,2026-04-18 13:53
ISSEN,74810,475151,107417374,fon,2026_03,2026-04-18 13:53
TTRAK,73338,2178183,24967158,fon,2026_03,2026-04-18 13:53
FADE,72470,89630,42347497,fon,2026_03,2026-04-18 13:53
FENER,62274,145483,2772321468,fon,2026_03,2026-04-18 13:53
HDFGS,59069,105060,956974191,fon,2026_03,2026-04-18 13:53
ALCTL,57917,1560120,13543218,fon,2026_03,2026-04-18 13:53
EDIP,55480,95910,36468204,fon,2026_03,2026-04-18 13:53
DURKN,54146,73687,42500000,fon,2026_03,2026-04-18 13:53
ELITE,53122,537613,44650000,fon,2026_03,2026-04-18 13:53
OBASE,51602,569040,14924000,fon,2026_03,2026-04-18 13:53
TARKM,42830,310219,4999997,fon,2026_03,2026-04-18 13:53
ARDYZ,42056,26032419,279551557,fon,2026_03,2026-04-18 13:53
LYDHO,40957,8923880,197140970,fon,2026_03,2026-04-18 13:53
AYCES,38467,149106,1895369,fon,2026_03,2026-04-18 13:53
ARFYE,36712,325000,47000000,fon,2026_03,2026-04-18 13:53
AKENR,28687,265868,385189246,fon,2026_03,2026-04-18 13:53
GIPTA,24392,43602,51617863,fon,2026_03,2026-04-18 13:53
BMSCH,20482,1912990,69277402,fon,2026_03,2026-04-18 13:53
ULAS,20000,20000,25200172,fon,2026_03,2026-04-18 13:53
YESIL,18633,51740,640699949,fon,2026_03,2026-04-18 13:53
IMASM,18298,59043,650600499,fon,2026_03,2026-04-18 13:53
CEMAS,16876,43861,790994229,fon,2026_03,2026-04-18 13:53
DESPC,15919,836170,16023700,fon,2026_03,2026-04-18 13:53
NUHCM,15776,2639357,33164430,fon,2026_03,2026-04-18 13:53
UCAYM,14314,103797,60000000,fon,2026_03,2026-04-18 13:53
ZPBDLF,13949,4684257,8240000,fon,2026_03,2026-04-18 13:53
ARASE,12687,5932340,49999991,fon,2026_03,2026-04-18 13:53
BAHKM,12358,2405963,23289000,fon,2026_03,2026-04-18 13:53
MEKAG,11937,15084,320319999,fon,2026_03,2026-04-18 13:53
METRO,11341,34284,539989959,fon,2026_03,2026-04-18 13:53
TGSAS,10000,94602,12348294,fon,2026_03,2026-04-18 13:53
INGRM,9746,79709,14969536,fon,2026_03,2026-04-18 13:53
KRGYO,8919,14229,275246747,fon,2026_03,2026-04-18 13:53
MERKO,8730,28730,101104700,fon,2026_03,2026-04-18 13:53
EKSUN,7791,1047288,171792833,fon,2026_03,2026-04-18 13:53
ADEL,6903,10911,112043619,fon,2026_03,2026-04-18 13:53
GESAN,6759,19833858,141759179,fon,2026_03,2026-04-18 13:53
MOBTL,6628,5630689,207999999,fon,2026_03,2026-04-18 13:53
SKYMD,6097,6097,52499981,fon,2026_03,2026-04-18 13:53
EMKEL,4746,10563,149999458,fon,2026_03,2026-04-18 13:53
MAKTK,4240,66221821,184370066,fon,2026_03,2026-04-18 13:53
RAYSG,4000,15022,51947024,fon,2026_03,2026-04-18 13:53
UFUK,3966,1118404,46845974,fon,2026_03,2026-04-18 13:53
SNICA,3801,575474,321688855,fon,2026_03,2026-04-18 13:53
ALFAS,3683,134873,84639559,fon,2026_03,2026-04-18 13:53
MARKA,3204,3220,20802018,fon,2026_03,2026-04-18 13:53
PRZMA,3186,3186,61941150,fon,2026_03,2026-04-18 13:53
MHRGY,2647,11429985,310499991,fon,2026_03,2026-04-18 13:53
OSTIM,2453,53758668,510004637,fon,2026_03,2026-04-18 13:53
BMSTL,2150,6104,74772261,fon,2026_03,2026-04-18 13:53
NUGYO,1495,2123256,324943976,fon,2026_03,2026-04-18 13:53
MSGYO,1215,2093,169650150,fon,2026_03,2026-04-18 13:53
CMBTN,1002,4008,1023000,fon,2026_03,2026-04-18 13:53
CLEBI,907,18718,5490178,fon,2026_03,2026-04-18 13:53
IHYAY,837,25300,388124996,fon,2026_03,2026-04-18 13:53
TURGG,695,717,32042988,fon,2026_03,2026-04-18 13:53
HATEK,568,603,62998947,fon,2026_03,2026-04-18 13:53
KRPLS,495,304475,78486163,fon,2026_03,2026-04-18 13:53
GZNMI,362,17202390,40949825,fon,2026_03,2026-04-18 13:53
TSGYO,85,1399168,266499982,fon,2026_03,2026-04-18 13:53
FMIZP,83,85,3497641,fon,2026_03,2026-04-18 13:53
KARTN,57,784,72781126,fon,2026_03,2026-04-18 13:53
BIGTK,41,142161,23834373,fon,2026_03,2026-04-18 13:53
MRSHL,8,8,4212888,fon,2026_03,2026-04-18 13:53
GRNYO,0,3014682,37386059,fon,2026_03,2026-04-18 13:53
DOGUB,0,682,19821566,fon,2026_03,2026-04-18 13:53
AKSUE,0,22241,56376184,fon,2026_03,2026-04-18 13:53
POLTK,0,29,1125000,fon,2026_03,2026-04-18 13:53
MMCAS,0,251241,12394294,fon,2026_03,2026-04-18 13:53
AKMGY,0,677989,21568998,fon,2026_03,2026-04-18 13:53
KUVVA,0,1405000,24204585,fon,2026_03,2026-04-18 13:53
BRKO,0,2197881,138283723,fon,2026_03,2026-04-18 13:53
SEYKM,0,1100000,151040901,fon,2026_03,2026-04-18 13:53
SAFKR,0,1105219,140056162,fon,2026_03,2026-04-18 13:53
BURCE,0,1711,44422390,fon,2026_03,2026-04-18 13:53
DGGYO,0,1,280709437,fon,2026_03,2026-04-18 13:53
AVGYO,0,1,111590302,fon,2026_03,2026-04-18 13:53
ENPRA,0,4,374258700,fon,2026_03,2026-04-18 13:53
UZEL,0,15606,26329793,fon,2026_03,2026-04-18 13:53
AKYHO,0,1,223895870,fon,2026_03,2026-04-18 13:53
QNBTR,0,2,2571745911,fon,2026_03,2026-04-18 13:53
BFREN,0,768,24586148,fon,2026_03,2026-04-18 13:53
VSNMD,0,1088,24000000,fon,2026_03,2026-04-18 13:53
EPLAS,0,2275000,190491857,fon,2026_03,2026-04-18 13:53
APBDLF,0,32794,14400000,fon,2026_03,2026-04-18 13:53
EUHOL,0,911013,142999954,fon,2026_03,2026-04-18 13:53
KONYA,-2,30,1646416,fon,2026_03,2026-04-18 13:53
LYDYE,-3,122897,1391287,fon,2026_03,2026-04-18 13:53
BAKAB,-13,40196,34985326,fon,2026_03,2026-04-18 13:53
ISGSY,-18,424430,47378729,fon,2026_03,2026-04-18 13:53
DURDO,-20,4309,379703149,fon,2026_03,2026-04-18 13:53
PKENT,-45,699,23766169,fon,2026_03,2026-04-18 13:53
ALCAR,-54,69,1721735,fon,2026_03,2026-04-18 13:53
MAALT,-60,68,4763850,fon,2026_03,2026-04-18 13:53
FRIGO,-63,225896,263258455,fon,2026_03,2026-04-18 13:53
OTTO,-64,383,5824438,fon,2026_03,2026-04-18 13:53
ULUSE,-69,156,24000000,fon,2026_03,2026-04-18 13:53
EGEEN,-78,379,1137161,fon,2026_03,2026-04-18 13:53
DERIM,-100,485,40403770,fon,2026_03,2026-04-18 13:53
PAMEL,-103,20,21533681,fon,2026_03,2026-04-18 13:53
ERBOS,-115,3818585,15899843,fon,2026_03,2026-04-18 13:53
SANKO,-124,455,37499197,fon,2026_03,2026-04-18 13:53
KRTEK,-135,138262,18914650,fon,2026_03,2026-04-18 13:53
KAPLM,-175,30000,4571305,fon,2026_03,2026-04-18 13:53
ANGEN,-187,2561,86440002,fon,2026_03,2026-04-18 13:53
DOFER,-187,474,20172500,fon,2026_03,2026-04-18 13:53
LUKSK,-202,8,27257202,fon,2026_03,2026-04-18 13:53
BIZIM,-211,291931,27601626,fon,2026_03,2026-04-18 13:53
DUNYH,-222,395982,36443197,fon,2026_03,2026-04-18 13:53
GMTAS,-223,6717732,298687813,fon,2026_03,2026-04-18 13:53
BLCYT,-250,118076,49088907,fon,2026_03,2026-04-18 13:53
AVHOL,-380,15400,26047279,fon,2026_03,2026-04-18 13:53
BOSSA,-529,6203,508724189,fon,2026_03,2026-04-18 13:53
BRKVY,-601,160014,13618361,fon,2026_03,2026-04-18 13:53
SMRVA,-608,1303,28000000,fon,2026_03,2026-04-18 13:53
ARMGD,-721,11580574,54996000,fon,2026_03,2026-04-18 13:53
DOKTA,-773,22,145872862,fon,2026_03,2026-04-18 13:53
CUSAN,-787,850514,18500000,fon,2026_03,2026-04-18 13:53
VERTU,-796,459,22000000,fon,2026_03,2026-04-18 13:53
GEREL,-1107,714545,219036379,fon,2026_03,2026-04-18 13:53
ARTMS,-1128,725937,28399999,fon,2026_03,2026-04-18 13:53
ANELE,-1190,881,151405542,fon,2026_03,2026-04-18 13:53
HURGZ,-1241,5345,220784167,fon,2026_03,2026-04-18 13:53
JANTS,-1291,6699,207607465,fon,2026_03,2026-04-18 13:53
DNISI,-1413,637,59171727,fon,2026_03,2026-04-18 13:53
CEOEM,-1755,1824,22209658,fon,2026_03,2026-04-18 13:53
ERCB,-1765,3686050,39113273,fon,2026_03,2026-04-18 13:53
BEYAZ,-1825,10,42317352,fon,2026_03,2026-04-18 13:53
PRKAB,-2253,7,35225443,fon,2026_03,2026-04-18 13:53
BAYRK,-2412,21232805,189751123,fon,2026_03,2026-04-18 13:53
KGYO,-2790,86731676,767894934,fon,2026_03,2026-04-18 13:53
TEKTU,-2813,27850,195639311,fon,2026_03,2026-04-18 13:53
HKTM,-3057,4677,72747495,fon,2026_03,2026-04-18 13:53
NETAS,-3328,753665,31783484,fon,2026_03,2026-04-18 13:53
MARBL,-3500,490,65226403,fon,2026_03,2026-04-18 13:53
ETILR,-3501,1327,156217454,fon,2026_03,2026-04-18 13:53
YKSLN,-4341,128349,197429566,fon,2026_03,2026-04-18 13:53
PKART,-4512,179679,11048497,fon,2026_03,2026-04-18 13:53
EGEPO,-4695,610610,200000000,fon,2026_03,2026-04-18 13:53
TLMAN,-5180,184489,10300000,fon,2026_03,2026-04-18 13:53
BINBN,-5731,749103,17000000,fon,2026_03,2026-04-18 13:53
EGSER,-6295,13307789,545751057,fon,2026_03,2026-04-18 13:53
HUNER,-6972,142289,670137933,fon,2026_03,2026-04-18 13:53
PENGD,-6985,496523,171069968,fon,2026_03,2026-04-18 13:53
KTSKR,-7008,121906,14691795,fon,2026_03,2026-04-18 13:53
ICBCT,-7062,407941,216761845,fon,2026_03,2026-04-18 13:53
ALKA,-8192,12982,330750000,fon,2026_03,2026-04-18 13:53
AGROT,-8240,57378,879999770,fon,2026_03,2026-04-18 13:53
VRGYO,-9219,775652,597693904,fon,2026_03,2026-04-18 13:53
SERNT,-10059,391,113000000,fon,2026_03,2026-04-18 13:53
GOODY,-10759,655531,132804473,fon,2026_03,2026-04-18 13:53
BRYAT,-11218,8992,10264685,fon,2026_03,2026-04-18 13:53
BVSAN,-11329,68111,13749998,fon,2026_03,2026-04-18 13:53
SKTAS,-12564,1343,332865443,fon,2026_03,2026-04-18 13:53
MARMR,-14721,40461,961218727,fon,2026_03,2026-04-18 13:53
OZATD,-15525,3312277,13349988,fon,2026_03,2026-04-18 13:53
AVOD,-16852,193150,253604577,fon,2026_03,2026-04-18 13:53
GATEG,-17501,30325,10570341,fon,2026_03,2026-04-18 13:53
IHGZT,-17750,29039,570666228,fon,2026_03,2026-04-18 13:53
ZTLRFF,-19009,2641976,2800000,fon,2026_03,2026-04-18 13:53
YGGYO,-20115,107534,240625741,fon,2026_03,2026-04-18 13:53
BRKSN,-20118,1257711,62639942,fon,2026_03,2026-04-18 13:53
PARSN,-22565,1562705,34033246,fon,2026_03,2026-04-18 13:53
FORMT,-24704,339690,1029046010,fon,2026_03,2026-04-18 13:53
DEVA,-26186,2014195,199971824,fon,2026_03,2026-04-18 13:53
IHLAS,-28083,145104,1396079076,fon,2026_03,2026-04-18 13:53
PLTUR,-28602,1158584,49500000,fon,2026_03,2026-04-18 13:53
IHLGM,-30426,37884,986078000,fon,2026_03,2026-04-18 13:53
ONCSM,-31400,1961,10086000,fon,2026_03,2026-04-18 13:53
DENGE,-32036,55183,525284797,fon,2026_03,2026-04-18 13:53
ARZUM,-33483,19693,400949823,fon,2026_03,2026-04-18 13:53
SELVA,-35000,179995,775687737,fon,2026_03,2026-04-18 13:53
NATEN,-35317,21073,309374995,fon,2026_03,2026-04-18 13:53
KLSER,-36315,33539,109457654,fon,2026_03,2026-04-18 13:53
HATSN,-39598,3357144,44299964,fon,2026_03,2026-04-18 13:53
IEYHO,-39850,161810414,541033797,fon,2026_03,2026-04-18 13:53
GOLTS,-41847,694538,12422783,fon,2026_03,2026-04-18 13:53
GSDDE,-42812,793958,106850751,fon,2026_03,2026-04-18 13:53
KLSYN,-45070,340518,107854952,fon,2026_03,2026-04-18 13:53
MERIT,-48547,2300990,329748900,fon,2026_03,2026-04-18 13:53
MERCN,-55740,412347,74389005,fon,2026_03,2026-04-18 13:53
ISGLKF,-59200,3654644,113800000,fon,2026_03,2026-04-18 13:53
MAKIM,-60237,6505095,42559998,fon,2026_03,2026-04-18 13:53
DGATE,-62487,683279,15227271,fon,2026_03,2026-04-18 13:53
PINSU,-63620,921152,101635846,fon,2026_03,2026-04-18 13:53
DITAS,-65551,1284505,83407810,fon,2026_03,2026-04-18 13:53
TBORG,-66939,777302,59392160,fon,2026_03,2026-04-18 13:53
AHGAZ,-67612,106531309,659370871,fon,2026_03,2026-04-18 13:53
YYAPI,-70520,719000,1705025550,fon,2026_03,2026-04-18 13:53
PATEK,-71345,11496111,293081893,fon,2026_03,2026-04-18 13:53
CRFSA,-77885,120537,18312793,fon,2026_03,2026-04-18 13:53
BANVT,-79897,239420,36961044,fon,2026_03,2026-04-18 13:53
EKOS,-83275,918316,307199852,fon,2026_03,2026-04-18 13:53
DOFRB,-84023,1015379,45000000,fon,2026_03,2026-04-18 13:53
TMSN,-85626,1401123,44449999,fon,2026_03,2026-04-18 13:53
BRISA,-86522,3228335,31247472,fon,2026_03,2026-04-18 13:53
ARENA,-86671,2759290,66996461,fon,2026_03,2026-04-18 13:53
ATATP,-90157,1046419,18809999,fon,2026_03,2026-04-18 13:53
USAK,-91479,1524228,2436064709,fon,2026_03,2026-04-18 13:53
MTRKS,-95509,2580089,43633165,fon,2026_03,2026-04-18 13:53
GLCVY,-98010,3451143,26400000,fon,2026_03,2026-04-18 13:53
BJKAS,-98409,50061935,1776089716,fon,2026_03,2026-04-18 13:53
BULGS,-107018,325122,72500000,fon,2026_03,2026-04-18 13:53
BIENY,-108181,1847885,83144831,fon,2026_03,2026-04-18 13:53
VAKKO,-109821,3736080,30788486,fon,2026_03,2026-04-18 13:53
PAPIL,-110490,6335045,206247674,fon,2026_03,2026-04-18 13:53
PAGYO,-111001,134529,57781202,fon,2026_03,2026-04-18 13:53
APLIBF,-112216,3727979,58000000,fon,2026_03,2026-04-18 13:53
HLGYO,-114731,6274898,1075198517,fon,2026_03,2026-04-18 13:53
GEDZA,-116357,291050,42983624,fon,2026_03,2026-04-18 13:53
OPTLRF,-120000,210527,2550000,fon,2026_03,2026-04-18 13:53
BINHO,-120351,54374,488884380,fon,2026_03,2026-04-18 13:53
OFSYM,-127103,473805,22749998,fon,2026_03,2026-04-18 13:53
IZMDC,-142065,2589734,723225318,fon,2026_03,2026-04-18 13:53
VESBE,-143877,2891441,503578676,fon,2026_03,2026-04-18 13:53
GRSEL,-148279,9366291,29650000,fon,2026_03,2026-04-18 13:53
BOBET,-154635,12163245,113999998,fon,2026_03,2026-04-18 13:53
BEGYO,-156225,324254,290000000,fon,2026_03,2026-04-18 13:53
PNLSN,-165163,15575801,34752383,fon,2026_03,2026-04-18 13:53
TAVHL,-165258,13365666,213213415,fon,2026_03,2026-04-18 13:53
MEDTR,-168416,983042,24499999,fon,2026_03,2026-04-18 13:53
ESEN,-179384,1110632,682499950,fon,2026_03,2026-04-18 13:53
CATES,-179838,1230203,33050000,fon,2026_03,2026-04-18 13:53
YIGIT,-182833,385754,74999974,fon,2026_03,2026-04-18 13:53
MPARK,-184809,11133537,80869110,fon,2026_03,2026-04-18 13:53
KNFRT,-192145,693840,131747000,fon,2026_03,2026-04-18 13:53
BIGEN,-194044,2278000,115500000,fon,2026_03,2026-04-18 13:53
EBEBK,-211003,4955807,40534692,fon,2026_03,2026-04-18 13:53
GSRAY,-219914,44556688,10123744690,fon,2026_03,2026-04-18 13:53
CEMZY,-232724,49763556,124119970,fon,2026_03,2026-04-18 13:53
AYGAZ,-252481,5645982,98568807,fon,2026_03,2026-04-18 13:53
INTEM,-266580,47258,9428747,fon,2026_03,2026-04-18 13:53
FROTO,-269076,37453022,625119847,fon,2026_03,2026-04-18 13:53
NPTLRF,-275000,860926,1525000,fon,2026_03,2026-04-18 13:53
ALKLC,-288221,8948266,45283467,fon,2026_03,2026-04-18 13:53
PRDGS,-290515,9485,110850000,fon,2026_03,2026-04-18 13:53
ECOGR,-299469,1309185,110000000,fon,2026_03,2026-04-18 13:53
CGCAM,-304704,6832873,42000000,fon,2026_03,2026-04-18 13:53
OYYAT,-322368,8398767,91048322,fon,2026_03,2026-04-18 13:53
RALYH,-323376,48417915,176370972,fon,2026_03,2026-04-18 13:53
HOROZ,-323951,5471292,24599986,fon,2026_03,2026-04-18 13:53
DYOBY,-325943,1565704,186553687,fon,2026_03,2026-04-18 13:53
CEMTS,-330112,3842215,233425986,fon,2026_03,2026-04-18 13:53
AGYO,-341422,1139469,129036460,fon,2026_03,2026-04-18 13:53
DOAS,-354609,1630124,97899975,fon,2026_03,2026-04-18 13:53
AKFIS,-355371,7899068,66841328,fon,2026_03,2026-04-18 13:53
RYSAS,-368124,18367807,1504020937,fon,2026_03,2026-04-18 13:53
ISYAT,-370776,2598427,152245569,fon,2026_03,2026-04-18 13:53
FORTE,-373111,820919,27999999,fon,2026_03,2026-04-18 13:53
KIMMR,-387582,1538216,75000000,fon,2026_03,2026-04-18 13:53
TCKRC,-390996,5424161,70000000,fon,2026_03,2026-04-18 13:53
TABGD,-392071,7365413,52499906,fon,2026_03,2026-04-18 13:53
SMART,-393524,1089736,29737499,fon,2026_03,2026-04-18 13:53
PETUN,-397528,4143052,134673118,fon,2026_03,2026-04-18 13:53
VKGYO,-401287,9419322,1637203242,fon,2026_03,2026-04-18 13:53
NTHOL,-405180,3892933,485479112,fon,2026_03,2026-04-18 13:53
LOGO,-410402,7184660,74328248,fon,2026_03,2026-04-18 13:53
KRDMB,-423902,751913,118762110,fon,2026_03,2026-04-18 13:53
SUNTK,-449979,68449679,145280000,fon,2026_03,2026-04-18 13:53
PNSUT,-465935,378707,128323851,fon,2026_03,2026-04-18 13:53
BASGZ,-494413,15308509,174999999,fon,2026_03,2026-04-18 13:53
AGXAAC,-499991,1802536,24208793,fon,2026_03,2026-04-18 13:53
GRTHO,-500879,16067137,36745000,fon,2026_03,2026-04-18 13:53
YEOTK,-511501,3852861,160933198,fon,2026_03,2026-04-18 13:53
ALARK,-520192,12180188,165125148,fon,2026_03,2026-04-18 13:53
ONRYT,-540829,1564949,19730000,fon,2026_03,2026-04-18 13:53
TOASO,-560760,16767726,120585077,fon,2026_03,2026-04-18 13:53
RNPOL,-600000,2500000,335900000,fon,2026_03,2026-04-18 13:53
HRKET,-607911,1022187,24000000,fon,2026_03,2026-04-18 13:53
EUPWR,-610242,14694429,199610525,fon,2026_03,2026-04-18 13:53
SANFM,-613379,10525901,225029995,fon,2026_03,2026-04-18 13:53
RYGYO,-614569,3593525,770588057,fon,2026_03,2026-04-18 13:53
ARCLK,-663652,10420823,170054765,fon,2026_03,2026-04-18 13:53
EMPAE,-672698,979221,38000000,fon,2026_03,2026-04-18 13:53
TRGYO,-716527,9122138,251573369,fon,2026_03,2026-04-18 13:53
KBORU,-741223,5239892,143999994,fon,2026_03,2026-04-18 13:53
BERA,-743193,7880389,492027250,fon,2026_03,2026-04-18 13:53
EDATA,-782759,24732433,160065395,fon,2026_03,2026-04-18 13:53
ANHYT,-789665,10377090,88457041,fon,2026_03,2026-04-18 13:53
ISGYO,-823701,27811897,531312439,fon,2026_03,2026-04-18 13:53
GLDTRF,-830180,3881870,47850000,fon,2026_03,2026-04-18 13:53
ECILC,-872696,24480666,210589603,fon,2026_03,2026-04-18 13:53
CONSE,-925749,1565268,377854899,fon,2026_03,2026-04-18 13:53
GUBRF,-940169,6518501,85403679,fon,2026_03,2026-04-18 13:53
OBAMS,-945005,17964981,751078524,fon,2026_03,2026-04-18 13:53
VESTL,-964471,3565912,295447203,fon,2026_03,2026-04-18 13:53
AVPGY,-987518,11495736,99999990,fon,2026_03,2026-04-18 13:53
RGYAS,-993615,5562030,105523000,fon,2026_03,2026-04-18 13:53
BLUME,-1016081,1911241,174710134,fon,2026_03,2026-04-18 13:53
AKHAN,-1026548,2962186,54700000,fon,2026_03,2026-04-18 13:53
ZPLIBF,-1042003,121447543,193280000,fon,2026_03,2026-04-18 13:53
LKMNH,-1047610,19374996,163262533,fon,2026_03,2026-04-18 13:53
ASGYO,-1048839,7458000,165000000,fon,2026_03,2026-04-18 13:53
KLYPV,-1061647,7004782,46334639,fon,2026_03,2026-04-18 13:53
SELEC,-1064397,20650418,124262097,fon,2026_03,2026-04-18 13:53
CIMSA,-1129376,51541415,488602363,fon,2026_03,2026-04-18 13:53
GLYHO,-1149508,374283063,1949290631,fon,2026_03,2026-04-18 13:53
TRILC,-1153667,18614958,118499496,fon,2026_03,2026-04-18 13:53
TRMET,-1189921,17358756,174483588,fon,2026_03,2026-04-18 13:53
MANAS,-1201527,5734515,306992000,fon,2026_03,2026-04-18 13:53
ENERY,-1223477,259947476,2420687469,fon,2026_03,2026-04-18 13:53
ALTNY,-1284605,64998939,399885115,fon,2026_03,2026-04-18 13:53
GSDHO,-1306552,103564776,999994969,fon,2026_03,2026-04-18 13:53
TKNSA,-1310604,9485698,100485379,fon,2026_03,2026-04-18 13:53
KLRHO,-1372761,204341432,341250000,fon,2026_03,2026-04-18 13:53
KOTON,-1405539,12386271,136599922,fon,2026_03,2026-04-18 13:53
AFYON,-1410854,12081125,399992258,fon,2026_03,2026-04-18 13:53
KRONT,-1683274,5897387,116892885,fon,2026_03,2026-04-18 13:53
TRENJ,-1711817,2694916,98018735,fon,2026_03,2026-04-18 13:53
TRCAS,-1904352,8544034,206252869,fon,2026_03,2026-04-18 13:53
ASTOR,-1913830,13050920,366896223,fon,2026_03,2026-04-18 13:53
LILAK,-1934674,162135899,260252705,fon,2026_03,2026-04-18 13:53
AGHOL,-1956614,345950215,1069828243,fon,2026_03,2026-04-18 13:53
ARSAN,-2009446,9521537,887344281,fon,2026_03,2026-04-18 13:53
KAREL,-2015461,97842090,329659497,fon,2026_03,2026-04-18 13:53
DZGYO,-2127308,1010988,399777846,fon,2026_03,2026-04-18 13:53
ISFIN,-2151120,20544167,310154523,fon,2026_03,2026-04-18 13:53
KRDMD,-2171135,110537301,780216365,fon,2026_03,2026-04-18 13:53
KONKA,-2176609,12775957,89670000,fon,2026_03,2026-04-18 13:53
KMPUR,-2179064,18234527,132432524,fon,2026_03,2026-04-18 13:53
ZOREN,-2188195,6859161,2681244194,fon,2026_03,2026-04-18 13:53
KZBGY,-2269215,4151698,1959999915,fon,2026_03,2026-04-18 13:53
HTTBT,-2338048,12230619,82805422,fon,2026_03,2026-04-18 13:53
TTKOM,-2344775,23447935,524999999,fon,2026_03,2026-04-18 13:53
ENJSA,-2536917,24763371,236209270,fon,2026_03,2026-04-18 13:53
LRSHO,-2587745,52851,724120946,fon,2026_03,2026-04-18 13:53
FONET,-2875805,40158216,577082984,fon,2026_03,2026-04-18 13:53
ATATR,-2887260,2372487,280000000,fon,2026_03,2026-04-18 13:53
ENTRA,-2894888,84962490,369383564,fon,2026_03,2026-04-18 13:53
BORSK,-2897382,1618461,279999879,fon,2026_03,2026-04-18 13:53
GOKNR,-2920423,8583375,178040711,fon,2026_03,2026-04-18 13:53
MOPAS,-2927050,26988805,57330000,fon,2026_03,2026-04-18 13:53
GENTS,-3039693,2134138,749958921,fon,2026_03,2026-04-18 13:53
AKFGY,-3373714,143440447,3457819313,fon,2026_03,2026-04-18 13:53
PGSUS,-3383186,13859740,295068869,fon,2026_03,2026-04-18 13:53
KAYSE,-3383921,17605561,828951998,fon,2026_03,2026-04-18 13:53
OYAKC,-3429125,51264232,4656879379,fon,2026_03,2026-04-18 13:53
KATMR,-3509627,21876774,1980989998,fon,2026_03,2026-04-18 13:53
BIOEN,-3652438,32770172,197983418,fon,2026_03,2026-04-18 13:53
SRVGY,-3963785,17722889,812499687,fon,2026_03,2026-04-18 13:53
HALKB,-4244544,77978714,6546422780,fon,2026_03,2026-04-18 13:53
VAKBN,-4340210,99327895,8046896130,fon,2026_03,2026-04-18 13:53
LIDFA,-4554327,38871664,458180545,fon,2026_03,2026-04-18 13:53
BALSU,-4601346,98232270,278000000,fon,2026_03,2026-04-18 13:53
LMKDC,-4607141,21672683,155929999,fon,2026_03,2026-04-18 13:53
BUCIM,-4996042,33551137,1292638065,fon,2026_03,2026-04-18 13:53
EUREN,-5039529,40071014,1040132637,fon,2026_03,2026-04-18 13:53
SUWEN,-5281020,95973089,365687500,fon,2026_03,2026-04-18 13:53
ISMEN,-5556982,30527370,467723147,fon,2026_03,2026-04-18 13:53
BIGCH,-5977201,56820074,368932945,fon,2026_03,2026-04-18 13:53
ODAS,-6221466,45842758,1113798031,fon,2026_03,2026-04-18 13:53
PAHOL,-6626096,30571064,3999999979,fon,2026_03,2026-04-18 13:53
NTGAZ,-7659819,12649516,276000000,fon,2026_03,2026-04-18 13:53
RTALB,-7943472,17061417,432976722,fon,2026_03,2026-04-18 13:53
AKSGY,-8033823,84886651,1628451947,fon,2026_03,2026-04-18 13:53
DGNMO,-8062531,8455494,327634635,fon,2026_03,2026-04-18 13:53
CCOLA,-8497429,35902624,820001147,fon,2026_03,2026-04-18 13:53
ESCOM,-8559086,24427940,465831670,fon,2026_03,2026-04-18 13:53
TATEN,-8623549,90102363,347799724,fon,2026_03,2026-04-18 13:53
RUZYE,-8661717,10902952,267748491,fon,2026_03,2026-04-18 13:53
ALBRK,-8951816,97410387,1050739765,fon,2026_03,2026-04-18 13:53
DARDL,-8967852,6280462,1753442695,fon,2026_03,2026-04-18 13:53
TUKAS,-11331546,11569747,4499995929,fon,2026_03,2026-04-18 13:53
ESCAR,-11413456,1587470,101933690,fon,2026_03,2026-04-18 13:53
EYGYO,-11661745,10204839,362859668,fon,2026_03,2026-04-18 13:53
GLRYH,-11824270,37494253,599623814,fon,2026_03,2026-04-18 13:53
VAKFN,-12121599,155438441,2064378140,fon,2026_03,2026-04-18 13:53
ALGYO,-13546292,59254984,989338262,fon,2026_03,2026-04-18 13:53
KONTR,-14147207,13302871,936038761,fon,2026_03,2026-04-18 13:53
TURSG,-15216228,297757236,7907296076,fon,2026_03,2026-04-18 13:53
PEKGY,-23597791,1230747401,4685173406,fon,2026_03,2026-04-18 13:53
TSPOR,-24831447,39252279,3674975174,fon,2026_03,2026-04-18 13:53
DMRGD,-25493387,360620728,1277294592,fon,2026_03,2026-04-18 13:53
GENIL,-32072695,134648970,1289069985,fon,2026_03,2026-04-18 13:53
HEKTS,-35540260,200430302,3946424637,fon,2026_03,2026-04-18 13:53
FZLGY,-38619749,260943081,398427644,fon,2026_03,2026-04-18 13:53
EKGYO,-41406613,230739907,1925107366,fon,2026_03,2026-04-18 13:53
SNGYO,-48878746,217292742,3607173097,fon,2026_03,2026-04-18 13:53
ADESE,-50962000,30149961,4687131701,fon,2026_03,2026-04-18 13:53
TEHOL,-81998821,170918509,1967930261,fon,2026_03,2026-04-18 13:53
EFOR,-138134449,128363317,670679994,fon,2026_03,2026-04-18 13:53
SASA,314919458,415893509,25700434927,emeklilik,2026_03,2026-04-18 13:53
AEFES,61406372,207808719,2028860053,emeklilik,2026_03,2026-04-18 13:53
CANTE,43844244,115228277,8608815636,emeklilik,2026_03,2026-04-18 13:53
PETKM,38666329,51455958,1241729843,emeklilik,2026_03,2026-04-18 13:53
APGLDF,33150000,33150000,33300000,emeklilik,2026_03,2026-04-18 13:53
TURSG,27510804,602246623,7907296076,emeklilik,2026_03,2026-04-18 13:53
SISE,25814091,58190219,1814905641,emeklilik,2026_03,2026-04-18 13:53
EREGL,24386572,191422450,3554243274,emeklilik,2026_03,2026-04-18 13:53
AKFGY,23429110,546940258,3457819313,emeklilik,2026_03,2026-04-18 13:53
EKGYO,21210392,499815482,1925107366,emeklilik,2026_03,2026-04-18 13:53
TSKB,16538533,223149193,1516591673,emeklilik,2026_03,2026-04-18 13:53
PSGYO,13524133,134142154,2954231556,emeklilik,2026_03,2026-04-18 13:53
TUPRS,13303598,80044218,942334139,emeklilik,2026_03,2026-04-18 13:53
LINK,11899160,12160764,747511382,emeklilik,2026_03,2026-04-18 13:53
KRDMD,10464037,254612810,780216365,emeklilik,2026_03,2026-04-18 13:53
ISGYO,7375836,160271757,531312439,emeklilik,2026_03,2026-04-18 13:53
YUNSA,6735803,10497311,202164056,emeklilik,2026_03,2026-04-18 13:53
CIMSA,5880027,62375074,488602363,emeklilik,2026_03,2026-04-18 13:53
TUREX,5552500,5636698,432000000,emeklilik,2026_03,2026-04-18 13:53
ISFIN,4498607,101808418,310154523,emeklilik,2026_03,2026-04-18 13:53
TRMET,4020484,23261993,174483588,emeklilik,2026_03,2026-04-18 13:53
AKSGY,4005671,40872683,1628451947,emeklilik,2026_03,2026-04-18 13:53
ZPLIBF,3521463,69796488,193280000,emeklilik,2026_03,2026-04-18 13:53
SVGYO,3457872,3457872,295400000,emeklilik,2026_03,2026-04-18 13:53
ANSGR,3363033,226763832,1564416026,emeklilik,2026_03,2026-04-18 13:53
SOKM,3275159,11664107,448708248,emeklilik,2026_03,2026-04-18 13:53
CCOLA,3262322,52620312,820001147,emeklilik,2026_03,2026-04-18 13:53
ALTNY,2978990,25368764,399885115,emeklilik,2026_03,2026-04-18 13:53
SNGYO,2964659,124294417,3607173097,emeklilik,2026_03,2026-04-18 13:53
CVKMD,2697398,3147398,461999787,emeklilik,2026_03,2026-04-18 13:53
FONET,2656920,17248984,577082984,emeklilik,2026_03,2026-04-18 13:53
BIMAS,2501995,43060894,436214016,emeklilik,2026_03,2026-04-18 13:53
AFYON,2470308,35736753,399992258,emeklilik,2026_03,2026-04-18 13:53
TTKOM,2319171,59803694,524999999,emeklilik,2026_03,2026-04-18 13:53
KRDMA,2074054,8257125,240300917,emeklilik,2026_03,2026-04-18 13:53
ENERY,1841246,11506885,2420687469,emeklilik,2026_03,2026-04-18 13:53
ENKAI,1662430,65601699,874733059,emeklilik,2026_03,2026-04-18 13:53
EUPWR,1504696,13823161,199610525,emeklilik,2026_03,2026-04-18 13:53
ARASE,1464350,12733942,49999991,emeklilik,2026_03,2026-04-18 13:53
TOASO,1427157,20150872,120585077,emeklilik,2026_03,2026-04-18 13:53
GLDTRF,1410953,28314820,47850000,emeklilik,2026_03,2026-04-18 13:53
AKFYE,1367749,2277330,551782160,emeklilik,2026_03,2026-04-18 13:53
CEMTS,1216904,2662167,233425986,emeklilik,2026_03,2026-04-18 13:53
KCAER,1090863,28264646,496494775,emeklilik,2026_03,2026-04-18 13:53
BASGZ,1083833,45668290,174999999,emeklilik,2026_03,2026-04-18 13:53
BIOEN,1040109,40543304,197983418,emeklilik,2026_03,2026-04-18 13:53
ULKER,1034452,7604062,338855989,emeklilik,2026_03,2026-04-18 13:53
GUBRF,986882,19213781,85403679,emeklilik,2026_03,2026-04-18 13:53
ALARK,914404,10277724,165125148,emeklilik,2026_03,2026-04-18 13:53
HTTBT,912936,15959211,82805422,emeklilik,2026_03,2026-04-18 13:53
LKMNH,876429,44440641,163262533,emeklilik,2026_03,2026-04-18 13:53
ODAS,869047,44660561,1113798031,emeklilik,2026_03,2026-04-18 13:53
TABGD,857267,8892648,52499906,emeklilik,2026_03,2026-04-18 13:53
KARSN,802871,3509109,827827039,emeklilik,2026_03,2026-04-18 13:53
AGHOL,781710,15660188,1069828243,emeklilik,2026_03,2026-04-18 13:53
CWENE,742741,4139121,530758241,emeklilik,2026_03,2026-04-18 13:53
GENIL,731330,148681531,1289069985,emeklilik,2026_03,2026-04-18 13:53
SELEC,715484,16881956,124262097,emeklilik,2026_03,2026-04-18 13:53
GARAN,709012,79336034,2454957797,emeklilik,2026_03,2026-04-18 13:53
BALSU,683255,32839531,278000000,emeklilik,2026_03,2026-04-18 13:53
TRGYO,668193,8938325,251573369,emeklilik,2026_03,2026-04-18 13:53
AKGRT,590700,8199545,629007625,emeklilik,2026_03,2026-04-18 13:53
ARCLK,540441,7121894,170054765,emeklilik,2026_03,2026-04-18 13:53
KMPUR,520000,577302,132432524,emeklilik,2026_03,2026-04-18 13:53
OZSUB,500000,1070381,44247402,emeklilik,2026_03,2026-04-18 13:53
MEGMT,500000,501000,85749986,emeklilik,2026_03,2026-04-18 13:53
MANAS,500000,4399878,306992000,emeklilik,2026_03,2026-04-18 13:53
SUWEN,455739,112219662,365687500,emeklilik,2026_03,2026-04-18 13:53
KRONT,449665,6015241,116892885,emeklilik,2026_03,2026-04-18 13:53
ZOREN,428124,4156818,2681244194,emeklilik,2026_03,2026-04-18 13:53
TKFEN,390445,795792,230848007,emeklilik,2026_03,2026-04-18 13:53
YATAS,321638,8057489,94866488,emeklilik,2026_03,2026-04-18 13:53
NETCD,299761,783761,40000000,emeklilik,2026_03,2026-04-18 13:53
GLRMK,295529,6159928,58116000,emeklilik,2026_03,2026-04-18 13:53
MAGEN,265383,2442426,719512140,emeklilik,2026_03,2026-04-18 13:53
BRISA,252337,1921379,31247472,emeklilik,2026_03,2026-04-18 13:53
ONRYT,250000,604016,19730000,emeklilik,2026_03,2026-04-18 13:53
EGPRO,230929,2865668,175170570,emeklilik,2026_03,2026-04-18 13:53
VESTL,212244,15390720,295447203,emeklilik,2026_03,2026-04-18 13:53
MCARD,207430,207430,18900000,emeklilik,2026_03,2026-04-18 13:53
YEOTK,205138,1165271,160933198,emeklilik,2026_03,2026-04-18 13:53
BANVT,173470,1390178,36961044,emeklilik,2026_03,2026-04-18 13:53
RGYAS,160841,4175319,105523000,emeklilik,2026_03,2026-04-18 13:53
ESEN,154294,1595268,682499950,emeklilik,2026_03,2026-04-18 13:53
VAKKO,153062,1073531,30788486,emeklilik,2026_03,2026-04-18 13:53
HUNER,151415,1264843,670137933,emeklilik,2026_03,2026-04-18 13:53
TTRAK,151146,1634928,24967158,emeklilik,2026_03,2026-04-18 13:53
LXGYO,150000,150000,118936300,emeklilik,2026_03,2026-04-18 13:53
DAPGM,149674,276319,942910838,emeklilik,2026_03,2026-04-18 13:53
SMRTG,148124,2714403,664164672,emeklilik,2026_03,2026-04-18 13:53
EDATA,135233,3389477,160065395,emeklilik,2026_03,2026-04-18 13:53
ATATP,129844,1345189,18809999,emeklilik,2026_03,2026-04-18 13:53
ATAKP,127178,3053185,28224000,emeklilik,2026_03,2026-04-18 13:53
AHGAZ,111704,981668,659370871,emeklilik,2026_03,2026-04-18 13:53
DOAS,109353,3231805,97899975,emeklilik,2026_03,2026-04-18 13:53
SKBNK,108666,630390,2498877855,emeklilik,2026_03,2026-04-18 13:53
BESTE,103036,103036,54578499,emeklilik,2026_03,2026-04-18 13:53
GESAN,97968,6396830,141759179,emeklilik,2026_03,2026-04-18 13:53
GRSEL,88025,3140375,29650000,emeklilik,2026_03,2026-04-18 13:53
OBAMS,85545,700190,751078524,emeklilik,2026_03,2026-04-18 13:53
MIATK,79095,11766388,313087979,emeklilik,2026_03,2026-04-18 13:53
OBASE,77459,538047,14924000,emeklilik,2026_03,2026-04-18 13:53
TATEN,77343,659436,347799724,emeklilik,2026_03,2026-04-18 13:53
ALCTL,75154,1146597,13543218,emeklilik,2026_03,2026-04-18 13:53
FORTE,73447,555796,27999999,emeklilik,2026_03,2026-04-18 13:53
NATEN,72029,691801,309374995,emeklilik,2026_03,2026-04-18 13:53
ENTRA,71116,8239615,369383564,emeklilik,2026_03,2026-04-18 13:53
GLYHO,66331,34833452,1949290631,emeklilik,2026_03,2026-04-18 13:53
CONSE,65160,869412,377854899,emeklilik,2026_03,2026-04-18 13:53
BRSAN,58100,69043,35912460,emeklilik,2026_03,2026-04-18 13:53
RALYH,55000,55088,176370972,emeklilik,2026_03,2026-04-18 13:53
KLYPV,54483,591576,46334639,emeklilik,2026_03,2026-04-18 13:53
DARDL,53405,310651,1753442695,emeklilik,2026_03,2026-04-18 13:53
SELVA,52219,303370,775687737,emeklilik,2026_03,2026-04-18 13:53
ECILC,50000,60495,210589603,emeklilik,2026_03,2026-04-18 13:53
TRENJ,49500,410068,98018735,emeklilik,2026_03,2026-04-18 13:53
AGESA,46423,953126,35829553,emeklilik,2026_03,2026-04-18 13:53
MOGAN,44044,859712,262635000,emeklilik,2026_03,2026-04-18 13:53
AKENR,40499,422773,385189246,emeklilik,2026_03,2026-04-18 13:53
BAGFS,40000,40000,100042745,emeklilik,2026_03,2026-04-18 13:53
PARSN,38000,402210,34033246,emeklilik,2026_03,2026-04-18 13:53
BESLR,37062,327686,658098036,emeklilik,2026_03,2026-04-18 13:53
DMRGD,34347,6762280,1277294592,emeklilik,2026_03,2026-04-18 13:53
DOFRB,31414,876805,45000000,emeklilik,2026_03,2026-04-18 13:53
EGGUB,28109,582895,75862197,emeklilik,2026_03,2026-04-18 13:53
ISGLKF,26696,109962769,113800000,emeklilik,2026_03,2026-04-18 13:53
ECOGR,26271,204635,110000000,emeklilik,2026_03,2026-04-18 13:53
BIGEN,25233,218092,115500000,emeklilik,2026_03,2026-04-18 13:53
ULUUN,24167,126507,290523353,emeklilik,2026_03,2026-04-18 13:53
ENDAE,23885,206907,123901910,emeklilik,2026_03,2026-04-18 13:53
BORSK,20648,117786,279999879,emeklilik,2026_03,2026-04-18 13:53
TNZTP,20000,191160,87499950,emeklilik,2026_03,2026-04-18 13:53
SMART,19340,1212780,29737499,emeklilik,2026_03,2026-04-18 13:53
DEVA,19320,203820,199971824,emeklilik,2026_03,2026-04-18 13:53
AKFIS,18255,195972,66841328,emeklilik,2026_03,2026-04-18 13:53
ALFAS,17098,139377,84639559,emeklilik,2026_03,2026-04-18 13:53
FRIGO,16715,105516,263258455,emeklilik,2026_03,2026-04-18 13:53
CEMZY,15738,82845,124119970,emeklilik,2026_03,2026-04-18 13:53
ZEDUR,15558,128502,69899991,emeklilik,2026_03,2026-04-18 13:53
AKSUE,14976,101430,56376184,emeklilik,2026_03,2026-04-18 13:53
KRSTL,12133,72841,183664642,emeklilik,2026_03,2026-04-18 13:53
PKART,11000,133037,11048497,emeklilik,2026_03,2026-04-18 13:53
PENGD,9729,57570,171069968,emeklilik,2026_03,2026-04-18 13:53
MERCN,9600,51500,74389005,emeklilik,2026_03,2026-04-18 13:53
PNSUT,8941,50659,128323851,emeklilik,2026_03,2026-04-18 13:53
AYEN,8377,72861,55531320,emeklilik,2026_03,2026-04-18 13:53
ARFYE,8188,90334,47000000,emeklilik,2026_03,2026-04-18 13:53
TATGD,7932,87002,119286243,emeklilik,2026_03,2026-04-18 13:53
PETUN,7846,42645,134673118,emeklilik,2026_03,2026-04-18 13:53
SOKE,7367,41307,126999996,emeklilik,2026_03,2026-04-18 13:53
EYGYO,6445,66498,362859668,emeklilik,2026_03,2026-04-18 13:53
PINSU,6182,37383,101635846,emeklilik,2026_03,2026-04-18 13:53
AVOD,6049,96513,253604577,emeklilik,2026_03,2026-04-18 13:53
ALKLC,5949,42852,45283467,emeklilik,2026_03,2026-04-18 13:53
MERKO,5896,34611,101104700,emeklilik,2026_03,2026-04-18 13:53
KORDS,5100,237213,65421451,emeklilik,2026_03,2026-04-18 13:53
MRGYO,5023,369842,2277966226,emeklilik,2026_03,2026-04-18 13:53
EKSUN,4840,65925,171792833,emeklilik,2026_03,2026-04-18 13:53
ADGYO,4438,26958,379654333,emeklilik,2026_03,2026-04-18 13:53
IDGYO,4320,29515,118909256,emeklilik,2026_03,2026-04-18 13:53
ORCAY,3608,57331,151124962,emeklilik,2026_03,2026-04-18 13:53
GUNDG,3600,7271,18968983,emeklilik,2026_03,2026-04-18 13:53
ELITE,2911,17021,44650000,emeklilik,2026_03,2026-04-18 13:53
SEGYO,2209,51659,203351321,emeklilik,2026_03,2026-04-18 13:53
OFSYM,2117,10306,22749998,emeklilik,2026_03,2026-04-18 13:53
TDGYO,2012,14789,61998213,emeklilik,2026_03,2026-04-18 13:53
OYLUM,1595,25181,80937367,emeklilik,2026_03,2026-04-18 13:53
PAMEL,1539,12328,21533681,emeklilik,2026_03,2026-04-18 13:53
SEGMN,1310,17130,80999980,emeklilik,2026_03,2026-04-18 13:53
FADE,1285,15986,42347497,emeklilik,2026_03,2026-04-18 13:53
KUVVA,1272,1272,24204585,emeklilik,2026_03,2026-04-18 13:53
KTSKR,1159,6005,14691795,emeklilik,2026_03,2026-04-18 13:53
GMTAS,1128,15453,298687813,emeklilik,2026_03,2026-04-18 13:53
DURKN,1072,16160,42500000,emeklilik,2026_03,2026-04-18 13:53
MHRGY,968,76584,310499991,emeklilik,2026_03,2026-04-18 13:53
FZLGY,868,64737,398427644,emeklilik,2026_03,2026-04-18 13:53
CRFSA,826,25088,18312793,emeklilik,2026_03,2026-04-18 13:53
OZGYO,750,88643,490916869,emeklilik,2026_03,2026-04-18 13:53
KGYO,732,76528,767894934,emeklilik,2026_03,2026-04-18 13:53
ERSU,596,8956,31755894,emeklilik,2026_03,2026-04-18 13:53
ARZUM,591,18010,400949823,emeklilik,2026_03,2026-04-18 13:53
ARMGD,532,186618,54996000,emeklilik,2026_03,2026-04-18 13:53
NETAS,344,881892,31783484,emeklilik,2026_03,2026-04-18 13:53
DCTTR,310,7663,157328724,emeklilik,2026_03,2026-04-18 13:53
VANGD,255,8757,24374995,emeklilik,2026_03,2026-04-18 13:53
MEPET,112,2220,73940585,emeklilik,2026_03,2026-04-18 13:53
LYDYE,92,1136,1391287,emeklilik,2026_03,2026-04-18 13:53
BIZIM,80,12952,27601626,emeklilik,2026_03,2026-04-18 13:53
MSGYO,72,32334,169650150,emeklilik,2026_03,2026-04-18 13:53
MOPAS,58,2972,57330000,emeklilik,2026_03,2026-04-18 13:53
DZGYO,58,23576,399777846,emeklilik,2026_03,2026-04-18 13:53
SANKO,54,1090,37499197,emeklilik,2026_03,2026-04-18 13:53
TGSAS,31,626,12348294,emeklilik,2026_03,2026-04-18 13:53
GLCVY,20,156479,26400000,emeklilik,2026_03,2026-04-18 13:53
PSDTC,17,313,6599991,emeklilik,2026_03,2026-04-18 13:53
KZGYO,7,12300,49999978,emeklilik,2026_03,2026-04-18 13:53
INTEM,5,131,9428747,emeklilik,2026_03,2026-04-18 13:53
AKMGY,4,737,21568998,emeklilik,2026_03,2026-04-18 13:53
DGGYO,1,4089,280709437,emeklilik,2026_03,2026-04-18 13:53
EPLAS,1,2300001,190491857,emeklilik,2026_03,2026-04-18 13:53
LILAK,0,140236,260252705,emeklilik,2026_03,2026-04-18 13:53
ASUZU,0,17537,41130807,emeklilik,2026_03,2026-04-18 13:53
RYSAS,0,9,1504020937,emeklilik,2026_03,2026-04-18 13:53
SAFKR,0,0,140056162,emeklilik,2026_03,2026-04-18 13:53
BRYAT,0,1103,10264685,emeklilik,2026_03,2026-04-18 13:53
ENPRA,0,4,374258700,emeklilik,2026_03,2026-04-18 13:53
MACKO,0,986400,41500000,emeklilik,2026_03,2026-04-18 13:53
GOODY,0,1699328,132804473,emeklilik,2026_03,2026-04-18 13:53
BERA,0,309,492027250,emeklilik,2026_03,2026-04-18 13:53
MARMR,0,1,961218727,emeklilik,2026_03,2026-04-18 13:53
GSDHO,0,1,999994969,emeklilik,2026_03,2026-04-18 13:53
ASYAB,0,7350000,477899601,emeklilik,2026_03,2026-04-18 13:53
SKTAS,0,775003,332865443,emeklilik,2026_03,2026-04-18 13:53
ERBOS,0,0,15899843,emeklilik,2026_03,2026-04-18 13:53
ERCB,0,1,39113273,emeklilik,2026_03,2026-04-18 13:53
HURGZ,0,2,220784167,emeklilik,2026_03,2026-04-18 13:53
MNDTR,0,120000,910071938,emeklilik,2026_03,2026-04-18 13:53
ICBCT,0,1,216761845,emeklilik,2026_03,2026-04-18 13:53
ALVES,0,2501000,1159999780,emeklilik,2026_03,2026-04-18 13:53
IEYHO,0,345,541033797,emeklilik,2026_03,2026-04-18 13:53
TEZOL,0,1,139999972,emeklilik,2026_03,2026-04-18 13:53
INVEO,0,1184166,998999954,emeklilik,2026_03,2026-04-18 13:53
BINHO,0,357,488884380,emeklilik,2026_03,2026-04-18 13:53
EUREN,0,1,1040132637,emeklilik,2026_03,2026-04-18 13:53
TRCAS,0,2,206252869,emeklilik,2026_03,2026-04-18 13:53
NTHOL,0,10001,485479112,emeklilik,2026_03,2026-04-18 13:53
ISGSY,0,778750,47378729,emeklilik,2026_03,2026-04-18 13:53
CLEBI,0,12,5490178,emeklilik,2026_03,2026-04-18 13:53
ISSEN,0,3,107417374,emeklilik,2026_03,2026-04-18 13:53
ISYAT,0,2982932,152245569,emeklilik,2026_03,2026-04-18 13:53
IZMDC,0,150000,723225318,emeklilik,2026_03,2026-04-18 13:53
JANTS,0,2,207607465,emeklilik,2026_03,2026-04-18 13:53
APBDLF,0,12660402,14400000,emeklilik,2026_03,2026-04-18 13:53
KARTN,0,1,72781126,emeklilik,2026_03,2026-04-18 13:53
OPTLRF,0,410279,2550000,emeklilik,2026_03,2026-04-18 13:53
ULUFA,0,900786,305269391,emeklilik,2026_03,2026-04-18 13:53
FENER,0,754025,2772321468,emeklilik,2026_03,2026-04-18 13:53
UNLU,0,100000,102181558,emeklilik,2026_03,2026-04-18 13:53
UZEL,0,15000,26329793,emeklilik,2026_03,2026-04-18 13:53
ECZYT,0,1,45880511,emeklilik,2026_03,2026-04-18 13:53
KIMMR,0,3191,75000000,emeklilik,2026_03,2026-04-18 13:53
KLRHO,0,407200,341250000,emeklilik,2026_03,2026-04-18 13:53
KLSER,0,47131,109457654,emeklilik,2026_03,2026-04-18 13:53
OZYSR,0,247,40488000,emeklilik,2026_03,2026-04-18 13:53
YIGIT,0,75400,74999974,emeklilik,2026_03,2026-04-18 13:53
APMDLF,0,1300000,12300000,emeklilik,2026_03,2026-04-18 13:53
EGEEN,0,101,1137161,emeklilik,2026_03,2026-04-18 13:53
PASEU,0,217065,215295868,emeklilik,2026_03,2026-04-18 13:53
KOCMT,0,18324,587485478,emeklilik,2026_03,2026-04-18 13:53
ZGYO,0,15122,84500000,emeklilik,2026_03,2026-04-18 13:53
BLCYT,0,2,49088907,emeklilik,2026_03,2026-04-18 13:53
BOBET,0,2758743,113999998,emeklilik,2026_03,2026-04-18 13:53
GEDIK,0,3900000,983076857,emeklilik,2026_03,2026-04-18 13:53
BORLS,0,1,308652686,emeklilik,2026_03,2026-04-18 13:53
ARTMS,0,18,28399999,emeklilik,2026_03,2026-04-18 13:53
DESA,0,5,171107590,emeklilik,2026_03,2026-04-18 13:53
QNBTR,0,2,2571745911,emeklilik,2026_03,2026-04-18 13:53
QUAGR,0,632605,1773200000,emeklilik,2026_03,2026-04-18 13:53
LIDER,0,250000,279500000,emeklilik,2026_03,2026-04-18 13:53
TSGYO,-49,1582580,266499982,emeklilik,2026_03,2026-04-18 13:53
MTRKS,-54,3685275,43633165,emeklilik,2026_03,2026-04-18 13:53
AGYO,-65,10231,129036460,emeklilik,2026_03,2026-04-18 13:53
ATAGY,-119,6778,45670114,emeklilik,2026_03,2026-04-18 13:53
SANEL,-166,2624,18112451,emeklilik,2026_03,2026-04-18 13:53
KRGYO,-222,53443,275246747,emeklilik,2026_03,2026-04-18 13:53
ANELE,-317,7524,151405542,emeklilik,2026_03,2026-04-18 13:53
KUYAS,-349,62284,398957788,emeklilik,2026_03,2026-04-18 13:53
TURGG,-480,5368,32042988,emeklilik,2026_03,2026-04-18 13:53
NUHCM,-554,11894,33164430,emeklilik,2026_03,2026-04-18 13:53
DSTKF,-600,126288,84533333,emeklilik,2026_03,2026-04-18 13:53
YAYLA,-683,5902,39874966,emeklilik,2026_03,2026-04-18 13:53
INGRM,-842,43619,14969536,emeklilik,2026_03,2026-04-18 13:53
EGEGY,-1147,15330,69140000,emeklilik,2026_03,2026-04-18 13:53
BRLSM,-1349,17959,108025075,emeklilik,2026_03,2026-04-18 13:53
AVGYO,-1367,15079,111590302,emeklilik,2026_03,2026-04-18 13:53
KLSYN,-2684,25081,107854952,emeklilik,2026_03,2026-04-18 13:53
ISDMR,-2759,1764440,147631816,emeklilik,2026_03,2026-04-18 13:53
SUNTK,-2911,46806096,145280000,emeklilik,2026_03,2026-04-18 13:53
ASGYO,-3668,40530,165000000,emeklilik,2026_03,2026-04-18 13:53
NUGYO,-3785,42112,324943976,emeklilik,2026_03,2026-04-18 13:53
ZPBDLF,-4000,3466145,8240000,emeklilik,2026_03,2026-04-18 13:53
AHSGY,-4335,46260,184999889,emeklilik,2026_03,2026-04-18 13:53
YGGYO,-4397,44011,240625741,emeklilik,2026_03,2026-04-18 13:53
FRMPL,-5078,3944,39997767,emeklilik,2026_03,2026-04-18 13:53
BEGYO,-5574,62210,290000000,emeklilik,2026_03,2026-04-18 13:53
BINBN,-5690,335705,17000000,emeklilik,2026_03,2026-04-18 13:53
YYAPI,-5931,255559,1705025550,emeklilik,2026_03,2026-04-18 13:53
SARKY,-7778,239543,999999671,emeklilik,2026_03,2026-04-18 13:53
HLGYO,-10596,198561,1075198517,emeklilik,2026_03,2026-04-18 13:53
VRGYO,-11555,139948,597693904,emeklilik,2026_03,2026-04-18 13:53
OZKGY,-11805,2901047,363999945,emeklilik,2026_03,2026-04-18 13:53
ARENA,-12209,3057649,66996461,emeklilik,2026_03,2026-04-18 13:53
ALGYO,-12473,239773,989338262,emeklilik,2026_03,2026-04-18 13:53
RYGYO,-13557,141754,770588057,emeklilik,2026_03,2026-04-18 13:53
KLGYO,-15845,2158006,689399869,emeklilik,2026_03,2026-04-18 13:53
KONTR,-16780,811191,936038761,emeklilik,2026_03,2026-04-18 13:53
PNLSN,-17563,179264,34752383,emeklilik,2026_03,2026-04-18 13:53
HRKET,-20374,362530,24000000,emeklilik,2026_03,2026-04-18 13:53
ZRGYO,-21396,7625578,1173404997,emeklilik,2026_03,2026-04-18 13:53
TKNSA,-22318,295305,100485379,emeklilik,2026_03,2026-04-18 13:53
MEDTR,-25000,2305418,24499999,emeklilik,2026_03,2026-04-18 13:53
SURGY,-25556,9097,44999990,emeklilik,2026_03,2026-04-18 13:53
AKCNS,-25787,5820839,39359284,emeklilik,2026_03,2026-04-18 13:53
PEKGY,-31900,1008813,4685173406,emeklilik,2026_03,2026-04-18 13:53
TBORG,-33796,614580,59392160,emeklilik,2026_03,2026-04-18 13:53
DGATE,-34462,1196932,15227271,emeklilik,2026_03,2026-04-18 13:53
MPARK,-34473,17941489,80869110,emeklilik,2026_03,2026-04-18 13:53
ODINE,-35666,605840,52810834,emeklilik,2026_03,2026-04-18 13:53
OYYAT,-39450,181052,91048322,emeklilik,2026_03,2026-04-18 13:53
GRTHO,-41750,220024,36745000,emeklilik,2026_03,2026-04-18 13:53
HOROZ,-60546,818988,24599986,emeklilik,2026_03,2026-04-18 13:53
KLKIM,-64878,6105897,138383655,emeklilik,2026_03,2026-04-18 13:53
KFEIN,-78401,5191561,150306170,emeklilik,2026_03,2026-04-18 13:53
CATES,-81256,75094,33050000,emeklilik,2026_03,2026-04-18 13:53
ZTLRFF,-87000,40000,2800000,emeklilik,2026_03,2026-04-18 13:53
HEKTS,-88860,3245050,3946424637,emeklilik,2026_03,2026-04-18 13:53
ORGE,-94268,2162603,41839996,emeklilik,2026_03,2026-04-18 13:53
DESPC,-97916,1579692,16023700,emeklilik,2026_03,2026-04-18 13:53
EDIP,-100465,5080,36468204,emeklilik,2026_03,2026-04-18 13:53
APLIBF,-112903,51016128,58000000,emeklilik,2026_03,2026-04-18 13:53
AZTEK,-138570,8098093,279000000,emeklilik,2026_03,2026-04-18 13:53
PENTA,-146916,4672801,181070136,emeklilik,2026_03,2026-04-18 13:53
MGROS,-148548,17898493,96563568,emeklilik,2026_03,2026-04-18 13:53
MEYSU,-158764,67887,175000000,emeklilik,2026_03,2026-04-18 13:53
HATSN,-166114,1191375,44299964,emeklilik,2026_03,2026-04-18 13:53
PAPIL,-167996,5753153,206247674,emeklilik,2026_03,2026-04-18 13:53
VKGYO,-178794,19600150,1637203242,emeklilik,2026_03,2026-04-18 13:53
ALKIM,-193166,3255177,182767821,emeklilik,2026_03,2026-04-18 13:53
SDTTR,-197500,621688,15990000,emeklilik,2026_03,2026-04-18 13:53
SRVGY,-214495,1168052,812499687,emeklilik,2026_03,2026-04-18 13:53
MOBTL,-220135,9554710,207999999,emeklilik,2026_03,2026-04-18 13:53
ARDYZ,-230533,23141772,279551557,emeklilik,2026_03,2026-04-18 13:53
LOGO,-254382,7500338,74328248,emeklilik,2026_03,2026-04-18 13:53
OTKAR,-256084,3014204,33417145,emeklilik,2026_03,2026-04-18 13:53
VBTYZ,-262758,4780535,56205000,emeklilik,2026_03,2026-04-18 13:53
EFOR,-269328,2976484,670679994,emeklilik,2026_03,2026-04-18 13:53
PAGYO,-284566,228149,57781202,emeklilik,2026_03,2026-04-18 13:53
ESCAR,-297283,1,101933690,emeklilik,2026_03,2026-04-18 13:53
IZENR,-308032,1790209,914537597,emeklilik,2026_03,2026-04-18 13:53
POLHO,-320000,262824,164140074,emeklilik,2026_03,2026-04-18 13:53
BUCIM,-336337,20625836,1292638065,emeklilik,2026_03,2026-04-18 13:53
GMSTRF,-351817,11897599,75300000,emeklilik,2026_03,2026-04-18 13:53
AKHAN,-355534,157073,54700000,emeklilik,2026_03,2026-04-18 13:53
ZERGY,-365000,5091250,156799985,emeklilik,2026_03,2026-04-18 13:53
ZGOLDF,-367487,132598807,152040000,emeklilik,2026_03,2026-04-18 13:53
EBEBK,-378628,4587278,40534692,emeklilik,2026_03,2026-04-18 13:53
AVPGY,-448904,7930105,99999990,emeklilik,2026_03,2026-04-18 13:53
VAKFA,-450000,1337488,224999701,emeklilik,2026_03,2026-04-18 13:53
ANHYT,-528951,4947349,88457041,emeklilik,2026_03,2026-04-18 13:53
BSOKE,-533858,1770796,458487038,emeklilik,2026_03,2026-04-18 13:53
PATEK,-568652,7583451,293081893,emeklilik,2026_03,2026-04-18 13:53
VESBE,-579803,6424269,503578676,emeklilik,2026_03,2026-04-18 13:53
KAREL,-653826,8659023,329659497,emeklilik,2026_03,2026-04-18 13:53
KOTON,-724659,197760,136599922,emeklilik,2026_03,2026-04-18 13:53
ARSAN,-750000,759134,887344281,emeklilik,2026_03,2026-04-18 13:53
GENTS,-900000,700006,749958921,emeklilik,2026_03,2026-04-18 13:53
TCELL,-925809,99712666,1622604373,emeklilik,2026_03,2026-04-18 13:53
REEDR,-988781,17041770,632419525,emeklilik,2026_03,2026-04-18 13:53
KATMR,-1000000,7000000,1980989998,emeklilik,2026_03,2026-04-18 13:53
OYAKC,-1169486,62435331,4656879379,emeklilik,2026_03,2026-04-18 13:53
LMKDC,-1264593,29476558,155929999,emeklilik,2026_03,2026-04-18 13:53
AYDEM,-1281442,2323372,130000000,emeklilik,2026_03,2026-04-18 13:53
TRALT,-1334414,40608786,952269019,emeklilik,2026_03,2026-04-18 13:53
KZBGY,-1402116,5674360,1959999915,emeklilik,2026_03,2026-04-18 13:53
ATATR,-1427555,526880,280000000,emeklilik,2026_03,2026-04-18 13:53
PGSUS,-1551895,7185520,295068869,emeklilik,2026_03,2026-04-18 13:53
ASTOR,-1578276,5762573,366896223,emeklilik,2026_03,2026-04-18 13:53
TAVHL,-1612691,10596156,213213415,emeklilik,2026_03,2026-04-18 13:53
GWIND,-1831900,20315310,179165491,emeklilik,2026_03,2026-04-18 13:53
AKSEN,-1862379,3242949,638545796,emeklilik,2026_03,2026-04-18 13:53
AYGAZ,-1885721,13908485,98568807,emeklilik,2026_03,2026-04-18 13:53
KAYSE,-1898837,363869,828951998,emeklilik,2026_03,2026-04-18 13:53
FROTO,-1956261,43098956,625119847,emeklilik,2026_03,2026-04-18 13:53
KRVGD,-2061632,112999651,596159766,emeklilik,2026_03,2026-04-18 13:53
GOKNR,-2061717,9317945,178040711,emeklilik,2026_03,2026-04-18 13:53
ENJSA,-2161218,52871927,236209270,emeklilik,2026_03,2026-04-18 13:53
BTCIM,-2434614,17282018,4220286921,emeklilik,2026_03,2026-04-18 13:53
YYLGD,-2453935,4939315,369826200,emeklilik,2026_03,2026-04-18 13:53
ASELS,-2580075,77822502,1178601424,emeklilik,2026_03,2026-04-18 13:53
BIGCH,-3045131,59237814,368932945,emeklilik,2026_03,2026-04-18 13:53
HALKB,-3098932,7820950,6546422780,emeklilik,2026_03,2026-04-18 13:53
ISMEN,-3364784,43065206,467723147,emeklilik,2026_03,2026-04-18 13:53
INDES,-4723287,24117659,462749767,emeklilik,2026_03,2026-04-18 13:53
KTLEV,-5082092,8892711,1288500000,emeklilik,2026_03,2026-04-18 13:53
DGNMO,-6487419,33163709,327634635,emeklilik,2026_03,2026-04-18 13:53
NTGAZ,-6534381,50741443,276000000,emeklilik,2026_03,2026-04-18 13:53
AKSA,-6545193,18799124,1503650642,emeklilik,2026_03,2026-04-18 13:53
MAVI,-6605293,116740439,576779312,emeklilik,2026_03,2026-04-18 13:53
KCHOL,-6820921,73560281,674053695,emeklilik,2026_03,2026-04-18 13:53
TUKAS,-8172989,1657331,4499995929,emeklilik,2026_03,2026-04-18 13:53
THYAO,-8203364,50537990,739463453,emeklilik,2026_03,2026-04-18 13:53
DOHOL,-8686029,224994638,984706978,emeklilik,2026_03,2026-04-18 13:53
SAHOL,-9692218,146968452,1149847384,emeklilik,2026_03,2026-04-18 13:53
EMPAE,-9901752,738248,38000000,emeklilik,2026_03,2026-04-18 13:53
AGXAAC,-11502017,22202615,24208793,emeklilik,2026_03,2026-04-18 13:53
TSPOR,-15062499,7600000,3674975174,emeklilik,2026_03,2026-04-18 13:53
ALBRK,-21124751,258682823,1050739765,emeklilik,2026_03,2026-04-18 13:53
VAKBN,-21945051,77453094,8046896130,emeklilik,2026_03,2026-04-18 13:53
ESCOM,-22357668,43913357,465831670,emeklilik,2026_03,2026-04-18 13:53
PAHOL,-26258015,4204014,3999999979,emeklilik,2026_03,2026-04-18 13:53
AKBNK,-26337106,138177137,3059320211,emeklilik,2026_03,2026-04-18 13:53
YKBNK,-39307931,255248992,4705620952,emeklilik,2026_03,2026-04-18 13:53
ISCTR,-173063864,558335756,8880396856,emeklilik,2026_03,2026-04-18 13:53
