hisse,fark,adet2,tks2,kurum,donem,yukleme
ADESE,325298483,558854399,4687131701,TERA,2026_01,2026-04-18 13:52
GSRAY,81506376,128593128,10123744690,TERA,2026_01,2026-04-18 13:52
MEKAG,80175854,80386533,320319999,TERA,2026_01,2026-04-18 13:52
ISKPL,29922201,233822022,724625736,TERA,2026_01,2026-04-18 13:52
SMRTG,9991064,21015805,664164672,TERA,2026_01,2026-04-18 13:52
SKBNK,8302820,9445345,2498879854,TERA,2026_01,2026-04-18 13:52
TERA,5787277,68074516,240888789,TERA,2026_01,2026-04-18 13:52
CANTE,4001324,16212154,6026143802,TERA,2026_01,2026-04-18 13:52
DSTKF,3940572,5950766,82195267,TERA,2026_01,2026-04-18 13:52
AKSEN,3866780,7554102,638545796,TERA,2026_01,2026-04-18 13:52
GATEG,3536975,3591865,10559341,TERA,2026_01,2026-04-18 13:52
KONTR,3103987,5019324,936038763,TERA,2026_01,2026-04-18 13:52
FENER,2215131,2233763,2772321026,TERA,2026_01,2026-04-18 13:52
VANGD,2191498,2281126,24374995,TERA,2026_01,2026-04-18 13:52
RALYH,1960062,11121056,176324572,TERA,2026_01,2026-04-18 13:52
CWENE,1449349,2305726,530758241,TERA,2026_01,2026-04-18 13:52
YYAPI,1425417,2298865,1705025550,TERA,2026_01,2026-04-18 13:52
KCAER,1262987,1324684,496494775,TERA,2026_01,2026-04-18 13:52
AGROT,1095440,1562821,843999770,TERA,2026_01,2026-04-18 13:52
BRKO,980336,2466227,138199447,TERA,2026_01,2026-04-18 13:52
EGEPO,848195,1188995,200000000,TERA,2026_01,2026-04-18 13:52
SELVA,803183,11221647,747897737,TERA,2026_01,2026-04-18 13:52
TSPOR,734680,11498574,3674526664,TERA,2026_01,2026-04-18 13:52
AZTEK,734148,839573,279000000,TERA,2026_01,2026-04-18 13:52
TATEN,679819,1466457,347769724,TERA,2026_01,2026-04-18 13:52
ARZUM,665856,996965,293999828,TERA,2026_01,2026-04-18 13:52
EDATA,634124,720002,160065396,TERA,2026_01,2026-04-18 13:52
KOTON,530776,591427,136599960,TERA,2026_01,2026-04-18 13:52
KOPOL,504420,1607684,266319652,TERA,2026_01,2026-04-18 13:52
TURSG,503966,759120,7907296076,TERA,2026_01,2026-04-18 13:52
ISMEN,498215,575166,467723147,TERA,2026_01,2026-04-18 13:52
AKSA,469265,295270,1503670642,TERA,2026_01,2026-04-18 13:52
RTALB,447127,854583,432976722,TERA,2026_01,2026-04-18 13:52
ZGYO,444876,444876,84499889,TERA,2026_01,2026-04-18 13:52
GEREL,409088,1059212,219036379,TERA,2026_01,2026-04-18 13:52
TRENJ,394779,543353,97964682,TERA,2026_01,2026-04-18 13:52
KGYO,374692,600750,767895149,TERA,2026_01,2026-04-18 13:52
ECOGR,372218,407350,109980000,TERA,2026_01,2026-04-18 13:52
MARMR,328269,598423,961218727,TERA,2026_01,2026-04-18 13:52
SANFM,295472,393300,225029995,TERA,2026_01,2026-04-18 13:52
MEYSU,281133,281133,175000000,TERA,2026_01,2026-04-18 13:52
BORLS,280358,366056,308652686,TERA,2026_01,2026-04-18 13:52
UCAYM,277359,277359,59996268,TERA,2026_01,2026-04-18 13:52
YGYO,273390,9313952,1310632851,TERA,2026_01,2026-04-18 13:52
ULUFA,272500,747141,305352801,TERA,2026_01,2026-04-18 13:52
SNGYO,271896,450717,3607173097,TERA,2026_01,2026-04-18 13:52
INDES,261151,319579,462749768,TERA,2026_01,2026-04-18 13:52
OBAMS,253905,493418,725750028,TERA,2026_01,2026-04-18 13:52
HLGYO,243548,971783,1075198516,TERA,2026_01,2026-04-18 13:52
RYSAS,240986,272483,1504020937,TERA,2026_01,2026-04-18 13:52
GOZDE,235999,2391616,384992447,TERA,2026_01,2026-04-18 13:52
IMASM,235265,773092,622850499,TERA,2026_01,2026-04-18 13:52
DENGE,225645,1032279,525284797,TERA,2026_01,2026-04-18 13:52
RUZYE,216781,1579127,267748491,TERA,2026_01,2026-04-18 13:52
TUPRS,205786,340375,902334854,TERA,2026_01,2026-04-18 13:52
GEDIK,191608,606857,983076856,TERA,2026_01,2026-04-18 13:52
FZLGY,182184,193981,398427439,TERA,2026_01,2026-04-18 13:52
FRMPL,164073,164073,39997696,TERA,2026_01,2026-04-18 13:52
IHYAY,163900,336131,388124996,TERA,2026_01,2026-04-18 13:52
OSTIM,158264,1097377,509984964,TERA,2026_01,2026-04-18 13:52
USAK,155618,879427,1218028690,TERA,2026_01,2026-04-18 13:52
CEMAS,151748,674563,790994229,TERA,2026_01,2026-04-18 13:52
BERA,145518,177651,491816866,TERA,2026_01,2026-04-18 13:52
KATMR,143439,3152633,1980989998,TERA,2026_01,2026-04-18 13:52
YKSLN,140861,170000,197429570,TERA,2026_01,2026-04-18 13:52
GLRYH,138000,139018,599623814,TERA,2026_01,2026-04-18 13:52
HOROZ,131963,155637,24599986,TERA,2026_01,2026-04-18 13:52
ENTRA,128746,508303,369383564,TERA,2026_01,2026-04-18 13:52
ULKER,128188,204044,338855989,TERA,2026_01,2026-04-18 13:52
LKMNH,127681,133689,163262533,TERA,2026_01,2026-04-18 13:52
KAYSE,126607,147497,814062605,TERA,2026_01,2026-04-18 13:52
MERKO,119353,211960,101104701,TERA,2026_01,2026-04-18 13:52
ENKAI,118293,216154,874736059,TERA,2026_01,2026-04-18 13:52
CGCAM,116487,169788,42000000,TERA,2026_01,2026-04-18 13:52
TAVHL,115779,133521,213213415,TERA,2026_01,2026-04-18 13:52
PGSUS,115609,290914,245068871,TERA,2026_01,2026-04-18 13:52
DITAS,112578,232207,83407812,TERA,2026_01,2026-04-18 13:52
DYOBY,110500,110518,186553687,TERA,2026_01,2026-04-18 13:52
BUCIM,107749,622147,1286538062,TERA,2026_01,2026-04-18 13:52
SEKUR,107661,108014,131457835,TERA,2026_01,2026-04-18 13:52
MIATK,105189,583427,313087979,TERA,2026_01,2026-04-18 13:52
AKYHO,99465,328424,223895870,TERA,2026_01,2026-04-18 13:52
TCELL,98847,213219,1622604373,TERA,2026_01,2026-04-18 13:52
EUHOL,98024,25866072,142999955,TERA,2026_01,2026-04-18 13:52
HEKTS,97102,4781248,3946474643,TERA,2026_01,2026-04-18 13:52
FLAP,93872,159836,93599986,TERA,2026_01,2026-04-18 13:52
SNPAM,87201,82501,19679871,TERA,2026_01,2026-04-18 13:52
ODAS,86330,2595469,1113798031,TERA,2026_01,2026-04-18 13:52
KARSN,85100,442007,827850973,TERA,2026_01,2026-04-18 13:52
GOKNR,83571,184733,178040711,TERA,2026_01,2026-04-18 13:52
MOPAS,82103,25965,57330000,TERA,2026_01,2026-04-18 13:52
INFO,75323,223984,767463337,TERA,2026_01,2026-04-18 13:52
PRDGS,73555,78098,110850000,TERA,2026_01,2026-04-18 13:52
SILVR,70938,317794,212818206,TERA,2026_01,2026-04-18 13:52
REEDR,68694,871370,632558010,TERA,2026_01,2026-04-18 13:52
RNPOL,66700,82044,16795000,TERA,2026_01,2026-04-18 13:52
BNTAS,63456,334214,170624998,TERA,2026_01,2026-04-18 13:52
MHRGY,62531,745170,310499991,TERA,2026_01,2026-04-18 13:52
GSDDE,62122,63183,106850751,TERA,2026_01,2026-04-18 13:52
VAKFA,61681,125823,224999701,TERA,2026_01,2026-04-18 13:52
SLSHMV,60010,60010,1553314,TERA,2026_01,2026-04-18 13:52
ATAGY,58640,115781,45670114,TERA,2026_01,2026-04-18 13:52
EKGYO,57733,713641,1925107366,TERA,2026_01,2026-04-18 13:52
GMTAS,57453,120022,298687813,TERA,2026_01,2026-04-18 13:52
AYES,56439,239750,86971609,TERA,2026_01,2026-04-18 13:52
BRLSM,55943,68245,108025075,TERA,2026_01,2026-04-18 13:52
VESBE,55819,100621,503578676,TERA,2026_01,2026-04-18 13:52
BAYRK,54975,146446,189751123,TERA,2026_01,2026-04-18 13:52
NATEN,54222,161203,309375000,TERA,2026_01,2026-04-18 13:52
CEMTS,52325,346728,233425986,TERA,2026_01,2026-04-18 13:52
DMLKTG,51266,70988,2576335943,TERA,2026_01,2026-04-18 13:52
ISGYO,51148,81304,531312439,TERA,2026_01,2026-04-18 13:52
ETYAT,47299,176888,18752248,TERA,2026_01,2026-04-18 13:52
ALKIM,47014,107744,182767821,TERA,2026_01,2026-04-18 13:52
MNDRS,44765,327359,222007982,TERA,2026_01,2026-04-18 13:52
ESEN,44069,935304,682499950,TERA,2026_01,2026-04-18 13:52
ORGE,43533,50918,41839996,TERA,2026_01,2026-04-18 13:52
GUNDG,42860,55121,18968972,TERA,2026_01,2026-04-18 13:52
EPLAS,42282,1053901,190491857,TERA,2026_01,2026-04-18 13:52
AKCNS,42035,104393,39359284,TERA,2026_01,2026-04-18 13:52
MARTI,40365,61134,590191701,TERA,2026_01,2026-04-18 13:52
OYYAT,40275,49103,91048322,TERA,2026_01,2026-04-18 13:52
AYGAZ,39592,548,98568807,TERA,2026_01,2026-04-18 13:52
SURGY,39358,41548,44745990,TERA,2026_01,2026-04-18 13:52
BIMAS,35944,25343,436214016,TERA,2026_01,2026-04-18 13:52
BMSCH,35603,133756,69277402,TERA,2026_01,2026-04-18 13:52
MOGAN,35341,124599,262635000,TERA,2026_01,2026-04-18 13:52
CELHA,35321,64231,146078935,TERA,2026_01,2026-04-18 13:52
KLMSN,33360,41109,30881197,TERA,2026_01,2026-04-18 13:52
EGSER,29500,339707,545751057,TERA,2026_01,2026-04-18 13:52
BMSTL,29316,56303,74772260,TERA,2026_01,2026-04-18 13:52
KRPLS,27664,111373,78486163,TERA,2026_01,2026-04-18 13:52
KRDMD,27646,429935,780216365,TERA,2026_01,2026-04-18 13:52
OYLUM,27002,91886,80937367,TERA,2026_01,2026-04-18 13:52
ATLAS,26663,26772,59999865,TERA,2026_01,2026-04-18 13:52
HEDEF,26223,187490,562499930,TERA,2026_01,2026-04-18 13:52
CIMSA,26147,54914,488404404,TERA,2026_01,2026-04-18 13:52
OZATD,25007,196424,13349933,TERA,2026_01,2026-04-18 13:52
YONGA,24091,29588,7195951,TERA,2026_01,2026-04-18 13:52
OZRDN,23193,87860,57107579,TERA,2026_01,2026-04-18 13:52
GLBMD,22751,71471,28880500,TERA,2026_01,2026-04-18 13:52
YEOTK,21814,48725,160933198,TERA,2026_01,2026-04-18 13:52
TTKOM,21730,124824,524999999,TERA,2026_01,2026-04-18 13:52
ETILR,21341,170610,156217454,TERA,2026_01,2026-04-18 13:52
SNICA,21011,405615,321688855,TERA,2026_01,2026-04-18 13:52
SEKFK,20408,239921,62311473,TERA,2026_01,2026-04-18 13:52
ATEKS,19487,19515,5441598,TERA,2026_01,2026-04-18 13:52
RODRG,19244,140280,16822352,TERA,2026_01,2026-04-18 13:52
NTGAZ,19199,31247,276000000,TERA,2026_01,2026-04-18 13:52
KCHOL,18845,139199,674052308,TERA,2026_01,2026-04-18 13:52
GLRMK,18542,28787,38760000,TERA,2026_01,2026-04-18 13:52
ZERGY,18363,62285,156799985,TERA,2026_01,2026-04-18 13:52
ZEDUR,17674,78578,69899992,TERA,2026_01,2026-04-18 13:52
BIZIM,17050,40604,27601626,TERA,2026_01,2026-04-18 13:52
LIDFA,16371,33606,458180545,TERA,2026_01,2026-04-18 13:52
TSGYO,16049,17286,266499982,TERA,2026_01,2026-04-18 13:52
ELITE,15656,40536,44650000,TERA,2026_01,2026-04-18 13:52
YAYLA,15358,27358,39874966,TERA,2026_01,2026-04-18 13:52
BALSU,15240,182044,278000000,TERA,2026_01,2026-04-18 13:52
MEGAP,14000,681128,234498757,TERA,2026_01,2026-04-18 13:52
PKART,13533,23176,11048497,TERA,2026_01,2026-04-18 13:52
DMSAS,13049,346906,199994510,TERA,2026_01,2026-04-18 13:52
ISBIR,12690,96427,14500244,TERA,2026_01,2026-04-18 13:52
AHSGY,12583,13629,184999889,TERA,2026_01,2026-04-18 13:52
PENGD,12387,279243,171069968,TERA,2026_01,2026-04-18 13:52
NUGYO,12350,180295,324943976,TERA,2026_01,2026-04-18 13:52
KNFRT,12299,1051836,131747000,TERA,2026_01,2026-04-18 13:52
RUBNS,12240,17203,42377765,TERA,2026_01,2026-04-18 13:52
ULUUN,11885,95287,290523352,TERA,2026_01,2026-04-18 13:52
HATSN,11774,22037,44299973,TERA,2026_01,2026-04-18 13:52
ASELS,11733,75444,1178597817,TERA,2026_01,2026-04-18 13:52
FROTO,11658,112116,625120847,TERA,2026_01,2026-04-18 13:52
MSGYO,10780,23415,169650150,TERA,2026_01,2026-04-18 13:52
AKENR,10450,43740,385189146,TERA,2026_01,2026-04-18 13:52
PGSFIV,10004,10004,1606913,TERA,2026_01,2026-04-18 13:52
AKSUE,10002,11561,56376184,TERA,2026_01,2026-04-18 13:52
VESTL,9607,31084,295447203,TERA,2026_01,2026-04-18 13:52
PCILT,9500,111661,45014183,TERA,2026_01,2026-04-18 13:52
KTSKR,8729,12578,14691795,TERA,2026_01,2026-04-18 13:52
CRFSA,8659,20035,18312793,TERA,2026_01,2026-04-18 13:52
CRDFA,8068,238677,74996853,TERA,2026_01,2026-04-18 13:52
BIENY,7949,80864,83144831,TERA,2026_01,2026-04-18 13:52
YIGIT,7898,87502,74999975,TERA,2026_01,2026-04-18 13:52
EGCYH,7875,8075,39900235,TERA,2026_01,2026-04-18 13:52
ISFIN,7478,28555,310154523,TERA,2026_01,2026-04-18 13:52
MGROS,7281,20926,96563547,TERA,2026_01,2026-04-18 13:52
BAHKM,7235,9086,23289000,TERA,2026_01,2026-04-18 13:52
MEPET,6950,6965,73940585,TERA,2026_01,2026-04-18 13:52
CCOLA,6936,29122,818085147,TERA,2026_01,2026-04-18 13:52
SOKE,6732,62218,126999996,TERA,2026_01,2026-04-18 13:52
KLRHO,6544,759435,341250000,TERA,2026_01,2026-04-18 13:52
AVPGY,5818,9392,100000000,TERA,2026_01,2026-04-18 13:52
RGYAS,5770,8118,105523000,TERA,2026_01,2026-04-18 13:52
MARBL,5706,14849,65226403,TERA,2026_01,2026-04-18 13:52
ZGOLDF,5690,6367,152040000,TERA,2026_01,2026-04-18 13:52
PINSU,5641,57750,101635846,TERA,2026_01,2026-04-18 13:52
AVOD,5630,82262,253604577,TERA,2026_01,2026-04-18 13:52
ERBOS,5122,25197,15899843,TERA,2026_01,2026-04-18 13:52
DGNMO,5021,40042,327634635,TERA,2026_01,2026-04-18 13:52
EGCEY,4903,4904,19749798,TERA,2026_01,2026-04-18 13:52
ARENA,4485,22490,66996461,TERA,2026_01,2026-04-18 13:52
ORCAY,4301,188339,149972352,TERA,2026_01,2026-04-18 13:52
VERTU,4243,11568,22000000,TERA,2026_01,2026-04-18 13:52
ALFAS,4135,24458,84639559,TERA,2026_01,2026-04-18 13:52
TDGYO,3743,43070,59914214,TERA,2026_01,2026-04-18 13:52
DCTTR,3583,384674,157328724,TERA,2026_01,2026-04-18 13:52
DOAS,3398,37318,97899975,TERA,2026_01,2026-04-18 13:52
HKTM,3358,15926,72747500,TERA,2026_01,2026-04-18 13:52
BASCM,3299,13350,49238593,TERA,2026_01,2026-04-18 13:52
BRSAN,3243,5607,35912460,TERA,2026_01,2026-04-18 13:52
PETUN,3217,38332,134673118,TERA,2026_01,2026-04-18 13:52
PRKAB,3166,48570,35225443,TERA,2026_01,2026-04-18 13:52
QNBTR,3138,9687,2571745911,TERA,2026_01,2026-04-18 13:52
EKSUN,3087,139329,171792833,TERA,2026_01,2026-04-18 13:52
KARTN,2959,11234,72781126,TERA,2026_01,2026-04-18 13:52
ULUSE,2892,14075,24000000,TERA,2026_01,2026-04-18 13:52
DNISI,2747,11435,59171727,TERA,2026_01,2026-04-18 13:52
SEYKM,2506,3077,151040901,TERA,2026_01,2026-04-18 13:52
SAMAT,2500,88972,103183797,TERA,2026_01,2026-04-18 13:52
DGATE,2500,4312,15227271,TERA,2026_01,2026-04-18 13:52
AYEN,2500,42817,55531320,TERA,2026_01,2026-04-18 13:52
OTKAR,2388,7395,33417145,TERA,2026_01,2026-04-18 13:52
ERSU,2370,23801,31755894,TERA,2026_01,2026-04-18 13:52
SODSN,2100,2400,45373261,TERA,2026_01,2026-04-18 13:52
AKMGY,2008,17685,21568998,TERA,2026_01,2026-04-18 13:52
EUKYO,2000,2943,19899963,TERA,2026_01,2026-04-18 13:52
MEDTR,1950,63162,24499999,TERA,2026_01,2026-04-18 13:52
ONCSM,1928,2406,10086000,TERA,2026_01,2026-04-18 13:52
ASUZU,1624,12640,41130807,TERA,2026_01,2026-04-18 13:52
HTTBT,1505,45779,82805422,TERA,2026_01,2026-04-18 13:52
SUWEN,1500,8286,365687500,TERA,2026_01,2026-04-18 13:52
DEVA,1499,6124,199971814,TERA,2026_01,2026-04-18 13:52
OTTO,1479,10302,5474438,TERA,2026_01,2026-04-18 13:52
ATSYH,1429,32604,7998869,TERA,2026_01,2026-04-18 13:52
TKFEN,1326,39477,230848007,TERA,2026_01,2026-04-18 13:52
KRONT,1134,4760,116892885,TERA,2026_01,2026-04-18 13:52
MRSHL,1114,1434,4212888,TERA,2026_01,2026-04-18 13:52
PRZMA,1008,2578,61941154,TERA,2026_01,2026-04-18 13:52
PKENT,942,2808,23766169,TERA,2026_01,2026-04-18 13:52
TRILC,917,36897,118499496,TERA,2026_01,2026-04-18 13:52
NUHCM,832,4598,33135899,TERA,2026_01,2026-04-18 13:52
KLSER,810,24492,109457566,TERA,2026_01,2026-04-18 13:52
SANEL,792,48991,18112451,TERA,2026_01,2026-04-18 13:52
TMSN,764,36760,44449988,TERA,2026_01,2026-04-18 13:52
PAGYO,742,4228,57781202,TERA,2026_01,2026-04-18 13:52
DIRIT,700,1121,10146501,TERA,2026_01,2026-04-18 13:52
GLYHO,688,3752,1949290631,TERA,2026_01,2026-04-18 13:52
CATES,651,31910,33050000,TERA,2026_01,2026-04-18 13:52
TNZTP,581,10998,87496826,TERA,2026_01,2026-04-18 13:52
KZGYO,570,158147,49999985,TERA,2026_01,2026-04-18 13:52
PAMEL,568,2292,21533681,TERA,2026_01,2026-04-18 13:52
ANGEN,506,131120,86440002,TERA,2026_01,2026-04-18 13:52
BALAT,500,38669,13585960,TERA,2026_01,2026-04-18 13:52
GRNYO,481,39947,37386059,TERA,2026_01,2026-04-18 13:52
OZSUB,452,4230,42499126,TERA,2026_01,2026-04-18 13:52
FORTE,418,7433,21999999,TERA,2026_01,2026-04-18 13:52
KORDS,300,51999,65421451,TERA,2026_01,2026-04-18 13:52
EMKEL,214,104160,149999456,TERA,2026_01,2026-04-18 13:52
GLDTRF,211,1771,48100000,TERA,2026_01,2026-04-18 13:52
BAKAB,200,10113,34985326,TERA,2026_01,2026-04-18 13:52
QNBFK,190,906,843137646,TERA,2026_01,2026-04-18 13:52
BFREN,176,6578,24586148,TERA,2026_01,2026-04-18 13:52
BINBN,161,4282,17000000,TERA,2026_01,2026-04-18 13:52
AYCES,160,367,1895369,TERA,2026_01,2026-04-18 13:52
INTEM,144,194,9428747,TERA,2026_01,2026-04-18 13:52
YAPRK,134,934,4214998,TERA,2026_01,2026-04-18 13:52
LYDYE,126,139,1391287,TERA,2026_01,2026-04-18 13:52
SONME,108,2110,4349319,TERA,2026_01,2026-04-18 13:52
ZPBDLF,100,3408,8240000,TERA,2026_01,2026-04-18 13:52
GOLTS,100,13935,12422783,TERA,2026_01,2026-04-18 13:52
LYDHO,86,11306,197140910,TERA,2026_01,2026-04-18 13:52
KENT,76,668,1191005,TERA,2026_01,2026-04-18 13:52
INGRM,74,119,14969536,TERA,2026_01,2026-04-18 13:52
TEZOL,63,8356,139835975,TERA,2026_01,2026-04-18 13:52
CMENT,40,3318,56829666,TERA,2026_01,2026-04-18 13:52
EMNIS,28,10550,3429235,TERA,2026_01,2026-04-18 13:52
ALCAR,21,996,1721735,TERA,2026_01,2026-04-18 13:52
ALCTL,17,1160,13543218,TERA,2026_01,2026-04-18 13:52
BURVA,11,13,4723271,TERA,2026_01,2026-04-18 13:52
YBTAS,7,35439,31526916,TERA,2026_01,2026-04-18 13:52
MTRKS,2,2359,43633165,TERA,2026_01,2026-04-18 13:52
ISGSY,2,34527,47378729,TERA,2026_01,2026-04-18 13:52
CASA,1,103,4891517,TERA,2026_01,2026-04-18 13:52
SAYAS,1,387,42530887,TERA,2026_01,2026-04-18 13:52
KONYA,1,49,1646416,TERA,2026_01,2026-04-18 13:52
EKIZ,1,1,8198720,TERA,2026_01,2026-04-18 13:52
KUVVA,0,20021,24204585,TERA,2026_01,2026-04-18 13:52
ASYAB,0,104479,477904801,TERA,2026_01,2026-04-18 13:52
BRKSN,0,10917,62639942,TERA,2026_01,2026-04-18 13:52
FENIS,0,63313,26080019,TERA,2026_01,2026-04-18 13:52
LUKSK,0,772,27257202,TERA,2026_01,2026-04-18 13:52
INVES,0,151065,37480000,TERA,2026_01,2026-04-18 13:52
KRTEK,0,414,18914650,TERA,2026_01,2026-04-18 13:52
ATAC,0,265951,103398067,TERA,2026_01,2026-04-18 13:52
ARTOG,0,3023511,18578922,TERA,2026_01,2026-04-18 13:52
PENTA,0,407542,181070136,TERA,2026_01,2026-04-18 13:52
MARKA,0,30080,20752018,TERA,2026_01,2026-04-18 13:52
SALIX,0,1000,4949230,TERA,2026_01,2026-04-18 13:52
GENYH,0,872184,9999906,TERA,2026_01,2026-04-18 13:52
AKSEL,0,17000,7100000,TERA,2026_01,2026-04-18 13:52
CMBTN,0,267,1023000,TERA,2026_01,2026-04-18 13:52
INTEK,0,32,5043584,TERA,2026_01,2026-04-18 13:52
ORMA,0,51,3663265,TERA,2026_01,2026-04-18 13:52
GEDIZ,0,16822,7163595,TERA,2026_01,2026-04-18 13:52
MEMSA,0,26001,160110709,TERA,2026_01,2026-04-18 13:52
KLSYN,0,87392,107854952,TERA,2026_01,2026-04-18 13:52
CLKHO,0,104177,26183651,TERA,2026_01,2026-04-18 13:52
ARTI,0,8075,9881683,TERA,2026_01,2026-04-18 13:52
OBASE,0,1178,14924000,TERA,2026_01,2026-04-18 13:52
ODINE,0,90400,52576848,TERA,2026_01,2026-04-18 13:52
PRTAS,0,22205,21405233,TERA,2026_01,2026-04-18 13:52
MENBA,0,58564,3496852,TERA,2026_01,2026-04-18 13:52
EGCYO,0,2541,21986285,TERA,2026_01,2026-04-18 13:52
BMEKS,0,62287,114192339,TERA,2026_01,2026-04-18 13:52
KRATL,0,5047,17800000,TERA,2026_01,2026-04-18 13:52
DOGUB,0,49,19821566,TERA,2026_01,2026-04-18 13:52
ATPET,0,2002,11403497,TERA,2026_01,2026-04-18 13:52
ENPRA,0,30144,15294299,TERA,2026_01,2026-04-18 13:52
EGYO,0,116906,36676214,TERA,2026_01,2026-04-18 13:52
ARBUL,0,3402,15459297,TERA,2026_01,2026-04-18 13:52
MANGO,0,10002,37831688,TERA,2026_01,2026-04-18 13:52
RANLO,0,10302,19850386,TERA,2026_01,2026-04-18 13:52
CBSBO,0,4602,14692447,TERA,2026_01,2026-04-18 13:52
DMISH,0,2700,22727060,TERA,2026_01,2026-04-18 13:52
ERICO,0,1000,5214523,TERA,2026_01,2026-04-18 13:52
MTRYO,0,41,39900000,TERA,2026_01,2026-04-18 13:52
MAKIM,0,1945,42559998,TERA,2026_01,2026-04-18 13:52
NIBAS,0,30,267767946,TERA,2026_01,2026-04-18 13:52
TARAF,0,100,5035100,TERA,2026_01,2026-04-18 13:52
AKPAZ,0,100,22489187,TERA,2026_01,2026-04-18 13:52
KPHOL,0,1,4207498,TERA,2026_01,2026-04-18 13:52
HITIT,0,1,4488204,TERA,2026_01,2026-04-18 13:52
TUMTK,0,5,76370187,TERA,2026_01,2026-04-18 13:52
TRNSK,0,1,25616249,TERA,2026_01,2026-04-18 13:52
ESEMS,0,1,11202091,TERA,2026_01,2026-04-18 13:52
LATEK,0,2,39499512,TERA,2026_01,2026-04-18 13:52
ANELT,0,1,43199817,TERA,2026_01,2026-04-18 13:52
FVORI,0,0,17564673,TERA,2026_01,2026-04-18 13:52
UZEL,0,3945,26329793,TERA,2026_01,2026-04-18 13:52
ARAT,0,104200,39867975,TERA,2026_01,2026-04-18 13:52
BYSAN,0,10,16552134,TERA,2026_01,2026-04-18 13:52
UKIM,0,5,2053621,TERA,2026_01,2026-04-18 13:52
LIOYS,0,1810,31625013,TERA,2026_01,2026-04-18 13:52
UNTAR,0,16434,29562129,TERA,2026_01,2026-04-18 13:52
BASGZ,0,135855,174999999,TERA,2026_01,2026-04-18 13:52
UMPAS,0,63819,19320590,TERA,2026_01,2026-04-18 13:52
SUMAS,0,449,5433852,TERA,2026_01,2026-04-18 13:52
KERVN,0,10101,588346973,TERA,2026_01,2026-04-18 13:52
MRTGG,0,52001,14339249,TERA,2026_01,2026-04-18 13:52
GOLDS,0,84803,192323946,TERA,2026_01,2026-04-18 13:52
ZRGYO,0,10000,1173404997,TERA,2026_01,2026-04-18 13:52
GNPWR,0,561725,21999996,TERA,2026_01,2026-04-18 13:52
ARASE,-1,375,49999991,TERA,2026_01,2026-04-18 13:52
TABGD,-8,18667,52499906,TERA,2026_01,2026-04-18 13:52
MMCAS,-10,152,12393964,TERA,2026_01,2026-04-18 13:52
GESAN,-21,38719,141759180,TERA,2026_01,2026-04-18 13:52
CLEBI,-27,3225,5490178,TERA,2026_01,2026-04-18 13:52
SDTTR,-28,2116,15990000,TERA,2026_01,2026-04-18 13:52
VKFYO,-83,21205,26473700,TERA,2026_01,2026-04-18 13:52
SKYLP,-86,17393,7159255,TERA,2026_01,2026-04-18 13:52
ANELE,-147,60019,151405542,TERA,2026_01,2026-04-18 13:52
POLTK,-169,23,1125000,TERA,2026_01,2026-04-18 13:52
KSTUR,-170,21,3952561,TERA,2026_01,2026-04-18 13:52
TARKM,-226,692,4999885,TERA,2026_01,2026-04-18 13:52
KAPLM,-235,548396,4563571,TERA,2026_01,2026-04-18 13:52
KONKA,-299,60240,89670000,TERA,2026_01,2026-04-18 13:52
DESA,-300,10,171107590,TERA,2026_01,2026-04-18 13:52
MAALT,-328,570,4763850,TERA,2026_01,2026-04-18 13:52
UFUK,-348,2860,46845974,TERA,2026_01,2026-04-18 13:52
BRMEN,-379,243,57566555,TERA,2026_01,2026-04-18 13:52
COSMO,-405,378,6494091,TERA,2026_01,2026-04-18 13:52
TKNSA,-501,455,100485379,TERA,2026_01,2026-04-18 13:52
KMPUR,-519,87459,132432524,TERA,2026_01,2026-04-18 13:52
EGEEN,-579,527,1137161,TERA,2026_01,2026-04-18 13:52
LINK,-813,8905,18231985,TERA,2026_01,2026-04-18 13:52
KLYPV,-890,33324,46334639,TERA,2026_01,2026-04-18 13:52
AVTUR,-1130,323,43067999,TERA,2026_01,2026-04-18 13:52
FMIZP,-1307,861,3497751,TERA,2026_01,2026-04-18 13:52
BRYAT,-1357,71143,10264685,TERA,2026_01,2026-04-18 13:52
BANVT,-1365,1277,36961044,TERA,2026_01,2026-04-18 13:52
TTRAK,-1369,8852,24967458,TERA,2026_01,2026-04-18 13:52
TLMAN,-1376,362,10300000,TERA,2026_01,2026-04-18 13:52
EGGUB,-1630,32346,75862114,TERA,2026_01,2026-04-18 13:52
VKING,-1847,44141,30932905,TERA,2026_01,2026-04-18 13:52
ATAKP,-1921,3103,28224000,TERA,2026_01,2026-04-18 13:52
TGSAS,-2011,717985,12348294,TERA,2026_01,2026-04-18 13:52
GOODY,-2100,12,132804473,TERA,2026_01,2026-04-18 13:52
ULAS,-2125,6565,25200172,TERA,2026_01,2026-04-18 13:52
AFYON,-2200,42831,399992258,TERA,2026_01,2026-04-18 13:52
AVHOL,-2260,3741,26047279,TERA,2026_01,2026-04-18 13:52
DGGYO,-2371,30321,280709437,TERA,2026_01,2026-04-18 13:52
ATATP,-2418,17092,18809999,TERA,2026_01,2026-04-18 13:52
ENSRI,-2435,15,236333503,TERA,2026_01,2026-04-18 13:52
BOSSA,-2632,268761,508724189,TERA,2026_01,2026-04-18 13:52
EBEBK,-2655,253,40534692,TERA,2026_01,2026-04-18 13:52
DOFRB,-2682,24105,45000000,TERA,2026_01,2026-04-18 13:52
VAKKO,-2693,43,30789786,TERA,2026_01,2026-04-18 13:52
IHAAS,-2779,40737,56031248,TERA,2026_01,2026-04-18 13:52
LOGO,-2806,1710,74328248,TERA,2026_01,2026-04-18 13:52
VRGYO,-2846,405592,597643904,TERA,2026_01,2026-04-18 13:52
PARSN,-2894,53753,34033246,TERA,2026_01,2026-04-18 13:52
DZGYO,-3000,156051,399777846,TERA,2026_01,2026-04-18 13:52
DERIM,-3001,1117,40403770,TERA,2026_01,2026-04-18 13:52
NTHOL,-3099,6254,485479112,TERA,2026_01,2026-04-18 13:52
AVGYO,-3113,147516,111590302,TERA,2026_01,2026-04-18 13:52
POLHO,-3166,57903,164140074,TERA,2026_01,2026-04-18 13:52
VSNMD,-3298,14359,24000000,TERA,2026_01,2026-04-18 13:52
GLCVY,-3475,13558,26400000,TERA,2026_01,2026-04-18 13:52
EDIP,-3740,7300,36468204,TERA,2026_01,2026-04-18 13:52
BRISA,-3827,2500,31247472,TERA,2026_01,2026-04-18 13:52
BLUME,-3859,130312,174710134,TERA,2026_01,2026-04-18 13:52
CUSAN,-3896,409,18500000,TERA,2026_01,2026-04-18 13:52
KLNMA,-4000,315,91846864,TERA,2026_01,2026-04-18 13:52
OYAYO,-4169,36686,19999941,TERA,2026_01,2026-04-18 13:52
BVSAN,-4209,50606,13749998,TERA,2026_01,2026-04-18 13:52
HRKET,-4303,13087,24000000,TERA,2026_01,2026-04-18 13:52
KRDMA,-4575,33149,240300917,TERA,2026_01,2026-04-18 13:52
SEGYO,-4593,240247,203388821,TERA,2026_01,2026-04-18 13:52
MAKTK,-4759,2821,184370066,TERA,2026_01,2026-04-18 13:52
KAREL,-5016,60596,329659497,TERA,2026_01,2026-04-18 13:52
BJKAS,-5568,563830,1776089716,TERA,2026_01,2026-04-18 13:52
AHGAZ,-5592,270718,659370871,TERA,2026_01,2026-04-18 13:52
KFEIN,-6110,90591,150306170,TERA,2026_01,2026-04-18 13:52
CONSE,-7000,50419,377854899,TERA,2026_01,2026-04-18 13:52
KUTPO,-7161,4577,10524430,TERA,2026_01,2026-04-18 13:52
AYDEM,-7427,1122,130000000,TERA,2026_01,2026-04-18 13:52
BIGEN,-7695,194316,115500000,TERA,2026_01,2026-04-18 13:52
JANTS,-8680,46500,207477849,TERA,2026_01,2026-04-18 13:52
ICBCT,-8716,33138,216761845,TERA,2026_01,2026-04-18 13:52
TBORG,-8741,1320,59392160,TERA,2026_01,2026-04-18 13:52
FONET,-8979,158660,577082984,TERA,2026_01,2026-04-18 13:52
MOBTL,-8988,21238,207999999,TERA,2026_01,2026-04-18 13:52
SMART,-9001,8598,29737499,TERA,2026_01,2026-04-18 13:52
ONRYT,-9305,-3830,19730000,TERA,2026_01,2026-04-18 13:52
METRO,-9350,152242,539989959,TERA,2026_01,2026-04-18 13:52
BEYAZ,-9435,5661,42317352,TERA,2026_01,2026-04-18 13:52
ACSEL,-9822,9633,8589113,TERA,2026_01,2026-04-18 13:52
BIGCH,-9845,105056,73786589,TERA,2026_01,2026-04-18 13:52
DESPC,-10236,876,16023700,TERA,2026_01,2026-04-18 13:52
TRCAS,-10510,57,206252778,TERA,2026_01,2026-04-18 13:52
EFOR,-11095,6900977,539999994,TERA,2026_01,2026-04-18 13:52
GEDZA,-12262,423435,42983624,TERA,2026_01,2026-04-18 13:52
PNLSN,-12999,429,34752383,TERA,2026_01,2026-04-18 13:52
BLCYT,-13000,2252,49088907,TERA,2026_01,2026-04-18 13:52
EKOS,-13588,392890,307199852,TERA,2026_01,2026-04-18 13:52
SUNTK,-14101,17022,144433250,TERA,2026_01,2026-04-18 13:52
ARCLK,-14328,36352,170054748,TERA,2026_01,2026-04-18 13:52
SKYMD,-14492,20699,52499981,TERA,2026_01,2026-04-18 13:52
AKFIS,-15018,-1531,66841328,TERA,2026_01,2026-04-18 13:52
OZYSR,-16289,26458,40488000,TERA,2026_01,2026-04-18 13:52
OSMEN,-16345,82198,157750927,TERA,2026_01,2026-04-18 13:52
FADE,-16660,48511,42347497,TERA,2026_01,2026-04-18 13:52
DOKTA,-16700,62186,145872862,TERA,2026_01,2026-04-18 13:52
THYAO,-16880,414541,739329751,TERA,2026_01,2026-04-18 13:52
UNLU,-17237,95714,102181558,TERA,2026_01,2026-04-18 13:52
RAYSG,-17265,2525,51947024,TERA,2026_01,2026-04-18 13:52
NETAS,-17770,2733,31783484,TERA,2026_01,2026-04-18 13:52
ARMGD,-17860,1409,54996000,TERA,2026_01,2026-04-18 13:52
AGHOL,-18355,78415,1068828243,TERA,2026_01,2026-04-18 13:52
SAHOL,-18433,104640,1142761094,TERA,2026_01,2026-04-18 13:52
ISSEN,-18988,112020,107411517,TERA,2026_01,2026-04-18 13:52
ARTMS,-19880,75478,24199999,TERA,2026_01,2026-04-18 13:52
EGPRO,-20001,47232,175170570,TERA,2026_01,2026-04-18 13:52
SANKO,-20224,11048,37499197,TERA,2026_01,2026-04-18 13:52
GSDHO,-20300,632024,999994969,TERA,2026_01,2026-04-18 13:52
GMSTRF,-21363,-10109,70300000,TERA,2026_01,2026-04-18 13:52
ERCB,-22970,58599,39113273,TERA,2026_01,2026-04-18 13:52
KRDMB,-23410,7,118762110,TERA,2026_01,2026-04-18 13:52
SRVGY,-24481,387983,806067999,TERA,2026_01,2026-04-18 13:52
BEGYO,-25218,641025,277250000,TERA,2026_01,2026-04-18 13:52
CEMZY,-27017,75470,124118690,TERA,2026_01,2026-04-18 13:52
ALVES,-27513,-11451,862856920,TERA,2026_01,2026-04-18 13:52
ESCOM,-27613,216379,463831670,TERA,2026_01,2026-04-18 13:52
BOBET,-28151,5731,113999998,TERA,2026_01,2026-04-18 13:52
GARFA,-28300,515,138399778,TERA,2026_01,2026-04-18 13:52
TURGG,-28439,292037,32042988,TERA,2026_01,2026-04-18 13:52
BARMA,-29360,704393,67594701,TERA,2026_01,2026-04-18 13:52
GIPTA,-29906,479079,51625912,TERA,2026_01,2026-04-18 13:52
ANSGR,-31854,31320,1564416026,TERA,2026_01,2026-04-18 13:52
SERNT,-32250,167393,113000000,TERA,2026_01,2026-04-18 13:52
GWIND,-32909,781196,179165491,TERA,2026_01,2026-04-18 13:52
KLGYO,-34175,6676,689399869,TERA,2026_01,2026-04-18 13:52
SARKY,-37585,24355,999999671,TERA,2026_01,2026-04-18 13:52
DUNYH,-39127,1852,36443197,TERA,2026_01,2026-04-18 13:52
BIOEN,-39769,72777,197983419,TERA,2026_01,2026-04-18 13:52
TUREX,-40605,146978,432000000,TERA,2026_01,2026-04-18 13:52
ICUGS,-41507,167519,336250000,TERA,2026_01,2026-04-18 13:52
VAKBN,-42350,240440,8046896130,TERA,2026_01,2026-04-18 13:52
LIDER,-42375,2424604,279500000,TERA,2026_01,2026-04-18 13:52
TMPOL,-42464,33043,11039990,TERA,2026_01,2026-04-18 13:52
BYDNR,-42628,33681,20499984,TERA,2026_01,2026-04-18 13:52
YATAS,-43151,-16685,94866488,TERA,2026_01,2026-04-18 13:52
PATEK,-43715,330527,293081892,TERA,2026_01,2026-04-18 13:52
EUPWR,-45372,112938,199610525,TERA,2026_01,2026-04-18 13:52
EUYO,-45657,123751,19932876,TERA,2026_01,2026-04-18 13:52
OYAKC,-45915,145956,4656879380,TERA,2026_01,2026-04-18 13:52
TRALT,-46332,747967,952271819,TERA,2026_01,2026-04-18 13:52
ALTNY,-46643,25364,399889404,TERA,2026_01,2026-04-18 13:52
ALKA,-48070,649446,330750000,TERA,2026_01,2026-04-18 13:52
DAGI,-48140,26425,175301274,TERA,2026_01,2026-04-18 13:52
BURCE,-48646,-46178,44422390,TERA,2026_01,2026-04-18 13:52
AKFYE,-49034,185620,551782160,TERA,2026_01,2026-04-18 13:52
INVEO,-50195,90583,998999954,TERA,2026_01,2026-04-18 13:52
ENDAE,-50691,61389,120211591,TERA,2026_01,2026-04-18 13:52
IHLGM,-51057,1223898,986078000,TERA,2026_01,2026-04-18 13:52
ARDYZ,-53618,45441,279551557,TERA,2026_01,2026-04-18 13:52
OFSYM,-54405,41471,22749998,TERA,2026_01,2026-04-18 13:52
ADGYO,-54806,261782,379654367,TERA,2026_01,2026-04-18 13:52
PRKME,-55683,74557,53038641,TERA,2026_01,2026-04-18 13:52
ASTOR,-55708,88851,366896261,TERA,2026_01,2026-04-18 13:52
IDGYO,-56775,43673,119234999,TERA,2026_01,2026-04-18 13:52
BRKVY,-58866,66152,13618361,TERA,2026_01,2026-04-18 13:52
TRGYO,-59824,-59345,251573369,TERA,2026_01,2026-04-18 13:52
ENJSA,-61410,-53965,236211770,TERA,2026_01,2026-04-18 13:52
VBTYZ,-63479,110564,55935000,TERA,2026_01,2026-04-18 13:52
MRGYO,-64861,1370936,1035439185,TERA,2026_01,2026-04-18 13:52
LMKDC,-67904,4466,155929999,TERA,2026_01,2026-04-18 13:52
MZHLD,-68350,331734,72215314,TERA,2026_01,2026-04-18 13:52
BAGFS,-70614,85913,100042745,TERA,2026_01,2026-04-18 13:52
AGYO,-70997,21,129036460,TERA,2026_01,2026-04-18 13:52
ECILC,-71569,73324,210589603,TERA,2026_01,2026-04-18 13:52
ANHYT,-72235,-60487,88457041,TERA,2026_01,2026-04-18 13:52
KBORU,-73383,42192,143999994,TERA,2026_01,2026-04-18 13:52
AGESA,-74411,-79409,35829553,TERA,2026_01,2026-04-18 13:52
YUNSA,-75257,196255,202164056,TERA,2026_01,2026-04-18 13:52
TUKAS,-75963,2465631,4499995929,TERA,2026_01,2026-04-18 13:52
MERIT,-77287,8783,329748900,TERA,2026_01,2026-04-18 13:52
IZMDC,-77346,295343,723225318,TERA,2026_01,2026-04-18 13:52
LRSHO,-78195,1313202,724120946,TERA,2026_01,2026-04-18 13:52
ECZYT,-79350,148,45880511,TERA,2026_01,2026-04-18 13:52
ALKLC,-80545,7192484,45382467,TERA,2026_01,2026-04-18 13:52
ASGYO,-81862,125987,165000000,TERA,2026_01,2026-04-18 13:52
YESIL,-82570,44923,640699952,TERA,2026_01,2026-04-18 13:52
ESCAR,-84024,877453,101933690,TERA,2026_01,2026-04-18 13:52
AKSGY,-86000,-54731,1628451947,TERA,2026_01,2026-04-18 13:52
KIMMR,-86133,-53880,75000000,TERA,2026_01,2026-04-18 13:52
ISDMR,-90110,-51734,147623050,TERA,2026_01,2026-04-18 13:52
HURGZ,-90552,240540,220784167,TERA,2026_01,2026-04-18 13:52
DURKN,-90654,37924,42500000,TERA,2026_01,2026-04-18 13:52
MAGEN,-92823,362178,719512140,TERA,2026_01,2026-04-18 13:52
EGEGY,-94077,122773,61200000,TERA,2026_01,2026-04-18 13:52
SEGMN,-95977,10270,80999980,TERA,2026_01,2026-04-18 13:52
SOKM,-97533,-34943,448708248,TERA,2026_01,2026-04-18 13:52
MACKO,-98000,-52298,41453550,TERA,2026_01,2026-04-18 13:52
OZKGY,-100000,8773242,363999945,TERA,2026_01,2026-04-18 13:52
KRGYO,-104840,4342,275373393,TERA,2026_01,2026-04-18 13:52
ISYAT,-108057,12257,152245569,TERA,2026_01,2026-04-18 13:52
MNDTR,-108632,917970,910071938,TERA,2026_01,2026-04-18 13:52
VKGYO,-114116,462679,1637202242,TERA,2026_01,2026-04-18 13:52
GENIL,-114354,2021640,85937999,TERA,2026_01,2026-04-18 13:52
PLTUR,-114739,45639,49500000,TERA,2026_01,2026-04-18 13:52
BESLR,-115676,98802,658098036,TERA,2026_01,2026-04-18 13:52
FORMT,-116701,5969889,1075744232,TERA,2026_01,2026-04-18 13:52
MAVI,-119858,48549,576779312,TERA,2026_01,2026-04-18 13:52
IEYHO,-123463,688320,541032947,TERA,2026_01,2026-04-18 13:52
TCKRC,-124181,356422,70000000,TERA,2026_01,2026-04-18 13:52
BINHO,-125407,2170511,488884390,TERA,2026_01,2026-04-18 13:52
TSKB,-125447,240662,1516591673,TERA,2026_01,2026-04-18 13:52
LILAK,-126747,60409,260252730,TERA,2026_01,2026-04-18 13:52
PETKM,-133003,422600,1241736844,TERA,2026_01,2026-04-18 13:52
TATGD,-135093,2845007,119284718,TERA,2026_01,2026-04-18 13:52
IHEVA,-149332,437568,291631239,TERA,2026_01,2026-04-18 13:52
AEFES,-157240,1292597,2028860053,TERA,2026_01,2026-04-18 13:52
SELEC,-159802,-118749,124262097,TERA,2026_01,2026-04-18 13:52
DOFER,-160207,41895,19572500,TERA,2026_01,2026-04-18 13:52
SISE,-164411,1402143,1814922730,TERA,2026_01,2026-04-18 13:52
HUNER,-166875,165036,670137934,TERA,2026_01,2026-04-18 13:52
TEKTU,-167753,839292,195639308,TERA,2026_01,2026-04-18 13:52
ALARK,-173393,-47102,164975148,TERA,2026_01,2026-04-18 13:52
ALBRK,-176280,498704,1050739765,TERA,2026_01,2026-04-18 13:52
SKTAS,-178768,1262757,332865443,TERA,2026_01,2026-04-18 13:52
TRMET,-181590,-145059,174454588,TERA,2026_01,2026-04-18 13:52
IZINV,-183062,2735045,13540386,TERA,2026_01,2026-04-18 13:52
MPARK,-187108,-42125,80869110,TERA,2026_01,2026-04-18 13:52
KRVGD,-189989,-13044,596159766,TERA,2026_01,2026-04-18 13:52
BULGS,-190632,456624,72499900,TERA,2026_01,2026-04-18 13:52
GRSEL,-206033,630261,29650000,TERA,2026_01,2026-04-18 13:52
IHLAS,-206289,878432,1396079076,TERA,2026_01,2026-04-18 13:52
SAFKR,-242186,1763651,139427409,TERA,2026_01,2026-04-18 13:52
EUREN,-242980,764024,1040132637,TERA,2026_01,2026-04-18 13:52
KRSTL,-253789,826264,183664642,TERA,2026_01,2026-04-18 13:52
MEGMT,-254068,88684,72749999,TERA,2026_01,2026-04-18 13:52
HUBVC,-267152,875086,277189572,TERA,2026_01,2026-04-18 13:52
BSOKE,-272119,995868,458486931,TERA,2026_01,2026-04-18 13:52
BORSK,-273224,38443,279999879,TERA,2026_01,2026-04-18 13:52
YYLGD,-282355,521227,369826200,TERA,2026_01,2026-04-18 13:52
HATEK,-285105,465412,62998947,TERA,2026_01,2026-04-18 13:52
DARDL,-291094,209683,1753442695,TERA,2026_01,2026-04-18 13:52
TOASO,-296193,-107906,120585076,TERA,2026_01,2026-04-18 13:52
GZNMI,-297068,7405,40910271,TERA,2026_01,2026-04-18 13:52
IHGZT,-303444,878614,570666228,TERA,2026_01,2026-04-18 13:52
DERHL,-316371,389593,197281316,TERA,2026_01,2026-04-18 13:52
ALGYO,-322595,1898326,989357377,TERA,2026_01,2026-04-18 13:52
ENERY,-332408,125840,2420686786,TERA,2026_01,2026-04-18 13:52
KTLEV,-339106,45008760,1288500000,TERA,2026_01,2026-04-18 13:52
KLKIM,-343939,-286696,138383655,TERA,2026_01,2026-04-18 13:52
IZENR,-347351,313500,914537597,TERA,2026_01,2026-04-18 13:52
FRIGO,-352718,617785,153667954,TERA,2026_01,2026-04-18 13:52
OZGYO,-352899,317180,490916869,TERA,2026_01,2026-04-18 13:52
GUBRF,-376042,-351442,85359737,TERA,2026_01,2026-04-18 13:52
ZOREN,-394926,1846573,2681244172,TERA,2026_01,2026-04-18 13:52
GENTS,-431214,1237604,749958921,TERA,2026_01,2026-04-18 13:52
KOCMT,-437707,-87493,581991187,TERA,2026_01,2026-04-18 13:52
HDFGS,-437884,628330,956974190,TERA,2026_01,2026-04-18 13:52
TUCLK,-509613,-386060,230681400,TERA,2026_01,2026-04-18 13:52
KZBGY,-513598,231441,585996164,TERA,2026_01,2026-04-18 13:52
DURDO,-570301,629,379703149,TERA,2026_01,2026-04-18 13:52
BIGTK,-575186,10274,23395022,TERA,2026_01,2026-04-18 13:52
PAPIL,-605698,695384,206247674,TERA,2026_01,2026-04-18 13:52
MERCN,-614072,827731,74389005,TERA,2026_01,2026-04-18 13:52
ARFYE,-625227,323583,47000000,TERA,2026_01,2026-04-18 13:52
ZPLIBF,-665800,-757638,206760000,TERA,2026_01,2026-04-18 13:52
DOHOL,-712272,13814367,984706959,TERA,2026_01,2026-04-18 13:52
GARAN,-727592,61893,2454854227,TERA,2026_01,2026-04-18 13:52
ARSAN,-776228,306554,887344274,TERA,2026_01,2026-04-18 13:52
MANAS,-789144,1580811,149942371,TERA,2026_01,2026-04-18 13:52
CEOEM,-826344,90748,22232614,TERA,2026_01,2026-04-18 13:52
HALKB,-1020889,594652,6546422780,TERA,2026_01,2026-04-18 13:52
PNSUT,-1025950,2303723,128323851,TERA,2026_01,2026-04-18 13:52
IZFAS,-1041476,1299308,156001658,TERA,2026_01,2026-04-18 13:52
YKBNK,-1134456,1706578,4705235952,TERA,2026_01,2026-04-18 13:52
DMRGD,-1292436,1519633,1277294592,TERA,2026_01,2026-04-18 13:52
AKGRT,-1369265,-1099682,629007625,TERA,2026_01,2026-04-18 13:52
QUAGR,-1453928,1075048,1771950000,TERA,2026_01,2026-04-18 13:52
RYGYO,-1474703,278538,770588057,TERA,2026_01,2026-04-18 13:52
VAKFN,-1538902,349047,2064378140,TERA,2026_01,2026-04-18 13:52
TRHOL,-1921060,818472,17635692,TERA,2026_01,2026-04-18 13:52
PASEU,-1991450,13867574,215295868,TERA,2026_01,2026-04-18 13:52
GRTHO,-2088381,979935,36745000,TERA,2026_01,2026-04-18 13:52
PSGYO,-2155017,3491457,2954231556,TERA,2026_01,2026-04-18 13:52
CVKMD,-2248646,26518277,461999787,TERA,2026_01,2026-04-18 13:52
AKFGY,-2252545,-36266,3457819315,TERA,2026_01,2026-04-18 13:52
SASA,-2332669,14046647,25700421137,TERA,2026_01,2026-04-18 13:52
ADEL,-2453633,1720679,112043619,TERA,2026_01,2026-04-18 13:52
DAPGM,-2984324,2527365,928276145,TERA,2026_01,2026-04-18 13:52
EYGYO,-3389982,2417050,341859667,TERA,2026_01,2026-04-18 13:52
ISCTR,-3414869,3682794,8880196742,TERA,2026_01,2026-04-18 13:52
AKBNK,-4003784,113233,3059020211,TERA,2026_01,2026-04-18 13:52
BTCIM,-4307244,3579999,4046650979,TERA,2026_01,2026-04-18 13:52
SMRVA,-6851170,7087,28000000,TERA,2026_01,2026-04-18 13:52
PAHOL,-10205261,5671811,3999999979,TERA,2026_01,2026-04-18 13:52
KUYAS,-10972354,20094893,395658898,TERA,2026_01,2026-04-18 13:52
EREGL,-13141111,-11388425,3554238535,TERA,2026_01,2026-04-18 13:52
PEKGY,-21845087,321167889,4685012615,TERA,2026_01,2026-04-18 13:52
TEHOL,-45293720,619878600,1967936441,TERA,2026_01,2026-04-18 13:52
LYDHO,152590553,153463732,197140910,BULLS,2026_01,2026-04-18 13:52
BTCIM,50146924,75682468,4046650979,BULLS,2026_01,2026-04-18 13:52
SASA,40037019,48201885,25700421137,BULLS,2026_01,2026-04-18 13:52
DMRGD,21810850,34207982,1277294592,BULLS,2026_01,2026-04-18 13:52
BIGTK,14914906,15604860,23395022,BULLS,2026_01,2026-04-18 13:52
CANTE,14068892,36650714,6026143802,BULLS,2026_01,2026-04-18 13:52
PAHOL,11969776,29330539,3999999979,BULLS,2026_01,2026-04-18 13:52
BSOKE,6262867,18242743,458486931,BULLS,2026_01,2026-04-18 13:52
MIATK,4058710,25647576,313087979,BULLS,2026_01,2026-04-18 13:52
TSPOR,2735145,12476094,3674526664,BULLS,2026_01,2026-04-18 13:52
GRTHO,2648658,4139772,36745000,BULLS,2026_01,2026-04-18 13:52
BYDNR,2572013,2839234,20499984,BULLS,2026_01,2026-04-18 13:52
ECOGR,2498435,2736279,109980000,BULLS,2026_01,2026-04-18 13:52
MNDTR,2444425,2756247,910071938,BULLS,2026_01,2026-04-18 13:52
BULGS,2422933,5806540,72499900,BULLS,2026_01,2026-04-18 13:52
ZGYO,2138037,2138037,84499889,BULLS,2026_01,2026-04-18 13:52
KGYO,2051181,2875073,767895149,BULLS,2026_01,2026-04-18 13:52
OBAMS,2029617,3251201,725750028,BULLS,2026_01,2026-04-18 13:52
VKGYO,1954544,3084012,1637202242,BULLS,2026_01,2026-04-18 13:52
KTLEV,1884126,3887365,1288500000,BULLS,2026_01,2026-04-18 13:52
KUYAS,1823034,30721754,395658898,BULLS,2026_01,2026-04-18 13:52
TRALT,1794655,4197000,952271819,BULLS,2026_01,2026-04-18 13:52
ODAS,1633426,9688848,1113798031,BULLS,2026_01,2026-04-18 13:52
ESCOM,1561483,3409013,463831670,BULLS,2026_01,2026-04-18 13:52
ALVES,1405391,1599743,862856920,BULLS,2026_01,2026-04-18 13:52
LKMNH,1401551,1736618,163262533,BULLS,2026_01,2026-04-18 13:52
KONTR,1379977,4326774,936038763,BULLS,2026_01,2026-04-18 13:52
SKBNK,1300290,1601505,2498879854,BULLS,2026_01,2026-04-18 13:52
ALGYO,1298525,1643188,989357377,BULLS,2026_01,2026-04-18 13:52
GLYHO,1283206,4088692,1949290631,BULLS,2026_01,2026-04-18 13:52
AVOD,1273799,1403938,253604577,BULLS,2026_01,2026-04-18 13:52
KLGYO,1228086,2393658,689399869,BULLS,2026_01,2026-04-18 13:52
NIBAS,1216429,1356186,267767946,BULLS,2026_01,2026-04-18 13:52
GSRAY,1176881,11745481,10123744690,BULLS,2026_01,2026-04-18 13:52
PETKM,1133732,907395,1241736844,BULLS,2026_01,2026-04-18 13:52
SRVGY,968684,6586108,806067999,BULLS,2026_01,2026-04-18 13:52
MERIT,930012,940431,329748900,BULLS,2026_01,2026-04-18 13:52
EGEGY,920131,13640154,61200000,BULLS,2026_01,2026-04-18 13:52
AZTEK,908061,964157,279000000,BULLS,2026_01,2026-04-18 13:52
AKCNS,906299,1370852,39359284,BULLS,2026_01,2026-04-18 13:52
INFO,799397,1690820,767463337,BULLS,2026_01,2026-04-18 13:52
FENER,757020,952789,2772321026,BULLS,2026_01,2026-04-18 13:52
ADESE,717567,3225910,4687131701,BULLS,2026_01,2026-04-18 13:52
YYAPI,684470,3832497,1705025550,BULLS,2026_01,2026-04-18 13:52
ALKIM,678157,2151610,182767821,BULLS,2026_01,2026-04-18 13:52
TEHOL,669123,3013444,1967936441,BULLS,2026_01,2026-04-18 13:52
RYGYO,645057,1229936,770588057,BULLS,2026_01,2026-04-18 13:52
ERCB,629429,754494,39113273,BULLS,2026_01,2026-04-18 13:52
ALARK,627972,1027561,164975148,BULLS,2026_01,2026-04-18 13:52
EFOR,605175,5939469,539999994,BULLS,2026_01,2026-04-18 13:52
IZFAS,566352,621448,156001658,BULLS,2026_01,2026-04-18 13:52
SNGYO,516491,2132118,3607173097,BULLS,2026_01,2026-04-18 13:52
MEYSU,487041,487041,175000000,BULLS,2026_01,2026-04-18 13:52
ASELS,472588,1637685,1178597817,BULLS,2026_01,2026-04-18 13:52
OSTIM,452523,9527342,509984964,BULLS,2026_01,2026-04-18 13:52
SELVA,423675,1861450,747897737,BULLS,2026_01,2026-04-18 13:52
METRO,409969,524737,539989959,BULLS,2026_01,2026-04-18 13:52
GMTAS,407733,810291,298687813,BULLS,2026_01,2026-04-18 13:52
FRIGO,407255,1421990,153667954,BULLS,2026_01,2026-04-18 13:52
BINHO,399073,2120430,488884390,BULLS,2026_01,2026-04-18 13:52
ESEN,349504,407390,682499950,BULLS,2026_01,2026-04-18 13:52
LINK,344950,2667410,18231985,BULLS,2026_01,2026-04-18 13:52
ATAKP,343653,357146,28224000,BULLS,2026_01,2026-04-18 13:52
KAYSE,338715,471110,814062605,BULLS,2026_01,2026-04-18 13:52
EUREN,337079,1474111,1040132637,BULLS,2026_01,2026-04-18 13:52
YKSLN,326277,901162,197429570,BULLS,2026_01,2026-04-18 13:52
HLGYO,313763,2135195,1075198516,BULLS,2026_01,2026-04-18 13:52
AKFYE,302334,440791,551782160,BULLS,2026_01,2026-04-18 13:52
TRILC,280538,407899,118499496,BULLS,2026_01,2026-04-18 13:52
BALSU,275545,582425,278000000,BULLS,2026_01,2026-04-18 13:52
MHRGY,275255,422847,310499991,BULLS,2026_01,2026-04-18 13:52
EKSUN,266995,848554,171792833,BULLS,2026_01,2026-04-18 13:52
DERHL,265428,321597,197281316,BULLS,2026_01,2026-04-18 13:52
SISE,263817,1988775,1814922730,BULLS,2026_01,2026-04-18 13:52
LILAK,251322,379284,260252730,BULLS,2026_01,2026-04-18 13:52
ULUUN,247450,361825,290523352,BULLS,2026_01,2026-04-18 13:52
DUNYH,237550,15806336,36443197,BULLS,2026_01,2026-04-18 13:52
PRDGS,227677,388574,110850000,BULLS,2026_01,2026-04-18 13:52
EKOS,225614,664806,307199852,BULLS,2026_01,2026-04-18 13:52
KOTON,218505,397383,136599960,BULLS,2026_01,2026-04-18 13:52
EUYO,210944,460478,19932876,BULLS,2026_01,2026-04-18 13:52
SMRTG,206536,335169,664164672,BULLS,2026_01,2026-04-18 13:52
BNTAS,201696,1400258,170624998,BULLS,2026_01,2026-04-18 13:52
MARKA,201005,266833,20752018,BULLS,2026_01,2026-04-18 13:52
IHEVA,200754,431028,291631239,BULLS,2026_01,2026-04-18 13:52
DMLKTG,189923,369650,2576335943,BULLS,2026_01,2026-04-18 13:52
NATEN,185070,1064283,309375000,BULLS,2026_01,2026-04-18 13:52
IMASM,181502,2225575,622850499,BULLS,2026_01,2026-04-18 13:52
LIDFA,169126,262850,458180545,BULLS,2026_01,2026-04-18 13:52
EUPWR,163073,697098,199610525,BULLS,2026_01,2026-04-18 13:52
LMKDC,160931,214163,155929999,BULLS,2026_01,2026-04-18 13:52
SEGMN,158931,250059,80999980,BULLS,2026_01,2026-04-18 13:52
DOFRB,158520,189589,45000000,BULLS,2026_01,2026-04-18 13:52
BORSK,154024,1092663,279999879,BULLS,2026_01,2026-04-18 13:52
SARKY,151707,283489,999999671,BULLS,2026_01,2026-04-18 13:52
ENJSA,149204,380625,236211770,BULLS,2026_01,2026-04-18 13:52
KRONT,147981,502185,116892885,BULLS,2026_01,2026-04-18 13:52
YUNSA,144896,1743163,202164056,BULLS,2026_01,2026-04-18 13:52
MERKO,144721,350933,101104701,BULLS,2026_01,2026-04-18 13:52
TCKRC,139541,246371,70000000,BULLS,2026_01,2026-04-18 13:52
BERA,136856,344357,491816866,BULLS,2026_01,2026-04-18 13:52
BIENY,136829,442874,83144831,BULLS,2026_01,2026-04-18 13:52
KLYPV,134971,156960,46334639,BULLS,2026_01,2026-04-18 13:52
THYAO,134543,319893,739329751,BULLS,2026_01,2026-04-18 13:52
EDATA,133746,154816,160065396,BULLS,2026_01,2026-04-18 13:52
NTGAZ,133323,194359,276000000,BULLS,2026_01,2026-04-18 13:52
MRGYO,129817,1647947,1035439185,BULLS,2026_01,2026-04-18 13:52
CRFSA,126220,129346,18312793,BULLS,2026_01,2026-04-18 13:52
SNICA,125734,636433,321688855,BULLS,2026_01,2026-04-18 13:52
PNSUT,115728,340599,128323851,BULLS,2026_01,2026-04-18 13:52
ARASE,115127,148041,49999991,BULLS,2026_01,2026-04-18 13:52
MMCAS,115026,2202997,12393964,BULLS,2026_01,2026-04-18 13:52
BEGYO,112353,665471,277250000,BULLS,2026_01,2026-04-18 13:52
MEKAG,105830,508095,320319999,BULLS,2026_01,2026-04-18 13:52
CVKMD,104677,9202728,461999787,BULLS,2026_01,2026-04-18 13:52
TCELL,100678,480906,1622604373,BULLS,2026_01,2026-04-18 13:52
PGSUS,100289,444864,245068871,BULLS,2026_01,2026-04-18 13:52
AKSEN,97639,386033,638545796,BULLS,2026_01,2026-04-18 13:52
KCAER,96278,343955,496494775,BULLS,2026_01,2026-04-18 13:52
ADGYO,96267,428300,379654367,BULLS,2026_01,2026-04-18 13:52
DITAS,94949,105387,83407812,BULLS,2026_01,2026-04-18 13:52
ALKA,94705,844439,330750000,BULLS,2026_01,2026-04-18 13:52
OBASE,93791,99705,14924000,BULLS,2026_01,2026-04-18 13:52
ANSGR,92763,160060,1564416026,BULLS,2026_01,2026-04-18 13:52
OFSYM,91913,143358,22749998,BULLS,2026_01,2026-04-18 13:52
BARMA,91487,103877,67594701,BULLS,2026_01,2026-04-18 13:52
MNDRS,91167,1591159,222007982,BULLS,2026_01,2026-04-18 13:52
ESCAR,90395,158155,101933690,BULLS,2026_01,2026-04-18 13:52
REEDR,89985,678754,632558010,BULLS,2026_01,2026-04-18 13:52
DAGI,88306,258780,175301274,BULLS,2026_01,2026-04-18 13:52
ICUGS,82435,1052455,336250000,BULLS,2026_01,2026-04-18 13:52
FRMPL,77871,77871,39997696,BULLS,2026_01,2026-04-18 13:52
HKTM,77369,184228,72747500,BULLS,2026_01,2026-04-18 13:52
UCAYM,77077,77077,59996268,BULLS,2026_01,2026-04-18 13:52
KAREL,76235,1360512,329659497,BULLS,2026_01,2026-04-18 13:52
KCHOL,76035,331880,674052308,BULLS,2026_01,2026-04-18 13:52
ADEL,75826,103274,112043619,BULLS,2026_01,2026-04-18 13:52
KLSYN,75755,425942,107854952,BULLS,2026_01,2026-04-18 13:52
TUREX,74647,260938,432000000,BULLS,2026_01,2026-04-18 13:52
RUZYE,70212,14790245,267748491,BULLS,2026_01,2026-04-18 13:52
AHGAZ,68242,198552,659370871,BULLS,2026_01,2026-04-18 13:52
TSGYO,65732,337458,266499982,BULLS,2026_01,2026-04-18 13:52
BURVA,62940,215700,4723271,BULLS,2026_01,2026-04-18 13:52
UNLU,61179,158941,102181558,BULLS,2026_01,2026-04-18 13:52
ALCTL,60515,96132,13543218,BULLS,2026_01,2026-04-18 13:52
MAKTK,60089,804040,184370066,BULLS,2026_01,2026-04-18 13:52
SEKUR,59487,400317,131457835,BULLS,2026_01,2026-04-18 13:52
BESLR,59282,448563,658098036,BULLS,2026_01,2026-04-18 13:52
AGROT,58938,735099,843999770,BULLS,2026_01,2026-04-18 13:52
TUPRS,58278,338869,902334854,BULLS,2026_01,2026-04-18 13:52
ALKLC,58265,92180,45382467,BULLS,2026_01,2026-04-18 13:52
TEKTU,55558,871775,195639308,BULLS,2026_01,2026-04-18 13:52
IHYAY,54142,1932369,388124996,BULLS,2026_01,2026-04-18 13:52
YEOTK,53143,300013,160933198,BULLS,2026_01,2026-04-18 13:52
TARKM,52489,54860,4999885,BULLS,2026_01,2026-04-18 13:52
ETILR,51340,89084,156217454,BULLS,2026_01,2026-04-18 13:52
OZKGY,49626,1407696,363999945,BULLS,2026_01,2026-04-18 13:52
MEPET,49062,61041,73940585,BULLS,2026_01,2026-04-18 13:52
BASCM,48156,73984,49238593,BULLS,2026_01,2026-04-18 13:52
DGNMO,47476,202237,327634635,BULLS,2026_01,2026-04-18 13:52
USAK,47300,267101651,1218028690,BULLS,2026_01,2026-04-18 13:52
SILVR,45620,21481314,212818206,BULLS,2026_01,2026-04-18 13:52
TEZOL,44456,935867,139835975,BULLS,2026_01,2026-04-18 13:52
SMRVA,42779,48362,28000000,BULLS,2026_01,2026-04-18 13:52
CRDFA,42707,129704,74996853,BULLS,2026_01,2026-04-18 13:52
IHLGM,42627,1155013,986078000,BULLS,2026_01,2026-04-18 13:52
TUCLK,41642,874589,230681400,BULLS,2026_01,2026-04-18 13:52
ONCSM,40141,1130703,10086000,BULLS,2026_01,2026-04-18 13:52
GUBRF,39928,212227,85359737,BULLS,2026_01,2026-04-18 13:52
ATATP,39664,103426,18809999,BULLS,2026_01,2026-04-18 13:52
MGROS,37970,42290,96563547,BULLS,2026_01,2026-04-18 13:52
CEOEM,37637,62094,22232614,BULLS,2026_01,2026-04-18 13:52
ARZUM,37625,3705465,293999828,BULLS,2026_01,2026-04-18 13:52
GIPTA,37405,311001,51625912,BULLS,2026_01,2026-04-18 13:52
SOKE,35272,104761,126999996,BULLS,2026_01,2026-04-18 13:52
ECILC,34263,692676,210589603,BULLS,2026_01,2026-04-18 13:52
ARTMS,32574,69729,24199999,BULLS,2026_01,2026-04-18 13:52
VAKFA,29813,236352,224999701,BULLS,2026_01,2026-04-18 13:52
MOGAN,29063,222219,262635000,BULLS,2026_01,2026-04-18 13:52
TMSN,28675,47676,44449988,BULLS,2026_01,2026-04-18 13:52
FORTE,28037,47897,21999999,BULLS,2026_01,2026-04-18 13:52
HURGZ,27887,606420,220784167,BULLS,2026_01,2026-04-18 13:52
MSGYO,26639,270815,169650150,BULLS,2026_01,2026-04-18 13:52
DYOBY,25641,190422,186553687,BULLS,2026_01,2026-04-18 13:52
DURDO,25377,41216,379703149,BULLS,2026_01,2026-04-18 13:52
GLRMK,25160,59605,38760000,BULLS,2026_01,2026-04-18 13:52
PRKAB,25030,45757,35225443,BULLS,2026_01,2026-04-18 13:52
BAGFS,24859,2278844,100042745,BULLS,2026_01,2026-04-18 13:52
POLHO,24780,682275,164140074,BULLS,2026_01,2026-04-18 13:52
BMSCH,24275,152446,69277402,BULLS,2026_01,2026-04-18 13:52
AKYHO,24231,4452805,223895870,BULLS,2026_01,2026-04-18 13:52
TNZTP,23492,70903,87496826,BULLS,2026_01,2026-04-18 13:52
OTKAR,23235,39111,33417145,BULLS,2026_01,2026-04-18 13:52
GLRYH,22308,412956,599623814,BULLS,2026_01,2026-04-18 13:52
BINBN,21269,1708022,17000000,BULLS,2026_01,2026-04-18 13:52
DOFER,21152,74705,19572500,BULLS,2026_01,2026-04-18 13:52
VANGD,21024,42829,24374995,BULLS,2026_01,2026-04-18 13:52
HATEK,20773,73502,62998947,BULLS,2026_01,2026-04-18 13:52
SEYKM,20445,222080,151040901,BULLS,2026_01,2026-04-18 13:52
AYES,20295,155796,86971609,BULLS,2026_01,2026-04-18 13:52
FZLGY,20175,38023,398427439,BULLS,2026_01,2026-04-18 13:52
MERCN,20067,88856,74389005,BULLS,2026_01,2026-04-18 13:52
ZEDUR,20019,52218,69899992,BULLS,2026_01,2026-04-18 13:52
BRKVY,19916,65738,13618361,BULLS,2026_01,2026-04-18 13:52
YIGIT,19027,71034,74999975,BULLS,2026_01,2026-04-18 13:52
BMSTL,18944,180426,74772260,BULLS,2026_01,2026-04-18 13:52
TAVHL,18686,19678,213213415,BULLS,2026_01,2026-04-18 13:52
SODSN,18405,21436,45373261,BULLS,2026_01,2026-04-18 13:52
TDGYO,18187,71273,59914214,BULLS,2026_01,2026-04-18 13:52
ARENA,17787,45182,66996461,BULLS,2026_01,2026-04-18 13:52
CEMAS,17670,2067708,790994229,BULLS,2026_01,2026-04-18 13:52
MEDTR,17299,214362,24499999,BULLS,2026_01,2026-04-18 13:52
MPARK,16941,21459,80869110,BULLS,2026_01,2026-04-18 13:52
NUGYO,16402,93953,324943976,BULLS,2026_01,2026-04-18 13:52
TOASO,15530,145719,120585076,BULLS,2026_01,2026-04-18 13:52
MARBL,14265,132680,65226403,BULLS,2026_01,2026-04-18 13:52
SAMAT,13683,113670,103183797,BULLS,2026_01,2026-04-18 13:52
ELITE,13014,39834,44650000,BULLS,2026_01,2026-04-18 13:52
HEDEF,12960,312303,562499930,BULLS,2026_01,2026-04-18 13:52
RODRG,12403,14018,16822352,BULLS,2026_01,2026-04-18 13:52
ALFAS,12332,56999,84639559,BULLS,2026_01,2026-04-18 13:52
OZRDN,12317,267121,57107579,BULLS,2026_01,2026-04-18 13:52
ARCLK,12171,425234,170054748,BULLS,2026_01,2026-04-18 13:52
POLTK,11875,308,1125000,BULLS,2026_01,2026-04-18 13:52
ENSRI,11709,50630,236333503,BULLS,2026_01,2026-04-18 13:52
VERTU,11383,23181,22000000,BULLS,2026_01,2026-04-18 13:52
MEGAP,11276,121792,234498757,BULLS,2026_01,2026-04-18 13:52
JANTS,11220,400628,207477849,BULLS,2026_01,2026-04-18 13:52
ISSEN,11137,709378,107411517,BULLS,2026_01,2026-04-18 13:52
MTRYO,11137,89959,39900000,BULLS,2026_01,2026-04-18 13:52
MTRKS,10771,35457,43633165,BULLS,2026_01,2026-04-18 13:52
HRKET,10582,38980,24000000,BULLS,2026_01,2026-04-18 13:52
VESTL,9019,583361,295447203,BULLS,2026_01,2026-04-18 13:52
KIMMR,8826,22998,75000000,BULLS,2026_01,2026-04-18 13:52
GOODY,8406,84653,132804473,BULLS,2026_01,2026-04-18 13:52
SKYLP,8236,44737,7159255,BULLS,2026_01,2026-04-18 13:52
SURGY,8212,110295,44745990,BULLS,2026_01,2026-04-18 13:52
PINSU,8149,14964,101635846,BULLS,2026_01,2026-04-18 13:52
GEDZA,7615,25998,42983624,BULLS,2026_01,2026-04-18 13:52
BURCE,7595,3706024,44422390,BULLS,2026_01,2026-04-18 13:52
EGCEY,7300,29059,19749798,BULLS,2026_01,2026-04-18 13:52
BIMAS,7214,14405,436214016,BULLS,2026_01,2026-04-18 13:52
VKFYO,7177,10141,26473700,BULLS,2026_01,2026-04-18 13:52
AVGYO,6830,35731,111590302,BULLS,2026_01,2026-04-18 13:52
AYGAZ,6820,77069,98568807,BULLS,2026_01,2026-04-18 13:52
INVES,6707,7827,37480000,BULLS,2026_01,2026-04-18 13:52
KOCMT,6676,939850,581991187,BULLS,2026_01,2026-04-18 13:52
KONKA,6632,40093,89670000,BULLS,2026_01,2026-04-18 13:52
TURGG,5501,61894,32042988,BULLS,2026_01,2026-04-18 13:52
GENIL,5450,64471,85937999,BULLS,2026_01,2026-04-18 13:52
BORLS,5322,471800,308652686,BULLS,2026_01,2026-04-18 13:52
BIOEN,5220,106189,197983419,BULLS,2026_01,2026-04-18 13:52
PGSFIV,5000,5000,1606913,BULLS,2026_01,2026-04-18 13:52
DIRIT,4999,16437,10146501,BULLS,2026_01,2026-04-18 13:52
OYLUM,4951,31510,80937367,BULLS,2026_01,2026-04-18 13:52
MACKO,4928,11766,41453550,BULLS,2026_01,2026-04-18 13:52
MAKIM,4140,95398,42559998,BULLS,2026_01,2026-04-18 13:52
HTTBT,4083,15435,82805422,BULLS,2026_01,2026-04-18 13:52
EGSER,3819,172517,545751057,BULLS,2026_01,2026-04-18 13:52
RYSAS,3785,1591251,1504020937,BULLS,2026_01,2026-04-18 13:52
AYEN,3764,18471,55531320,BULLS,2026_01,2026-04-18 13:52
GRNYO,3681,4766,37386059,BULLS,2026_01,2026-04-18 13:52
KAPLM,3668,46912,4563571,BULLS,2026_01,2026-04-18 13:52
GLBMD,3651,10682,28880500,BULLS,2026_01,2026-04-18 13:52
ATAGY,3610,57950,45670114,BULLS,2026_01,2026-04-18 13:52
OZSUB,3514,22897,42499126,BULLS,2026_01,2026-04-18 13:52
BRMEN,3403,14643,57566555,BULLS,2026_01,2026-04-18 13:52
ECZYT,3307,7374,45880511,BULLS,2026_01,2026-04-18 13:52
KORDS,3136,59063,65421451,BULLS,2026_01,2026-04-18 13:52
ASUZU,3135,26116,41130807,BULLS,2026_01,2026-04-18 13:52
KARTN,3120,9921,72781126,BULLS,2026_01,2026-04-18 13:52
PARSN,3050,27613,34033246,BULLS,2026_01,2026-04-18 13:52
AGESA,3018,11930,35829553,BULLS,2026_01,2026-04-18 13:52
TMPOL,2608,83241,11039990,BULLS,2026_01,2026-04-18 13:52
OZATD,2286,52889,13349933,BULLS,2026_01,2026-04-18 13:52
LYDYE,1978,775502,1391287,BULLS,2026_01,2026-04-18 13:52
ANELE,1942,161590,151405542,BULLS,2026_01,2026-04-18 13:52
KUTPO,1867,2858,10524430,BULLS,2026_01,2026-04-18 13:52
EKIZ,1663,13888,8198720,BULLS,2026_01,2026-04-18 13:52
EGEEN,1433,2512,1137161,BULLS,2026_01,2026-04-18 13:52
ORGE,1431,43217,41839996,BULLS,2026_01,2026-04-18 13:52
TTRAK,1430,16762,24967458,BULLS,2026_01,2026-04-18 13:52
MAALT,1382,5160,4763850,BULLS,2026_01,2026-04-18 13:52
CELHA,1377,115078,146078935,BULLS,2026_01,2026-04-18 13:52
OTTO,1359,8622,5474438,BULLS,2026_01,2026-04-18 13:52
CASA,1359,17704,4891517,BULLS,2026_01,2026-04-18 13:52
BEYAZ,1284,63279,42317352,BULLS,2026_01,2026-04-18 13:52
CMBTN,1227,1897,1023000,BULLS,2026_01,2026-04-18 13:52
VKING,1206,4407,30932905,BULLS,2026_01,2026-04-18 13:52
EMNIS,1081,6766,3429235,BULLS,2026_01,2026-04-18 13:52
ATEKS,1045,2937,5441598,BULLS,2026_01,2026-04-18 13:52
OYAYO,958,19923,19999941,BULLS,2026_01,2026-04-18 13:52
KONYA,912,1267,1646416,BULLS,2026_01,2026-04-18 13:52
RALYH,853,1435056,176324572,BULLS,2026_01,2026-04-18 13:52
NETAS,725,56287,31783484,BULLS,2026_01,2026-04-18 13:52
DSTKF,662,1017,82195267,BULLS,2026_01,2026-04-18 13:52
NUHCM,654,4194,33135899,BULLS,2026_01,2026-04-18 13:52
IZINV,534,89742,13540386,BULLS,2026_01,2026-04-18 13:52
SDTTR,525,4846,15990000,BULLS,2026_01,2026-04-18 13:52
INGRM,429,7303,14969536,BULLS,2026_01,2026-04-18 13:52
YAPRK,409,678,4214998,BULLS,2026_01,2026-04-18 13:52
PSDTC,398,7856,6599991,BULLS,2026_01,2026-04-18 13:52
EUHOL,274,652141,142999955,BULLS,2026_01,2026-04-18 13:52
FLAP,222,135558,93599986,BULLS,2026_01,2026-04-18 13:52
KERVN,215,372238,588346973,BULLS,2026_01,2026-04-18 13:52
INTEK,193,1023,5043584,BULLS,2026_01,2026-04-18 13:52
YGGYO,170,339952,240625741,BULLS,2026_01,2026-04-18 13:52
QNBTR,114,329,2571745911,BULLS,2026_01,2026-04-18 13:52
INTEM,111,6267,9428747,BULLS,2026_01,2026-04-18 13:52
BIGCH,88,54258,73786589,BULLS,2026_01,2026-04-18 13:52
YBTAS,80,114315,31526916,BULLS,2026_01,2026-04-18 13:52
KENT,78,676,1191005,BULLS,2026_01,2026-04-18 13:52
ISBIR,63,6639,14500244,BULLS,2026_01,2026-04-18 13:52
MRSHL,59,264,4212888,BULLS,2026_01,2026-04-18 13:52
BRYAT,37,8334,10264685,BULLS,2026_01,2026-04-18 13:52
COSMO,27,3483,6494091,BULLS,2026_01,2026-04-18 13:52
CMENT,25,5195,56829666,BULLS,2026_01,2026-04-18 13:52
KUVVA,25,459,24204585,BULLS,2026_01,2026-04-18 13:52
PAGYO,24,66449,57781202,BULLS,2026_01,2026-04-18 13:52
PENTA,20,94636,181070136,BULLS,2026_01,2026-04-18 13:52
KSTUR,10,547,3952561,BULLS,2026_01,2026-04-18 13:52
FMIZP,1,519,3497751,BULLS,2026_01,2026-04-18 13:52
OYYAT,0,2008,91048322,BULLS,2026_01,2026-04-18 13:52
ARTI,0,7140,9881683,BULLS,2026_01,2026-04-18 13:52
ESEMS,0,1776,11202091,BULLS,2026_01,2026-04-18 13:52
BMEKS,0,642762,114192339,BULLS,2026_01,2026-04-18 13:52
MEMSA,0,1124782,160110709,BULLS,2026_01,2026-04-18 13:52
MENBA,0,29530,3496852,BULLS,2026_01,2026-04-18 13:52
BYSAN,0,37358,16552134,BULLS,2026_01,2026-04-18 13:52
ATPET,0,48166,11403497,BULLS,2026_01,2026-04-18 13:52
HITIT,0,10262,4488204,BULLS,2026_01,2026-04-18 13:52
EGCYH,0,169802,39900235,BULLS,2026_01,2026-04-18 13:52
METAL,0,2801,9024711,BULLS,2026_01,2026-04-18 13:52
EGCYO,0,12969,21986285,BULLS,2026_01,2026-04-18 13:52
ARTOG,0,57781,18578922,BULLS,2026_01,2026-04-18 13:52
FENIS,0,75185,26080019,BULLS,2026_01,2026-04-18 13:52
TRNSK,0,79491,25616249,BULLS,2026_01,2026-04-18 13:52
DMISH,0,147469,22727060,BULLS,2026_01,2026-04-18 13:52
CBSBO,0,2086,14692447,BULLS,2026_01,2026-04-18 13:52
PRTAS,0,27783,21405233,BULLS,2026_01,2026-04-18 13:52
TUMTK,0,8868,76370187,BULLS,2026_01,2026-04-18 13:52
QNBFK,0,61628,843137646,BULLS,2026_01,2026-04-18 13:52
EGYO,0,71088,36676214,BULLS,2026_01,2026-04-18 13:52
UKIM,0,102,2053621,BULLS,2026_01,2026-04-18 13:52
ULAS,0,50763,25200172,BULLS,2026_01,2026-04-18 13:52
AKSEL,0,14367,7100000,BULLS,2026_01,2026-04-18 13:52
UMPAS,0,503,19320590,BULLS,2026_01,2026-04-18 13:52
RANLO,0,65918,19850386,BULLS,2026_01,2026-04-18 13:52
UNTAR,0,32411,29562129,BULLS,2026_01,2026-04-18 13:52
KPHOL,0,3022,4207498,BULLS,2026_01,2026-04-18 13:52
UZEL,0,12615,26329793,BULLS,2026_01,2026-04-18 13:52
KRATL,0,97811,17800000,BULLS,2026_01,2026-04-18 13:52
ROYAL,0,41,17249999,BULLS,2026_01,2026-04-18 13:52
MRTGG,0,20313,14339249,BULLS,2026_01,2026-04-18 13:52
FVORI,0,63040,17564673,BULLS,2026_01,2026-04-18 13:52
SALIX,0,45853,4949230,BULLS,2026_01,2026-04-18 13:52
ARAT,0,48147,39867975,BULLS,2026_01,2026-04-18 13:52
GEDIZ,0,179,7163595,BULLS,2026_01,2026-04-18 13:52
ARBUL,0,69230,15459297,BULLS,2026_01,2026-04-18 13:52
CLKHO,0,391480,26183651,BULLS,2026_01,2026-04-18 13:52
LATEK,0,222006,39499512,BULLS,2026_01,2026-04-18 13:52
GENYH,0,59176,9999906,BULLS,2026_01,2026-04-18 13:52
ASYAB,0,1755636,477904801,BULLS,2026_01,2026-04-18 13:52
LIOYS,0,20996,31625013,BULLS,2026_01,2026-04-18 13:52
ZPBDLF,0,1767,8240000,BULLS,2026_01,2026-04-18 13:52
ZPLIBF,0,4483,206760000,BULLS,2026_01,2026-04-18 13:52
ATAC,0,284516,103398067,BULLS,2026_01,2026-04-18 13:52
SKPLC,0,60469,13084995,BULLS,2026_01,2026-04-18 13:52
APBDLF,0,0,14400000,BULLS,2026_01,2026-04-18 13:52
ENPRA,0,4012,15294299,BULLS,2026_01,2026-04-18 13:52
ANELT,0,53,43199817,BULLS,2026_01,2026-04-18 13:52
ERICO,0,14504,5214523,BULLS,2026_01,2026-04-18 13:52
GNPWR,0,102200,21999996,BULLS,2026_01,2026-04-18 13:52
GOLDS,0,353109,192323946,BULLS,2026_01,2026-04-18 13:52
MANGO,0,457379,37831688,BULLS,2026_01,2026-04-18 13:52
SUMAS,0,2801,5433852,BULLS,2026_01,2026-04-18 13:52
AKPAZ,0,19951,22489187,BULLS,2026_01,2026-04-18 13:52
TARAF,0,7803,5035100,BULLS,2026_01,2026-04-18 13:52
EBEBK,-10,3752,40534692,BULLS,2026_01,2026-04-18 13:52
GOLTS,-31,2620,12422783,BULLS,2026_01,2026-04-18 13:52
SANKO,-59,60796,37499197,BULLS,2026_01,2026-04-18 13:52
YONGA,-80,5676,7195951,BULLS,2026_01,2026-04-18 13:52
BIZIM,-87,4736,27601626,BULLS,2026_01,2026-04-18 13:52
BRLSM,-94,161617,108025075,BULLS,2026_01,2026-04-18 13:52
FADE,-112,80768,42347497,BULLS,2026_01,2026-04-18 13:52
ALCAR,-159,1300,1721735,BULLS,2026_01,2026-04-18 13:52
GLCVY,-180,2001,26400000,BULLS,2026_01,2026-04-18 13:52
TABGD,-267,3023,52499906,BULLS,2026_01,2026-04-18 13:52
AYCES,-315,4615,1895369,BULLS,2026_01,2026-04-18 13:52
VSNMD,-368,39504,24000000,BULLS,2026_01,2026-04-18 13:52
RAYSG,-370,4395,51947024,BULLS,2026_01,2026-04-18 13:52
LUKSK,-529,3515,27257202,BULLS,2026_01,2026-04-18 13:52
ULUSE,-538,4212,24000000,BULLS,2026_01,2026-04-18 13:52
AKMGY,-543,33902,21568998,BULLS,2026_01,2026-04-18 13:52
ORMA,-589,5690,3663265,BULLS,2026_01,2026-04-18 13:52
VAKKO,-624,16021,30789786,BULLS,2026_01,2026-04-18 13:52
CUSAN,-642,12604,18500000,BULLS,2026_01,2026-04-18 13:52
GMSTRF,-665,21196,70300000,BULLS,2026_01,2026-04-18 13:52
ACSEL,-735,5872,8589113,BULLS,2026_01,2026-04-18 13:52
SMART,-816,84322,29737499,BULLS,2026_01,2026-04-18 13:52
ERBOS,-890,4020,15899843,BULLS,2026_01,2026-04-18 13:52
BAKAB,-898,9403,34985326,BULLS,2026_01,2026-04-18 13:52
VERUS,-955,5081,34499937,BULLS,2026_01,2026-04-18 13:52
SEKFK,-1015,109874,62311473,BULLS,2026_01,2026-04-18 13:52
AFYON,-1127,271747,399992258,BULLS,2026_01,2026-04-18 13:52
ISFIN,-1207,66347,310154523,BULLS,2026_01,2026-04-18 13:52
KLNMA,-1329,134680,91846864,BULLS,2026_01,2026-04-18 13:52
LIDER,-1357,55467,279500000,BULLS,2026_01,2026-04-18 13:52
DOGUB,-1433,3807,19821566,BULLS,2026_01,2026-04-18 13:52
BASGZ,-1515,66096,174999999,BULLS,2026_01,2026-04-18 13:52
BANVT,-1636,2496,36961044,BULLS,2026_01,2026-04-18 13:52
ANGEN,-1692,99518,86440002,BULLS,2026_01,2026-04-18 13:52
KZGYO,-1763,18269,49999985,BULLS,2026_01,2026-04-18 13:52
PAMEL,-1862,12542,21533681,BULLS,2026_01,2026-04-18 13:52
GARFA,-1915,21401,138399778,BULLS,2026_01,2026-04-18 13:52
CLEBI,-2216,722,5490178,BULLS,2026_01,2026-04-18 13:52
GOKNR,-2423,212565,178040711,BULLS,2026_01,2026-04-18 13:52
KRSTL,-2436,34675,183664642,BULLS,2026_01,2026-04-18 13:52
PNLSN,-2533,21386,34752383,BULLS,2026_01,2026-04-18 13:52
SONME,-2549,1178,4349319,BULLS,2026_01,2026-04-18 13:52
TLMAN,-2552,8439,10300000,BULLS,2026_01,2026-04-18 13:52
BRISA,-2573,29138,31247472,BULLS,2026_01,2026-04-18 13:52
YAYLA,-2611,16985,39874966,BULLS,2026_01,2026-04-18 13:52
KRTEK,-2691,56501,18914650,BULLS,2026_01,2026-04-18 13:52
CATES,-2789,5329,33050000,BULLS,2026_01,2026-04-18 13:52
ISDMR,-2806,44642,147623050,BULLS,2026_01,2026-04-18 13:52
BRKSN,-2859,69395,62639942,BULLS,2026_01,2026-04-18 13:52
YGYO,-2947,762698,1310632851,BULLS,2026_01,2026-04-18 13:52
PKART,-2954,6181,11048497,BULLS,2026_01,2026-04-18 13:52
RNPOL,-3033,175029,16795000,BULLS,2026_01,2026-04-18 13:52
LOGO,-3185,7046,74328248,BULLS,2026_01,2026-04-18 13:52
YATAS,-3308,20680,94866488,BULLS,2026_01,2026-04-18 13:52
DGGYO,-3312,10359,280709437,BULLS,2026_01,2026-04-18 13:52
TATGD,-3349,59327,119284718,BULLS,2026_01,2026-04-18 13:52
MAVI,-3403,67876,576779312,BULLS,2026_01,2026-04-18 13:52
GATEG,-3589,99032,10559341,BULLS,2026_01,2026-04-18 13:52
KNFRT,-3736,246607,131747000,BULLS,2026_01,2026-04-18 13:52
PRZMA,-3746,16568,61941154,BULLS,2026_01,2026-04-18 13:52
SKYMD,-4153,79787,52499981,BULLS,2026_01,2026-04-18 13:52
ZGOLDF,-4206,2312,152040000,BULLS,2026_01,2026-04-18 13:52
ETYAT,-4524,9260,18752248,BULLS,2026_01,2026-04-18 13:52
SANEL,-4689,6247,18112451,BULLS,2026_01,2026-04-18 13:52
PKENT,-4711,6955,23766169,BULLS,2026_01,2026-04-18 13:52
ENDAE,-4880,124337,120211591,BULLS,2026_01,2026-04-18 13:52
EYGYO,-4894,148349,341859667,BULLS,2026_01,2026-04-18 13:52
PETUN,-4919,988796,134673118,BULLS,2026_01,2026-04-18 13:52
ZRGYO,-4936,6486,1173404997,BULLS,2026_01,2026-04-18 13:52
ATSYH,-5094,13130,7998869,BULLS,2026_01,2026-04-18 13:52
SOKM,-5134,19663,448708248,BULLS,2026_01,2026-04-18 13:52
MZHLD,-5385,15306,72215314,BULLS,2026_01,2026-04-18 13:52
BFREN,-5667,23200,24586148,BULLS,2026_01,2026-04-18 13:52
TGSAS,-5865,759077,12348294,BULLS,2026_01,2026-04-18 13:52
KLMSN,-6084,4174,30881197,BULLS,2026_01,2026-04-18 13:52
BRSAN,-6188,6949,35912460,BULLS,2026_01,2026-04-18 13:52
CEMZY,-6302,19053,124118690,BULLS,2026_01,2026-04-18 13:52
UFUK,-6723,39816192,46845974,BULLS,2026_01,2026-04-18 13:52
ODINE,-6827,806,52576848,BULLS,2026_01,2026-04-18 13:52
KLSER,-6843,70483,109457566,BULLS,2026_01,2026-04-18 13:52
EUKYO,-6873,12293,19899963,BULLS,2026_01,2026-04-18 13:52
MOPAS,-6999,30458,57330000,BULLS,2026_01,2026-04-18 13:52
ANHYT,-7581,5315,88457041,BULLS,2026_01,2026-04-18 13:52
SAYAS,-7777,39583,42530887,BULLS,2026_01,2026-04-18 13:52
SAFKR,-7846,457455,139427409,BULLS,2026_01,2026-04-18 13:52
HATSN,-8101,34720,44299973,BULLS,2026_01,2026-04-18 13:52
TKNSA,-8417,126847,100485379,BULLS,2026_01,2026-04-18 13:52
BLUME,-9046,460772,174710134,BULLS,2026_01,2026-04-18 13:52
RGYAS,-9163,6264,105523000,BULLS,2026_01,2026-04-18 13:52
KTSKR,-9543,64677,14691795,BULLS,2026_01,2026-04-18 13:52
AVHOL,-9701,1859,26047279,BULLS,2026_01,2026-04-18 13:52
KLKIM,-9814,37115,138383655,BULLS,2026_01,2026-04-18 13:52
CONSE,-9896,364358,377854899,BULLS,2026_01,2026-04-18 13:52
BOSSA,-9945,1164205,508724189,BULLS,2026_01,2026-04-18 13:52
EDIP,-10211,7673,36468204,BULLS,2026_01,2026-04-18 13:52
ATLAS,-10483,52928,59999865,BULLS,2026_01,2026-04-18 13:52
ISMEN,-10590,513706,467723147,BULLS,2026_01,2026-04-18 13:52
RUBNS,-10622,41387,42377765,BULLS,2026_01,2026-04-18 13:52
AKSA,-10785,1286858,1503670642,BULLS,2026_01,2026-04-18 13:52
VBTYZ,-10881,47977,55935000,BULLS,2026_01,2026-04-18 13:52
TBORG,-10888,34087,59392160,BULLS,2026_01,2026-04-18 13:52
GWIND,-11668,198116,179165491,BULLS,2026_01,2026-04-18 13:52
DOKTA,-12090,13126,145872862,BULLS,2026_01,2026-04-18 13:52
DNISI,-12226,8774,59171727,BULLS,2026_01,2026-04-18 13:52
SUWEN,-12839,37745,365687500,BULLS,2026_01,2026-04-18 13:52
HUBVC,-12868,973804,277189572,BULLS,2026_01,2026-04-18 13:52
GLDTRF,-13003,7650,48100000,BULLS,2026_01,2026-04-18 13:52
BALAT,-14051,596883,13585960,BULLS,2026_01,2026-04-18 13:52
BAHKM,-14581,91556,23289000,BULLS,2026_01,2026-04-18 13:52
DESPC,-14698,65302,16023700,BULLS,2026_01,2026-04-18 13:52
GRSEL,-15095,42967,29650000,BULLS,2026_01,2026-04-18 13:52
KRPLS,-15135,99126,78486163,BULLS,2026_01,2026-04-18 13:52
MAGEN,-15330,187074,719512140,BULLS,2026_01,2026-04-18 13:52
SUNTK,-15767,2876,144433250,BULLS,2026_01,2026-04-18 13:52
NTHOL,-16278,223849,485479112,BULLS,2026_01,2026-04-18 13:52
ISGYO,-16331,32841,531312439,BULLS,2026_01,2026-04-18 13:52
ISYAT,-17203,194045,152245569,BULLS,2026_01,2026-04-18 13:52
KRDMB,-17240,15610,118762110,BULLS,2026_01,2026-04-18 13:52
PCILT,-18346,3417,45014183,BULLS,2026_01,2026-04-18 13:52
EPLAS,-18453,208807,190491857,BULLS,2026_01,2026-04-18 13:52
EGPRO,-18610,74827,175170570,BULLS,2026_01,2026-04-18 13:52
AKGRT,-18674,216747,629007625,BULLS,2026_01,2026-04-18 13:52
SNPAM,-18995,83497,19679871,BULLS,2026_01,2026-04-18 13:52
VESBE,-19088,705599,503578676,BULLS,2026_01,2026-04-18 13:52
PRKME,-19457,136039,53038641,BULLS,2026_01,2026-04-18 13:52
DEVA,-20116,51760,199971814,BULLS,2026_01,2026-04-18 13:52
MOBTL,-22891,44383,207999999,BULLS,2026_01,2026-04-18 13:52
YESIL,-23763,2069281,640699952,BULLS,2026_01,2026-04-18 13:52
KLRHO,-23891,4611314,341250000,BULLS,2026_01,2026-04-18 13:52
DGATE,-23981,61768,15227271,BULLS,2026_01,2026-04-18 13:52
KFEIN,-25116,107422,150306170,BULLS,2026_01,2026-04-18 13:52
TRGYO,-25830,134462,251573369,BULLS,2026_01,2026-04-18 13:52
ALBRK,-26113,780784,1050739765,BULLS,2026_01,2026-04-18 13:52
GZNMI,-26855,13916,40910271,BULLS,2026_01,2026-04-18 13:52
TRCAS,-26882,31716,206252778,BULLS,2026_01,2026-04-18 13:52
ERSU,-27289,49303,31755894,BULLS,2026_01,2026-04-18 13:52
KMPUR,-27542,71273,132432524,BULLS,2026_01,2026-04-18 13:52
AYDEM,-27989,73474,130000000,BULLS,2026_01,2026-04-18 13:52
GSDHO,-28565,915770,999994969,BULLS,2026_01,2026-04-18 13:52
VRGYO,-29772,1363505,597643904,BULLS,2026_01,2026-04-18 13:52
HOROZ,-30507,19574,24599986,BULLS,2026_01,2026-04-18 13:52
ONRYT,-30729,9736,19730000,BULLS,2026_01,2026-04-18 13:52
ICBCT,-32689,53879,216761845,BULLS,2026_01,2026-04-18 13:52
PAPIL,-32802,198736,206247674,BULLS,2026_01,2026-04-18 13:52
TRHOL,-33861,118007,17635692,BULLS,2026_01,2026-04-18 13:52
GSDDE,-34320,111056,106850751,BULLS,2026_01,2026-04-18 13:52
CCOLA,-35149,22107,818085147,BULLS,2026_01,2026-04-18 13:52
BLCYT,-36209,106209,49088907,BULLS,2026_01,2026-04-18 13:52
ISGSY,-39014,69196,47378729,BULLS,2026_01,2026-04-18 13:52
EGGUB,-39982,953586,75862114,BULLS,2026_01,2026-04-18 13:52
ALTNY,-40551,582370,399889404,BULLS,2026_01,2026-04-18 13:52
DOAS,-43915,19566,97899975,BULLS,2026_01,2026-04-18 13:52
BVSAN,-45004,40747,13749998,BULLS,2026_01,2026-04-18 13:52
SERNT,-47220,479163,113000000,BULLS,2026_01,2026-04-18 13:52
GEDIK,-48750,75444,983076856,BULLS,2026_01,2026-04-18 13:52
ULKER,-49152,80739,338855989,BULLS,2026_01,2026-04-18 13:52
AKFIS,-49908,59797,66841328,BULLS,2026_01,2026-04-18 13:52
INVEO,-50678,278177,998999954,BULLS,2026_01,2026-04-18 13:52
AGHOL,-51185,38560,1068828243,BULLS,2026_01,2026-04-18 13:52
TKFEN,-56438,45891,230848007,BULLS,2026_01,2026-04-18 13:52
TRMET,-60958,30845,174454588,BULLS,2026_01,2026-04-18 13:52
AKSGY,-61062,450479,1628451947,BULLS,2026_01,2026-04-18 13:52
CGCAM,-62500,122111,42000000,BULLS,2026_01,2026-04-18 13:52
TRENJ,-62876,75820,97964682,BULLS,2026_01,2026-04-18 13:52
GOZDE,-63769,438701,384992447,BULLS,2026_01,2026-04-18 13:52
KRGYO,-63902,160865,275373393,BULLS,2026_01,2026-04-18 13:52
RTALB,-65832,347165,432976722,BULLS,2026_01,2026-04-18 13:52
IHGZT,-66632,57710201,570666228,BULLS,2026_01,2026-04-18 13:52
ORCAY,-71326,348163,149972352,BULLS,2026_01,2026-04-18 13:52
ENKAI,-72818,165495,874736059,BULLS,2026_01,2026-04-18 13:52
DERIM,-75113,10094,40403770,BULLS,2026_01,2026-04-18 13:52
KOPOL,-75638,675415,266319652,BULLS,2026_01,2026-04-18 13:52
SELEC,-77056,23747,124262097,BULLS,2026_01,2026-04-18 13:52
EGEPO,-78162,192743,200000000,BULLS,2026_01,2026-04-18 13:52
SEGYO,-78775,402000,203388821,BULLS,2026_01,2026-04-18 13:52
BIGEN,-80349,222315,115500000,BULLS,2026_01,2026-04-18 13:52
DCTTR,-86609,811103,157328724,BULLS,2026_01,2026-04-18 13:52
ARMGD,-87682,68138,54996000,BULLS,2026_01,2026-04-18 13:52
AVTUR,-88478,256933,43067999,BULLS,2026_01,2026-04-18 13:52
ZERGY,-89802,814196,156799985,BULLS,2026_01,2026-04-18 13:52
PENGD,-91885,160283,171069968,BULLS,2026_01,2026-04-18 13:52
KARSN,-92652,321859,827850973,BULLS,2026_01,2026-04-18 13:52
DESA,-94484,285025,171107590,BULLS,2026_01,2026-04-18 13:52
GUNDG,-95268,767401,18968972,BULLS,2026_01,2026-04-18 13:52
IEYHO,-98400,312328,541032947,BULLS,2026_01,2026-04-18 13:52
FROTO,-99127,178655,625120847,BULLS,2026_01,2026-04-18 13:52
HUNER,-104388,826918,670137934,BULLS,2026_01,2026-04-18 13:52
BOBET,-113799,285517,113999998,BULLS,2026_01,2026-04-18 13:52
OYAKC,-116097,46450,4656879380,BULLS,2026_01,2026-04-18 13:52
GESAN,-120380,128327,141759180,BULLS,2026_01,2026-04-18 13:52
AVPGY,-120471,-14109,100000000,BULLS,2026_01,2026-04-18 13:52
AGYO,-121707,396930,129036460,BULLS,2026_01,2026-04-18 13:52
SANFM,-127140,831732,225029995,BULLS,2026_01,2026-04-18 13:52
BRKO,-133705,1330701,138199447,BULLS,2026_01,2026-04-18 13:52
PLTUR,-134894,76644,49500000,BULLS,2026_01,2026-04-18 13:52
IZENR,-143808,447438,914537597,BULLS,2026_01,2026-04-18 13:52
CEMTS,-144940,571368,233425986,BULLS,2026_01,2026-04-18 13:52
YYLGD,-153774,198353,369826200,BULLS,2026_01,2026-04-18 13:52
ARDYZ,-154268,294752,279551557,BULLS,2026_01,2026-04-18 13:52
DARDL,-156451,1399407,1753442695,BULLS,2026_01,2026-04-18 13:52
DENGE,-162271,868234,525284797,BULLS,2026_01,2026-04-18 13:52
OZYSR,-167298,244955,40488000,BULLS,2026_01,2026-04-18 13:52
GARAN,-168576,149315,2454854227,BULLS,2026_01,2026-04-18 13:52
OSMEN,-183860,321019,157750927,BULLS,2026_01,2026-04-18 13:52
GEREL,-186213,860601,219036379,BULLS,2026_01,2026-04-18 13:52
SKTAS,-186285,1390041,332865443,BULLS,2026_01,2026-04-18 13:52
ZOREN,-188130,1573187,2681244172,BULLS,2026_01,2026-04-18 13:52
MARTI,-192853,735018,590191701,BULLS,2026_01,2026-04-18 13:52
IDGYO,-197487,35496,119234999,BULLS,2026_01,2026-04-18 13:52
MEGMT,-201867,355908,72749999,BULLS,2026_01,2026-04-18 13:52
AKSUE,-208296,77087,56376184,BULLS,2026_01,2026-04-18 13:52
IHAAS,-215995,47406,56031248,BULLS,2026_01,2026-04-18 13:52
DOHOL,-216575,-41819,984706959,BULLS,2026_01,2026-04-18 13:52
MANAS,-223548,783424,149942371,BULLS,2026_01,2026-04-18 13:52
DURKN,-242499,100159,42500000,BULLS,2026_01,2026-04-18 13:52
KRDMA,-295110,21546611,240300917,BULLS,2026_01,2026-04-18 13:52
AHSGY,-306047,81381,184999889,BULLS,2026_01,2026-04-18 13:52
ASTOR,-316041,2953257,366896261,BULLS,2026_01,2026-04-18 13:52
AKENR,-327116,657386,385189146,BULLS,2026_01,2026-04-18 13:52
TTKOM,-347349,-35526,524999999,BULLS,2026_01,2026-04-18 13:52
DMSAS,-358830,276006,199994510,BULLS,2026_01,2026-04-18 13:52
DZGYO,-359512,487378,399777846,BULLS,2026_01,2026-04-18 13:52
TUKAS,-362244,4525736,4499995929,BULLS,2026_01,2026-04-18 13:52
BJKAS,-408886,1016323,1776089716,BULLS,2026_01,2026-04-18 13:52
ARSAN,-428134,5195075,887344274,BULLS,2026_01,2026-04-18 13:52
PASEU,-447468,-151306,215295868,BULLS,2026_01,2026-04-18 13:52
LRSHO,-453163,2124512,724120946,BULLS,2026_01,2026-04-18 13:52
OZGYO,-484742,1574954,490916869,BULLS,2026_01,2026-04-18 13:52
IZMDC,-501071,194059,723225318,BULLS,2026_01,2026-04-18 13:52
ENTRA,-511348,424087,369383564,BULLS,2026_01,2026-04-18 13:52
TATEN,-513142,-399472,347769724,BULLS,2026_01,2026-04-18 13:52
AKFGY,-526402,2534497,3457819315,BULLS,2026_01,2026-04-18 13:52
KRVGD,-536085,74283,596159766,BULLS,2026_01,2026-04-18 13:52
KBORU,-644459,2537191,143999994,BULLS,2026_01,2026-04-18 13:52
VAKBN,-815823,-426892,8046896130,BULLS,2026_01,2026-04-18 13:52
BAYRK,-848336,145710,189751123,BULLS,2026_01,2026-04-18 13:52
FONET,-868407,1292034,577082984,BULLS,2026_01,2026-04-18 13:52
SAHOL,-942075,-798861,1142761094,BULLS,2026_01,2026-04-18 13:52
ENERY,-949083,154497,2420686786,BULLS,2026_01,2026-04-18 13:52
BUCIM,-1042378,1249911,1286538062,BULLS,2026_01,2026-04-18 13:52
VAKFN,-1050375,2305631,2064378140,BULLS,2026_01,2026-04-18 13:52
INDES,-1101294,31993,462749768,BULLS,2026_01,2026-04-18 13:52
HEKTS,-1109299,3812721,3946474643,BULLS,2026_01,2026-04-18 13:52
CWENE,-1200675,-497042,530758241,BULLS,2026_01,2026-04-18 13:52
KRDMD,-1287808,333304,780216365,BULLS,2026_01,2026-04-18 13:52
TSKB,-1303695,-1347360,1516591673,BULLS,2026_01,2026-04-18 13:52
EMKEL,-1358289,97297,149999456,BULLS,2026_01,2026-04-18 13:52
KATMR,-1405487,3181122,1980989998,BULLS,2026_01,2026-04-18 13:52
ULUFA,-1412838,310516,305352801,BULLS,2026_01,2026-04-18 13:52
AKBNK,-1502970,-510629,3059020211,BULLS,2026_01,2026-04-18 13:52
KZBGY,-1538525,1060795,585996164,BULLS,2026_01,2026-04-18 13:52
TERA,-1568190,-126254,240888789,BULLS,2026_01,2026-04-18 13:52
TURSG,-1626637,536851,7907296076,BULLS,2026_01,2026-04-18 13:52
IHLAS,-1955628,3012505,1396079076,BULLS,2026_01,2026-04-18 13:52
HALKB,-2001541,2853394,6546422780,BULLS,2026_01,2026-04-18 13:52
GENTS,-2092239,5257987,749958921,BULLS,2026_01,2026-04-18 13:52
PEKGY,-2179743,3165668,4685012615,BULLS,2026_01,2026-04-18 13:52
ISKPL,-2183012,2262937,724625736,BULLS,2026_01,2026-04-18 13:52
ARFYE,-2257102,671721,47000000,BULLS,2026_01,2026-04-18 13:52
AEFES,-2281859,-1084444,2028860053,BULLS,2026_01,2026-04-18 13:52
MARMR,-2509988,404621,961218727,BULLS,2026_01,2026-04-18 13:52
ASGYO,-2562308,335543,165000000,BULLS,2026_01,2026-04-18 13:52
HDFGS,-2660424,4960228,956974190,BULLS,2026_01,2026-04-18 13:52
YKBNK,-2821422,-1792098,4705235952,BULLS,2026_01,2026-04-18 13:52
CIMSA,-2886672,1167139,488404404,BULLS,2026_01,2026-04-18 13:52
QUAGR,-3284017,2624119,1771950000,BULLS,2026_01,2026-04-18 13:52
EKGYO,-4171542,-2432106,1925107366,BULLS,2026_01,2026-04-18 13:52
EREGL,-4451096,783315,3554238535,BULLS,2026_01,2026-04-18 13:52
PSGYO,-6990973,64716995,2954231556,BULLS,2026_01,2026-04-18 13:52
DAPGM,-9279225,210308122,928276145,BULLS,2026_01,2026-04-18 13:52
ISCTR,-11289226,-3131445,8880196742,BULLS,2026_01,2026-04-18 13:52
PATEK,-16186332,1046376,293081892,BULLS,2026_01,2026-04-18 13:52
FORMT,-25558410,180283968,1075744232,BULLS,2026_01,2026-04-18 13:52
PAHOL,7637899,15538957,3999999979,PUSULA,2026_01,2026-04-18 13:52
BTCIM,3608673,5594661,4046650979,PUSULA,2026_01,2026-04-18 13:52
ALGYO,3065946,3531250,989357377,PUSULA,2026_01,2026-04-18 13:52
DENGE,3060660,6421491,525284797,PUSULA,2026_01,2026-04-18 13:52
CANTE,2857902,10968212,6026143802,PUSULA,2026_01,2026-04-18 13:52
SASA,2750602,11003627,25700421137,PUSULA,2026_01,2026-04-18 13:52
AKSEN,2242179,417491,638545796,PUSULA,2026_01,2026-04-18 13:52
KAYSE,2063087,2053244,814062605,PUSULA,2026_01,2026-04-18 13:52
FENER,1694409,2098912,2772321026,PUSULA,2026_01,2026-04-18 13:52
ALBRK,1119581,1081763,1050739765,PUSULA,2026_01,2026-04-18 13:52
KTLEV,1044383,2188703,1288500000,PUSULA,2026_01,2026-04-18 13:52
MEYSU,1016285,1016285,175000000,PUSULA,2026_01,2026-04-18 13:52
OBAMS,990728,2076735,725750028,PUSULA,2026_01,2026-04-18 13:52
EKGYO,967878,1281342,1925107366,PUSULA,2026_01,2026-04-18 13:52
ADESE,867821,2428044,4687131701,PUSULA,2026_01,2026-04-18 13:52
IHLGM,858455,1480455,986078000,PUSULA,2026_01,2026-04-18 13:52
MRGYO,830214,2236925,1035439185,PUSULA,2026_01,2026-04-18 13:52
YYAPI,699542,3621476,1705025550,PUSULA,2026_01,2026-04-18 13:52
ODAS,694362,1115471,1113798031,PUSULA,2026_01,2026-04-18 13:52
ALVES,692195,867309,862856920,PUSULA,2026_01,2026-04-18 13:52
EGEPO,642077,684838,200000000,PUSULA,2026_01,2026-04-18 13:52
METRO,575279,726361,539989959,PUSULA,2026_01,2026-04-18 13:52
BSOKE,569409,1559956,458486931,PUSULA,2026_01,2026-04-18 13:52
VAKFN,563029,3354790,2064378140,PUSULA,2026_01,2026-04-18 13:52
EPLAS,555783,869362,190491857,PUSULA,2026_01,2026-04-18 13:52
CIMSA,518622,127139,488404404,PUSULA,2026_01,2026-04-18 13:52
BARMA,508768,656048,67594701,PUSULA,2026_01,2026-04-18 13:52
TURSG,488124,554799,7907296076,PUSULA,2026_01,2026-04-18 13:52
DAPGM,480283,1291009,928276145,PUSULA,2026_01,2026-04-18 13:52
USAK,435372,983327,1218028690,PUSULA,2026_01,2026-04-18 13:52
ISKPL,391655,1478621,724625736,PUSULA,2026_01,2026-04-18 13:52
AVOD,384191,745262,253604577,PUSULA,2026_01,2026-04-18 13:52
MANAS,373553,569869,149942371,PUSULA,2026_01,2026-04-18 13:52
ESEN,362062,916267,682499950,PUSULA,2026_01,2026-04-18 13:52
AKBNK,329649,734149,3059020211,PUSULA,2026_01,2026-04-18 13:52
ZOREN,322706,4254694,2681244172,PUSULA,2026_01,2026-04-18 13:52
INFO,313667,680608,767463337,PUSULA,2026_01,2026-04-18 13:52
SKBNK,312605,379639,2498879854,PUSULA,2026_01,2026-04-18 13:52
SEGYO,305910,309645,203388821,PUSULA,2026_01,2026-04-18 13:52
SANFM,295735,732229,225029995,PUSULA,2026_01,2026-04-18 13:52
KLSYN,277389,355816,107854952,PUSULA,2026_01,2026-04-18 13:52
SKYMD,259726,514612,52499981,PUSULA,2026_01,2026-04-18 13:52
AGHOL,250454,376599,1068828243,PUSULA,2026_01,2026-04-18 13:52
HATEK,245076,306786,62998947,PUSULA,2026_01,2026-04-18 13:52
KRVGD,243678,-137330,596159766,PUSULA,2026_01,2026-04-18 13:52
BAYRK,229506,557685,189751123,PUSULA,2026_01,2026-04-18 13:52
SARKY,223598,245083,999999671,PUSULA,2026_01,2026-04-18 13:52
ALKA,218652,455853,330750000,PUSULA,2026_01,2026-04-18 13:52
REEDR,212915,738665,632558010,PUSULA,2026_01,2026-04-18 13:52
SMRTG,212077,283655,664164672,PUSULA,2026_01,2026-04-18 13:52
KRGYO,202522,531021,275373393,PUSULA,2026_01,2026-04-18 13:52
GLRYH,198513,317020,599623814,PUSULA,2026_01,2026-04-18 13:52
MZHLD,193522,274819,72215314,PUSULA,2026_01,2026-04-18 13:52
KBORU,185729,325705,143999994,PUSULA,2026_01,2026-04-18 13:52
DITAS,177258,217449,83407812,PUSULA,2026_01,2026-04-18 13:52
MTRKS,177083,398248,43633165,PUSULA,2026_01,2026-04-18 13:52
TSGYO,173861,395645,266499982,PUSULA,2026_01,2026-04-18 13:52
IHLAS,167856,904428,1396079076,PUSULA,2026_01,2026-04-18 13:52
VAKFA,167482,429467,224999701,PUSULA,2026_01,2026-04-18 13:52
HLGYO,163190,1281983,1075198516,PUSULA,2026_01,2026-04-18 13:52
MARMR,161754,1024273,961218727,PUSULA,2026_01,2026-04-18 13:52
EUPWR,157812,292496,199610525,PUSULA,2026_01,2026-04-18 13:52
BORSK,157442,684122,279999879,PUSULA,2026_01,2026-04-18 13:52
LIDFA,154922,307163,458180545,PUSULA,2026_01,2026-04-18 13:52
VKGYO,150552,994252,1637202242,PUSULA,2026_01,2026-04-18 13:52
OZYSR,144673,279457,40488000,PUSULA,2026_01,2026-04-18 13:52
ARSAN,143240,734614,887344274,PUSULA,2026_01,2026-04-18 13:52
CVKMD,139852,282413,461999787,PUSULA,2026_01,2026-04-18 13:52
PRZMA,136485,376569,61941154,PUSULA,2026_01,2026-04-18 13:52
BINHO,132354,1073699,488884390,PUSULA,2026_01,2026-04-18 13:52
TATEN,127581,1128794,347769724,PUSULA,2026_01,2026-04-18 13:52
ESCAR,125934,391863,101933690,PUSULA,2026_01,2026-04-18 13:52
ARZUM,124428,1310418,293999828,PUSULA,2026_01,2026-04-18 13:52
MAKTK,123865,338547,184370066,PUSULA,2026_01,2026-04-18 13:52
IHYAY,123412,687513,388124996,PUSULA,2026_01,2026-04-18 13:52
FZLGY,122992,177781,398427439,PUSULA,2026_01,2026-04-18 13:52
ENTRA,114393,133455,369383564,PUSULA,2026_01,2026-04-18 13:52
YAYLA,113547,147887,39874966,PUSULA,2026_01,2026-04-18 13:52
TEHOL,111211,847889,1967936441,PUSULA,2026_01,2026-04-18 13:52
IHEVA,109501,1017150,291631239,PUSULA,2026_01,2026-04-18 13:52
KLKIM,100615,79161,138383655,PUSULA,2026_01,2026-04-18 13:52
NTHOL,100414,110775,485479112,PUSULA,2026_01,2026-04-18 13:52
DERHL,98591,427258,197281316,PUSULA,2026_01,2026-04-18 13:52
TNZTP,97827,116890,87496826,PUSULA,2026_01,2026-04-18 13:52
FLAP,92521,418822,93599986,PUSULA,2026_01,2026-04-18 13:52
LRSHO,91537,515976,724120946,PUSULA,2026_01,2026-04-18 13:52
BIGEN,89851,691835,115500000,PUSULA,2026_01,2026-04-18 13:52
MAGEN,89495,144128,719512140,PUSULA,2026_01,2026-04-18 13:52
YGYO,89000,508255,1310632851,PUSULA,2026_01,2026-04-18 13:52
MEKAG,81709,278298,320319999,PUSULA,2026_01,2026-04-18 13:52
SEKUR,79917,434677,131457835,PUSULA,2026_01,2026-04-18 13:52
IMASM,79673,1476805,622850499,PUSULA,2026_01,2026-04-18 13:52
ANELE,74992,78716,151405542,PUSULA,2026_01,2026-04-18 13:52
GMTAS,72532,102852,298687813,PUSULA,2026_01,2026-04-18 13:52
UCAYM,70430,70430,59996268,PUSULA,2026_01,2026-04-18 13:52
AKFYE,68822,109849,551782160,PUSULA,2026_01,2026-04-18 13:52
EGEGY,68755,367857,61200000,PUSULA,2026_01,2026-04-18 13:52
ASGYO,67673,299854,165000000,PUSULA,2026_01,2026-04-18 13:52
NATEN,67352,255594,309375000,PUSULA,2026_01,2026-04-18 13:52
MOBTL,64489,1367015,207999999,PUSULA,2026_01,2026-04-18 13:52
BORLS,64480,136136,308652686,PUSULA,2026_01,2026-04-18 13:52
BIOEN,62802,138875,197983419,PUSULA,2026_01,2026-04-18 13:52
OYAKC,57940,213598,4656879380,PUSULA,2026_01,2026-04-18 13:52
KLSER,56917,126309,109457566,PUSULA,2026_01,2026-04-18 13:52
QUAGR,55985,1385193,1771950000,PUSULA,2026_01,2026-04-18 13:52
RYGYO,53983,157177,770588057,PUSULA,2026_01,2026-04-18 13:52
MARBL,53419,105024,65226403,PUSULA,2026_01,2026-04-18 13:52
MOPAS,53416,177557,57330000,PUSULA,2026_01,2026-04-18 13:52
MARTI,53395,790868,590191701,PUSULA,2026_01,2026-04-18 13:52
CWENE,53267,277493,530758241,PUSULA,2026_01,2026-04-18 13:52
FRMPL,52572,52572,39997696,PUSULA,2026_01,2026-04-18 13:52
EKSUN,51588,322089,171792833,PUSULA,2026_01,2026-04-18 13:52
AKSA,49648,940004,1503670642,PUSULA,2026_01,2026-04-18 13:52
YYLGD,48347,271222,369826200,PUSULA,2026_01,2026-04-18 13:52
DAGI,48142,350380,175301274,PUSULA,2026_01,2026-04-18 13:52
UNLU,46147,70176,102181558,PUSULA,2026_01,2026-04-18 13:52
EUREN,45902,546848,1040132637,PUSULA,2026_01,2026-04-18 13:52
KZBGY,45354,438346,585996164,PUSULA,2026_01,2026-04-18 13:52
SURGY,44470,69021,44745990,PUSULA,2026_01,2026-04-18 13:52
SNICA,44289,381366,321688855,PUSULA,2026_01,2026-04-18 13:52
ISDMR,42142,183383,147623050,PUSULA,2026_01,2026-04-18 13:52
HURGZ,39801,223366,220784167,PUSULA,2026_01,2026-04-18 13:52
ADGYO,39494,42866,379654367,PUSULA,2026_01,2026-04-18 13:52
LILAK,38749,103268,260252730,PUSULA,2026_01,2026-04-18 13:52
GENIL,38625,46993,85937999,PUSULA,2026_01,2026-04-18 13:52
SODSN,37423,42768,45373261,PUSULA,2026_01,2026-04-18 13:52
AKHAN,37310,37310,54700000,PUSULA,2026_01,2026-04-18 13:52
KFEIN,36380,103890,150306170,PUSULA,2026_01,2026-04-18 13:52
KRPLS,35953,86717,78486163,PUSULA,2026_01,2026-04-18 13:52
VRGYO,35748,581206,597643904,PUSULA,2026_01,2026-04-18 13:52
KRSTL,35440,107752,183664642,PUSULA,2026_01,2026-04-18 13:52
SAHOL,35301,79692,1142761094,PUSULA,2026_01,2026-04-18 13:52
AHGAZ,35186,206525,659370871,PUSULA,2026_01,2026-04-18 13:52
BIZIM,34937,56253,27601626,PUSULA,2026_01,2026-04-18 13:52
GEREL,33363,249987,219036379,PUSULA,2026_01,2026-04-18 13:52
TCELL,32998,88826,1622604373,PUSULA,2026_01,2026-04-18 13:52
EUKYO,31164,161797,19899963,PUSULA,2026_01,2026-04-18 13:52
CEMTS,29388,117567,233425986,PUSULA,2026_01,2026-04-18 13:52
MIATK,29148,344846,313087979,PUSULA,2026_01,2026-04-18 13:52
ZGYO,28766,28766,84499889,PUSULA,2026_01,2026-04-18 13:52
TEZOL,28261,199581,139835975,PUSULA,2026_01,2026-04-18 13:52
ATAGY,27785,39862,45670114,PUSULA,2026_01,2026-04-18 13:52
ORCAY,26138,426612,149972352,PUSULA,2026_01,2026-04-18 13:52
NETCD,25600,25600,40000000,PUSULA,2026_01,2026-04-18 13:52
PRDGS,25596,57004,110850000,PUSULA,2026_01,2026-04-18 13:52
DCTTR,25187,209077,157328724,PUSULA,2026_01,2026-04-18 13:52
PNSUT,24029,82711,128323851,PUSULA,2026_01,2026-04-18 13:52
MSGYO,23892,600926,169650150,PUSULA,2026_01,2026-04-18 13:52
GOODY,23422,201206,132804473,PUSULA,2026_01,2026-04-18 13:52
OZSUB,23228,50543,42499126,PUSULA,2026_01,2026-04-18 13:52
EFOR,23047,31917,539999994,PUSULA,2026_01,2026-04-18 13:52
QNBTR,22994,23716,2571745911,PUSULA,2026_01,2026-04-18 13:52
AVTUR,22899,38250,43067999,PUSULA,2026_01,2026-04-18 13:52
GESAN,22031,122141,141759180,PUSULA,2026_01,2026-04-18 13:52
AKCNS,22029,34142,39359284,PUSULA,2026_01,2026-04-18 13:52
KLMSN,21704,76290,30881197,PUSULA,2026_01,2026-04-18 13:52
KARSN,21528,507615,827850973,PUSULA,2026_01,2026-04-18 13:52
ASTOR,21366,135370,366896261,PUSULA,2026_01,2026-04-18 13:52
CUSAN,21319,31794,18500000,PUSULA,2026_01,2026-04-18 13:52
ISGSY,20668,28777,47378729,PUSULA,2026_01,2026-04-18 13:52
BERA,20057,113785,491816866,PUSULA,2026_01,2026-04-18 13:52
GSDDE,19428,111406,106850751,PUSULA,2026_01,2026-04-18 13:52
TRILC,19260,74222,118499496,PUSULA,2026_01,2026-04-18 13:52
ISGYO,19119,17077,531312439,PUSULA,2026_01,2026-04-18 13:52
ARCLK,17407,99406,170054748,PUSULA,2026_01,2026-04-18 13:52
EUHOL,17339,39298,142999955,PUSULA,2026_01,2026-04-18 13:52
HATSN,17338,57737,44299973,PUSULA,2026_01,2026-04-18 13:52
LIDER,17140,51011,279500000,PUSULA,2026_01,2026-04-18 13:52
SAFKR,17083,113575,139427409,PUSULA,2026_01,2026-04-18 13:52
EUYO,16645,30162,19932876,PUSULA,2026_01,2026-04-18 13:52
ISYAT,16176,160675,152245569,PUSULA,2026_01,2026-04-18 13:52
GLCVY,16022,55955,26400000,PUSULA,2026_01,2026-04-18 13:52
GUBRF,15922,17992,85359737,PUSULA,2026_01,2026-04-18 13:52
BRMEN,15891,49981,57566555,PUSULA,2026_01,2026-04-18 13:52
NTGAZ,15852,102531,276000000,PUSULA,2026_01,2026-04-18 13:52
BJKAS,15385,217150,1776089716,PUSULA,2026_01,2026-04-18 13:52
ALFAS,14529,66219,84639559,PUSULA,2026_01,2026-04-18 13:52
GSDHO,14489,108771,999994969,PUSULA,2026_01,2026-04-18 13:52
MTRYO,13898,60562,39900000,PUSULA,2026_01,2026-04-18 13:52
VESTL,13851,108169,295447203,PUSULA,2026_01,2026-04-18 13:52
KRTEK,13655,52190,18914650,PUSULA,2026_01,2026-04-18 13:52
KORDS,13545,35793,65421451,PUSULA,2026_01,2026-04-18 13:52
OSMEN,13413,70238,157750927,PUSULA,2026_01,2026-04-18 13:52
ARFYE,13341,52044,47000000,PUSULA,2026_01,2026-04-18 13:52
HTTBT,13123,33723,82805422,PUSULA,2026_01,2026-04-18 13:52
PKART,12962,33049,11048497,PUSULA,2026_01,2026-04-18 13:52
RGYAS,12760,15729,105523000,PUSULA,2026_01,2026-04-18 13:52
GEDIK,12654,228756,983076856,PUSULA,2026_01,2026-04-18 13:52
SEYKM,12357,484969,151040901,PUSULA,2026_01,2026-04-18 13:52
MEGAP,11308,262327,234498757,PUSULA,2026_01,2026-04-18 13:52
MGROS,11164,22037,96563547,PUSULA,2026_01,2026-04-18 13:52
BMSTL,11026,153439,74772260,PUSULA,2026_01,2026-04-18 13:52
ELITE,11005,65542,44650000,PUSULA,2026_01,2026-04-18 13:52
SUNTK,10419,21673,144433250,PUSULA,2026_01,2026-04-18 13:52
INTEM,10413,10450,9428747,PUSULA,2026_01,2026-04-18 13:52
OFSYM,10342,26459,22749998,PUSULA,2026_01,2026-04-18 13:52
BULGS,10218,89454,72499900,PUSULA,2026_01,2026-04-18 13:52
SOKE,9875,118619,126999996,PUSULA,2026_01,2026-04-18 13:52
ENKAI,9811,63747,874736059,PUSULA,2026_01,2026-04-18 13:52
OZKGY,9755,41966,363999945,PUSULA,2026_01,2026-04-18 13:52
ATEKS,9750,11895,5441598,PUSULA,2026_01,2026-04-18 13:52
GLRMK,9748,30301,38760000,PUSULA,2026_01,2026-04-18 13:52
PCILT,9497,20534,45014183,PUSULA,2026_01,2026-04-18 13:52
BRKVY,9217,337251,13618361,PUSULA,2026_01,2026-04-18 13:52
GWIND,9141,36663,179165491,PUSULA,2026_01,2026-04-18 13:52
AEFES,9087,440722,2028860053,PUSULA,2026_01,2026-04-18 13:52
BNTAS,9040,77126,170624998,PUSULA,2026_01,2026-04-18 13:52
PLTUR,8926,842821,49500000,PUSULA,2026_01,2026-04-18 13:52
GRTHO,8638,11722,36745000,PUSULA,2026_01,2026-04-18 13:52
KMPUR,7813,89168,132432524,PUSULA,2026_01,2026-04-18 13:52
TURGG,7783,118427,32042988,PUSULA,2026_01,2026-04-18 13:52
SAMAT,7705,244532,103183797,PUSULA,2026_01,2026-04-18 13:52
FADE,7695,306491,42347497,PUSULA,2026_01,2026-04-18 13:52
DOKTA,7588,13476,145872862,PUSULA,2026_01,2026-04-18 13:52
ATAKP,7549,19778,28224000,PUSULA,2026_01,2026-04-18 13:52
TCKRC,7434,26559,70000000,PUSULA,2026_01,2026-04-18 13:52
OZATD,7395,23093,13349933,PUSULA,2026_01,2026-04-18 13:52
KRONT,7321,22768,116892885,PUSULA,2026_01,2026-04-18 13:52
AGESA,6899,15427,35829553,PUSULA,2026_01,2026-04-18 13:52
VSNMD,6815,34112,24000000,PUSULA,2026_01,2026-04-18 13:52
VERTU,6775,32265,22000000,PUSULA,2026_01,2026-04-18 13:52
HKTM,6478,65833,72747500,PUSULA,2026_01,2026-04-18 13:52
BUCIM,6427,63959,1286538062,PUSULA,2026_01,2026-04-18 13:52
SKYLP,6275,10880,7159255,PUSULA,2026_01,2026-04-18 13:52
OYAYO,6247,26375,19999941,PUSULA,2026_01,2026-04-18 13:52
ISMEN,6209,88785,467723147,PUSULA,2026_01,2026-04-18 13:52
DOFER,6106,25169,19572500,PUSULA,2026_01,2026-04-18 13:52
YEOTK,6059,72837,160933198,PUSULA,2026_01,2026-04-18 13:52
NETAS,5856,10027,31783484,PUSULA,2026_01,2026-04-18 13:52
KARTN,5607,21932,72781126,PUSULA,2026_01,2026-04-18 13:52
ENJSA,5477,19203,236211770,PUSULA,2026_01,2026-04-18 13:52
ARASE,5284,13981,49999991,PUSULA,2026_01,2026-04-18 13:52
ALKLC,5283,36454,45382467,PUSULA,2026_01,2026-04-18 13:52
TKFEN,4991,23991,230848007,PUSULA,2026_01,2026-04-18 13:52
BOSSA,4869,24841,508724189,PUSULA,2026_01,2026-04-18 13:52
GRSEL,4767,15137,29650000,PUSULA,2026_01,2026-04-18 13:52
MERCN,4692,91186,74389005,PUSULA,2026_01,2026-04-18 13:52
LOGO,4602,4859,74328248,PUSULA,2026_01,2026-04-18 13:52
TMSN,4308,31099,44449988,PUSULA,2026_01,2026-04-18 13:52
EGGUB,4125,7932,75862114,PUSULA,2026_01,2026-04-18 13:52
TTKOM,4123,52178,524999999,PUSULA,2026_01,2026-04-18 13:52
VKING,4120,20875,30932905,PUSULA,2026_01,2026-04-18 13:52
ULUSE,4007,5351,24000000,PUSULA,2026_01,2026-04-18 13:52
AVHOL,3991,10669,26047279,PUSULA,2026_01,2026-04-18 13:52
LYDHO,3932,37777,197140910,PUSULA,2026_01,2026-04-18 13:52
MACKO,3805,54039,41453550,PUSULA,2026_01,2026-04-18 13:52
VBTYZ,3663,60848,55935000,PUSULA,2026_01,2026-04-18 13:52
CRDFA,3654,81125,74996853,PUSULA,2026_01,2026-04-18 13:52
SUWEN,3409,48183,365687500,PUSULA,2026_01,2026-04-18 13:52
SANEL,3392,25992,18112451,PUSULA,2026_01,2026-04-18 13:52
KRDMB,3392,14768,118762110,PUSULA,2026_01,2026-04-18 13:52
ECZYT,3187,7846,45880511,PUSULA,2026_01,2026-04-18 13:52
AVPGY,3041,19101,100000000,PUSULA,2026_01,2026-04-18 13:52
BALAT,2984,105491,13585960,PUSULA,2026_01,2026-04-18 13:52
RAYSG,2919,8902,51947024,PUSULA,2026_01,2026-04-18 13:52
ADEL,2917,28329,112043619,PUSULA,2026_01,2026-04-18 13:52
ALARK,2771,46824,164975148,PUSULA,2026_01,2026-04-18 13:52
VESBE,2655,61357,503578676,PUSULA,2026_01,2026-04-18 13:52
BRLSM,2600,127937,108025075,PUSULA,2026_01,2026-04-18 13:52
DGNMO,2553,93040,327634635,PUSULA,2026_01,2026-04-18 13:52
MERIT,2537,6226,329748900,PUSULA,2026_01,2026-04-18 13:52
GRNYO,2385,12988,37386059,PUSULA,2026_01,2026-04-18 13:52
ISBIR,2349,7525,14500244,PUSULA,2026_01,2026-04-18 13:52
ERSU,2241,13592,31755894,PUSULA,2026_01,2026-04-18 13:52
OYYAT,2180,20034,91048322,PUSULA,2026_01,2026-04-18 13:52
PENGD,2139,95224,171069968,PUSULA,2026_01,2026-04-18 13:52
OTTO,2099,6125,5474438,PUSULA,2026_01,2026-04-18 13:52
INVES,1738,2043,37480000,PUSULA,2026_01,2026-04-18 13:52
DEVA,1643,14702,199971814,PUSULA,2026_01,2026-04-18 13:52
AFYON,1497,91936,399992258,PUSULA,2026_01,2026-04-18 13:52
PKENT,1374,13032,23766169,PUSULA,2026_01,2026-04-18 13:52
AYGAZ,1313,1697,98568807,PUSULA,2026_01,2026-04-18 13:52
VKFYO,1299,21398,26473700,PUSULA,2026_01,2026-04-18 13:52
ULAS,1265,30164,25200172,PUSULA,2026_01,2026-04-18 13:52
MMCAS,1264,10432,12393964,PUSULA,2026_01,2026-04-18 13:52
PARSN,1196,6285,34033246,PUSULA,2026_01,2026-04-18 13:52
BINBN,1174,6304,17000000,PUSULA,2026_01,2026-04-18 13:52
TRGYO,1095,10823,251573369,PUSULA,2026_01,2026-04-18 13:52
MEDTR,1090,9900,24499999,PUSULA,2026_01,2026-04-18 13:52
GEDZA,1070,13758,42983624,PUSULA,2026_01,2026-04-18 13:52
YAPRK,1045,9004,4214998,PUSULA,2026_01,2026-04-18 13:52
CGCAM,988,42253,42000000,PUSULA,2026_01,2026-04-18 13:52
CEMZY,985,12399,124118690,PUSULA,2026_01,2026-04-18 13:52
GLDTRF,945,4309,48100000,PUSULA,2026_01,2026-04-18 13:52
BVSAN,934,13414,13749998,PUSULA,2026_01,2026-04-18 13:52
AYES,930,37462,86971609,PUSULA,2026_01,2026-04-18 13:52
VAKKO,912,7007,30789786,PUSULA,2026_01,2026-04-18 13:52
BRSAN,832,13500,35912460,PUSULA,2026_01,2026-04-18 13:52
BRYAT,801,5548,10264685,PUSULA,2026_01,2026-04-18 13:52
PSDTC,797,17906,6599991,PUSULA,2026_01,2026-04-18 13:52
KTSKR,770,30869,14691795,PUSULA,2026_01,2026-04-18 13:52
GLYHO,762,44479,1949290631,PUSULA,2026_01,2026-04-18 13:52
KNFRT,663,3271,131747000,PUSULA,2026_01,2026-04-18 13:52
KLNMA,650,40060,91846864,PUSULA,2026_01,2026-04-18 13:52
CRFSA,637,9009,18312793,PUSULA,2026_01,2026-04-18 13:52
BANVT,598,12029,36961044,PUSULA,2026_01,2026-04-18 13:52
SANKO,554,10996,37499197,PUSULA,2026_01,2026-04-18 13:52
SDTTR,548,14084,15990000,PUSULA,2026_01,2026-04-18 13:52
PAMEL,537,2691,21533681,PUSULA,2026_01,2026-04-18 13:52
BALSU,527,40378,278000000,PUSULA,2026_01,2026-04-18 13:52
TBORG,509,4251,59392160,PUSULA,2026_01,2026-04-18 13:52
MARKA,491,3247,20752018,PUSULA,2026_01,2026-04-18 13:52
KLRHO,489,498,341250000,PUSULA,2026_01,2026-04-18 13:52
KIMMR,466,968,75000000,PUSULA,2026_01,2026-04-18 13:52
DERIM,411,5976,40403770,PUSULA,2026_01,2026-04-18 13:52
ONCSM,381,7282,10086000,PUSULA,2026_01,2026-04-18 13:52
BURCE,350,12748,44422390,PUSULA,2026_01,2026-04-18 13:52
ALCAR,325,547,1721735,PUSULA,2026_01,2026-04-18 13:52
TTRAK,314,12606,24967458,PUSULA,2026_01,2026-04-18 13:52
AYCES,307,876,1895369,PUSULA,2026_01,2026-04-18 13:52
ARENA,300,25067,66996461,PUSULA,2026_01,2026-04-18 13:52
EGEEN,290,2000,1137161,PUSULA,2026_01,2026-04-18 13:52
BOBET,283,62525,113999998,PUSULA,2026_01,2026-04-18 13:52
TLMAN,216,12700,10300000,PUSULA,2026_01,2026-04-18 13:52
INTEK,205,1100,5043584,PUSULA,2026_01,2026-04-18 13:52
COSMO,171,308,6494091,PUSULA,2026_01,2026-04-18 13:52
NUHCM,164,2754,33135899,PUSULA,2026_01,2026-04-18 13:52
APMDLF,150,150,12300000,PUSULA,2026_01,2026-04-18 13:52
ZGOLDF,120,1843,152040000,PUSULA,2026_01,2026-04-18 13:52
VERUS,102,3199,34499937,PUSULA,2026_01,2026-04-18 13:52
YESIL,102,416301,640699952,PUSULA,2026_01,2026-04-18 13:52
IDGYO,95,24035,119234999,PUSULA,2026_01,2026-04-18 13:52
DIRIT,70,2661,10146501,PUSULA,2026_01,2026-04-18 13:52
POLTK,48,127,1125000,PUSULA,2026_01,2026-04-18 13:52
UFUK,38,4404,46845974,PUSULA,2026_01,2026-04-18 13:52
MRSHL,33,654,4212888,PUSULA,2026_01,2026-04-18 13:52
AKFIS,29,33657,66841328,PUSULA,2026_01,2026-04-18 13:52
SAYAS,18,12041,42530887,PUSULA,2026_01,2026-04-18 13:52
YONGA,10,7091,7195951,PUSULA,2026_01,2026-04-18 13:52
GOZDE,1,18639,384992447,PUSULA,2026_01,2026-04-18 13:52
SALIX,0,2,4949230,PUSULA,2026_01,2026-04-18 13:52
EGCYH,0,310,39900235,PUSULA,2026_01,2026-04-18 13:52
EGCYO,0,2,21986285,PUSULA,2026_01,2026-04-18 13:52
UKIM,0,5000,2053621,PUSULA,2026_01,2026-04-18 13:52
KERVN,0,494185,588346973,PUSULA,2026_01,2026-04-18 13:52
ARTI,0,1066,9881683,PUSULA,2026_01,2026-04-18 13:52
UMPAS,0,64227,19320590,PUSULA,2026_01,2026-04-18 13:52
CBSBO,0,500,14692447,PUSULA,2026_01,2026-04-18 13:52
UNTAR,0,10350,29562129,PUSULA,2026_01,2026-04-18 13:52
FENIS,0,1,26080019,PUSULA,2026_01,2026-04-18 13:52
ARTOG,0,1,18578922,PUSULA,2026_01,2026-04-18 13:52
UZEL,0,124850,26329793,PUSULA,2026_01,2026-04-18 13:52
FVORI,0,18039,17564673,PUSULA,2026_01,2026-04-18 13:52
ATPET,0,21670,11403497,PUSULA,2026_01,2026-04-18 13:52
EGYO,0,4500,36676214,PUSULA,2026_01,2026-04-18 13:52
GEDIZ,0,47787,7163595,PUSULA,2026_01,2026-04-18 13:52
MEMSA,0,14507,160110709,PUSULA,2026_01,2026-04-18 13:52
SKPLC,0,501,13084995,PUSULA,2026_01,2026-04-18 13:52
AKPAZ,0,35619,22489187,PUSULA,2026_01,2026-04-18 13:52
EKIZ,0,62,8198720,PUSULA,2026_01,2026-04-18 13:52
GENYH,0,19619,9999906,PUSULA,2026_01,2026-04-18 13:52
BMEKS,0,35284,114192339,PUSULA,2026_01,2026-04-18 13:52
DGGYO,0,2805,280709437,PUSULA,2026_01,2026-04-18 13:52
EMNIS,0,4826,3429235,PUSULA,2026_01,2026-04-18 13:52
CLKHO,0,12467,26183651,PUSULA,2026_01,2026-04-18 13:52
ANELT,0,19,43199817,PUSULA,2026_01,2026-04-18 13:52
ENPRA,0,8864,15294299,PUSULA,2026_01,2026-04-18 13:52
BASCM,0,920,49238593,PUSULA,2026_01,2026-04-18 13:52
MRTGG,0,14130,14339249,PUSULA,2026_01,2026-04-18 13:52
PRTAS,0,0,21405233,PUSULA,2026_01,2026-04-18 13:52
DMISH,0,2,22727060,PUSULA,2026_01,2026-04-18 13:52
GOLDS,0,302820,192323946,PUSULA,2026_01,2026-04-18 13:52
LATEK,0,12001,39499512,PUSULA,2026_01,2026-04-18 13:52
AKSEL,0,1,7100000,PUSULA,2026_01,2026-04-18 13:52
ASYAB,0,112752,477904801,PUSULA,2026_01,2026-04-18 13:52
ATAC,0,66667,103398067,PUSULA,2026_01,2026-04-18 13:52
LIOYS,0,7250,31625013,PUSULA,2026_01,2026-04-18 13:52
TRNSK,0,1000,25616249,PUSULA,2026_01,2026-04-18 13:52
ARAT,0,4858,39867975,PUSULA,2026_01,2026-04-18 13:52
BYSAN,0,18373,16552134,PUSULA,2026_01,2026-04-18 13:52
EGCEY,0,8162,19749798,PUSULA,2026_01,2026-04-18 13:52
TUMTK,0,8070,76370187,PUSULA,2026_01,2026-04-18 13:52
PAGYO,-1,2908,57781202,PUSULA,2026_01,2026-04-18 13:52
LYDYE,-2,18,1391287,PUSULA,2026_01,2026-04-18 13:52
KSTUR,-14,79,3952561,PUSULA,2026_01,2026-04-18 13:52
DESA,-16,13917,171107590,PUSULA,2026_01,2026-04-18 13:52
MAALT,-18,697,4763850,PUSULA,2026_01,2026-04-18 13:52
TGSAS,-21,775,12348294,PUSULA,2026_01,2026-04-18 13:52
KENT,-21,294,1191005,PUSULA,2026_01,2026-04-18 13:52
ARMGD,-30,691,54996000,PUSULA,2026_01,2026-04-18 13:52
OTKAR,-30,6385,33417145,PUSULA,2026_01,2026-04-18 13:52
FMIZP,-32,868,3497751,PUSULA,2026_01,2026-04-18 13:52
ORMA,-65,1088,3663265,PUSULA,2026_01,2026-04-18 13:52
SUMAS,-66,2160,5433852,PUSULA,2026_01,2026-04-18 13:52
AKMGY,-93,8641,21568998,PUSULA,2026_01,2026-04-18 13:52
KONYA,-95,355,1646416,PUSULA,2026_01,2026-04-18 13:52
ARDYZ,-101,119670,279551557,PUSULA,2026_01,2026-04-18 13:52
ATSYH,-103,3665,7998869,PUSULA,2026_01,2026-04-18 13:52
ODINE,-124,924,52576848,PUSULA,2026_01,2026-04-18 13:52
PNLSN,-128,6269,34752383,PUSULA,2026_01,2026-04-18 13:52
ZRGYO,-139,401852,1173404997,PUSULA,2026_01,2026-04-18 13:52
CASA,-140,2730,4891517,PUSULA,2026_01,2026-04-18 13:52
OBASE,-142,2353,14924000,PUSULA,2026_01,2026-04-18 13:52
YGGYO,-185,98,240625741,PUSULA,2026_01,2026-04-18 13:52
CMENT,-247,2223,56829666,PUSULA,2026_01,2026-04-18 13:52
INGRM,-248,937,14969536,PUSULA,2026_01,2026-04-18 13:52
PRKME,-255,43152,53038641,PUSULA,2026_01,2026-04-18 13:52
BURVA,-360,2389,4723271,PUSULA,2026_01,2026-04-18 13:52
BIGTK,-395,3375,23395022,PUSULA,2026_01,2026-04-18 13:52
ASUZU,-427,31578,41130807,PUSULA,2026_01,2026-04-18 13:52
INVEO,-430,67998,998999954,PUSULA,2026_01,2026-04-18 13:52
SMART,-433,30361,29737499,PUSULA,2026_01,2026-04-18 13:52
MNDRS,-470,15978,222007982,PUSULA,2026_01,2026-04-18 13:52
DOGUB,-475,310,19821566,PUSULA,2026_01,2026-04-18 13:52
AVGYO,-486,42802,111590302,PUSULA,2026_01,2026-04-18 13:52
MAKIM,-513,5679,42559998,PUSULA,2026_01,2026-04-18 13:52
BFREN,-598,3494,24586148,PUSULA,2026_01,2026-04-18 13:52
CMBTN,-602,1774,1023000,PUSULA,2026_01,2026-04-18 13:52
ATLAS,-605,863,59999865,PUSULA,2026_01,2026-04-18 13:52
ERBOS,-683,6464,15899843,PUSULA,2026_01,2026-04-18 13:52
YBTAS,-709,24211,31526916,PUSULA,2026_01,2026-04-18 13:52
DMSAS,-759,136767,199994510,PUSULA,2026_01,2026-04-18 13:52
TARKM,-759,4793,4999885,PUSULA,2026_01,2026-04-18 13:52
MPARK,-797,16784,80869110,PUSULA,2026_01,2026-04-18 13:52
CLEBI,-1085,1385,5490178,PUSULA,2026_01,2026-04-18 13:52
ANGEN,-1130,108111,86440002,PUSULA,2026_01,2026-04-18 13:52
ORGE,-1131,33651,41839996,PUSULA,2026_01,2026-04-18 13:52
RNPOL,-1149,26063,16795000,PUSULA,2026_01,2026-04-18 13:52
ZEDUR,-1221,27189,69899992,PUSULA,2026_01,2026-04-18 13:52
AKSUE,-1373,11453,56376184,PUSULA,2026_01,2026-04-18 13:52
TUPRS,-1380,159079,902334854,PUSULA,2026_01,2026-04-18 13:52
BASGZ,-1458,14751,174999999,PUSULA,2026_01,2026-04-18 13:52
ENSRI,-1498,11909,236333503,PUSULA,2026_01,2026-04-18 13:52
LUKSK,-1555,4765,27257202,PUSULA,2026_01,2026-04-18 13:52
TMPOL,-1560,9225,11039990,PUSULA,2026_01,2026-04-18 13:52
TABGD,-1609,4381,52499906,PUSULA,2026_01,2026-04-18 13:52
ATATP,-1691,25912,18809999,PUSULA,2026_01,2026-04-18 13:52
TRENJ,-1702,22163,97964682,PUSULA,2026_01,2026-04-18 13:52
ANHYT,-1839,12300,88457041,PUSULA,2026_01,2026-04-18 13:52
QNBFK,-1863,7349,843137646,PUSULA,2026_01,2026-04-18 13:52
DGATE,-1888,94174,15227271,PUSULA,2026_01,2026-04-18 13:52
IZINV,-1906,4180,13540386,PUSULA,2026_01,2026-04-18 13:52
PENTA,-1934,80109,181070136,PUSULA,2026_01,2026-04-18 13:52
SONME,-1946,2552,4349319,PUSULA,2026_01,2026-04-18 13:52
EBEBK,-1999,6918,40534692,PUSULA,2026_01,2026-04-18 13:52
FORTE,-2112,15384,21999999,PUSULA,2026_01,2026-04-18 13:52
DUNYH,-2115,46340,36443197,PUSULA,2026_01,2026-04-18 13:52
DOAS,-2314,27004,97899975,PUSULA,2026_01,2026-04-18 13:52
CATES,-2359,34247,33050000,PUSULA,2026_01,2026-04-18 13:52
RALYH,-2365,1508,176324572,PUSULA,2026_01,2026-04-18 13:52
ACSEL,-2389,3379,8589113,PUSULA,2026_01,2026-04-18 13:52
RODRG,-2394,51216,16822352,PUSULA,2026_01,2026-04-18 13:52
BRISA,-2433,3879,31247472,PUSULA,2026_01,2026-04-18 13:52
IHAAS,-2456,2917,56031248,PUSULA,2026_01,2026-04-18 13:52
KAPLM,-2463,4295,4563571,PUSULA,2026_01,2026-04-18 13:52
DNISI,-2469,53536,59171727,PUSULA,2026_01,2026-04-18 13:52
BIMAS,-2646,12915,436214016,PUSULA,2026_01,2026-04-18 13:52
KCHOL,-2720,58630,674052308,PUSULA,2026_01,2026-04-18 13:52
SEKFK,-2962,38299,62311473,PUSULA,2026_01,2026-04-18 13:52
SNPAM,-3148,4444,19679871,PUSULA,2026_01,2026-04-18 13:52
DOHOL,-3308,132761,984706959,PUSULA,2026_01,2026-04-18 13:52
GOLTS,-3332,10345,12422783,PUSULA,2026_01,2026-04-18 13:52
ENDAE,-3414,10064,120211591,PUSULA,2026_01,2026-04-18 13:52
KUVVA,-3500,5500,24204585,PUSULA,2026_01,2026-04-18 13:52
ARTMS,-3578,44122,24199999,PUSULA,2026_01,2026-04-18 13:52
GMSTRF,-3938,18522,70300000,PUSULA,2026_01,2026-04-18 13:52
BAGFS,-4332,88242,100042745,PUSULA,2026_01,2026-04-18 13:52
TRCAS,-4404,47953,206252778,PUSULA,2026_01,2026-04-18 13:52
KUTPO,-4451,12882,10524430,PUSULA,2026_01,2026-04-18 13:52
TKNSA,-4497,66223,100485379,PUSULA,2026_01,2026-04-18 13:52
ISFIN,-4880,33817,310154523,PUSULA,2026_01,2026-04-18 13:52
SMRVA,-5052,17867,28000000,PUSULA,2026_01,2026-04-18 13:52
DSTKF,-5167,3614,82195267,PUSULA,2026_01,2026-04-18 13:52
GARFA,-5197,55960,138399778,PUSULA,2026_01,2026-04-18 13:52
SKTAS,-5424,520706,332865443,PUSULA,2026_01,2026-04-18 13:52
LKMNH,-5492,751242,163262533,PUSULA,2026_01,2026-04-18 13:52
EMKEL,-5820,459935,149999456,PUSULA,2026_01,2026-04-18 13:52
ERCB,-6050,13858,39113273,PUSULA,2026_01,2026-04-18 13:52
ALCTL,-6117,3777,13543218,PUSULA,2026_01,2026-04-18 13:52
SELEC,-6126,20539,124262097,PUSULA,2026_01,2026-04-18 13:52
ANSGR,-6135,20730,1564416026,PUSULA,2026_01,2026-04-18 13:52
OZRDN,-6179,25754,57107579,PUSULA,2026_01,2026-04-18 13:52
ZPLIBF,-6240,400,206760000,PUSULA,2026_01,2026-04-18 13:52
ICBCT,-7291,64084,216761845,PUSULA,2026_01,2026-04-18 13:52
AYEN,-7613,75479,55531320,PUSULA,2026_01,2026-04-18 13:52
BRKSN,-7678,46047,62639942,PUSULA,2026_01,2026-04-18 13:52
GIPTA,-7882,25401,51625912,PUSULA,2026_01,2026-04-18 13:52
LMKDC,-8222,62002,155929999,PUSULA,2026_01,2026-04-18 13:52
DYOBY,-8548,174640,186553687,PUSULA,2026_01,2026-04-18 13:52
ULKER,-8602,28646,338855989,PUSULA,2026_01,2026-04-18 13:52
HRKET,-8957,94504,24000000,PUSULA,2026_01,2026-04-18 13:52
CCOLA,-9183,21215,818085147,PUSULA,2026_01,2026-04-18 13:52
HOROZ,-9608,12730,24599986,PUSULA,2026_01,2026-04-18 13:52
EGPRO,-9981,21639,175170570,PUSULA,2026_01,2026-04-18 13:52
DZGYO,-10920,43578,399777846,PUSULA,2026_01,2026-04-18 13:52
GATEG,-11050,3227,10559341,PUSULA,2026_01,2026-04-18 13:52
ULUUN,-11342,78534,290523352,PUSULA,2026_01,2026-04-18 13:52
OYLUM,-11525,43676,80937367,PUSULA,2026_01,2026-04-18 13:52
LINK,-11602,11484,18231985,PUSULA,2026_01,2026-04-18 13:52
MHRGY,-11983,312995,310499991,PUSULA,2026_01,2026-04-18 13:52
CELHA,-11986,100394,146078935,PUSULA,2026_01,2026-04-18 13:52
KOTON,-12123,59055,136599960,PUSULA,2026_01,2026-04-18 13:52
FONET,-12480,306902,577082984,PUSULA,2026_01,2026-04-18 13:52
ALKIM,-13120,37836,182767821,PUSULA,2026_01,2026-04-18 13:52
TRMET,-13259,27604,174454588,PUSULA,2026_01,2026-04-18 13:52
DOFRB,-13324,14203,45000000,PUSULA,2026_01,2026-04-18 13:52
BAHKM,-14079,5994,23289000,PUSULA,2026_01,2026-04-18 13:52
DMLKTG,-14774,1447032,2576335943,PUSULA,2026_01,2026-04-18 13:52
GZNMI,-15183,20512,40910271,PUSULA,2026_01,2026-04-18 13:52
MAVI,-16105,85490,576779312,PUSULA,2026_01,2026-04-18 13:52
DESPC,-16287,8422,16023700,PUSULA,2026_01,2026-04-18 13:52
KONKA,-18057,90746,89670000,PUSULA,2026_01,2026-04-18 13:52
BESLR,-18290,92670,658098036,PUSULA,2026_01,2026-04-18 13:52
AKENR,-18853,41501,385189146,PUSULA,2026_01,2026-04-18 13:52
ISSEN,-18863,157321,107411517,PUSULA,2026_01,2026-04-18 13:52
KZGYO,-19587,38328,49999985,PUSULA,2026_01,2026-04-18 13:52
ASELS,-19970,134368,1178597817,PUSULA,2026_01,2026-04-18 13:52
RYSAS,-19993,73750,1504020937,PUSULA,2026_01,2026-04-18 13:52
BIGCH,-20856,37044,73786589,PUSULA,2026_01,2026-04-18 13:52
GOKNR,-21274,113358,178040711,PUSULA,2026_01,2026-04-18 13:52
NIBAS,-21611,481235,267767946,PUSULA,2026_01,2026-04-18 13:52
AKYHO,-21764,1383547,223895870,PUSULA,2026_01,2026-04-18 13:52
ONRYT,-21786,76837,19730000,PUSULA,2026_01,2026-04-18 13:52
TRALT,-21941,811195,952271819,PUSULA,2026_01,2026-04-18 13:52
TATGD,-22542,63622,119284718,PUSULA,2026_01,2026-04-18 13:52
TAVHL,-23232,-9726,213213415,PUSULA,2026_01,2026-04-18 13:52
JANTS,-23274,41863,207477849,PUSULA,2026_01,2026-04-18 13:52
MERKO,-23988,125192,101104701,PUSULA,2026_01,2026-04-18 13:52
RUBNS,-24075,13564,42377765,PUSULA,2026_01,2026-04-18 13:52
TDGYO,-24912,619504,59914214,PUSULA,2026_01,2026-04-18 13:52
BEYAZ,-25200,26708,42317352,PUSULA,2026_01,2026-04-18 13:52
EDIP,-25671,3729,36468204,PUSULA,2026_01,2026-04-18 13:52
YATAS,-27719,-14733,94866488,PUSULA,2026_01,2026-04-18 13:52
GLBMD,-28010,15415,28880500,PUSULA,2026_01,2026-04-18 13:52
AKGRT,-29159,57930,629007625,PUSULA,2026_01,2026-04-18 13:52
ETYAT,-30140,33761,18752248,PUSULA,2026_01,2026-04-18 13:52
DURDO,-30219,999145,379703149,PUSULA,2026_01,2026-04-18 13:52
PRKAB,-30643,16426,35225443,PUSULA,2026_01,2026-04-18 13:52
FRIGO,-31162,693840,153667954,PUSULA,2026_01,2026-04-18 13:52
FROTO,-31342,168749,625120847,PUSULA,2026_01,2026-04-18 13:52
PINSU,-32347,52141,101635846,PUSULA,2026_01,2026-04-18 13:52
BIENY,-32663,94596,83144831,PUSULA,2026_01,2026-04-18 13:52
TRHOL,-33316,150356,17635692,PUSULA,2026_01,2026-04-18 13:52
KRDMA,-33531,32378,240300917,PUSULA,2026_01,2026-04-18 13:52
AGROT,-34068,665456,843999770,PUSULA,2026_01,2026-04-18 13:52
TSKB,-34452,41302,1516591673,PUSULA,2026_01,2026-04-18 13:52
MOGAN,-36458,129278,262635000,PUSULA,2026_01,2026-04-18 13:52
PETUN,-38241,205854,134673118,PUSULA,2026_01,2026-04-18 13:52
MEPET,-38432,15412,73940585,PUSULA,2026_01,2026-04-18 13:52
RUZYE,-38694,110002,267748491,PUSULA,2026_01,2026-04-18 13:52
NUGYO,-39578,75228,324943976,PUSULA,2026_01,2026-04-18 13:52
BLCYT,-41533,194224,49088907,PUSULA,2026_01,2026-04-18 13:52
ENERY,-41614,346485,2420686786,PUSULA,2026_01,2026-04-18 13:52
KOCMT,-43351,499412,581991187,PUSULA,2026_01,2026-04-18 13:52
BAKAB,-45773,5607,34985326,PUSULA,2026_01,2026-04-18 13:52
AZTEK,-47667,257730,279000000,PUSULA,2026_01,2026-04-18 13:52
YUNSA,-49409,2292462,202164056,PUSULA,2026_01,2026-04-18 13:52
YIGIT,-49499,257476,74999975,PUSULA,2026_01,2026-04-18 13:52
TOASO,-50099,35797,120585076,PUSULA,2026_01,2026-04-18 13:52
GUNDG,-50402,29762,18968972,PUSULA,2026_01,2026-04-18 13:52
AKSGY,-51519,272501,1628451947,PUSULA,2026_01,2026-04-18 13:52
AYDEM,-51855,19796,130000000,PUSULA,2026_01,2026-04-18 13:52
ETILR,-52468,106683,156217454,PUSULA,2026_01,2026-04-18 13:52
ULUFA,-52612,356225,305352801,PUSULA,2026_01,2026-04-18 13:52
YKSLN,-53076,142022,197429570,PUSULA,2026_01,2026-04-18 13:52
KAREL,-54440,187700,329659497,PUSULA,2026_01,2026-04-18 13:52
MNDTR,-54452,293115,910071938,PUSULA,2026_01,2026-04-18 13:52
BLUME,-58146,143035,174710134,PUSULA,2026_01,2026-04-18 13:52
SILVR,-61220,236975,212818206,PUSULA,2026_01,2026-04-18 13:52
SISE,-62179,586669,1814922730,PUSULA,2026_01,2026-04-18 13:52
OSTIM,-63214,190899,509984964,PUSULA,2026_01,2026-04-18 13:52
PGSUS,-63426,73847,245068871,PUSULA,2026_01,2026-04-18 13:52
RTALB,-65675,442316,432976722,PUSULA,2026_01,2026-04-18 13:52
BMSCH,-67208,42555,69277402,PUSULA,2026_01,2026-04-18 13:52
TUREX,-67795,278405,432000000,PUSULA,2026_01,2026-04-18 13:52
POLHO,-70479,28720,164140074,PUSULA,2026_01,2026-04-18 13:52
SOKM,-70565,138145,448708248,PUSULA,2026_01,2026-04-18 13:52
KGYO,-74707,4106328,767895149,PUSULA,2026_01,2026-04-18 13:52
AGYO,-75740,130102,129036460,PUSULA,2026_01,2026-04-18 13:52
GARAN,-77173,53333,2454854227,PUSULA,2026_01,2026-04-18 13:52
KLYPV,-80142,64127,46334639,PUSULA,2026_01,2026-04-18 13:52
HUNER,-82726,214371,670137934,PUSULA,2026_01,2026-04-18 13:52
CONSE,-88435,219637,377854899,PUSULA,2026_01,2026-04-18 13:52
IHGZT,-89694,162472,570666228,PUSULA,2026_01,2026-04-18 13:52
ICUGS,-91745,417637,336250000,PUSULA,2026_01,2026-04-18 13:52
KCAER,-99508,341641,496494775,PUSULA,2026_01,2026-04-18 13:52
BYDNR,-103944,134204,20499984,PUSULA,2026_01,2026-04-18 13:52
ECOGR,-105385,364877,109980000,PUSULA,2026_01,2026-04-18 13:52
ZERGY,-105828,181988,156799985,PUSULA,2026_01,2026-04-18 13:52
KRDMD,-106709,168046,780216365,PUSULA,2026_01,2026-04-18 13:52
TUCLK,-110450,871845,230681400,PUSULA,2026_01,2026-04-18 13:52
EREGL,-118077,839566,3554238535,PUSULA,2026_01,2026-04-18 13:52
HUBVC,-118493,722374,277189572,PUSULA,2026_01,2026-04-18 13:52
KATMR,-119953,1753435,1980989998,PUSULA,2026_01,2026-04-18 13:52
BEGYO,-129109,451773,277250000,PUSULA,2026_01,2026-04-18 13:52
PSGYO,-133954,4244239,2954231556,PUSULA,2026_01,2026-04-18 13:52
SERNT,-134838,263497,113000000,PUSULA,2026_01,2026-04-18 13:52
HALKB,-135716,351561,6546422780,PUSULA,2026_01,2026-04-18 13:52
IZMDC,-139147,619037,723225318,PUSULA,2026_01,2026-04-18 13:52
DURKN,-141943,21632,42500000,PUSULA,2026_01,2026-04-18 13:52
SNGYO,-142140,259155,3607173097,PUSULA,2026_01,2026-04-18 13:52
THYAO,-142318,150068,739329751,PUSULA,2026_01,2026-04-18 13:52
IEYHO,-151525,241180,541032947,PUSULA,2026_01,2026-04-18 13:52
SEGMN,-174651,11847,80999980,PUSULA,2026_01,2026-04-18 13:52
SRVGY,-180586,219169,806067999,PUSULA,2026_01,2026-04-18 13:52
PETKM,-184182,342864,1241736844,PUSULA,2026_01,2026-04-18 13:52
PAPIL,-190959,224041,206247674,PUSULA,2026_01,2026-04-18 13:52
IZENR,-192799,369512,914537597,PUSULA,2026_01,2026-04-18 13:52
INDES,-192840,98374,462749768,PUSULA,2026_01,2026-04-18 13:52
ECILC,-220343,95149,210589603,PUSULA,2026_01,2026-04-18 13:52
TEKTU,-232597,220274,195639308,PUSULA,2026_01,2026-04-18 13:52
CEMAS,-233266,426001,790994229,PUSULA,2026_01,2026-04-18 13:52
OZGYO,-237408,657046,490916869,PUSULA,2026_01,2026-04-18 13:52
PATEK,-247460,412842,293081892,PUSULA,2026_01,2026-04-18 13:52
MEGMT,-268063,285346,72749999,PUSULA,2026_01,2026-04-18 13:52
KLGYO,-275264,387004,689399869,PUSULA,2026_01,2026-04-18 13:52
ALTNY,-294244,424763,399889404,PUSULA,2026_01,2026-04-18 13:52
CEOEM,-303382,46664,22232614,PUSULA,2026_01,2026-04-18 13:52
EDATA,-318961,110723,160065396,PUSULA,2026_01,2026-04-18 13:52
ESCOM,-325807,87243,463831670,PUSULA,2026_01,2026-04-18 13:52
GENTS,-334424,607254,749958921,PUSULA,2026_01,2026-04-18 13:52
IZFAS,-354342,2867877,156001658,PUSULA,2026_01,2026-04-18 13:52
HDFGS,-357624,702030,956974190,PUSULA,2026_01,2026-04-18 13:52
TUKAS,-358725,2991540,4499995929,PUSULA,2026_01,2026-04-18 13:52
DARDL,-419660,604724,1753442695,PUSULA,2026_01,2026-04-18 13:52
YKBNK,-422102,179044,4705235952,PUSULA,2026_01,2026-04-18 13:52
HEDEF,-426724,447381,562499930,PUSULA,2026_01,2026-04-18 13:52
EKOS,-552842,1249067,307199852,PUSULA,2026_01,2026-04-18 13:52
VAKBN,-567279,1061751,8046896130,PUSULA,2026_01,2026-04-18 13:52
HEKTS,-593814,2979753,3946474643,PUSULA,2026_01,2026-04-18 13:52
BRKO,-694464,1044364,138199447,PUSULA,2026_01,2026-04-18 13:52
KONTR,-753630,1169905,936038763,PUSULA,2026_01,2026-04-18 13:52
SELVA,-832897,652080,747897737,PUSULA,2026_01,2026-04-18 13:52
KUYAS,-910225,541891,395658898,PUSULA,2026_01,2026-04-18 13:52
EGSER,-1000788,323901,545751057,PUSULA,2026_01,2026-04-18 13:52
FORMT,-1013991,575468,1075744232,PUSULA,2026_01,2026-04-18 13:52
AKFGY,-1094810,415499,3457819315,PUSULA,2026_01,2026-04-18 13:52
AHSGY,-1156922,48393,184999889,PUSULA,2026_01,2026-04-18 13:52
TERA,-1196577,-772921,240888789,PUSULA,2026_01,2026-04-18 13:52
KOPOL,-1403675,3280685,266319652,PUSULA,2026_01,2026-04-18 13:52
PASEU,-1938783,-364589,215295868,PUSULA,2026_01,2026-04-18 13:52
VANGD,-2031101,90671,24374995,PUSULA,2026_01,2026-04-18 13:52
DMRGD,-2054682,729385,1277294592,PUSULA,2026_01,2026-04-18 13:52
ISCTR,-2673759,495166,8880196742,PUSULA,2026_01,2026-04-18 13:52
GSRAY,-3493392,2531358,10123744690,PUSULA,2026_01,2026-04-18 13:52
TSPOR,-4547005,9285794,3674526664,PUSULA,2026_01,2026-04-18 13:52
PEKGY,-5740294,5210601,4685012615,PUSULA,2026_01,2026-04-18 13:52
EYGYO,-5820405,1669255,341859667,PUSULA,2026_01,2026-04-18 13:52
GENIL,28188679,30210319,1289069985,TERA,2026_02,2026-04-18 13:53
TEHOL,11779687,631658287,1967930261,TERA,2026_02,2026-04-18 13:53
EREGL,10708737,-679688,3554238535,TERA,2026_02,2026-04-18 13:53
DSTKF,9534855,15485621,84533333,TERA,2026_02,2026-04-18 13:53
SELVA,4802994,16024641,747897737,TERA,2026_02,2026-04-18 13:53
IEYHO,4362768,5051088,541032947,TERA,2026_02,2026-04-18 13:53
CANTE,3472523,19684677,8608815637,TERA,2026_02,2026-04-18 13:53
IZENR,3359013,3672513,914537597,TERA,2026_02,2026-04-18 13:53
ODAS,3162929,5758398,1113798031,TERA,2026_02,2026-04-18 13:53
ATATR,3110710,3110710,280000000,TERA,2026_02,2026-04-18 13:53
ISKPL,2618359,236440381,724625736,TERA,2026_02,2026-04-18 13:53
AKGRT,2394503,1294821,629007625,TERA,2026_02,2026-04-18 13:53
MRGYO,2291501,3662437,1753202571,TERA,2026_02,2026-04-18 13:53
RNPOL,2226853,2308897,335900000,TERA,2026_02,2026-04-18 13:53
TURSG,1947175,2706295,7907296076,TERA,2026_02,2026-04-18 13:53
CONSE,1368106,1418525,377854899,TERA,2026_02,2026-04-18 13:53
EKGYO,1330705,2044346,1925107366,TERA,2026_02,2026-04-18 13:53
BJKAS,1181659,1745489,1776089716,TERA,2026_02,2026-04-18 13:53
MARMR,1145634,1744057,961218727,TERA,2026_02,2026-04-18 13:53
SEYKM,1097594,1100671,151040901,TERA,2026_02,2026-04-18 13:53
SEKFK,1058388,1298309,62311473,TERA,2026_02,2026-04-18 13:53
KLGYO,1034809,1041485,689399869,TERA,2026_02,2026-04-18 13:53
MANAS,1018546,2599357,255704000,TERA,2026_02,2026-04-18 13:53
TKFEN,1014534,1054011,230848007,TERA,2026_02,2026-04-18 13:53
AKFGY,970973,934707,3457819313,TERA,2026_02,2026-04-18 13:53
OBAMS,951191,1444609,751078524,TERA,2026_02,2026-04-18 13:53
ZPLIBF,792336,34698,190200000,TERA,2026_02,2026-04-18 13:53
USAK,784292,1663720,2436064709,TERA,2026_02,2026-04-18 13:53
IHYAY,751000,1087131,388124996,TERA,2026_02,2026-04-18 13:53
ESEN,723932,1659236,682499950,TERA,2026_02,2026-04-18 13:53
KLYPV,685826,719150,46334639,TERA,2026_02,2026-04-18 13:53
SANFM,643588,1036888,225029995,TERA,2026_02,2026-04-18 13:53
ALVES,634815,623364,1159999780,TERA,2026_02,2026-04-18 13:53
KZBGY,608498,839939,1959999915,TERA,2026_02,2026-04-18 13:53
KRDMA,592480,625629,240300917,TERA,2026_02,2026-04-18 13:53
EUREN,573099,1337123,1040132637,TERA,2026_02,2026-04-18 13:53
GUBRF,570297,218855,85359737,TERA,2026_02,2026-04-18 13:53
TUCLK,559312,173252,253181400,TERA,2026_02,2026-04-18 13:53
CIMSA,555679,610593,488404404,TERA,2026_02,2026-04-18 13:53
MEKAG,543932,80930465,320319999,TERA,2026_02,2026-04-18 13:53
ISSEN,484174,596194,107411517,TERA,2026_02,2026-04-18 13:53
THYAO,458563,873104,739463453,TERA,2026_02,2026-04-18 13:53
TUKAS,450013,2915644,4499995929,TERA,2026_02,2026-04-18 13:53
TATGD,421457,3266464,119286243,TERA,2026_02,2026-04-18 13:53
HEDEF,357042,544532,562499930,TERA,2026_02,2026-04-18 13:53
ALARK,318864,271762,165125148,TERA,2026_02,2026-04-18 13:53
KUYAS,308470,20403363,398957788,TERA,2026_02,2026-04-18 13:53
GARAN,306420,368313,2454957798,TERA,2026_02,2026-04-18 13:53
ENKAI,302529,518683,874733059,TERA,2026_02,2026-04-18 13:53
AKFIS,294723,293192,66841328,TERA,2026_02,2026-04-18 13:53
KLKIM,293350,6654,138383655,TERA,2026_02,2026-04-18 13:53
ALGYO,289919,2188245,989338262,TERA,2026_02,2026-04-18 13:53
AVOD,285390,367652,253604577,TERA,2026_02,2026-04-18 13:53
VRGYO,246038,651630,597693904,TERA,2026_02,2026-04-18 13:53
KRDMD,244649,674584,780216365,TERA,2026_02,2026-04-18 13:53
ALKLC,242693,7435177,45382467,TERA,2026_02,2026-04-18 13:53
MHRGY,223717,968887,310499991,TERA,2026_02,2026-04-18 13:53
FROTO,222813,334929,625119847,TERA,2026_02,2026-04-18 13:53
IMASM,219023,992115,622850499,TERA,2026_02,2026-04-18 13:53
ULIFTV,210000,210000,2079060,TERA,2026_02,2026-04-18 13:53
ASTOR,206882,295733,366896261,TERA,2026_02,2026-04-18 13:53
KAYSE,203122,350619,818951998,TERA,2026_02,2026-04-18 13:53
EKOS,202167,595057,307199852,TERA,2026_02,2026-04-18 13:53
NETCD,198389,198389,40000000,TERA,2026_02,2026-04-18 13:53
BINHO,196228,2366738,488884380,TERA,2026_02,2026-04-18 13:53
KOCMT,192456,104963,587485478,TERA,2026_02,2026-04-18 13:53
OZYSR,189978,216436,40488000,TERA,2026_02,2026-04-18 13:53
KLSYN,172287,259679,107854952,TERA,2026_02,2026-04-18 13:53
TUREX,170833,317811,432000000,TERA,2026_02,2026-04-18 13:53
SLSHRV,170035,170035,4174820,TERA,2026_02,2026-04-18 13:53
PENGD,156155,435398,171069968,TERA,2026_02,2026-04-18 13:53
GCBFOV,154963,154963,1823378,TERA,2026_02,2026-04-18 13:53
QUAGR,151302,1226350,1773200000,TERA,2026_02,2026-04-18 13:53
ARZUM,150038,1147003,400949823,TERA,2026_02,2026-04-18 13:53
PATEK,149336,479863,293081892,TERA,2026_02,2026-04-18 13:53
EGSER,145889,485596,545751057,TERA,2026_02,2026-04-18 13:53
IHGZT,141368,1019982,570666228,TERA,2026_02,2026-04-18 13:53
PGSUS,135276,426190,295068870,TERA,2026_02,2026-04-18 13:53
EDATA,130083,850085,160065395,TERA,2026_02,2026-04-18 13:53
SISLLV,130053,130053,2303411,TERA,2026_02,2026-04-18 13:53
SOKM,129620,94677,448708248,TERA,2026_02,2026-04-18 13:53
ASELS,128837,204281,1178597817,TERA,2026_02,2026-04-18 13:53
BISKNV,128166,128166,1361562,TERA,2026_02,2026-04-18 13:53
BOBET,127665,133396,113999998,TERA,2026_02,2026-04-18 13:53
PAHOL,126770,5798581,3999999979,TERA,2026_02,2026-04-18 13:53
TUPRS,122977,463352,902334139,TERA,2026_02,2026-04-18 13:53
TRMET,122511,-22548,174483588,TERA,2026_02,2026-04-18 13:53
SELEC,118985,236,124262097,TERA,2026_02,2026-04-18 13:53
BRKO,117675,2583902,138220828,TERA,2026_02,2026-04-18 13:53
ALKA,116447,765893,330750000,TERA,2026_02,2026-04-18 13:53
MIATK,114502,697929,313087979,TERA,2026_02,2026-04-18 13:53
TNZTP,110608,121606,87499950,TERA,2026_02,2026-04-18 13:53
BEGYO,109444,750469,290000000,TERA,2026_02,2026-04-18 13:53
SYIBPV,107000,107000,3489951,TERA,2026_02,2026-04-18 13:53
ENJSA,96017,42052,236209270,TERA,2026_02,2026-04-18 13:53
SURGY,94966,136514,44999990,TERA,2026_02,2026-04-18 13:53
ISDMR,94802,43068,147623050,TERA,2026_02,2026-04-18 13:53
OYYAT,92214,141317,91048322,TERA,2026_02,2026-04-18 13:53
MZHLD,87919,419653,72215314,TERA,2026_02,2026-04-18 13:53
HUNER,86740,251776,670137934,TERA,2026_02,2026-04-18 13:53
AKSEN,86070,7640172,638545796,TERA,2026_02,2026-04-18 13:53
AKSGY,85001,30270,1628451947,TERA,2026_02,2026-04-18 13:53
DCTTR,84575,469249,157328724,TERA,2026_02,2026-04-18 13:53
ANHYT,78600,18113,88457041,TERA,2026_02,2026-04-18 13:53
EPLAS,74005,1127906,190491857,TERA,2026_02,2026-04-18 13:53
MACKO,72194,19896,41500000,TERA,2026_02,2026-04-18 13:53
TOASO,69877,-38029,120585076,TERA,2026_02,2026-04-18 13:53
JANTS,68689,115189,207512786,TERA,2026_02,2026-04-18 13:53
NTHOL,68320,74574,485479112,TERA,2026_02,2026-04-18 13:53
BULGS,64500,521124,72499900,TERA,2026_02,2026-04-18 13:53
BORSK,60617,99060,279999879,TERA,2026_02,2026-04-18 13:53
PRKME,58525,133082,53038641,TERA,2026_02,2026-04-18 13:53
BURCE,57005,10827,44422390,TERA,2026_02,2026-04-18 13:53
MEYSU,54987,336120,175000000,TERA,2026_02,2026-04-18 13:53
KIMMR,54569,689,75000000,TERA,2026_02,2026-04-18 13:53
GLCVY,54315,67873,26400000,TERA,2026_02,2026-04-18 13:53
KBORU,53942,96134,143999994,TERA,2026_02,2026-04-18 13:53
ESCOM,52272,268651,463831670,TERA,2026_02,2026-04-18 13:53
ECOGR,52081,459431,110000000,TERA,2026_02,2026-04-18 13:53
TKSMBV,50000,50000,2142503,TERA,2026_02,2026-04-18 13:53
IVIVPV,50000,50000,2834181,TERA,2026_02,2026-04-18 13:53
TDGYO,49908,92978,59898213,TERA,2026_02,2026-04-18 13:53
BESTE,45859,45859,54578499,TERA,2026_02,2026-04-18 13:53
ADGYO,45748,307530,379654333,TERA,2026_02,2026-04-18 13:53
TOSKLV,44015,44015,1343308,TERA,2026_02,2026-04-18 13:53
SARKY,43735,68090,999999671,TERA,2026_02,2026-04-18 13:53
INVEO,43635,134218,998999954,TERA,2026_02,2026-04-18 13:53
IHEVA,41671,479239,291631239,TERA,2026_02,2026-04-18 13:53
ATSGWV,40003,40003,1722226,TERA,2026_02,2026-04-18 13:53
PGSFQV,40002,40002,4582805,TERA,2026_02,2026-04-18 13:53
IVIVJV,40000,40000,6745287,TERA,2026_02,2026-04-18 13:53
MNDTR,39648,957618,910071938,TERA,2026_02,2026-04-18 13:53
ARTMS,39138,114616,24199999,TERA,2026_02,2026-04-18 13:53
PRDGS,37757,115855,110850000,TERA,2026_02,2026-04-18 13:53
YESIL,37667,82590,640699949,TERA,2026_02,2026-04-18 13:53
MPARK,36598,-5527,80869110,TERA,2026_02,2026-04-18 13:53
ALTNY,35494,60858,399885115,TERA,2026_02,2026-04-18 13:53
AKHAN,35145,35145,54700000,TERA,2026_02,2026-04-18 13:53
BIENY,34667,115531,83144831,TERA,2026_02,2026-04-18 13:53
OYLUM,34374,126260,80937367,TERA,2026_02,2026-04-18 13:53
OTKAR,33985,41380,33417145,TERA,2026_02,2026-04-18 13:53
ULAS,32989,39554,25200172,TERA,2026_02,2026-04-18 13:53
BIMAS,32867,58210,436214016,TERA,2026_02,2026-04-18 13:53
BRKVY,31702,97854,13618361,TERA,2026_02,2026-04-18 13:53
KHSEZV,30001,30001,2230151,TERA,2026_02,2026-04-18 13:53
EDSMBV,30000,30000,1057428,TERA,2026_02,2026-04-18 13:53
RYSAS,29800,302283,1504020937,TERA,2026_02,2026-04-18 13:53
AGESA,28659,-50750,35829553,TERA,2026_02,2026-04-18 13:53
DOGUB,27196,27245,19821566,TERA,2026_02,2026-04-18 13:53
GRNYO,26499,66446,37386059,TERA,2026_02,2026-04-18 13:53
SMRTG,25984,21041789,664164672,TERA,2026_02,2026-04-18 13:53
TRGYO,25872,-33473,251573369,TERA,2026_02,2026-04-18 13:53
DZGYO,24999,181050,399777846,TERA,2026_02,2026-04-18 13:53
KUTPO,22426,27003,10524430,TERA,2026_02,2026-04-18 13:53
AXSLTV,22000,22000,1962319,TERA,2026_02,2026-04-18 13:53
YATAS,21343,4658,94866488,TERA,2026_02,2026-04-18 13:53
PRZMA,20962,23540,61941150,TERA,2026_02,2026-04-18 13:53
EGPRO,19999,67231,175170570,TERA,2026_02,2026-04-18 13:53
ZGYO,19822,464698,84500000,TERA,2026_02,2026-04-18 13:53
EDIP,19688,26988,36468204,TERA,2026_02,2026-04-18 13:53
DERIM,19600,20717,40403770,TERA,2026_02,2026-04-18 13:53
ALKIM,18788,126532,182767821,TERA,2026_02,2026-04-18 13:53
NETAS,18751,21484,31783484,TERA,2026_02,2026-04-18 13:53
POLHO,18731,76634,164140074,TERA,2026_02,2026-04-18 13:53
BRLSM,18211,86456,108025075,TERA,2026_02,2026-04-18 13:53
MEPET,18036,25001,73940585,TERA,2026_02,2026-04-18 13:53
DOAS,17638,54956,97899975,TERA,2026_02,2026-04-18 13:53
IHAAS,16394,57131,56031248,TERA,2026_02,2026-04-18 13:53
YAPRK,15912,16846,4214998,TERA,2026_02,2026-04-18 13:53
GMSTRF,15766,5657,73800000,TERA,2026_02,2026-04-18 13:53
HURGZ,15250,255790,220784167,TERA,2026_02,2026-04-18 13:53
SAMAT,14934,103906,103183797,TERA,2026_02,2026-04-18 13:53
TMPOL,14805,47848,11039990,TERA,2026_02,2026-04-18 13:53
GZNMI,14803,22208,40949825,TERA,2026_02,2026-04-18 13:53
OYAKC,14672,160628,4656879379,TERA,2026_02,2026-04-18 13:53
ADEL,14657,1735336,112043619,TERA,2026_02,2026-04-18 13:53
ERCB,13791,72390,39113273,TERA,2026_02,2026-04-18 13:53
BIGCH,13737,118793,368932945,TERA,2026_02,2026-04-18 13:53
OTTO,13158,23460,5824438,TERA,2026_02,2026-04-18 13:53
GLBMD,12092,83563,28880500,TERA,2026_02,2026-04-18 13:53
EMPAE,11892,11892,38000000,TERA,2026_02,2026-04-18 13:53
RALYH,11778,11132834,176370972,TERA,2026_02,2026-04-18 13:53
KRTEK,11732,12146,18914650,TERA,2026_02,2026-04-18 13:53
OSMEN,11039,93237,157750927,TERA,2026_02,2026-04-18 13:53
KUVVA,11000,31021,24204585,TERA,2026_02,2026-04-18 13:53
PETUN,11000,49332,134673118,TERA,2026_02,2026-04-18 13:53
ALFAS,10015,34473,84639559,TERA,2026_02,2026-04-18 13:53
IVIVIV,10000,10000,5185579,TERA,2026_02,2026-04-18 13:53
MAGEN,10000,372178,719512140,TERA,2026_02,2026-04-18 13:53
DMSAS,9199,356105,199994510,TERA,2026_02,2026-04-18 13:53
BRKSN,9150,20067,62639942,TERA,2026_02,2026-04-18 13:53
AHSGY,9075,22704,184999889,TERA,2026_02,2026-04-18 13:53
UNLU,8506,104220,102181558,TERA,2026_02,2026-04-18 13:53
SMART,8363,16961,29737499,TERA,2026_02,2026-04-18 13:53
MOGAN,8248,132847,262635000,TERA,2026_02,2026-04-18 13:53
ECZYT,7520,7668,45880511,TERA,2026_02,2026-04-18 13:53
SNPAM,7500,90001,19679871,TERA,2026_02,2026-04-18 13:53
ONRYT,7053,3223,19730000,TERA,2026_02,2026-04-18 13:53
DOFER,6569,48464,20172500,TERA,2026_02,2026-04-18 13:53
AVHOL,6561,10302,26047279,TERA,2026_02,2026-04-18 13:53
TCKRC,5840,362262,70000000,TERA,2026_02,2026-04-18 13:53
KTLEV,5732,45014492,1288500000,TERA,2026_02,2026-04-18 13:53
HKTM,5650,21576,72747495,TERA,2026_02,2026-04-18 13:53
ARENA,5445,27935,66996461,TERA,2026_02,2026-04-18 13:53
DGNMO,4979,45021,327634635,TERA,2026_02,2026-04-18 13:53
BESLR,4909,103711,658098036,TERA,2026_02,2026-04-18 13:53
SANEL,4739,53730,18112451,TERA,2026_02,2026-04-18 13:53
KLSER,4609,29101,109457566,TERA,2026_02,2026-04-18 13:53
DMISH,4428,7128,41526838,TERA,2026_02,2026-04-18 13:53
DUNYH,4380,6232,36443197,TERA,2026_02,2026-04-18 13:53
PNLSN,3991,4420,34752383,TERA,2026_02,2026-04-18 13:53
PAMEL,3971,6263,21533681,TERA,2026_02,2026-04-18 13:53
OZKGY,3951,8777193,363999945,TERA,2026_02,2026-04-18 13:53
KRDMB,3600,3607,118762110,TERA,2026_02,2026-04-18 13:53
SUNTK,3295,20317,145280000,TERA,2026_02,2026-04-18 13:53
LOGO,3240,4950,74328248,TERA,2026_02,2026-04-18 13:53
AYES,3154,242904,87567109,TERA,2026_02,2026-04-18 13:53
HTTBT,2709,48488,82805422,TERA,2026_02,2026-04-18 13:53
FORTE,2693,10126,21999999,TERA,2026_02,2026-04-18 13:53
KLNMA,2670,2985,91846864,TERA,2026_02,2026-04-18 13:53
LYDHO,2371,13677,197140970,TERA,2026_02,2026-04-18 13:53
EMNIS,2330,12880,3429235,TERA,2026_02,2026-04-18 13:53
COSMO,2311,2689,6494091,TERA,2026_02,2026-04-18 13:53
KARSN,2154,444161,827827039,TERA,2026_02,2026-04-18 13:53
PARSN,2110,55863,34033246,TERA,2026_02,2026-04-18 13:53
CUSAN,1996,2405,18500000,TERA,2026_02,2026-04-18 13:53
CEMZY,1993,77463,124119970,TERA,2026_02,2026-04-18 13:53
DNISI,1887,13322,59171727,TERA,2026_02,2026-04-18 13:53
TTRAK,1846,10698,24967158,TERA,2026_02,2026-04-18 13:53
ICBCT,1700,34838,216761845,TERA,2026_02,2026-04-18 13:53
BYDNR,1669,35350,22999984,TERA,2026_02,2026-04-18 13:53
YIGIT,1641,89143,74999975,TERA,2026_02,2026-04-18 13:53
AYGAZ,1567,2115,98568807,TERA,2026_02,2026-04-18 13:53
ISGSY,1549,36076,47378729,TERA,2026_02,2026-04-18 13:53
GARFA,1540,2055,138399778,TERA,2026_02,2026-04-18 13:53
OZSUB,1300,5530,42499126,TERA,2026_02,2026-04-18 13:53
PSDTC,1254,1254,6599991,TERA,2026_02,2026-04-18 13:53
ALCAR,1197,2193,1721735,TERA,2026_02,2026-04-18 13:53
PENTA,1170,408712,181070136,TERA,2026_02,2026-04-18 13:53
LINK,1157,10062,18231985,TERA,2026_02,2026-04-18 13:53
TBORG,1070,2390,59392160,TERA,2026_02,2026-04-18 13:53
EUKYO,1000,3943,19899963,TERA,2026_02,2026-04-18 13:53
KFEIN,895,91486,150306170,TERA,2026_02,2026-04-18 13:53
ZGOLDF,808,7175,152040000,TERA,2026_02,2026-04-18 13:53
VAKKO,750,793,30788486,TERA,2026_02,2026-04-18 13:53
MARKA,731,30811,20752018,TERA,2026_02,2026-04-18 13:53
AYDEM,698,1820,130000000,TERA,2026_02,2026-04-18 13:53
GOLTS,613,14548,12422783,TERA,2026_02,2026-04-18 13:53
INTEM,604,798,9428747,TERA,2026_02,2026-04-18 13:53
HRKET,575,13662,24000000,TERA,2026_02,2026-04-18 13:53
MERIT,519,9302,329748900,TERA,2026_02,2026-04-18 13:53
BEYAZ,507,6168,42317352,TERA,2026_02,2026-04-18 13:53
AFYON,505,43336,399992258,TERA,2026_02,2026-04-18 13:53
ZRGYO,402,10402,1173404997,TERA,2026_02,2026-04-18 13:53
TRCAS,400,457,206252778,TERA,2026_02,2026-04-18 13:53
TARKM,353,1045,4999997,TERA,2026_02,2026-04-18 13:53
EKSUN,346,139675,171792833,TERA,2026_02,2026-04-18 13:53
MAKTK,339,3160,184370066,TERA,2026_02,2026-04-18 13:53
EGGUB,324,32670,75862197,TERA,2026_02,2026-04-18 13:53
ZPBDLF,300,3708,8240000,TERA,2026_02,2026-04-18 13:53
ODINE,283,90683,52810834,TERA,2026_02,2026-04-18 13:53
MAALT,275,845,4763850,TERA,2026_02,2026-04-18 13:53
EFOR,248,6901225,670679994,TERA,2026_02,2026-04-18 13:53
TRILC,224,37121,118499496,TERA,2026_02,2026-04-18 13:53
DESPC,210,1086,16023700,TERA,2026_02,2026-04-18 13:53
SODSN,200,2600,45429261,TERA,2026_02,2026-04-18 13:53
TGSAS,192,718177,12348294,TERA,2026_02,2026-04-18 13:53
IZINV,185,2735230,13540386,TERA,2026_02,2026-04-18 13:53
VSNMD,175,14534,24000000,TERA,2026_02,2026-04-18 13:53
AKMGY,165,17850,21568998,TERA,2026_02,2026-04-18 13:53
NIBAS,159,189,267767946,TERA,2026_02,2026-04-18 13:53
ORMA,150,201,3663265,TERA,2026_02,2026-04-18 13:53
UFUK,142,3002,46845974,TERA,2026_02,2026-04-18 13:53
YGGYO,130,130,240625741,TERA,2026_02,2026-04-18 13:53
GLDTRF,95,1866,45850000,TERA,2026_02,2026-04-18 13:53
SAYAS,72,459,42530887,TERA,2026_02,2026-04-18 13:53
BURVA,49,62,4723271,TERA,2026_02,2026-04-18 13:53
INVES,42,151107,37480000,TERA,2026_02,2026-04-18 13:53
KSTUR,41,62,3952560,TERA,2026_02,2026-04-18 13:53
INGRM,30,149,14969536,TERA,2026_02,2026-04-18 13:53
QNBFK,29,935,843137646,TERA,2026_02,2026-04-18 13:53
FMIZP,17,878,3497641,TERA,2026_02,2026-04-18 13:53
KONYA,10,59,1646416,TERA,2026_02,2026-04-18 13:53
POLTK,10,33,1125000,TERA,2026_02,2026-04-18 13:53
BASGZ,4,135859,174999999,TERA,2026_02,2026-04-18 13:53
TLMAN,1,363,10300000,TERA,2026_02,2026-04-18 13:53
CMBTN,1,268,1023000,TERA,2026_02,2026-04-18 13:53
GOODY,0,12,132804473,TERA,2026_02,2026-04-18 13:53
ENSRI,0,15,236333503,TERA,2026_02,2026-04-18 13:53
KRATL,0,5047,17800000,TERA,2026_02,2026-04-18 13:53
AKSEL,0,17000,7100000,TERA,2026_02,2026-04-18 13:53
TRNSK,0,1,25616249,TERA,2026_02,2026-04-18 13:53
AGYO,0,21,129036460,TERA,2026_02,2026-04-18 13:53
BRMEN,0,243,57566555,TERA,2026_02,2026-04-18 13:53
ARTOG,0,3023511,18578922,TERA,2026_02,2026-04-18 13:53
TUMTK,0,5,76370187,TERA,2026_02,2026-04-18 13:53
ALCTL,0,1160,13543218,TERA,2026_02,2026-04-18 13:53
ANELT,0,1,43199817,TERA,2026_02,2026-04-18 13:53
ERICO,0,1000,5214523,TERA,2026_02,2026-04-18 13:53
AKPAZ,0,100,22488832,TERA,2026_02,2026-04-18 13:53
UKIM,0,5,2053621,TERA,2026_02,2026-04-18 13:53
ESEMS,0,1,11202091,TERA,2026_02,2026-04-18 13:53
DOKTA,0,62186,145872862,TERA,2026_02,2026-04-18 13:53
UNTAR,0,16434,29562129,TERA,2026_02,2026-04-18 13:53
LATEK,0,2,39499512,TERA,2026_02,2026-04-18 13:53
UZEL,0,3945,26329793,TERA,2026_02,2026-04-18 13:53
BYSAN,0,10,16552134,TERA,2026_02,2026-04-18 13:53
LIOYS,0,1810,31625013,TERA,2026_02,2026-04-18 13:53
ASYAB,0,104479,477899601,TERA,2026_02,2026-04-18 13:53
LUKSK,0,772,27257202,TERA,2026_02,2026-04-18 13:53
FENIS,0,63313,26080019,TERA,2026_02,2026-04-18 13:53
YBTAS,0,35439,31595793,TERA,2026_02,2026-04-18 13:53
INTEK,0,32,5043584,TERA,2026_02,2026-04-18 13:53
YGYO,0,9313952,1310632851,TERA,2026_02,2026-04-18 13:53
PRTAS,0,22205,21405233,TERA,2026_02,2026-04-18 13:53
CATES,0,31910,33050000,TERA,2026_02,2026-04-18 13:53
CBSBO,0,4602,14692447,TERA,2026_02,2026-04-18 13:53
MAKIM,0,1945,42559998,TERA,2026_02,2026-04-18 13:53
ATAC,0,265951,103398067,TERA,2026_02,2026-04-18 13:53
RANLO,0,10302,19850386,TERA,2026_02,2026-04-18 13:53
MANGO,0,10002,37831688,TERA,2026_02,2026-04-18 13:53
SALIX,0,1000,4949230,TERA,2026_02,2026-04-18 13:53
FVORI,0,0,17564673,TERA,2026_02,2026-04-18 13:53
MEMSA,0,26001,160110709,TERA,2026_02,2026-04-18 13:53
MENBA,0,58564,3496852,TERA,2026_02,2026-04-18 13:53
CLKHO,0,104177,26183651,TERA,2026_02,2026-04-18 13:53
GEDIZ,0,16822,7163595,TERA,2026_02,2026-04-18 13:53
ATPET,0,2002,11403497,TERA,2026_02,2026-04-18 13:53
GENYH,0,872184,9999906,TERA,2026_02,2026-04-18 13:53
EGCEY,0,4904,19749798,TERA,2026_02,2026-04-18 13:53
EGCYH,0,8075,39900235,TERA,2026_02,2026-04-18 13:53
EGCYO,0,2541,21986285,TERA,2026_02,2026-04-18 13:53
ATSYH,0,32604,7998869,TERA,2026_02,2026-04-18 13:53
SONME,0,2110,4349319,TERA,2026_02,2026-04-18 13:53
SUMAS,0,449,5434738,TERA,2026_02,2026-04-18 13:53
MRTGG,0,52001,14339249,TERA,2026_02,2026-04-18 13:53
MTRKS,0,2359,43633165,TERA,2026_02,2026-04-18 13:53
TARAF,0,100,5033275,TERA,2026_02,2026-04-18 13:53
MTRYO,0,41,39900000,TERA,2026_02,2026-04-18 13:53
KERVN,0,10101,588346973,TERA,2026_02,2026-04-18 13:53
GNPWR,0,561725,21999996,TERA,2026_02,2026-04-18 13:53
GOLDS,0,84803,192323946,TERA,2026_02,2026-04-18 13:53
BMEKS,0,62287,114192339,TERA,2026_02,2026-04-18 13:53
AVGYO,0,147516,111590302,TERA,2026_02,2026-04-18 13:53
OBASE,0,1178,14924000,TERA,2026_02,2026-04-18 13:53
EGYO,0,116906,36676214,TERA,2026_02,2026-04-18 13:53
ARASE,0,375,49999991,TERA,2026_02,2026-04-18 13:53
ARAT,0,104200,39867975,TERA,2026_02,2026-04-18 13:53
DESA,0,10,171107590,TERA,2026_02,2026-04-18 13:53
KMPUR,0,87459,132432524,TERA,2026_02,2026-04-18 13:53
HITIT,0,1,4488204,TERA,2026_02,2026-04-18 13:53
VERUS,0,0,34499937,TERA,2026_02,2026-04-18 13:53
ARBUL,0,3402,15459297,TERA,2026_02,2026-04-18 13:53
KPHOL,0,1,4207498,TERA,2026_02,2026-04-18 13:53
LYDYE,-1,138,1391287,TERA,2026_02,2026-04-18 13:53
CASA,-1,102,4894317,TERA,2026_02,2026-04-18 13:53
ANGEN,-4,131116,86440002,TERA,2026_02,2026-04-18 13:53
TABGD,-13,18654,52499906,TERA,2026_02,2026-04-18 13:53
KAPLM,-15,548381,4563571,TERA,2026_02,2026-04-18 13:53
DIRIT,-28,1093,10150123,TERA,2026_02,2026-04-18 13:53
BLCYT,-63,2189,49088907,TERA,2026_02,2026-04-18 13:53
AYCES,-72,295,1895369,TERA,2026_02,2026-04-18 13:53
ONCSM,-112,2294,10086000,TERA,2026_02,2026-04-18 13:53
EGEEN,-128,399,1137161,TERA,2026_02,2026-04-18 13:53
AVTUR,-149,174,43067999,TERA,2026_02,2026-04-18 13:53
MMCAS,-150,2,12393964,TERA,2026_02,2026-04-18 13:53
BFREN,-161,6417,24586148,TERA,2026_02,2026-04-18 13:53
KENT,-183,485,1786507,TERA,2026_02,2026-04-18 13:53
BASCM,-190,13160,49238593,TERA,2026_02,2026-04-18 13:53
NUHCM,-260,4338,33163299,TERA,2026_02,2026-04-18 13:53
BANVT,-283,994,36961044,TERA,2026_02,2026-04-18 13:53
KARTN,-344,10890,72781126,TERA,2026_02,2026-04-18 13:53
CMENT,-406,2912,56829666,TERA,2026_02,2026-04-18 13:53
BVSAN,-431,50175,13749998,TERA,2026_02,2026-04-18 13:53
CLEBI,-438,2787,5490178,TERA,2026_02,2026-04-18 13:53
ARMGD,-505,904,54996000,TERA,2026_02,2026-04-18 13:53
ULUSE,-542,13533,24000000,TERA,2026_02,2026-04-18 13:53
DURDO,-599,30,379703149,TERA,2026_02,2026-04-18 13:53
SKYLP,-600,16793,7159255,TERA,2026_02,2026-04-18 13:53
BIGTK,-605,9669,23834373,TERA,2026_02,2026-04-18 13:53
ATAKP,-916,2187,28224000,TERA,2026_02,2026-04-18 13:53
MRSHL,-946,488,4212888,TERA,2026_02,2026-04-18 13:53
GMTAS,-952,119070,298687813,TERA,2026_02,2026-04-18 13:53
KRPLS,-999,110374,78486163,TERA,2026_02,2026-04-18 13:53
ARTI,-1000,7075,9881683,TERA,2026_02,2026-04-18 13:53
DMLKTG,-1092,69896,2517503921,TERA,2026_02,2026-04-18 13:53
MARBL,-1128,13721,65226403,TERA,2026_02,2026-04-18 13:53
ISFIN,-1200,27355,310154523,TERA,2026_02,2026-04-18 13:53
PKENT,-1266,1542,23766169,TERA,2026_02,2026-04-18 13:53
ISBIR,-1278,95149,14520542,TERA,2026_02,2026-04-18 13:53
SUWEN,-1330,6956,365687500,TERA,2026_02,2026-04-18 13:53
DOFRB,-1389,22716,45000000,TERA,2026_02,2026-04-18 13:53
BRISA,-1500,1000,31247472,TERA,2026_02,2026-04-18 13:53
DEVA,-1500,4624,199971824,TERA,2026_02,2026-04-18 13:53
BALAT,-1500,37169,13585960,TERA,2026_02,2026-04-18 13:53
DGATE,-1501,2811,15227271,TERA,2026_02,2026-04-18 13:53
DGGYO,-1501,28820,280709437,TERA,2026_02,2026-04-18 13:53
SDTTR,-1529,587,15990000,TERA,2026_02,2026-04-18 13:53
SMRVA,-1631,5456,28000000,TERA,2026_02,2026-04-18 13:53
ARDYZ,-1760,43681,279551557,TERA,2026_02,2026-04-18 13:53
BMSCH,-1863,131893,69277402,TERA,2026_02,2026-04-18 13:53
ENPRA,-2000,28144,15294299,TERA,2026_02,2026-04-18 13:53
QNBTR,-2129,7558,2571745911,TERA,2026_02,2026-04-18 13:53
RAYSG,-2366,159,51947024,TERA,2026_02,2026-04-18 13:53
BINBN,-2714,1568,17000000,TERA,2026_02,2026-04-18 13:53
ERBOS,-2734,22463,15899843,TERA,2026_02,2026-04-18 13:53
DURKN,-3036,34888,42500000,TERA,2026_02,2026-04-18 13:53
VERTU,-3058,8510,22000000,TERA,2026_02,2026-04-18 13:53
BIOEN,-3169,69608,197983418,TERA,2026_02,2026-04-18 13:53
KORDS,-3201,48798,65421451,TERA,2026_02,2026-04-18 13:53
EMKEL,-3806,100354,149999456,TERA,2026_02,2026-04-18 13:53
ERSU,-3900,19901,31755894,TERA,2026_02,2026-04-18 13:53
KRGYO,-4072,270,275246747,TERA,2026_02,2026-04-18 13:53
PAGYO,-4203,25,57781202,TERA,2026_02,2026-04-18 13:53
AVPGY,-4220,5172,99999990,TERA,2026_02,2026-04-18 13:53
SEGYO,-4281,235966,203351321,TERA,2026_02,2026-04-18 13:53
GRTHO,-4330,975605,36745000,TERA,2026_02,2026-04-18 13:53
TEZOL,-4379,3977,139999972,TERA,2026_02,2026-04-18 13:53
ENERY,-4411,121429,2420687469,TERA,2026_02,2026-04-18 13:53
KTSKR,-4744,7834,14691795,TERA,2026_02,2026-04-18 13:53
KRONT,-4750,10,116892885,TERA,2026_02,2026-04-18 13:53
SLSHMV,-4978,55032,2334535,TERA,2026_02,2026-04-18 13:53
YEOTK,-5237,43488,160933198,TERA,2026_02,2026-04-18 13:53
CEMTS,-5500,341228,233425986,TERA,2026_02,2026-04-18 13:53
PLTUR,-5700,39939,49500000,TERA,2026_02,2026-04-18 13:53
PINSU,-5762,51988,101635846,TERA,2026_02,2026-04-18 13:53
KLRHO,-6050,753385,341250000,TERA,2026_02,2026-04-18 13:53
BRSAN,-6081,-474,35912460,TERA,2026_02,2026-04-18 13:53
SEGMN,-6092,4178,80999980,TERA,2026_02,2026-04-18 13:53
PRKAB,-6713,41857,35225443,TERA,2026_02,2026-04-18 13:53
ASUZU,-6901,5739,41130807,TERA,2026_02,2026-04-18 13:53
TATEN,-7005,1459452,347799724,TERA,2026_02,2026-04-18 13:53
TURGG,-7572,284465,32042988,TERA,2026_02,2026-04-18 13:53
ACSEL,-7895,1738,8589113,TERA,2026_02,2026-04-18 13:53
ISYAT,-8249,4008,152245569,TERA,2026_02,2026-04-18 13:53
DAGI,-8297,18128,175301274,TERA,2026_02,2026-04-18 13:53
BAHKM,-8301,785,23289000,TERA,2026_02,2026-04-18 13:53
VESTL,-8635,22449,295447203,TERA,2026_02,2026-04-18 13:53
CRFSA,-8636,11399,18312793,TERA,2026_02,2026-04-18 13:53
HATSN,-8781,13256,44299964,TERA,2026_02,2026-04-18 13:53
BAKAB,-9058,1055,34985326,TERA,2026_02,2026-04-18 13:53
GLRMK,-9318,19469,38760000,TERA,2026_02,2026-04-18 13:53
GEDZA,-9552,413883,42983624,TERA,2026_02,2026-04-18 13:53
AKSUE,-9647,1914,56376184,TERA,2026_02,2026-04-18 13:53
GESAN,-9917,28802,141759180,TERA,2026_02,2026-04-18 13:53
TMSN,-9973,26787,44449988,TERA,2026_02,2026-04-18 13:53
SANKO,-10039,1009,37499197,TERA,2026_02,2026-04-18 13:53
BIZIM,-10200,30404,27601626,TERA,2026_02,2026-04-18 13:53
RUBNS,-10276,6927,42377765,TERA,2026_02,2026-04-18 13:53
SOKE,-10513,51705,126999996,TERA,2026_02,2026-04-18 13:53
MAVI,-10571,37978,576779312,TERA,2026_02,2026-04-18 13:53
ANELE,-10615,49404,151405542,TERA,2026_02,2026-04-18 13:53
BOSSA,-10649,258112,508724189,TERA,2026_02,2026-04-18 13:53
LIDFA,-10666,22940,458180545,TERA,2026_02,2026-04-18 13:53
MSGYO,-10780,12635,169650150,TERA,2026_02,2026-04-18 13:53
BRYAT,-11090,60053,10264685,TERA,2026_02,2026-04-18 13:53
VKFYO,-11261,9944,26473700,TERA,2026_02,2026-04-18 13:53
CEOEM,-11469,79279,22209658,TERA,2026_02,2026-04-18 13:53
DAPGM,-12152,2515213,928276145,TERA,2026_02,2026-04-18 13:53
RYGYO,-12299,266239,770588057,TERA,2026_02,2026-04-18 13:53
KONKA,-13095,47145,89670000,TERA,2026_02,2026-04-18 13:53
ATATP,-13365,3727,18809999,TERA,2026_02,2026-04-18 13:53
FONET,-13764,144896,577082984,TERA,2026_02,2026-04-18 13:53
ELITE,-14214,26322,44650000,TERA,2026_02,2026-04-18 13:53
BALSU,-14222,167822,278000000,TERA,2026_02,2026-04-18 13:53
FADE,-15002,33509,42347497,TERA,2026_02,2026-04-18 13:53
OZATD,-15007,181417,13349988,TERA,2026_02,2026-04-18 13:53
OYAYO,-15900,20786,19999941,TERA,2026_02,2026-04-18 13:53
BLUME,-16796,113516,174710134,TERA,2026_02,2026-04-18 13:53
TSGYO,-16800,486,266499982,TERA,2026_02,2026-04-18 13:53
AYEN,-17000,25817,55531320,TERA,2026_02,2026-04-18 13:53
HLGYO,-17247,954536,1075198517,TERA,2026_02,2026-04-18 13:53
MOBTL,-17496,3742,207999999,TERA,2026_02,2026-04-18 13:53
GOZDE,-17615,2374001,384991447,TERA,2026_02,2026-04-18 13:53
ZEDUR,-17950,60628,69899992,TERA,2026_02,2026-04-18 13:53
MEDTR,-19187,43975,24499999,TERA,2026_02,2026-04-18 13:53
AHGAZ,-19835,250883,659370871,TERA,2026_02,2026-04-18 13:53
ULUUN,-19885,75402,290523352,TERA,2026_02,2026-04-18 13:53
SKYMD,-20170,529,52499981,TERA,2026_02,2026-04-18 13:53
PKART,-20248,2928,11048497,TERA,2026_02,2026-04-18 13:53
KLMSN,-20900,20209,30881297,TERA,2026_02,2026-04-18 13:53
BORLS,-21011,345045,308652686,TERA,2026_02,2026-04-18 13:53
MARTI,-21682,39452,650112403,TERA,2026_02,2026-04-18 13:53
YONGA,-21914,7674,7198435,TERA,2026_02,2026-04-18 13:53
AKENR,-22143,21597,385189146,TERA,2026_02,2026-04-18 13:53
ARCLK,-22302,14050,170054748,TERA,2026_02,2026-04-18 13:53
FZLGY,-23432,170549,398427644,TERA,2026_02,2026-04-18 13:53
UMPAS,-23700,40119,19421124,TERA,2026_02,2026-04-18 13:53
SNICA,-23888,381727,321688855,TERA,2026_02,2026-04-18 13:53
EYGYO,-23979,2393071,362859667,TERA,2026_02,2026-04-18 13:53
IZMDC,-24530,270813,723225318,TERA,2026_02,2026-04-18 13:53
NUGYO,-24543,155752,324943976,TERA,2026_02,2026-04-18 13:53
ORGE,-25001,25917,41839996,TERA,2026_02,2026-04-18 13:53
YAYLA,-25358,2000,39874966,TERA,2026_02,2026-04-18 13:53
RODRG,-25510,114770,16822352,TERA,2026_02,2026-04-18 13:53
ATLAS,-25663,1109,59999865,TERA,2026_02,2026-04-18 13:53
FRIGO,-28326,589458,263258455,TERA,2026_02,2026-04-18 13:53
VKING,-29068,15073,30932905,TERA,2026_02,2026-04-18 13:53
GRSEL,-29212,601049,29650000,TERA,2026_02,2026-04-18 13:53
CRDFA,-29414,209263,74996857,TERA,2026_02,2026-04-18 13:53
BMSTL,-30560,25743,74772261,TERA,2026_02,2026-04-18 13:53
MOPAS,-30756,-4791,57330000,TERA,2026_02,2026-04-18 13:53
IDGYO,-30907,12766,119234999,TERA,2026_02,2026-04-18 13:53
ARFYE,-34129,289454,47000000,TERA,2026_02,2026-04-18 13:53
VANGD,-35515,2245611,24374995,TERA,2026_02,2026-04-18 13:53
NTGAZ,-36628,-5381,276000000,TERA,2026_02,2026-04-18 13:53
KRVGD,-37034,-50078,596159766,TERA,2026_02,2026-04-18 13:53
HATEK,-37605,427807,62998947,TERA,2026_02,2026-04-18 13:53
AKFYE,-37801,147819,551782160,TERA,2026_02,2026-04-18 13:53
ZERGY,-37955,24330,156799985,TERA,2026_02,2026-04-18 13:53
LRSHO,-39899,1273303,724120946,TERA,2026_02,2026-04-18 13:53
OFSYM,-40489,982,22749998,TERA,2026_02,2026-04-18 13:53
GOKNR,-40684,144049,178040711,TERA,2026_02,2026-04-18 13:53
MEGAP,-41707,639421,234498757,TERA,2026_02,2026-04-18 13:53
MGROS,-41722,-20796,96563550,TERA,2026_02,2026-04-18 13:53
ANSGR,-41905,-10585,1564416026,TERA,2026_02,2026-04-18 13:53
HUBVC,-43471,831615,277189572,TERA,2026_02,2026-04-18 13:53
EUPWR,-43838,69100,199610525,TERA,2026_02,2026-04-18 13:53
ICUGS,-43930,123589,336250000,TERA,2026_02,2026-04-18 13:53
BAGFS,-44705,41208,100042745,TERA,2026_02,2026-04-18 13:53
TEKTU,-46999,792293,195639311,TERA,2026_02,2026-04-18 13:53
VESBE,-47500,53121,503578676,TERA,2026_02,2026-04-18 13:53
BUCIM,-47945,574202,1292638065,TERA,2026_02,2026-04-18 13:53
DENGE,-48413,983866,525284797,TERA,2026_02,2026-04-18 13:53
CVKMD,-48470,26469807,461999787,TERA,2026_02,2026-04-18 13:53
AGHOL,-48721,29694,1068828243,TERA,2026_02,2026-04-18 13:53
OZRDN,-49773,38087,57107579,TERA,2026_02,2026-04-18 13:53
CELHA,-50039,14192,146124228,TERA,2026_02,2026-04-18 13:53
ENDAE,-50397,10992,123506828,TERA,2026_02,2026-04-18 13:53
EUYO,-50702,73049,19932875,TERA,2026_02,2026-04-18 13:53
MNDRS,-51686,275673,222007982,TERA,2026_02,2026-04-18 13:53
KONTR,-52231,4967093,936038762,TERA,2026_02,2026-04-18 13:53
SISE,-53299,1348844,1814905642,TERA,2026_02,2026-04-18 13:53
GWIND,-55278,725918,179165491,TERA,2026_02,2026-04-18 13:53
NATEN,-57043,104160,309375000,TERA,2026_02,2026-04-18 13:53
ECILC,-58973,14351,210589603,TERA,2026_02,2026-04-18 13:53
VAKFA,-59315,66508,224999701,TERA,2026_02,2026-04-18 13:53
MEGMT,-60310,28374,72749986,TERA,2026_02,2026-04-18 13:53
GSDDE,-60470,2713,106850751,TERA,2026_02,2026-04-18 13:53
HDFGS,-60706,567624,956974191,TERA,2026_02,2026-04-18 13:53
AKCNS,-61015,43378,39359284,TERA,2026_02,2026-04-18 13:53
BIGEN,-61580,132736,115500000,TERA,2026_02,2026-04-18 13:53
VKGYO,-62333,400346,1637203242,TERA,2026_02,2026-04-18 13:53
GIPTA,-64251,414828,51617863,TERA,2026_02,2026-04-18 13:53
EBEBK,-64386,-64133,40534692,TERA,2026_02,2026-04-18 13:53
PCILT,-65000,46661,45014182,TERA,2026_02,2026-04-18 13:53
SRVGY,-69013,318970,812499687,TERA,2026_02,2026-04-18 13:53
ASGYO,-71438,54549,165000000,TERA,2026_02,2026-04-18 13:53
SERNT,-73467,93926,113000000,TERA,2026_02,2026-04-18 13:53
INDES,-75041,244538,462749767,TERA,2026_02,2026-04-18 13:53
ENTRA,-76421,431882,369383564,TERA,2026_02,2026-04-18 13:53
VBTYZ,-77381,33183,56160000,TERA,2026_02,2026-04-18 13:53
KAREL,-80801,-20205,329659497,TERA,2026_02,2026-04-18 13:53
BAYRK,-90712,55734,189751123,TERA,2026_02,2026-04-18 13:53
GUNDG,-92829,-37708,18968972,TERA,2026_02,2026-04-18 13:53
TKNSA,-92999,-92544,100485379,TERA,2026_02,2026-04-18 13:53
IHLAS,-96062,782370,1396079076,TERA,2026_02,2026-04-18 13:53
TRHOL,-98586,719886,17635692,TERA,2026_02,2026-04-18 13:53
UCAYM,-100220,177139,60000000,TERA,2026_02,2026-04-18 13:53
ULUFA,-103000,644141,305269391,TERA,2026_02,2026-04-18 13:53
DYOBY,-105527,4991,186553687,TERA,2026_02,2026-04-18 13:53
VAKFN,-105613,243434,2064378140,TERA,2026_02,2026-04-18 13:53
EGEGY,-107267,15506,69140000,TERA,2026_02,2026-04-18 13:53
SEKUR,-107960,54,131457835,TERA,2026_02,2026-04-18 13:53
ALBRK,-108675,390029,1050739765,TERA,2026_02,2026-04-18 13:53
ATAGY,-112984,2797,45670114,TERA,2026_02,2026-04-18 13:53
ISGYO,-113240,-31937,531312439,TERA,2026_02,2026-04-18 13:53
AGROT,-114302,1448519,843999770,TERA,2026_02,2026-04-18 13:53
PAPIL,-116339,579045,206247674,TERA,2026_02,2026-04-18 13:53
AKSA,-117601,177669,1503650642,TERA,2026_02,2026-04-18 13:53
IZFAS,-118542,1180766,156001658,TERA,2026_02,2026-04-18 13:53
DARDL,-118740,90943,1753442695,TERA,2026_02,2026-04-18 13:53
CGCAM,-118905,50883,42000000,TERA,2026_02,2026-04-18 13:53
ORCAY,-119972,68367,150197341,TERA,2026_02,2026-04-18 13:53
ETILR,-124086,46524,156217454,TERA,2026_02,2026-04-18 13:53
HOROZ,-124913,30724,24599986,TERA,2026_02,2026-04-18 13:53
DITAS,-127327,104880,83407812,TERA,2026_02,2026-04-18 13:53
GLRYH,-127331,11687,599623814,TERA,2026_02,2026-04-18 13:53
BERA,-128509,49142,491964370,TERA,2026_02,2026-04-18 13:53
LKMNH,-128779,4910,163262533,TERA,2026_02,2026-04-18 13:53
METRO,-136988,15254,539989959,TERA,2026_02,2026-04-18 13:53
MERKO,-137762,74198,101104700,TERA,2026_02,2026-04-18 13:53
YKSLN,-138475,31525,197429570,TERA,2026_02,2026-04-18 13:53
LMKDC,-142071,-137605,155929999,TERA,2026_02,2026-04-18 13:53
FLAP,-143058,16778,93599985,TERA,2026_02,2026-04-18 13:53
TCELL,-145298,67921,1622604373,TERA,2026_02,2026-04-18 13:53
KZGYO,-147964,10183,49999978,TERA,2026_02,2026-04-18 13:53
FRMPL,-150182,13891,39997767,TERA,2026_02,2026-04-18 13:53
SILVR,-152986,164808,212818206,TERA,2026_02,2026-04-18 13:53
BNTAS,-155781,178433,170624998,TERA,2026_02,2026-04-18 13:53
ETYAT,-156692,20196,17735341,TERA,2026_02,2026-04-18 13:53
TAVHL,-157577,-24057,213213415,TERA,2026_02,2026-04-18 13:53
LILAK,-158493,-98084,260252705,TERA,2026_02,2026-04-18 13:53
BSOKE,-158727,837141,458487038,TERA,2026_02,2026-04-18 13:53
TTKOM,-159175,-34351,524999999,TERA,2026_02,2026-04-18 13:53
YUNSA,-159876,36379,202164056,TERA,2026_02,2026-04-18 13:53
TSKB,-161461,79201,1516591673,TERA,2026_02,2026-04-18 13:53
LIDER,-165475,2259129,279500000,TERA,2026_02,2026-04-18 13:53
ULKER,-170400,33644,338855989,TERA,2026_02,2026-04-18 13:53
CCOLA,-173958,-144836,820001147,TERA,2026_02,2026-04-18 13:53
GEDIK,-184657,422200,983076857,TERA,2026_02,2026-04-18 13:53
PEKGY,-185213,320982676,4685233406,TERA,2026_02,2026-04-18 13:53
RUZYE,-197624,1381503,267748491,TERA,2026_02,2026-04-18 13:53
IHLGM,-224850,999048,986078000,TERA,2026_02,2026-04-18 13:53
DOHOL,-229144,13585223,984706978,TERA,2026_02,2026-04-18 13:53
RTALB,-230699,623884,432976722,TERA,2026_02,2026-04-18 13:53
OSTIM,-231307,866070,510004637,TERA,2026_02,2026-04-18 13:53
VAKBN,-240414,26,8046896130,TERA,2026_02,2026-04-18 13:53
ARSAN,-244963,61591,887344274,TERA,2026_02,2026-04-18 13:53
GLYHO,-246792,-243040,1949290631,TERA,2026_02,2026-04-18 13:53
ESCAR,-257675,619778,101933690,TERA,2026_02,2026-04-18 13:53
OZGYO,-272857,44323,490916869,TERA,2026_02,2026-04-18 13:53
AKYHO,-277228,51196,223895870,TERA,2026_02,2026-04-18 13:53
BARMA,-299001,405392,68130939,TERA,2026_02,2026-04-18 13:53
INFO,-305696,-81712,767463337,TERA,2026_02,2026-04-18 13:53
REEDR,-308239,563131,632419525,TERA,2026_02,2026-04-18 13:53
GSDHO,-314839,317185,999994969,TERA,2026_02,2026-04-18 13:53
KNFRT,-327948,723888,131747000,TERA,2026_02,2026-04-18 13:53
HALKB,-337864,256788,6546422780,TERA,2026_02,2026-04-18 13:53
SNGYO,-341432,109285,3607173097,TERA,2026_02,2026-04-18 13:53
KGYO,-347004,253746,767895148,TERA,2026_02,2026-04-18 13:53
RGYAS,-351582,-343464,105523000,TERA,2026_02,2026-04-18 13:53
DERHL,-355601,33992,197281316,TERA,2026_02,2026-04-18 13:53
CEMAS,-358342,316221,790994229,TERA,2026_02,2026-04-18 13:53
HEKTS,-395078,4386170,3946424642,TERA,2026_02,2026-04-18 13:53
PETKM,-472792,-50192,1241729843,TERA,2026_02,2026-04-18 13:53
KATMR,-494233,2658400,1980989998,TERA,2026_02,2026-04-18 13:53
DMRGD,-530816,988817,1277294592,TERA,2026_02,2026-04-18 13:53
TRALT,-533403,214564,952269019,TERA,2026_02,2026-04-18 13:53
TRENJ,-536779,6574,98018735,TERA,2026_02,2026-04-18 13:53
KRSTL,-538528,287736,183664642,TERA,2026_02,2026-04-18 13:53
KCAER,-550563,774122,496494775,TERA,2026_02,2026-04-18 13:53
KOTON,-556919,34508,136599922,TERA,2026_02,2026-04-18 13:53
GEREL,-582914,476298,219036379,TERA,2026_02,2026-04-18 13:53
AKBNK,-584514,-471281,3059320211,TERA,2026_02,2026-04-18 13:53
AZTEK,-599024,240549,279000000,TERA,2026_02,2026-04-18 13:53
SAFKR,-599929,1163722,139406162,TERA,2026_02,2026-04-18 13:53
GATEG,-703248,2888618,10570341,TERA,2026_02,2026-04-18 13:53
MERCN,-773474,54257,74389005,TERA,2026_02,2026-04-18 13:53
EGEPO,-783678,405317,200000000,TERA,2026_02,2026-04-18 13:53
GENTS,-797423,440181,749958921,TERA,2026_02,2026-04-18 13:53
ISMEN,-808628,-233462,467723147,TERA,2026_02,2026-04-18 13:53
YYLGD,-828190,-306963,369826200,TERA,2026_02,2026-04-18 13:53
EUHOL,-859980,25006092,142999954,TERA,2026_02,2026-04-18 13:53
PNSUT,-902351,1401372,128323851,TERA,2026_02,2026-04-18 13:53
PSGYO,-1014058,2477399,2954231556,TERA,2026_02,2026-04-18 13:53
SKTAS,-1038679,224078,332865443,TERA,2026_02,2026-04-18 13:53
KCHOL,-1199165,-1059966,674052308,TERA,2026_02,2026-04-18 13:53
ZOREN,-1200545,646028,2681244194,TERA,2026_02,2026-04-18 13:53
KOPOL,-1491823,115861,266319652,TERA,2026_02,2026-04-18 13:53
SAHOL,-1591583,-1486943,1145847384,TERA,2026_02,2026-04-18 13:53
AEFES,-1769373,-476776,2028860053,TERA,2026_02,2026-04-18 13:53
SKBNK,-1781551,7663794,2498877855,TERA,2026_02,2026-04-18 13:53
FENER,-1797364,436399,2772321468,TERA,2026_02,2026-04-18 13:53
BTCIM,-1958536,1621463,4052065429,TERA,2026_02,2026-04-18 13:53
CWENE,-2034150,271576,530758241,TERA,2026_02,2026-04-18 13:53
YYAPI,-2037484,261381,1705025550,TERA,2026_02,2026-04-18 13:53
FORMT,-2404487,3565402,1029046010,TERA,2026_02,2026-04-18 13:53
TERA,-3040334,65034182,240888789,TERA,2026_02,2026-04-18 13:53
SASA,-3136106,10910541,25700419936,TERA,2026_02,2026-04-18 13:53
YKBNK,-3385003,-1678425,4705620952,TERA,2026_02,2026-04-18 13:53
TSPOR,-3866780,7631794,3674975174,TERA,2026_02,2026-04-18 13:53
PASEU,-4663864,9203710,215295868,TERA,2026_02,2026-04-18 13:53
ISCTR,-4831485,-1148691,8880396856,TERA,2026_02,2026-04-18 13:53
GSRAY,-82340584,46252544,10123744690,TERA,2026_02,2026-04-18 13:53
ADESE,-543826037,15028362,4687131701,TERA,2026_02,2026-04-18 13:53
USAK,267214914,534316565,2436064709,BULLS,2026_02,2026-04-18 13:53
EFOR,65417387,71356856,670679994,BULLS,2026_02,2026-04-18 13:53
CANTE,14833851,51484565,8608815637,BULLS,2026_02,2026-04-18 13:53
DMRGD,14356529,48564511,1277294592,BULLS,2026_02,2026-04-18 13:53
KZBGY,9209683,10270478,1959999915,BULLS,2026_02,2026-04-18 13:53
IHLGM,8882276,10037289,986078000,BULLS,2026_02,2026-04-18 13:53
TSPOR,8200420,20676514,3674975174,BULLS,2026_02,2026-04-18 13:53
KOPOL,6987426,7662841,266319652,BULLS,2026_02,2026-04-18 13:53
SAHOL,6885600,6086739,1145847384,BULLS,2026_02,2026-04-18 13:53
ISCTR,6439332,3307887,8880396856,BULLS,2026_02,2026-04-18 13:53
SISE,6360976,8349751,1814905642,BULLS,2026_02,2026-04-18 13:53
MRGYO,5365888,7013835,1753202571,BULLS,2026_02,2026-04-18 13:53
AVOD,3974054,5377992,253604577,BULLS,2026_02,2026-04-18 13:53
YKBNK,3315921,1523823,4705620952,BULLS,2026_02,2026-04-18 13:53
CWENE,2988335,2491293,530758241,BULLS,2026_02,2026-04-18 13:53
BYDNR,2636114,5475348,22999984,BULLS,2026_02,2026-04-18 13:53
OBAMS,2635184,5886385,751078524,BULLS,2026_02,2026-04-18 13:53
RNPOL,2579852,2754881,335900000,BULLS,2026_02,2026-04-18 13:53
CONSE,2452162,2816520,377854899,BULLS,2026_02,2026-04-18 13:53
ADESE,2436664,5662574,4687131701,BULLS,2026_02,2026-04-18 13:53
BSOKE,2355892,20598635,458487038,BULLS,2026_02,2026-04-18 13:53
GENIL,2287223,2351694,1289069985,BULLS,2026_02,2026-04-18 13:53
TSKB,2113615,766255,1516591673,BULLS,2026_02,2026-04-18 13:53
HALKB,1993472,4846866,6546422780,BULLS,2026_02,2026-04-18 13:53
ATATR,1622516,1622516,280000000,BULLS,2026_02,2026-04-18 13:53
MANAS,1293934,2077358,255704000,BULLS,2026_02,2026-04-18 13:53
ICUGS,1274803,2327258,336250000,BULLS,2026_02,2026-04-18 13:53
ENTRA,1215565,1639652,369383564,BULLS,2026_02,2026-04-18 13:53
SEGMN,1187237,1437296,80999980,BULLS,2026_02,2026-04-18 13:53
ISKPL,1121427,3384364,724625736,BULLS,2026_02,2026-04-18 13:53
AKBNK,1118934,608305,3059320211,BULLS,2026_02,2026-04-18 13:53
CVKMD,1081329,10284057,461999787,BULLS,2026_02,2026-04-18 13:53
MOGAN,1048015,1270234,262635000,BULLS,2026_02,2026-04-18 13:53
ARZUM,1040466,4745931,400949823,BULLS,2026_02,2026-04-18 13:53
BUCIM,999668,2249579,1292638065,BULLS,2026_02,2026-04-18 13:53
THYAO,985874,1305767,739463453,BULLS,2026_02,2026-04-18 13:53
MARMR,982458,1387079,961218727,BULLS,2026_02,2026-04-18 13:53
ESCOM,961793,4370806,463831670,BULLS,2026_02,2026-04-18 13:53
KTLEV,872665,4760030,1288500000,BULLS,2026_02,2026-04-18 13:53
EREGL,780946,1564261,3554238535,BULLS,2026_02,2026-04-18 13:53
KLGYO,735373,3129031,689399869,BULLS,2026_02,2026-04-18 13:53
PEKGY,719163,3884831,4685233406,BULLS,2026_02,2026-04-18 13:53
MEYSU,709828,1196869,175000000,BULLS,2026_02,2026-04-18 13:53
TATEN,687707,288235,347799724,BULLS,2026_02,2026-04-18 13:53
SEKUR,672744,1073061,131457835,BULLS,2026_02,2026-04-18 13:53
OYAKC,656433,702883,4656879379,BULLS,2026_02,2026-04-18 13:53
SELVA,558770,2420220,747897737,BULLS,2026_02,2026-04-18 13:53
AKHAN,552553,552553,54700000,BULLS,2026_02,2026-04-18 13:53
PGSUS,536544,981408,295068870,BULLS,2026_02,2026-04-18 13:53
EDATA,527906,682722,160065395,BULLS,2026_02,2026-04-18 13:53
TEHOL,525488,3538932,1967930261,BULLS,2026_02,2026-04-18 13:53
MMCAS,519937,2722934,12393964,BULLS,2026_02,2026-04-18 13:53
BIGTK,463115,16067975,23834373,BULLS,2026_02,2026-04-18 13:53
KLRHO,455131,5066444,341250000,BULLS,2026_02,2026-04-18 13:53
HUNER,443753,1270671,670137934,BULLS,2026_02,2026-04-18 13:53
AEFES,438915,-645529,2028860053,BULLS,2026_02,2026-04-18 13:53
EMPAE,421246,421246,38000000,BULLS,2026_02,2026-04-18 13:53
MIATK,391405,26038981,313087979,BULLS,2026_02,2026-04-18 13:53
ARSAN,349193,5544268,887344274,BULLS,2026_02,2026-04-18 13:53
ULUUN,344731,706556,290523352,BULLS,2026_02,2026-04-18 13:53
KBORU,341565,2878756,143999994,BULLS,2026_02,2026-04-18 13:53
EUHOL,308733,960874,142999954,BULLS,2026_02,2026-04-18 13:53
ANSGR,290445,450505,1564416026,BULLS,2026_02,2026-04-18 13:53
PENTA,288484,383120,181070136,BULLS,2026_02,2026-04-18 13:53
PAPIL,282156,480892,206247674,BULLS,2026_02,2026-04-18 13:53
BIGCH,281518,335776,368932945,BULLS,2026_02,2026-04-18 13:53
ORCAY,277354,625517,150197341,BULLS,2026_02,2026-04-18 13:53
SRVGY,271806,6857913,812499687,BULLS,2026_02,2026-04-18 13:53
DURKN,242122,342281,42500000,BULLS,2026_02,2026-04-18 13:53
AKSA,240026,1526884,1503650642,BULLS,2026_02,2026-04-18 13:53
LRSHO,236433,2360945,724120946,BULLS,2026_02,2026-04-18 13:53
PASEU,235546,84240,215295868,BULLS,2026_02,2026-04-18 13:53
HDFGS,232857,5193085,956974191,BULLS,2026_02,2026-04-18 13:53
LMKDC,209384,423547,155929999,BULLS,2026_02,2026-04-18 13:53
CRDFA,204905,334609,74996857,BULLS,2026_02,2026-04-18 13:53
INDES,202026,234019,462749767,BULLS,2026_02,2026-04-18 13:53
SANFM,196826,1028558,225029995,BULLS,2026_02,2026-04-18 13:53
EKOS,189824,854630,307199852,BULLS,2026_02,2026-04-18 13:53
GSDHO,188427,1104197,999994969,BULLS,2026_02,2026-04-18 13:53
AKFIS,187142,246939,66841328,BULLS,2026_02,2026-04-18 13:53
EYGYO,186458,334808,362859667,BULLS,2026_02,2026-04-18 13:53
LIDER,176395,231862,279500000,BULLS,2026_02,2026-04-18 13:53
VAKBN,175204,-251688,8046896130,BULLS,2026_02,2026-04-18 13:53
IZMDC,174145,368204,723225318,BULLS,2026_02,2026-04-18 13:53
TTKOM,171421,135895,524999999,BULLS,2026_02,2026-04-18 13:53
ALBRK,169834,950618,1050739765,BULLS,2026_02,2026-04-18 13:53
BORSK,168092,1260755,279999879,BULLS,2026_02,2026-04-18 13:53
TUKAS,166947,4692682,4499995929,BULLS,2026_02,2026-04-18 13:53
AKENR,163804,821190,385189146,BULLS,2026_02,2026-04-18 13:53
RUZYE,161839,14952084,267748491,BULLS,2026_02,2026-04-18 13:53
TCKRC,153267,399638,70000000,BULLS,2026_02,2026-04-18 13:53
UCAYM,145579,222656,60000000,BULLS,2026_02,2026-04-18 13:53
MARTI,141285,876303,650112403,BULLS,2026_02,2026-04-18 13:53
ALTNY,140440,722810,399885115,BULLS,2026_02,2026-04-18 13:53
RUBNS,138316,179703,42377765,BULLS,2026_02,2026-04-18 13:53
SILVR,131939,21613253,212818206,BULLS,2026_02,2026-04-18 13:53
KAYSE,126023,597133,818951998,BULLS,2026_02,2026-04-18 13:53
ESCAR,119307,277462,101933690,BULLS,2026_02,2026-04-18 13:53
MEKAG,114964,623059,320319999,BULLS,2026_02,2026-04-18 13:53
EGEGY,112573,13752727,69140000,BULLS,2026_02,2026-04-18 13:53
LKMNH,111406,1848024,163262533,BULLS,2026_02,2026-04-18 13:53
HUBVC,108092,1081896,277189572,BULLS,2026_02,2026-04-18 13:53
ETILR,107845,196929,156217454,BULLS,2026_02,2026-04-18 13:53
PCILT,102686,106103,45014182,BULLS,2026_02,2026-04-18 13:53
REEDR,100365,779119,632419525,BULLS,2026_02,2026-04-18 13:53
GWIND,99815,297931,179165491,BULLS,2026_02,2026-04-18 13:53
IZFAS,99643,721091,156001658,BULLS,2026_02,2026-04-18 13:53
AHSGY,95696,177077,184999889,BULLS,2026_02,2026-04-18 13:53
TUREX,93886,354824,432000000,BULLS,2026_02,2026-04-18 13:53
AGHOL,91217,129777,1068828243,BULLS,2026_02,2026-04-18 13:53
NTHOL,90751,314600,485479112,BULLS,2026_02,2026-04-18 13:53
ENDAE,90746,215083,123506828,BULLS,2026_02,2026-04-18 13:53
GESAN,86746,215073,141759180,BULLS,2026_02,2026-04-18 13:53
KRONT,82463,584648,116892885,BULLS,2026_02,2026-04-18 13:53
AVPGY,81801,67692,99999990,BULLS,2026_02,2026-04-18 13:53
LIDFA,79711,342561,458180545,BULLS,2026_02,2026-04-18 13:53
OBASE,79112,178817,14924000,BULLS,2026_02,2026-04-18 13:53
KLYPV,78726,235686,46334639,BULLS,2026_02,2026-04-18 13:53
NETCD,77031,77031,40000000,BULLS,2026_02,2026-04-18 13:53
TKSMBV,76433,76433,2142503,BULLS,2026_02,2026-04-18 13:53
HATEK,74651,148153,62998947,BULLS,2026_02,2026-04-18 13:53
ELITE,71016,110850,44650000,BULLS,2026_02,2026-04-18 13:53
ADEL,69437,172711,112043619,BULLS,2026_02,2026-04-18 13:53
KCHOL,69150,401030,674052308,BULLS,2026_02,2026-04-18 13:53
FADE,69139,149907,42347497,BULLS,2026_02,2026-04-18 13:53
BIOEN,68942,175131,197983418,BULLS,2026_02,2026-04-18 13:53
KUYAS,68140,30789894,398957788,BULLS,2026_02,2026-04-18 13:53
ONCSM,66279,1196982,10086000,BULLS,2026_02,2026-04-18 13:53
TERA,64336,-61918,240888789,BULLS,2026_02,2026-04-18 13:53
BRLSM,61128,222745,108025075,BULLS,2026_02,2026-04-18 13:53
PNLSN,60999,82385,34752383,BULLS,2026_02,2026-04-18 13:53
MARBL,60704,193384,65226403,BULLS,2026_02,2026-04-18 13:53
TNZTP,57010,127913,87499950,BULLS,2026_02,2026-04-18 13:53
ERSU,56518,105821,31755894,BULLS,2026_02,2026-04-18 13:53
LYDHO,55877,153519609,197140970,BULLS,2026_02,2026-04-18 13:53
SMART,54152,138474,29737499,BULLS,2026_02,2026-04-18 13:53
ATSGWV,54100,54100,1722226,BULLS,2026_02,2026-04-18 13:53
IHEVA,54086,485114,291631239,BULLS,2026_02,2026-04-18 13:53
MEPET,53620,114661,73940585,BULLS,2026_02,2026-04-18 13:53
AKSGY,51357,501836,1628451947,BULLS,2026_02,2026-04-18 13:53
DESA,50941,335966,171107590,BULLS,2026_02,2026-04-18 13:53
ULIFTV,50000,50000,2079060,BULLS,2026_02,2026-04-18 13:53
BAYRK,49179,194888,189751123,BULLS,2026_02,2026-04-18 13:53
CEMZY,48313,67366,124119970,BULLS,2026_02,2026-04-18 13:53
MAVI,46737,114613,576779312,BULLS,2026_02,2026-04-18 13:53
TUCLK,45798,920387,253181400,BULLS,2026_02,2026-04-18 13:53
SUWEN,45779,83524,365687500,BULLS,2026_02,2026-04-18 13:53
GEDZA,45071,71069,42983624,BULLS,2026_02,2026-04-18 13:53
GEDIZ,42787,42966,7163595,BULLS,2026_02,2026-04-18 13:53
PENGD,41027,201310,171069968,BULLS,2026_02,2026-04-18 13:53
ISGSY,36705,105901,47378729,BULLS,2026_02,2026-04-18 13:53
TURSG,35610,572461,7907296076,BULLS,2026_02,2026-04-18 13:53
OZSUB,35115,58012,42499126,BULLS,2026_02,2026-04-18 13:53
INVEO,34772,312949,998999954,BULLS,2026_02,2026-04-18 13:53
PAGYO,34663,101112,57781202,BULLS,2026_02,2026-04-18 13:53
PLTUR,33292,109936,49500000,BULLS,2026_02,2026-04-18 13:53
CRFSA,32388,161734,18312793,BULLS,2026_02,2026-04-18 13:53
PRKAB,31469,77226,35225443,BULLS,2026_02,2026-04-18 13:53
ISDMR,31414,76056,147623050,BULLS,2026_02,2026-04-18 13:53
EGPRO,30019,104846,175170570,BULLS,2026_02,2026-04-18 13:53
BISKNV,30008,30008,1361562,BULLS,2026_02,2026-04-18 13:53
AKGRT,29749,246496,629007625,BULLS,2026_02,2026-04-18 13:53
KRDMB,29163,44773,118762110,BULLS,2026_02,2026-04-18 13:53
MAKTK,28440,832480,184370066,BULLS,2026_02,2026-04-18 13:53
ULAS,27477,78240,25200172,BULLS,2026_02,2026-04-18 13:53
KIMMR,26186,49184,75000000,BULLS,2026_02,2026-04-18 13:53
DURDO,26113,67329,379703149,BULLS,2026_02,2026-04-18 13:53
GOZDE,25882,464583,384991447,BULLS,2026_02,2026-04-18 13:53
OZATD,25461,78350,13349988,BULLS,2026_02,2026-04-18 13:53
MNDTR,24692,2780939,910071938,BULLS,2026_02,2026-04-18 13:53
KTSKR,24676,89353,14691795,BULLS,2026_02,2026-04-18 13:53
PNSUT,23402,364001,128323851,BULLS,2026_02,2026-04-18 13:53
ONRYT,23126,32862,19730000,BULLS,2026_02,2026-04-18 13:53
GOKNR,22272,234837,178040711,BULLS,2026_02,2026-04-18 13:53
MSGYO,21515,292330,169650150,BULLS,2026_02,2026-04-18 13:53
ISYAT,21295,215340,152245569,BULLS,2026_02,2026-04-18 13:53
ASUZU,21016,47132,41130807,BULLS,2026_02,2026-04-18 13:53
AGYO,20428,417358,129036460,BULLS,2026_02,2026-04-18 13:53
SKYMD,20020,99807,52499981,BULLS,2026_02,2026-04-18 13:53
SISLLV,20002,20002,2303411,BULLS,2026_02,2026-04-18 13:53
PGSFQV,20000,20000,4582805,BULLS,2026_02,2026-04-18 13:53
DSTKF,19866,20883,84533333,BULLS,2026_02,2026-04-18 13:53
GUBRF,19365,231592,85359737,BULLS,2026_02,2026-04-18 13:53
SDTTR,18732,23578,15990000,BULLS,2026_02,2026-04-18 13:53
MERCN,18683,107539,74389005,BULLS,2026_02,2026-04-18 13:53
GLBMD,17800,28482,28880500,BULLS,2026_02,2026-04-18 13:53
BESTE,17717,17717,54578499,BULLS,2026_02,2026-04-18 13:53
BRSAN,17702,24651,35912460,BULLS,2026_02,2026-04-18 13:53
BEYAZ,17391,80670,42317352,BULLS,2026_02,2026-04-18 13:53
VBTYZ,17298,65275,56160000,BULLS,2026_02,2026-04-18 13:53
KLKIM,16302,53417,138383655,BULLS,2026_02,2026-04-18 13:53
GEREL,15335,875936,219036379,BULLS,2026_02,2026-04-18 13:53
BRMEN,14707,29350,57566555,BULLS,2026_02,2026-04-18 13:53
VERTU,14170,37351,22000000,BULLS,2026_02,2026-04-18 13:53
VESBE,14132,719731,503578676,BULLS,2026_02,2026-04-18 13:53
TUPRS,13319,352188,902334139,BULLS,2026_02,2026-04-18 13:53
KLMSN,12793,16967,30881297,BULLS,2026_02,2026-04-18 13:53
ISSEN,12740,722118,107411517,BULLS,2026_02,2026-04-18 13:53
HATSN,12501,47221,44299964,BULLS,2026_02,2026-04-18 13:53
AYES,12243,168039,87567109,BULLS,2026_02,2026-04-18 13:53
TURGG,12071,73965,32042988,BULLS,2026_02,2026-04-18 13:53
EDIP,11880,19553,36468204,BULLS,2026_02,2026-04-18 13:53
DOKTA,11806,24933,145872862,BULLS,2026_02,2026-04-18 13:53
ARTMS,11688,81417,24199999,BULLS,2026_02,2026-04-18 13:53
TRHOL,11657,129664,17635692,BULLS,2026_02,2026-04-18 13:53
SOKM,11404,31067,448708248,BULLS,2026_02,2026-04-18 13:53
OYYAT,11052,13060,91048322,BULLS,2026_02,2026-04-18 13:53
FZLGY,10952,48975,398427644,BULLS,2026_02,2026-04-18 13:53
ZRGYO,10679,17165,1173404997,BULLS,2026_02,2026-04-18 13:53
RAYSG,10646,15041,51947024,BULLS,2026_02,2026-04-18 13:53
KUTPO,10385,13243,10524430,BULLS,2026_02,2026-04-18 13:53
TKNSA,10262,137109,100485379,BULLS,2026_02,2026-04-18 13:53
HOROZ,10242,29816,24599986,BULLS,2026_02,2026-04-18 13:53
TOSKLV,10000,10000,1343308,BULLS,2026_02,2026-04-18 13:53
AHGAZ,9551,208103,659370871,BULLS,2026_02,2026-04-18 13:53
DERHL,9503,331100,197281316,BULLS,2026_02,2026-04-18 13:53
AVTUR,8955,265888,43067999,BULLS,2026_02,2026-04-18 13:53
VKFYO,8931,19072,26473700,BULLS,2026_02,2026-04-18 13:53
GSDDE,8777,119833,106850751,BULLS,2026_02,2026-04-18 13:53
DOAS,8582,28148,97899975,BULLS,2026_02,2026-04-18 13:53
VAKKO,8244,24265,30788486,BULLS,2026_02,2026-04-18 13:53
ISMEN,7805,521511,467723147,BULLS,2026_02,2026-04-18 13:53
PKENT,7113,14068,23766169,BULLS,2026_02,2026-04-18 13:53
DUNYH,6990,15813326,36443197,BULLS,2026_02,2026-04-18 13:53
BIENY,6921,449795,83144831,BULLS,2026_02,2026-04-18 13:53
EKIZ,6914,20802,8198720,BULLS,2026_02,2026-04-18 13:53
KFEIN,6338,113760,150306170,BULLS,2026_02,2026-04-18 13:53
KONKA,6255,46348,89670000,BULLS,2026_02,2026-04-18 13:53
BASCM,6168,80152,49238593,BULLS,2026_02,2026-04-18 13:53
ANGEN,6130,105648,86440002,BULLS,2026_02,2026-04-18 13:53
KGYO,6092,2881164,767895148,BULLS,2026_02,2026-04-18 13:53
BRKVY,5950,71688,13618361,BULLS,2026_02,2026-04-18 13:53
ATLAS,5879,58807,59999865,BULLS,2026_02,2026-04-18 13:53
VSNMD,5789,45293,24000000,BULLS,2026_02,2026-04-18 13:53
BFREN,5772,28972,24586148,BULLS,2026_02,2026-04-18 13:53
OYLUM,5702,37212,80937367,BULLS,2026_02,2026-04-18 13:53
SURGY,5272,115567,44999990,BULLS,2026_02,2026-04-18 13:53
YAYLA,4940,21925,39874966,BULLS,2026_02,2026-04-18 13:53
KAPLM,4696,51608,4563571,BULLS,2026_02,2026-04-18 13:53
LOGO,4641,11687,74328248,BULLS,2026_02,2026-04-18 13:53
BLCYT,4600,110809,49088907,BULLS,2026_02,2026-04-18 13:53
GRNYO,3760,8526,37386059,BULLS,2026_02,2026-04-18 13:53
TBORG,3649,37736,59392160,BULLS,2026_02,2026-04-18 13:53
DGGYO,3376,13735,280709437,BULLS,2026_02,2026-04-18 13:53
INVES,3311,11138,37480000,BULLS,2026_02,2026-04-18 13:53
TABGD,3255,6278,52499906,BULLS,2026_02,2026-04-18 13:53
HTTBT,3151,18586,82805422,BULLS,2026_02,2026-04-18 13:53
SONME,3072,4250,4349319,BULLS,2026_02,2026-04-18 13:53
SUNTK,2901,5777,145280000,BULLS,2026_02,2026-04-18 13:53
TRGYO,2880,137342,251573369,BULLS,2026_02,2026-04-18 13:53
BVSAN,2759,43506,13749998,BULLS,2026_02,2026-04-18 13:53
KRSTL,2654,37329,183664642,BULLS,2026_02,2026-04-18 13:53
MZHLD,2642,17948,72215314,BULLS,2026_02,2026-04-18 13:53
GIPTA,2497,313498,51617863,BULLS,2026_02,2026-04-18 13:53
MEDTR,2462,216824,24499999,BULLS,2026_02,2026-04-18 13:53
TMSN,2436,50112,44449988,BULLS,2026_02,2026-04-18 13:53
ECZYT,2296,9670,45880511,BULLS,2026_02,2026-04-18 13:53
CCOLA,2059,24166,820001147,BULLS,2026_02,2026-04-18 13:53
ARAT,2000,50147,39867975,BULLS,2026_02,2026-04-18 13:53
AKSUE,1952,79039,56376184,BULLS,2026_02,2026-04-18 13:53
PRZMA,1797,18365,61941150,BULLS,2026_02,2026-04-18 13:53
ODINE,1643,2449,52810834,BULLS,2026_02,2026-04-18 13:53
ERBOS,1515,5535,15899843,BULLS,2026_02,2026-04-18 13:53
TLMAN,1500,9939,10300000,BULLS,2026_02,2026-04-18 13:53
APMDLF,1500,1500,12300000,BULLS,2026_02,2026-04-18 13:53
AYCES,1475,6090,1895369,BULLS,2026_02,2026-04-18 13:53
AKMGY,1371,35273,21568998,BULLS,2026_02,2026-04-18 13:53
KLSER,1063,71546,109457566,BULLS,2026_02,2026-04-18 13:53
KUVVA,1000,1459,24204585,BULLS,2026_02,2026-04-18 13:53
ARTI,965,8105,9881683,BULLS,2026_02,2026-04-18 13:53
IZINV,950,90692,13540386,BULLS,2026_02,2026-04-18 13:53
SANEL,924,7171,18112451,BULLS,2026_02,2026-04-18 13:53
FMIZP,865,1384,3497641,BULLS,2026_02,2026-04-18 13:53
MEGAP,855,122647,234498757,BULLS,2026_02,2026-04-18 13:53
GOLTS,771,3391,12422783,BULLS,2026_02,2026-04-18 13:53
RALYH,738,1435794,176370972,BULLS,2026_02,2026-04-18 13:53
ACSEL,717,6589,8589113,BULLS,2026_02,2026-04-18 13:53
TTRAK,716,17478,24967158,BULLS,2026_02,2026-04-18 13:53
CMENT,692,5887,56829666,BULLS,2026_02,2026-04-18 13:53
DNISI,595,9369,59171727,BULLS,2026_02,2026-04-18 13:53
KCAER,575,344531,496494775,BULLS,2026_02,2026-04-18 13:53
TMPOL,573,83814,11039990,BULLS,2026_02,2026-04-18 13:53
ARENA,544,45726,66996461,BULLS,2026_02,2026-04-18 13:53
EUKYO,529,12822,19899963,BULLS,2026_02,2026-04-18 13:53
SKYLP,524,45261,7159255,BULLS,2026_02,2026-04-18 13:53
PAMEL,504,13046,21533681,BULLS,2026_02,2026-04-18 13:53
LYDYE,441,775943,1391287,BULLS,2026_02,2026-04-18 13:53
CLEBI,367,1089,5490178,BULLS,2026_02,2026-04-18 13:53
INTEM,343,6610,9428747,BULLS,2026_02,2026-04-18 13:53
BRYAT,275,8609,10264685,BULLS,2026_02,2026-04-18 13:53
ISBIR,261,6900,14520542,BULLS,2026_02,2026-04-18 13:53
ORMA,224,5914,3663265,BULLS,2026_02,2026-04-18 13:53
YBTAS,221,114536,31595793,BULLS,2026_02,2026-04-18 13:53
VERUS,180,5261,34499937,BULLS,2026_02,2026-04-18 13:53
EBEBK,127,3879,40534692,BULLS,2026_02,2026-04-18 13:53
KONYA,100,1367,1646416,BULLS,2026_02,2026-04-18 13:53
CUSAN,90,12694,18500000,BULLS,2026_02,2026-04-18 13:53
ALCAR,22,1322,1721735,BULLS,2026_02,2026-04-18 13:53
ANELT,18,72,43199817,BULLS,2026_02,2026-04-18 13:53
SANKO,7,60803,37499197,BULLS,2026_02,2026-04-18 13:53
YONGA,5,5681,7198435,BULLS,2026_02,2026-04-18 13:53
GNPWR,0,102200,21999996,BULLS,2026_02,2026-04-18 13:53
ATPET,0,48166,11403497,BULLS,2026_02,2026-04-18 13:53
UASAXV,0,1000,3246564,BULLS,2026_02,2026-04-18 13:53
UKIM,0,102,2053621,BULLS,2026_02,2026-04-18 13:53
AVHOL,0,1859,26047279,BULLS,2026_02,2026-04-18 13:53
EGCEY,0,29059,19749798,BULLS,2026_02,2026-04-18 13:53
UMPAS,0,503,19421124,BULLS,2026_02,2026-04-18 13:53
UZEL,0,12615,26329793,BULLS,2026_02,2026-04-18 13:53
EGCYH,0,169802,39900235,BULLS,2026_02,2026-04-18 13:53
MANGO,0,457379,37831688,BULLS,2026_02,2026-04-18 13:53
SKPLC,0,60469,13084995,BULLS,2026_02,2026-04-18 13:53
EGCYO,0,12969,21986285,BULLS,2026_02,2026-04-18 13:53
AKSEL,0,14367,7100000,BULLS,2026_02,2026-04-18 13:53
EGYO,0,71088,36676214,BULLS,2026_02,2026-04-18 13:53
KPHOL,0,3022,4207498,BULLS,2026_02,2026-04-18 13:53
SUMAS,0,2801,5434738,BULLS,2026_02,2026-04-18 13:53
KRATL,0,97811,17800000,BULLS,2026_02,2026-04-18 13:53
MEMSA,0,1124782,160110709,BULLS,2026_02,2026-04-18 13:53
ZPBDLF,0,1767,8240000,BULLS,2026_02,2026-04-18 13:53
ZPLIBF,0,4483,190200000,BULLS,2026_02,2026-04-18 13:53
FVORI,0,63040,17564673,BULLS,2026_02,2026-04-18 13:53
TARAF,0,7803,5033275,BULLS,2026_02,2026-04-18 13:53
METAL,0,2801,9024711,BULLS,2026_02,2026-04-18 13:53
ARTOG,0,57781,18578922,BULLS,2026_02,2026-04-18 13:53
ARBUL,0,69230,15459297,BULLS,2026_02,2026-04-18 13:53
HITIT,0,10262,4488204,BULLS,2026_02,2026-04-18 13:53
AKPAZ,0,19951,22488832,BULLS,2026_02,2026-04-18 13:53
BYSAN,0,37358,16552134,BULLS,2026_02,2026-04-18 13:53
KMIDIV,0,0,1334859,BULLS,2026_02,2026-04-18 13:53
GENYH,0,59176,9999906,BULLS,2026_02,2026-04-18 13:53
QNBFK,0,61628,843137646,BULLS,2026_02,2026-04-18 13:53
MRTGG,0,20313,14339249,BULLS,2026_02,2026-04-18 13:53
RANLO,0,65918,19850386,BULLS,2026_02,2026-04-18 13:53
ASYAB,0,1755636,477899601,BULLS,2026_02,2026-04-18 13:53
ROYAL,0,41,17249999,BULLS,2026_02,2026-04-18 13:53
TYIJWV,0,0,2822382,BULLS,2026_02,2026-04-18 13:53
LIOYS,0,20996,31625013,BULLS,2026_02,2026-04-18 13:53
DESPC,0,65302,16023700,BULLS,2026_02,2026-04-18 13:53
TUMTK,0,8868,76370187,BULLS,2026_02,2026-04-18 13:53
SALIX,0,45853,4949230,BULLS,2026_02,2026-04-18 13:53
LATEK,-1,222006,39499512,BULLS,2026_02,2026-04-18 13:53
KSTUR,-19,528,3952560,BULLS,2026_02,2026-04-18 13:53
EGEEN,-37,2475,1137161,BULLS,2026_02,2026-04-18 13:53
ULUSE,-39,4173,24000000,BULLS,2026_02,2026-04-18 13:53
TAVHL,-53,19625,213213415,BULLS,2026_02,2026-04-18 13:53
GARFA,-65,21336,138399778,BULLS,2026_02,2026-04-18 13:53
SAYAS,-67,39516,42530887,BULLS,2026_02,2026-04-18 13:53
BASGZ,-69,66027,174999999,BULLS,2026_02,2026-04-18 13:53
MRSHL,-76,188,4212888,BULLS,2026_02,2026-04-18 13:53
POLTK,-99,209,1125000,BULLS,2026_02,2026-04-18 13:53
GLCVY,-118,1883,26400000,BULLS,2026_02,2026-04-18 13:53
INTEK,-131,892,5043584,BULLS,2026_02,2026-04-18 13:53
CASA,-139,17565,4894317,BULLS,2026_02,2026-04-18 13:53
BAKAB,-145,9258,34985326,BULLS,2026_02,2026-04-18 13:53
KENT,-149,527,1786507,BULLS,2026_02,2026-04-18 13:53
NUHCM,-153,4041,33163299,BULLS,2026_02,2026-04-18 13:53
BANVT,-163,2333,36961044,BULLS,2026_02,2026-04-18 13:53
QNBTR,-164,165,2571745911,BULLS,2026_02,2026-04-18 13:53
PSDTC,-214,7642,6599991,BULLS,2026_02,2026-04-18 13:53
EPLAS,-221,208586,190491857,BULLS,2026_02,2026-04-18 13:53
KRPLS,-233,98893,78486163,BULLS,2026_02,2026-04-18 13:53
CMBTN,-242,1655,1023000,BULLS,2026_02,2026-04-18 13:53
MAALT,-261,4899,4763850,BULLS,2026_02,2026-04-18 13:53
COSMO,-279,3204,6494091,BULLS,2026_02,2026-04-18 13:53
ATSYH,-353,12777,7998869,BULLS,2026_02,2026-04-18 13:53
ERICO,-401,14103,5214523,BULLS,2026_02,2026-04-18 13:53
DIRIT,-433,16004,10150123,BULLS,2026_02,2026-04-18 13:53
CGCAM,-440,121671,42000000,BULLS,2026_02,2026-04-18 13:53
INGRM,-491,6812,14969536,BULLS,2026_02,2026-04-18 13:53
KLNMA,-500,134180,91846864,BULLS,2026_02,2026-04-18 13:53
CLKHO,-500,390980,26183651,BULLS,2026_02,2026-04-18 13:53
ATAC,-501,284016,103398067,BULLS,2026_02,2026-04-18 13:53
ESEMS,-700,1076,11202091,BULLS,2026_02,2026-04-18 13:53
MENBA,-700,28830,3496852,BULLS,2026_02,2026-04-18 13:53
BMEKS,-700,642062,114192339,BULLS,2026_02,2026-04-18 13:53
KRGYO,-755,160110,275246747,BULLS,2026_02,2026-04-18 13:53
DMISH,-800,146669,41526838,BULLS,2026_02,2026-04-18 13:53
CATES,-809,4520,33050000,BULLS,2026_02,2026-04-18 13:53
ATAGY,-820,57130,45670114,BULLS,2026_02,2026-04-18 13:53
OYAYO,-884,19039,19999941,BULLS,2026_02,2026-04-18 13:53
GOLDS,-889,352220,192323946,BULLS,2026_02,2026-04-18 13:53
DOGUB,-922,2886,19821566,BULLS,2026_02,2026-04-18 13:53
ALCTL,-988,95144,13543218,BULLS,2026_02,2026-04-18 13:53
ISGLKF,-1000,-1000,113800000,BULLS,2026_02,2026-04-18 13:53
YATAS,-1055,19625,94866488,BULLS,2026_02,2026-04-18 13:53
KARTN,-1067,8854,72781126,BULLS,2026_02,2026-04-18 13:53
BRKSN,-1072,68323,62639942,BULLS,2026_02,2026-04-18 13:53
ATEKS,-1102,1835,5441598,BULLS,2026_02,2026-04-18 13:53
FENIS,-1109,74076,26080019,BULLS,2026_02,2026-04-18 13:53
MAKIM,-1149,94249,42559998,BULLS,2026_02,2026-04-18 13:53
BRISA,-1207,27931,31247472,BULLS,2026_02,2026-04-18 13:53
ANHYT,-1261,4054,88457041,BULLS,2026_02,2026-04-18 13:53
EMNIS,-1275,5491,3429235,BULLS,2026_02,2026-04-18 13:53
ENPRA,-1329,2683,15294299,BULLS,2026_02,2026-04-18 13:53
VKING,-1333,3074,30932905,BULLS,2026_02,2026-04-18 13:53
TRNSK,-1350,78141,25616249,BULLS,2026_02,2026-04-18 13:53
CEOEM,-1371,60723,22209658,BULLS,2026_02,2026-04-18 13:53
DERIM,-1391,8703,40403770,BULLS,2026_02,2026-04-18 13:53
MOPAS,-1665,28793,57330000,BULLS,2026_02,2026-04-18 13:53
BIZIM,-1745,2991,27601626,BULLS,2026_02,2026-04-18 13:53
ATATP,-1781,101645,18809999,BULLS,2026_02,2026-04-18 13:53
PKART,-1888,4293,11048497,BULLS,2026_02,2026-04-18 13:53
CBSBO,-2000,86,14692447,BULLS,2026_02,2026-04-18 13:53
RGYAS,-2061,4203,105523000,BULLS,2026_02,2026-04-18 13:53
ETYAT,-2091,7169,17735341,BULLS,2026_02,2026-04-18 13:53
ISFIN,-2368,63979,310154523,BULLS,2026_02,2026-04-18 13:53
LUKSK,-2511,1004,27257202,BULLS,2026_02,2026-04-18 13:53
DOFER,-2723,71982,20172500,BULLS,2026_02,2026-04-18 13:53
METRO,-2727,522010,539989959,BULLS,2026_02,2026-04-18 13:53
GMSTRF,-2803,18393,73800000,BULLS,2026_02,2026-04-18 13:53
GRSEL,-2891,40076,29650000,BULLS,2026_02,2026-04-18 13:53
KORDS,-2908,56155,65421451,BULLS,2026_02,2026-04-18 13:53
GMTAS,-3095,807195,298687813,BULLS,2026_02,2026-04-18 13:53
NUGYO,-3127,90826,324943976,BULLS,2026_02,2026-04-18 13:53
PARSN,-3264,24349,34033246,BULLS,2026_02,2026-04-18 13:53
MACKO,-3285,8481,41500000,BULLS,2026_02,2026-04-18 13:53
MOBTL,-3454,40929,207999999,BULLS,2026_02,2026-04-18 13:53
SNPAM,-3482,80015,19679871,BULLS,2026_02,2026-04-18 13:53
PRTAS,-3600,24183,21405233,BULLS,2026_02,2026-04-18 13:53
FRMPL,-3617,74254,39997767,BULLS,2026_02,2026-04-18 13:53
ICBCT,-3650,50229,216761845,BULLS,2026_02,2026-04-18 13:53
UNTAR,-3700,28711,29562129,BULLS,2026_02,2026-04-18 13:53
OTTO,-3749,4873,5824438,BULLS,2026_02,2026-04-18 13:53
AGESA,-3759,8171,35829553,BULLS,2026_02,2026-04-18 13:53
YIGIT,-3783,67251,74999975,BULLS,2026_02,2026-04-18 13:53
YGYO,-3800,758898,1310632851,BULLS,2026_02,2026-04-18 13:53
YAPRK,-3857,-3179,4214998,BULLS,2026_02,2026-04-18 13:53
MTRKS,-4140,31317,43633165,BULLS,2026_02,2026-04-18 13:53
FORTE,-4185,43712,21999999,BULLS,2026_02,2026-04-18 13:53
KMPUR,-4212,67061,132432524,BULLS,2026_02,2026-04-18 13:53
MAGEN,-4539,182535,719512140,BULLS,2026_02,2026-04-18 13:53
GZNMI,-4636,9280,40949825,BULLS,2026_02,2026-04-18 13:53
DEVA,-4943,46817,199971824,BULLS,2026_02,2026-04-18 13:53
SAMAT,-5326,108344,103183797,BULLS,2026_02,2026-04-18 13:53
ISGYO,-5574,27267,531312439,BULLS,2026_02,2026-04-18 13:53
MERKO,-5646,345287,101104700,BULLS,2026_02,2026-04-18 13:53
KZGYO,-5791,12478,49999978,BULLS,2026_02,2026-04-18 13:53
TGSAS,-5984,753093,12348294,BULLS,2026_02,2026-04-18 13:53
KRTEK,-6152,50349,18914650,BULLS,2026_02,2026-04-18 13:53
GOODY,-6400,78253,132804473,BULLS,2026_02,2026-04-18 13:53
AYGAZ,-6654,70415,98568807,BULLS,2026_02,2026-04-18 13:53
BOSSA,-6717,1157488,508724189,BULLS,2026_02,2026-04-18 13:53
KARSN,-6914,314944,827827039,BULLS,2026_02,2026-04-18 13:53
RODRG,-7036,6982,16822352,BULLS,2026_02,2026-04-18 13:53
NETAS,-7617,48670,31783484,BULLS,2026_02,2026-04-18 13:53
GLRYH,-7631,405325,599623814,BULLS,2026_02,2026-04-18 13:53
MTRYO,-7843,82116,39900000,BULLS,2026_02,2026-04-18 13:53
DOFRB,-7933,181656,45000000,BULLS,2026_02,2026-04-18 13:53
PINSU,-8205,6759,101635846,BULLS,2026_02,2026-04-18 13:53
VANGD,-8252,34577,24374995,BULLS,2026_02,2026-04-18 13:53
TOASO,-8692,137027,120585076,BULLS,2026_02,2026-04-18 13:53
ORGE,-8886,34331,41839996,BULLS,2026_02,2026-04-18 13:53
ADGYO,-9222,419078,379654333,BULLS,2026_02,2026-04-18 13:53
GEDIK,-10041,65403,983076857,BULLS,2026_02,2026-04-18 13:53
TATGD,-10191,49136,119286243,BULLS,2026_02,2026-04-18 13:53
IZENR,-10266,437172,914537597,BULLS,2026_02,2026-04-18 13:53
BIMAS,-10492,3913,436214016,BULLS,2026_02,2026-04-18 13:53
POLHO,-10905,671370,164140074,BULLS,2026_02,2026-04-18 13:53
ZGOLDF,-11160,-8848,152040000,BULLS,2026_02,2026-04-18 13:53
ECILC,-11769,680907,210589603,BULLS,2026_02,2026-04-18 13:53
BURVA,-12236,203464,4723271,BULLS,2026_02,2026-04-18 13:53
TRMET,-12313,18533,174483588,BULLS,2026_02,2026-04-18 13:53
AYEN,-12397,6074,55531320,BULLS,2026_02,2026-04-18 13:53
BESLR,-12772,435792,658098036,BULLS,2026_02,2026-04-18 13:53
SELEC,-13036,10711,124262097,BULLS,2026_02,2026-04-18 13:53
ALFAS,-13301,43698,84639559,BULLS,2026_02,2026-04-18 13:53
BURCE,-13308,3692716,44422390,BULLS,2026_02,2026-04-18 13:53
GLRMK,-13425,46180,38760000,BULLS,2026_02,2026-04-18 13:53
UNLU,-14342,144599,102181558,BULLS,2026_02,2026-04-18 13:53
IEYHO,-14739,297589,541032947,BULLS,2026_02,2026-04-18 13:53
SMRTG,-14954,320215,664164672,BULLS,2026_02,2026-04-18 13:53
TRCAS,-16152,15564,206252778,BULLS,2026_02,2026-04-18 13:53
ATAKP,-16857,340289,28224000,BULLS,2026_02,2026-04-18 13:53
MPARK,-16883,4576,80869110,BULLS,2026_02,2026-04-18 13:53
AYDEM,-17327,56147,130000000,BULLS,2026_02,2026-04-18 13:53
DZGYO,-18032,469346,399777846,BULLS,2026_02,2026-04-18 13:53
KNFRT,-18282,228325,131747000,BULLS,2026_02,2026-04-18 13:53
EMKEL,-18947,78350,149999456,BULLS,2026_02,2026-04-18 13:53
SODSN,-18968,2468,45429261,BULLS,2026_02,2026-04-18 13:53
YEOTK,-19279,280734,160933198,BULLS,2026_02,2026-04-18 13:53
YGGYO,-20000,319952,240625741,BULLS,2026_02,2026-04-18 13:53
EGSER,-20450,152067,545751057,BULLS,2026_02,2026-04-18 13:53
IHAAS,-20572,26834,56031248,BULLS,2026_02,2026-04-18 13:53
ALKLC,-20880,71300,45382467,BULLS,2026_02,2026-04-18 13:53
SEKFK,-22287,87587,62311473,BULLS,2026_02,2026-04-18 13:53
BIGEN,-23401,198914,115500000,BULLS,2026_02,2026-04-18 13:53
OTKAR,-24356,14755,33417145,BULLS,2026_02,2026-04-18 13:53
IDGYO,-24376,11120,119234999,BULLS,2026_02,2026-04-18 13:53
KOCMT,-24384,915466,587485478,BULLS,2026_02,2026-04-18 13:53
ENSRI,-24498,26132,236333503,BULLS,2026_02,2026-04-18 13:53
KRVGD,-24789,49494,596159766,BULLS,2026_02,2026-04-18 13:53
DGATE,-25355,36413,15227271,BULLS,2026_02,2026-04-18 13:53
ZEDUR,-27060,25158,69899992,BULLS,2026_02,2026-04-18 13:53
GLDTRF,-27335,-19685,45850000,BULLS,2026_02,2026-04-18 13:53
SOKE,-28881,75880,126999996,BULLS,2026_02,2026-04-18 13:53
SMRVA,-29809,18553,28000000,BULLS,2026_02,2026-04-18 13:53
HRKET,-30714,8266,24000000,BULLS,2026_02,2026-04-18 13:53
BAGFS,-31241,2247603,100042745,BULLS,2026_02,2026-04-18 13:53
EGEPO,-32027,160716,200000000,BULLS,2026_02,2026-04-18 13:53
AVGYO,-33270,2461,111590302,BULLS,2026_02,2026-04-18 13:53
CELHA,-33750,81328,146124228,BULLS,2026_02,2026-04-18 13:53
KLSYN,-35261,390681,107854952,BULLS,2026_02,2026-04-18 13:53
DYOBY,-36092,154330,186553687,BULLS,2026_02,2026-04-18 13:53
ARASE,-36152,111889,49999991,BULLS,2026_02,2026-04-18 13:53
BOBET,-36436,249081,113999998,BULLS,2026_02,2026-04-18 13:53
DGNMO,-37606,164631,327634635,BULLS,2026_02,2026-04-18 13:53
AFYON,-37780,233967,399992258,BULLS,2026_02,2026-04-18 13:53
OZGYO,-37892,1537062,490916869,BULLS,2026_02,2026-04-18 13:53
ULKER,-38453,42286,338855989,BULLS,2026_02,2026-04-18 13:53
NTGAZ,-38716,155643,276000000,BULLS,2026_02,2026-04-18 13:53
TRENJ,-39138,36682,98018735,BULLS,2026_02,2026-04-18 13:53
EGGUB,-39289,914297,75862197,BULLS,2026_02,2026-04-18 13:53
FONET,-39411,1252623,577082984,BULLS,2026_02,2026-04-18 13:53
OZRDN,-40014,227107,57107579,BULLS,2026_02,2026-04-18 13:53
RTALB,-40692,306473,432976722,BULLS,2026_02,2026-04-18 13:53
BMSCH,-41307,111138,69277402,BULLS,2026_02,2026-04-18 13:53
FROTO,-42334,136321,625119847,BULLS,2026_02,2026-04-18 13:53
MGROS,-44172,-1882,96563550,BULLS,2026_02,2026-04-18 13:53
BLUME,-45641,415131,174710134,BULLS,2026_02,2026-04-18 13:53
GATEG,-45968,53064,10570341,BULLS,2026_02,2026-04-18 13:53
ASGYO,-46733,288810,165000000,BULLS,2026_02,2026-04-18 13:53
YYLGD,-48007,150346,369826200,BULLS,2026_02,2026-04-18 13:53
SNICA,-48191,588242,321688855,BULLS,2026_02,2026-04-18 13:53
TARKM,-49493,5367,4999997,BULLS,2026_02,2026-04-18 13:53
OZYSR,-50317,194638,40488000,BULLS,2026_02,2026-04-18 13:53
TDGYO,-50891,20382,59898213,BULLS,2026_02,2026-04-18 13:53
ERCB,-51447,703047,39113273,BULLS,2026_02,2026-04-18 13:53
BMSTL,-51846,128580,74772261,BULLS,2026_02,2026-04-18 13:53
BINBN,-52014,1656008,17000000,BULLS,2026_02,2026-04-18 13:53
HKTM,-54257,129971,72747495,BULLS,2026_02,2026-04-18 13:53
SEYKM,-54299,167781,151040901,BULLS,2026_02,2026-04-18 13:53
ZOREN,-61119,1512068,2681244194,BULLS,2026_02,2026-04-18 13:53
ARMGD,-61833,6305,54996000,BULLS,2026_02,2026-04-18 13:53
PETUN,-63416,925380,134673118,BULLS,2026_02,2026-04-18 13:53
EKSUN,-64523,784031,171792833,BULLS,2026_02,2026-04-18 13:53
IMASM,-65647,2159928,622850499,BULLS,2026_02,2026-04-18 13:53
VAKFA,-65963,170389,224999701,BULLS,2026_02,2026-04-18 13:53
BAHKM,-67298,24258,23289000,BULLS,2026_02,2026-04-18 13:53
SAFKR,-69995,387460,139406162,BULLS,2026_02,2026-04-18 13:53
UFUK,-70818,39745374,46845974,BULLS,2026_02,2026-04-18 13:53
BARMA,-73469,30408,68130939,BULLS,2026_02,2026-04-18 13:53
EUREN,-81624,1392486,1040132637,BULLS,2026_02,2026-04-18 13:53
TSGYO,-82405,255053,266499982,BULLS,2026_02,2026-04-18 13:53
RYGYO,-85028,1144908,770588057,BULLS,2026_02,2026-04-18 13:53
ENERY,-85559,68938,2420687469,BULLS,2026_02,2026-04-18 13:53
MNDRS,-86392,1504767,222007982,BULLS,2026_02,2026-04-18 13:53
BERA,-87002,257355,491964370,BULLS,2026_02,2026-04-18 13:53
KAREL,-87596,1272916,329659497,BULLS,2026_02,2026-04-18 13:53
AKFGY,-91845,2442652,3457819313,BULLS,2026_02,2026-04-18 13:53
AKYHO,-92877,4359928,223895870,BULLS,2026_02,2026-04-18 13:53
OFSYM,-92949,50409,22749998,BULLS,2026_02,2026-04-18 13:53
BRKO,-94367,1236334,138220828,BULLS,2026_02,2026-04-18 13:53
SEGYO,-94582,307418,203351321,BULLS,2026_02,2026-04-18 13:53
NATEN,-94638,969645,309375000,BULLS,2026_02,2026-04-18 13:53
PRKME,-94904,41135,53038641,BULLS,2026_02,2026-04-18 13:53
DOHOL,-97255,-139074,984706978,BULLS,2026_02,2026-04-18 13:53
ARDYZ,-98326,196426,279551557,BULLS,2026_02,2026-04-18 13:53
BORLS,-100892,370908,308652686,BULLS,2026_02,2026-04-18 13:53
DITAS,-101606,3781,83407812,BULLS,2026_02,2026-04-18 13:53
EUPWR,-103781,593317,199610525,BULLS,2026_02,2026-04-18 13:53
BALAT,-107204,489679,13585960,BULLS,2026_02,2026-04-18 13:53
LILAK,-107773,271511,260252705,BULLS,2026_02,2026-04-18 13:53
VESTL,-109198,474163,295447203,BULLS,2026_02,2026-04-18 13:53
AGROT,-109886,625213,843999770,BULLS,2026_02,2026-04-18 13:53
TKFEN,-110038,-64147,230848007,BULLS,2026_02,2026-04-18 13:53
QUAGR,-110335,2513784,1773200000,BULLS,2026_02,2026-04-18 13:53
DAGI,-113568,145212,175301274,BULLS,2026_02,2026-04-18 13:53
FLAP,-113668,21890,93599985,BULLS,2026_02,2026-04-18 13:53
ANELE,-116792,44799,151405542,BULLS,2026_02,2026-04-18 13:53
TEKTU,-118943,752832,195639311,BULLS,2026_02,2026-04-18 13:53
ARFYE,-125248,546473,47000000,BULLS,2026_02,2026-04-18 13:53
ALKA,-128425,716014,330750000,BULLS,2026_02,2026-04-18 13:53
HEDEF,-128830,183473,562499930,BULLS,2026_02,2026-04-18 13:53
PRDGS,-131532,257042,110850000,BULLS,2026_02,2026-04-18 13:53
IHYAY,-131997,1800372,388124996,BULLS,2026_02,2026-04-18 13:53
VRGYO,-132155,1231350,597693904,BULLS,2026_02,2026-04-18 13:53
ULUFA,-133055,177461,305269391,BULLS,2026_02,2026-04-18 13:53
JANTS,-137351,263277,207512786,BULLS,2026_02,2026-04-18 13:53
EUYO,-138325,322153,19932875,BULLS,2026_02,2026-04-18 13:53
MARKA,-145644,121189,20752018,BULLS,2026_02,2026-04-18 13:53
ESEN,-147722,259668,682499950,BULLS,2026_02,2026-04-18 13:53
SARKY,-148783,134706,999999671,BULLS,2026_02,2026-04-18 13:53
FENER,-149735,803054,2772321468,BULLS,2026_02,2026-04-18 13:53
GARAN,-150117,-802,2454957798,BULLS,2026_02,2026-04-18 13:53
DMSAS,-151231,124775,199994510,BULLS,2026_02,2026-04-18 13:53
TRILC,-156882,251017,118499496,BULLS,2026_02,2026-04-18 13:53
DMLKTG,-157574,212076,2517503921,BULLS,2026_02,2026-04-18 13:53
YESIL,-159652,1909629,640699949,BULLS,2026_02,2026-04-18 13:53
DCTTR,-166221,644882,157328724,BULLS,2026_02,2026-04-18 13:53
GRTHO,-167770,3972002,36745000,BULLS,2026_02,2026-04-18 13:53
KOTON,-168419,228964,136599922,BULLS,2026_02,2026-04-18 13:53
BJKAS,-171290,845033,1776089716,BULLS,2026_02,2026-04-18 13:53
MEGMT,-180291,175617,72749986,BULLS,2026_02,2026-04-18 13:53
OSMEN,-180939,140080,157750927,BULLS,2026_02,2026-04-18 13:53
BALSU,-185280,397145,278000000,BULLS,2026_02,2026-04-18 13:53
PATEK,-195838,850538,293081892,BULLS,2026_02,2026-04-18 13:53
OZKGY,-198380,1209316,363999945,BULLS,2026_02,2026-04-18 13:53
CEMTS,-202728,368640,233425986,BULLS,2026_02,2026-04-18 13:53
ARCLK,-203098,222136,170054748,BULLS,2026_02,2026-04-18 13:53
CEMAS,-207004,1860704,790994229,BULLS,2026_02,2026-04-18 13:53
KERVN,-210000,162238,588346973,BULLS,2026_02,2026-04-18 13:53
SERNT,-217929,261234,113000000,BULLS,2026_02,2026-04-18 13:53
MHRGY,-228836,194011,310499991,BULLS,2026_02,2026-04-18 13:53
DENGE,-229253,638981,525284797,BULLS,2026_02,2026-04-18 13:53
ENKAI,-233459,-67964,874733059,BULLS,2026_02,2026-04-18 13:53
IHLAS,-234433,2778072,1396079076,BULLS,2026_02,2026-04-18 13:53
BNTAS,-238665,1161593,170624998,BULLS,2026_02,2026-04-18 13:53
AKFYE,-239412,201379,551782160,BULLS,2026_02,2026-04-18 13:53
YKSLN,-252359,648803,197429570,BULLS,2026_02,2026-04-18 13:53
DARDL,-261991,1137416,1753442695,BULLS,2026_02,2026-04-18 13:53
ODAS,-264044,9424804,1113798031,BULLS,2026_02,2026-04-18 13:53
BULGS,-282088,5524452,72499900,BULLS,2026_02,2026-04-18 13:53
FRIGO,-287383,1134608,263258455,BULLS,2026_02,2026-04-18 13:53
AKSEN,-320818,65215,638545796,BULLS,2026_02,2026-04-18 13:53
MERIT,-330183,610248,329748900,BULLS,2026_02,2026-04-18 13:53
TCELL,-332070,148836,1622604373,BULLS,2026_02,2026-04-18 13:53
HURGZ,-362975,243445,220784167,BULLS,2026_02,2026-04-18 13:53
ZERGY,-367331,446865,156799985,BULLS,2026_02,2026-04-18 13:53
SKTAS,-421515,968526,332865443,BULLS,2026_02,2026-04-18 13:53
ALVES,-426749,1172994,1159999780,BULLS,2026_02,2026-04-18 13:53
ENJSA,-441273,-60648,236209270,BULLS,2026_02,2026-04-18 13:53
BEGYO,-495225,170246,290000000,BULLS,2026_02,2026-04-18 13:53
BINHO,-503822,1616608,488884380,BULLS,2026_02,2026-04-18 13:53
ALKIM,-522548,1629062,182767821,BULLS,2026_02,2026-04-18 13:53
TEZOL,-553139,382728,139999972,BULLS,2026_02,2026-04-18 13:53
SNGYO,-569549,1562569,3607173097,BULLS,2026_02,2026-04-18 13:53
EKGYO,-598555,-3030661,1925107366,BULLS,2026_02,2026-04-18 13:53
LINK,-629866,2037544,18231985,BULLS,2026_02,2026-04-18 13:53
ASELS,-631610,1006075,1178597817,BULLS,2026_02,2026-04-18 13:53
HLGYO,-637991,1497204,1075198517,BULLS,2026_02,2026-04-18 13:53
OSTIM,-638979,8888363,510004637,BULLS,2026_02,2026-04-18 13:53
ALARK,-646600,380961,165125148,BULLS,2026_02,2026-04-18 13:53
YUNSA,-659229,1083934,202164056,BULLS,2026_02,2026-04-18 13:53
GUNDG,-684185,83216,18968972,BULLS,2026_02,2026-04-18 13:53
SKBNK,-746503,855002,2498877855,BULLS,2026_02,2026-04-18 13:53
IHGZT,-779921,56930280,570666228,BULLS,2026_02,2026-04-18 13:53
AKCNS,-794723,576129,39359284,BULLS,2026_02,2026-04-18 13:53
VAKFN,-799509,1506122,2064378140,BULLS,2026_02,2026-04-18 13:53
CIMSA,-848589,318550,488404404,BULLS,2026_02,2026-04-18 13:53
AZTEK,-855589,108568,279000000,BULLS,2026_02,2026-04-18 13:53
ALGYO,-893200,749988,989338262,BULLS,2026_02,2026-04-18 13:53
HEKTS,-931913,2880807,3946424642,BULLS,2026_02,2026-04-18 13:53
PETKM,-940081,-32686,1241729843,BULLS,2026_02,2026-04-18 13:53
KATMR,-1014441,2166681,1980989998,BULLS,2026_02,2026-04-18 13:53
RYSAS,-1015987,575264,1504020937,BULLS,2026_02,2026-04-18 13:53
NIBAS,-1109135,247051,267767946,BULLS,2026_02,2026-04-18 13:53
ECOGR,-1200081,1536198,110000000,BULLS,2026_02,2026-04-18 13:53
INFO,-1239797,451024,767463337,BULLS,2026_02,2026-04-18 13:53
KRDMD,-1244605,-911301,780216365,BULLS,2026_02,2026-04-18 13:53
YYAPI,-1310149,2522348,1705025550,BULLS,2026_02,2026-04-18 13:53
VKGYO,-1355322,1728691,1637203242,BULLS,2026_02,2026-04-18 13:53
ZGYO,-1447803,690234,84500000,BULLS,2026_02,2026-04-18 13:53
ASTOR,-2029292,923965,366896261,BULLS,2026_02,2026-04-18 13:53
PAHOL,-2217161,27113378,3999999979,BULLS,2026_02,2026-04-18 13:53
GSRAY,-2658949,9086532,10123744690,BULLS,2026_02,2026-04-18 13:53
GLYHO,-2756514,1332178,1949290631,BULLS,2026_02,2026-04-18 13:53
GENTS,-2758147,2499840,749958921,BULLS,2026_02,2026-04-18 13:53
TRALT,-3051317,1145683,952269019,BULLS,2026_02,2026-04-18 13:53
KONTR,-3862460,464314,936038762,BULLS,2026_02,2026-04-18 13:53
KRDMA,-4415717,17130894,240300917,BULLS,2026_02,2026-04-18 13:53
DAPGM,-6378072,203930050,928276145,BULLS,2026_02,2026-04-18 13:53
PSGYO,-17374229,47342766,2954231556,BULLS,2026_02,2026-04-18 13:53
SASA,-29109686,19092198,25700419936,BULLS,2026_02,2026-04-18 13:53
BTCIM,-56295063,19387405,4052065429,BULLS,2026_02,2026-04-18 13:53
FORMT,-79441749,100842218,1029046010,BULLS,2026_02,2026-04-18 13:53
ALVES,75453300,76320609,1159999780,PUSULA,2026_02,2026-04-18 13:53
GENIL,18912647,18959640,1289069985,PUSULA,2026_02,2026-04-18 13:53
PEKGY,18011539,23222141,4685233406,PUSULA,2026_02,2026-04-18 13:53
ADESE,9288025,11716069,4687131701,PUSULA,2026_02,2026-04-18 13:53
ZOREN,8515087,12769781,2681244194,PUSULA,2026_02,2026-04-18 13:53
KOPOL,4979686,8260371,266319652,PUSULA,2026_02,2026-04-18 13:53
PCILT,4704253,4724787,45014182,PUSULA,2026_02,2026-04-18 13:53
PAHOL,4372452,19911409,3999999979,PUSULA,2026_02,2026-04-18 13:53
KUYAS,3330937,3872828,398957788,PUSULA,2026_02,2026-04-18 13:53
KTLEV,2836204,5024907,1288500000,PUSULA,2026_02,2026-04-18 13:53
TERA,2741591,1968670,240888789,PUSULA,2026_02,2026-04-18 13:53
USAK,1746689,2730016,2436064709,PUSULA,2026_02,2026-04-18 13:53
EUREN,1692660,2239508,1040132637,PUSULA,2026_02,2026-04-18 13:53
KZBGY,1621155,2059501,1959999915,PUSULA,2026_02,2026-04-18 13:53
EYGYO,1376986,3046241,362859667,PUSULA,2026_02,2026-04-18 13:53
GUNDG,1351917,1381679,18968972,PUSULA,2026_02,2026-04-18 13:53
PASEU,1322711,958122,215295868,PUSULA,2026_02,2026-04-18 13:53
HEDEF,1201477,1648858,562499930,PUSULA,2026_02,2026-04-18 13:53
OZGYO,1135256,1792302,490916869,PUSULA,2026_02,2026-04-18 13:53
AVOD,1125547,1870809,253604577,PUSULA,2026_02,2026-04-18 13:53
ODAS,1118371,2233842,1113798031,PUSULA,2026_02,2026-04-18 13:53
RNPOL,1063633,1089696,335900000,PUSULA,2026_02,2026-04-18 13:53
MRGYO,1013131,3250056,1753202571,PUSULA,2026_02,2026-04-18 13:53
TUKAS,994518,3986058,4499995929,PUSULA,2026_02,2026-04-18 13:53
HLGYO,994206,2276189,1075198517,PUSULA,2026_02,2026-04-18 13:53
ARSAN,982047,1716661,887344274,PUSULA,2026_02,2026-04-18 13:53
KLSYN,854043,1209859,107854952,PUSULA,2026_02,2026-04-18 13:53
ATATR,851602,851602,280000000,PUSULA,2026_02,2026-04-18 13:53
SANFM,759269,1491498,225029995,PUSULA,2026_02,2026-04-18 13:53
KBORU,680143,1005848,143999994,PUSULA,2026_02,2026-04-18 13:53
MOPAS,553919,731476,57330000,PUSULA,2026_02,2026-04-18 13:53
MARMR,548741,1573014,961218727,PUSULA,2026_02,2026-04-18 13:53
IZFAS,518414,3386291,156001658,PUSULA,2026_02,2026-04-18 13:53
YYLGD,499391,770613,369826200,PUSULA,2026_02,2026-04-18 13:53
VESBE,441125,502482,503578676,PUSULA,2026_02,2026-04-18 13:53
TYIJWV,435844,435844,2822382,PUSULA,2026_02,2026-04-18 13:53
FONET,435457,742359,577082984,PUSULA,2026_02,2026-04-18 13:53
MARTI,403718,1194586,650112403,PUSULA,2026_02,2026-04-18 13:53
MANAS,403149,973019,255704000,PUSULA,2026_02,2026-04-18 13:53
IHLAS,380990,1285418,1396079076,PUSULA,2026_02,2026-04-18 13:53
ARFYE,359028,411072,47000000,PUSULA,2026_02,2026-04-18 13:53
SAMAT,355481,600013,103183797,PUSULA,2026_02,2026-04-18 13:53
ECOGR,345921,710798,110000000,PUSULA,2026_02,2026-04-18 13:53
BESTE,322318,322318,54578499,PUSULA,2026_02,2026-04-18 13:53
NTGAZ,319961,422492,276000000,PUSULA,2026_02,2026-04-18 13:53
MERCN,312763,403949,74389005,PUSULA,2026_02,2026-04-18 13:53
MEGMT,303572,588918,72749986,PUSULA,2026_02,2026-04-18 13:53
ODINE,301275,302199,52810834,PUSULA,2026_02,2026-04-18 13:53
CVKMD,279758,562171,461999787,PUSULA,2026_02,2026-04-18 13:53
MTRKS,278380,676628,43633165,PUSULA,2026_02,2026-04-18 13:53
MEYSU,277027,1293312,175000000,PUSULA,2026_02,2026-04-18 13:53
BORLS,259840,395976,308652686,PUSULA,2026_02,2026-04-18 13:53
HDFGS,248409,950439,956974191,PUSULA,2026_02,2026-04-18 13:53
IHGZT,228658,391130,570666228,PUSULA,2026_02,2026-04-18 13:53
AKFYE,224168,334017,551782160,PUSULA,2026_02,2026-04-18 13:53
DMRGD,218734,948119,1277294592,PUSULA,2026_02,2026-04-18 13:53
KOCMT,217837,717249,587485478,PUSULA,2026_02,2026-04-18 13:53
CEMZY,206807,219206,124119970,PUSULA,2026_02,2026-04-18 13:53
PETKM,200401,543265,1241729843,PUSULA,2026_02,2026-04-18 13:53
ISKPL,195339,1673960,724625736,PUSULA,2026_02,2026-04-18 13:53
KRVGD,194214,56884,596159766,PUSULA,2026_02,2026-04-18 13:53
METRO,191430,917791,539989959,PUSULA,2026_02,2026-04-18 13:53
TSKB,189915,231217,1516591673,PUSULA,2026_02,2026-04-18 13:53
ENTRA,187254,320709,369383564,PUSULA,2026_02,2026-04-18 13:53
HURGZ,180603,403969,220784167,PUSULA,2026_02,2026-04-18 13:53
DARDL,168355,773079,1753442695,PUSULA,2026_02,2026-04-18 13:53
SILVR,168047,405022,212818206,PUSULA,2026_02,2026-04-18 13:53
ZEDUR,162877,190066,69899992,PUSULA,2026_02,2026-04-18 13:53
KRDMB,158593,173361,118762110,PUSULA,2026_02,2026-04-18 13:53
SKTAS,155920,676626,332865443,PUSULA,2026_02,2026-04-18 13:53
CONSE,154562,374199,377854899,PUSULA,2026_02,2026-04-18 13:53
AKHAN,153948,191258,54700000,PUSULA,2026_02,2026-04-18 13:53
OSTIM,153431,344331,510004637,PUSULA,2026_02,2026-04-18 13:53
ZERGY,152617,334605,156799985,PUSULA,2026_02,2026-04-18 13:53
KCAER,150410,492051,496494775,PUSULA,2026_02,2026-04-18 13:53
PGSUS,143404,217251,295068870,PUSULA,2026_02,2026-04-18 13:53
ALGYO,121124,3652374,989338262,PUSULA,2026_02,2026-04-18 13:53
YESIL,120566,536867,640699949,PUSULA,2026_02,2026-04-18 13:53
BNTAS,116224,193350,170624998,PUSULA,2026_02,2026-04-18 13:53
IHEVA,113500,1130650,291631239,PUSULA,2026_02,2026-04-18 13:53
FRIGO,110278,804119,263258455,PUSULA,2026_02,2026-04-18 13:53
NUGYO,102618,177846,324943976,PUSULA,2026_02,2026-04-18 13:53
ASGYO,98180,398034,165000000,PUSULA,2026_02,2026-04-18 13:53
FZLGY,97761,275542,398427644,PUSULA,2026_02,2026-04-18 13:53
BARMA,94953,751001,68130939,PUSULA,2026_02,2026-04-18 13:53
AHGAZ,94796,301321,659370871,PUSULA,2026_02,2026-04-18 13:53
BERA,92426,206211,491964370,PUSULA,2026_02,2026-04-18 13:53
MOGAN,90714,219992,262635000,PUSULA,2026_02,2026-04-18 13:53
OZYSR,88643,368100,40488000,PUSULA,2026_02,2026-04-18 13:53
BIGCH,88123,125167,368932945,PUSULA,2026_02,2026-04-18 13:53
DURKN,87877,109509,42500000,PUSULA,2026_02,2026-04-18 13:53
ENDAE,82837,92901,123506828,PUSULA,2026_02,2026-04-18 13:53
FRMPL,79943,132515,39997767,PUSULA,2026_02,2026-04-18 13:53
AKGRT,77380,135310,629007625,PUSULA,2026_02,2026-04-18 13:53
KLGYO,76895,463899,689399869,PUSULA,2026_02,2026-04-18 13:53
RTALB,75920,518236,432976722,PUSULA,2026_02,2026-04-18 13:53
AKFIS,74958,108615,66841328,PUSULA,2026_02,2026-04-18 13:53
TUREX,74259,352664,432000000,PUSULA,2026_02,2026-04-18 13:53
KRPLS,71517,158234,78486163,PUSULA,2026_02,2026-04-18 13:53
CGCAM,70291,112544,42000000,PUSULA,2026_02,2026-04-18 13:53
ZGYO,68337,97103,84500000,PUSULA,2026_02,2026-04-18 13:53
YAYLA,66342,214229,39874966,PUSULA,2026_02,2026-04-18 13:53
GRNYO,63593,76581,37386059,PUSULA,2026_02,2026-04-18 13:53
ASTOR,61691,197061,366896261,PUSULA,2026_02,2026-04-18 13:53
GENTS,59466,666720,749958921,PUSULA,2026_02,2026-04-18 13:53
ADGYO,57907,100773,379654333,PUSULA,2026_02,2026-04-18 13:53
DYOBY,57414,232054,186553687,PUSULA,2026_02,2026-04-18 13:53
GEREL,57144,307131,219036379,PUSULA,2026_02,2026-04-18 13:53
AKSA,56776,996780,1503650642,PUSULA,2026_02,2026-04-18 13:53
BJKAS,55502,272652,1776089716,PUSULA,2026_02,2026-04-18 13:53
PNSUT,55161,137872,128323851,PUSULA,2026_02,2026-04-18 13:53
BEYAZ,54110,80818,42317352,PUSULA,2026_02,2026-04-18 13:53
CEOEM,53534,100198,22209658,PUSULA,2026_02,2026-04-18 13:53
MERKO,52684,177876,101104700,PUSULA,2026_02,2026-04-18 13:53
YAPRK,50239,59243,4214998,PUSULA,2026_02,2026-04-18 13:53
HUNER,48585,262956,670137934,PUSULA,2026_02,2026-04-18 13:53
RYGYO,47812,204989,770588057,PUSULA,2026_02,2026-04-18 13:53
MPARK,45171,61955,80869110,PUSULA,2026_02,2026-04-18 13:53
INDES,45145,143519,462749767,PUSULA,2026_02,2026-04-18 13:53
FORMT,44483,619951,1029046010,PUSULA,2026_02,2026-04-18 13:53
KATMR,44371,1797806,1980989998,PUSULA,2026_02,2026-04-18 13:53
SKYLP,43845,54725,7159255,PUSULA,2026_02,2026-04-18 13:53
BOSSA,43488,68329,508724189,PUSULA,2026_02,2026-04-18 13:53
BALSU,42741,83119,278000000,PUSULA,2026_02,2026-04-18 13:53
AKENR,41825,83326,385189146,PUSULA,2026_02,2026-04-18 13:53
AYES,41101,78563,87567109,PUSULA,2026_02,2026-04-18 13:53
VESTL,40371,148540,295447203,PUSULA,2026_02,2026-04-18 13:53
IVIVNV,39999,39999,4034925,PUSULA,2026_02,2026-04-18 13:53
YKSLN,39490,181512,197429570,PUSULA,2026_02,2026-04-18 13:53
PNLSN,39368,45637,34752383,PUSULA,2026_02,2026-04-18 13:53
CEMTS,39281,156848,233425986,PUSULA,2026_02,2026-04-18 13:53
UNLU,36757,106933,102181558,PUSULA,2026_02,2026-04-18 13:53
SNGYO,34836,293991,3607173097,PUSULA,2026_02,2026-04-18 13:53
ERCB,33778,47636,39113273,PUSULA,2026_02,2026-04-18 13:53
SRVGY,33073,252242,812499687,PUSULA,2026_02,2026-04-18 13:53
ADEL,31952,60281,112043619,PUSULA,2026_02,2026-04-18 13:53
BESLR,31765,124435,658098036,PUSULA,2026_02,2026-04-18 13:53
SNICA,29951,411317,321688855,PUSULA,2026_02,2026-04-18 13:53
LYDHO,26659,64436,197140970,PUSULA,2026_02,2026-04-18 13:53
CCOLA,25443,46658,820001147,PUSULA,2026_02,2026-04-18 13:53
GZNMI,25374,45886,40949825,PUSULA,2026_02,2026-04-18 13:53
KNFRT,25348,28619,131747000,PUSULA,2026_02,2026-04-18 13:53
MHRGY,24612,337607,310499991,PUSULA,2026_02,2026-04-18 13:53
ZRGYO,23479,425331,1173404997,PUSULA,2026_02,2026-04-18 13:53
MARBL,22203,127227,65226403,PUSULA,2026_02,2026-04-18 13:53
KAREL,22149,209849,329659497,PUSULA,2026_02,2026-04-18 13:53
EBEBK,21721,28639,40534692,PUSULA,2026_02,2026-04-18 13:53
LILAK,21426,124694,260252705,PUSULA,2026_02,2026-04-18 13:53
BIMAS,20636,33551,436214016,PUSULA,2026_02,2026-04-18 13:53
CIMSA,19962,147101,488404404,PUSULA,2026_02,2026-04-18 13:53
KRDMA,19063,51441,240300917,PUSULA,2026_02,2026-04-18 13:53
ANSGR,18432,39162,1564416026,PUSULA,2026_02,2026-04-18 13:53
GEDZA,18279,32037,42983624,PUSULA,2026_02,2026-04-18 13:53
GWIND,18228,54891,179165491,PUSULA,2026_02,2026-04-18 13:53
ISSEN,18214,175535,107411517,PUSULA,2026_02,2026-04-18 13:53
BOBET,18062,80587,113999998,PUSULA,2026_02,2026-04-18 13:53
ELITE,18012,83554,44650000,PUSULA,2026_02,2026-04-18 13:53
MEGAP,17189,279516,234498757,PUSULA,2026_02,2026-04-18 13:53
YATAS,16509,1776,94866488,PUSULA,2026_02,2026-04-18 13:53
PENGD,16425,111649,171069968,PUSULA,2026_02,2026-04-18 13:53
HRKET,16080,110584,24000000,PUSULA,2026_02,2026-04-18 13:53
PARSN,15484,21769,34033246,PUSULA,2026_02,2026-04-18 13:53
LIDFA,15215,322378,458180545,PUSULA,2026_02,2026-04-18 13:53
OBASE,15013,17366,14924000,PUSULA,2026_02,2026-04-18 13:53
SAFKR,14987,128562,139406162,PUSULA,2026_02,2026-04-18 13:53
KONKA,14748,105494,89670000,PUSULA,2026_02,2026-04-18 13:53
OYLUM,14626,58302,80937367,PUSULA,2026_02,2026-04-18 13:53
ANGEN,14331,122442,86440002,PUSULA,2026_02,2026-04-18 13:53
FROTO,13790,182539,625119847,PUSULA,2026_02,2026-04-18 13:53
EGSER,12799,336700,545751057,PUSULA,2026_02,2026-04-18 13:53
SUNTK,12638,34311,145280000,PUSULA,2026_02,2026-04-18 13:53
ULUFA,12508,368733,305269391,PUSULA,2026_02,2026-04-18 13:53
GOODY,12457,213663,132804473,PUSULA,2026_02,2026-04-18 13:53
EKSUN,12133,334222,171792833,PUSULA,2026_02,2026-04-18 13:53
RODRG,12118,63334,16822352,PUSULA,2026_02,2026-04-18 13:53
AKYHO,11829,1395376,223895870,PUSULA,2026_02,2026-04-18 13:53
RALYH,11732,13240,176370972,PUSULA,2026_02,2026-04-18 13:53
VKFYO,11652,33050,26473700,PUSULA,2026_02,2026-04-18 13:53
BIENY,11183,105779,83144831,PUSULA,2026_02,2026-04-18 13:53
MERIT,10549,16775,329748900,PUSULA,2026_02,2026-04-18 13:53
GRTHO,10383,22105,36745000,PUSULA,2026_02,2026-04-18 13:53
LINK,9501,20985,18231985,PUSULA,2026_02,2026-04-18 13:53
OZATD,9473,32566,13349988,PUSULA,2026_02,2026-04-18 13:53
ARENA,9255,34322,66996461,PUSULA,2026_02,2026-04-18 13:53
AKSUE,9178,20631,56376184,PUSULA,2026_02,2026-04-18 13:53
MAKTK,9104,347651,184370066,PUSULA,2026_02,2026-04-18 13:53
PINSU,9080,61221,101635846,PUSULA,2026_02,2026-04-18 13:53
RYSAS,9039,82789,1504020937,PUSULA,2026_02,2026-04-18 13:53
ICBCT,9015,73099,216761845,PUSULA,2026_02,2026-04-18 13:53
SODSN,8600,51368,45429261,PUSULA,2026_02,2026-04-18 13:53
OTKAR,8351,14736,33417145,PUSULA,2026_02,2026-04-18 13:53
EGPRO,8214,29853,175170570,PUSULA,2026_02,2026-04-18 13:53
ENERY,8185,354670,2420687469,PUSULA,2026_02,2026-04-18 13:53
OYAYO,7456,33831,19999941,PUSULA,2026_02,2026-04-18 13:53
EMPAE,7415,7415,38000000,PUSULA,2026_02,2026-04-18 13:53
ALKIM,7326,45162,182767821,PUSULA,2026_02,2026-04-18 13:53
ATATP,7293,33205,18809999,PUSULA,2026_02,2026-04-18 13:53
DOFRB,6955,21158,45000000,PUSULA,2026_02,2026-04-18 13:53
ATLAS,5743,6606,59999865,PUSULA,2026_02,2026-04-18 13:53
CATES,5553,39800,33050000,PUSULA,2026_02,2026-04-18 13:53
OZKGY,4939,46905,363999945,PUSULA,2026_02,2026-04-18 13:53
RUBNS,4660,18224,42377765,PUSULA,2026_02,2026-04-18 13:53
DOAS,4580,31584,97899975,PUSULA,2026_02,2026-04-18 13:53
LOGO,4483,9342,74328248,PUSULA,2026_02,2026-04-18 13:53
PENTA,4276,84385,181070136,PUSULA,2026_02,2026-04-18 13:53
DESA,4256,18173,171107590,PUSULA,2026_02,2026-04-18 13:53
DGGYO,3751,6556,280709437,PUSULA,2026_02,2026-04-18 13:53
MAKIM,3486,9165,42559998,PUSULA,2026_02,2026-04-18 13:53
TTRAK,3468,16074,24967158,PUSULA,2026_02,2026-04-18 13:53
AFYON,3433,95369,399992258,PUSULA,2026_02,2026-04-18 13:53
MARKA,3429,6676,20752018,PUSULA,2026_02,2026-04-18 13:53
GRSEL,3189,18326,29650000,PUSULA,2026_02,2026-04-18 13:53
EUHOL,3064,42362,142999954,PUSULA,2026_02,2026-04-18 13:53
OYYAT,3037,23071,91048322,PUSULA,2026_02,2026-04-18 13:53
TKFEN,2979,26970,230848007,PUSULA,2026_02,2026-04-18 13:53
BALAT,2778,108269,13585960,PUSULA,2026_02,2026-04-18 13:53
ISBIR,2676,10201,14520542,PUSULA,2026_02,2026-04-18 13:53
JANTS,2460,44323,207512786,PUSULA,2026_02,2026-04-18 13:53
ENJSA,2337,21540,236209270,PUSULA,2026_02,2026-04-18 13:53
LIDER,2138,53149,279500000,PUSULA,2026_02,2026-04-18 13:53
BMSTL,2137,155576,74772261,PUSULA,2026_02,2026-04-18 13:53
BLUME,2126,145161,174710134,PUSULA,2026_02,2026-04-18 13:53
QNBTR,2060,25776,2571745911,PUSULA,2026_02,2026-04-18 13:53
EUKYO,2029,163826,19899963,PUSULA,2026_02,2026-04-18 13:53
MTRYO,1995,62557,39900000,PUSULA,2026_02,2026-04-18 13:53
IZINV,1953,6133,13540386,PUSULA,2026_02,2026-04-18 13:53
KERVN,1872,496057,588346973,PUSULA,2026_02,2026-04-18 13:53
DZGYO,1868,45446,399777846,PUSULA,2026_02,2026-04-18 13:53
BRSAN,1765,15265,35912460,PUSULA,2026_02,2026-04-18 13:53
TABGD,1719,6100,52499906,PUSULA,2026_02,2026-04-18 13:53
YUNSA,1631,2294093,202164056,PUSULA,2026_02,2026-04-18 13:53
BURCE,1547,14295,44422390,PUSULA,2026_02,2026-04-18 13:53
BAHKM,1449,7443,23289000,PUSULA,2026_02,2026-04-18 13:53
KUVVA,1288,6788,24204585,PUSULA,2026_02,2026-04-18 13:53
ATSYH,1266,4931,7998869,PUSULA,2026_02,2026-04-18 13:53
DUNYH,1127,47467,36443197,PUSULA,2026_02,2026-04-18 13:53
FORTE,987,16371,21999999,PUSULA,2026_02,2026-04-18 13:53
TBORG,792,5043,59392160,PUSULA,2026_02,2026-04-18 13:53
CRFSA,782,9791,18312793,PUSULA,2026_02,2026-04-18 13:53
COSMO,743,1051,6494091,PUSULA,2026_02,2026-04-18 13:53
BFREN,733,4227,24586148,PUSULA,2026_02,2026-04-18 13:53
BRMEN,580,50561,57566555,PUSULA,2026_02,2026-04-18 13:53
ECZYT,561,8407,45880511,PUSULA,2026_02,2026-04-18 13:53
GMSTRF,509,19031,73800000,PUSULA,2026_02,2026-04-18 13:53
DGATE,508,94682,15227271,PUSULA,2026_02,2026-04-18 13:53
AVGYO,476,43278,111590302,PUSULA,2026_02,2026-04-18 13:53
BAKAB,463,6070,34985326,PUSULA,2026_02,2026-04-18 13:53
PRKAB,385,16811,35225443,PUSULA,2026_02,2026-04-18 13:53
CASA,363,3093,4894317,PUSULA,2026_02,2026-04-18 13:53
MAALT,355,1052,4763850,PUSULA,2026_02,2026-04-18 13:53
ERBOS,333,6797,15899843,PUSULA,2026_02,2026-04-18 13:53
KENT,282,576,1786507,PUSULA,2026_02,2026-04-18 13:53
ZGOLDF,279,2122,152040000,PUSULA,2026_02,2026-04-18 13:53
TUPRS,278,159357,902334139,PUSULA,2026_02,2026-04-18 13:53
BASCM,261,1181,49238593,PUSULA,2026_02,2026-04-18 13:53
KZGYO,242,38570,49999978,PUSULA,2026_02,2026-04-18 13:53
AYCES,203,1079,1895369,PUSULA,2026_02,2026-04-18 13:53
BRISA,187,4066,31247472,PUSULA,2026_02,2026-04-18 13:53
GOZDE,107,18746,384991447,PUSULA,2026_02,2026-04-18 13:53
SONME,102,2654,4349319,PUSULA,2026_02,2026-04-18 13:53
INGRM,98,1035,14969536,PUSULA,2026_02,2026-04-18 13:53
ENSRI,73,11982,236333503,PUSULA,2026_02,2026-04-18 13:53
CLEBI,72,1457,5490178,PUSULA,2026_02,2026-04-18 13:53
SUMAS,50,2210,5434738,PUSULA,2026_02,2026-04-18 13:53
EMNIS,48,4874,3429235,PUSULA,2026_02,2026-04-18 13:53
MRSHL,20,674,4212888,PUSULA,2026_02,2026-04-18 13:53
EGEEN,18,2018,1137161,PUSULA,2026_02,2026-04-18 13:53
CMENT,18,2241,56829666,PUSULA,2026_02,2026-04-18 13:53
ORMA,14,1102,3663265,PUSULA,2026_02,2026-04-18 13:53
POLTK,10,137,1125000,PUSULA,2026_02,2026-04-18 13:53
DMISH,3,5,41526838,PUSULA,2026_02,2026-04-18 13:53
MEPET,2,15414,73940585,PUSULA,2026_02,2026-04-18 13:53
AAIDZV,1,1,1778964,PUSULA,2026_02,2026-04-18 13:53
MRTGG,0,14130,14339249,PUSULA,2026_02,2026-04-18 13:53
FENIS,0,1,26080019,PUSULA,2026_02,2026-04-18 13:53
UKIM,0,5000,2053621,PUSULA,2026_02,2026-04-18 13:53
LIOYS,0,7250,31625013,PUSULA,2026_02,2026-04-18 13:53
UMPAS,0,64227,19421124,PUSULA,2026_02,2026-04-18 13:53
PRTAS,0,0,21405233,PUSULA,2026_02,2026-04-18 13:53
UNTAR,0,10350,29562129,PUSULA,2026_02,2026-04-18 13:53
EGYO,0,4500,36676214,PUSULA,2026_02,2026-04-18 13:53
EKIZ,0,62,8198720,PUSULA,2026_02,2026-04-18 13:53
UZEL,0,124850,26329793,PUSULA,2026_02,2026-04-18 13:53
LYDYE,0,18,1391287,PUSULA,2026_02,2026-04-18 13:53
AKSEL,0,1,7100000,PUSULA,2026_02,2026-04-18 13:53
CBSBO,0,500,14692447,PUSULA,2026_02,2026-04-18 13:53
ASYAB,0,112752,477899601,PUSULA,2026_02,2026-04-18 13:53
ATAC,0,66667,103398067,PUSULA,2026_02,2026-04-18 13:53
YGYO,0,508255,1310632851,PUSULA,2026_02,2026-04-18 13:53
FVORI,0,18039,17564673,PUSULA,2026_02,2026-04-18 13:53
APMDLF,0,150,12300000,PUSULA,2026_02,2026-04-18 13:53
SALIX,0,2,4949230,PUSULA,2026_02,2026-04-18 13:53
GATEG,0,3227,10570341,PUSULA,2026_02,2026-04-18 13:53
ARTOG,0,1,18578922,PUSULA,2026_02,2026-04-18 13:53
ENPRA,0,8864,15294299,PUSULA,2026_02,2026-04-18 13:53
SKPLC,0,501,13084995,PUSULA,2026_02,2026-04-18 13:53
BMEKS,0,35284,114192339,PUSULA,2026_02,2026-04-18 13:53
MEMSA,0,14507,160110709,PUSULA,2026_02,2026-04-18 13:53
GENYH,0,19619,9999906,PUSULA,2026_02,2026-04-18 13:53
PAGYO,0,2908,57781202,PUSULA,2026_02,2026-04-18 13:53
ATPET,0,21670,11403497,PUSULA,2026_02,2026-04-18 13:53
KSTUR,0,79,3952560,PUSULA,2026_02,2026-04-18 13:53
EGCEY,0,8162,19749798,PUSULA,2026_02,2026-04-18 13:53
GOLDS,0,302820,192323946,PUSULA,2026_02,2026-04-18 13:53
EGCYH,0,310,39900235,PUSULA,2026_02,2026-04-18 13:53
EGCYO,0,2,21986285,PUSULA,2026_02,2026-04-18 13:53
LATEK,0,12001,39499512,PUSULA,2026_02,2026-04-18 13:53
BYSAN,0,18373,16552134,PUSULA,2026_02,2026-04-18 13:53
TRNSK,0,1000,25616249,PUSULA,2026_02,2026-04-18 13:53
CLKHO,0,12467,26183651,PUSULA,2026_02,2026-04-18 13:53
AKPAZ,0,35619,22488832,PUSULA,2026_02,2026-04-18 13:53
TUMTK,0,8070,76370187,PUSULA,2026_02,2026-04-18 13:53
UFUK,-2,4402,46845974,PUSULA,2026_02,2026-04-18 13:53
CMBTN,-3,1771,1023000,PUSULA,2026_02,2026-04-18 13:53
KONYA,-7,348,1646416,PUSULA,2026_02,2026-04-18 13:53
YGGYO,-7,91,240625741,PUSULA,2026_02,2026-04-18 13:53
KLNMA,-10,40050,91846864,PUSULA,2026_02,2026-04-18 13:53
AKMGY,-12,8629,21568998,PUSULA,2026_02,2026-04-18 13:53
ANELT,-18,1,43199817,PUSULA,2026_02,2026-04-18 13:53
ARMGD,-29,662,54996000,PUSULA,2026_02,2026-04-18 13:53
NUHCM,-46,2708,33163299,PUSULA,2026_02,2026-04-18 13:53
LUKSK,-57,4708,27257202,PUSULA,2026_02,2026-04-18 13:53
KLRHO,-63,435,341250000,PUSULA,2026_02,2026-04-18 13:53
ALCTL,-74,3703,13543218,PUSULA,2026_02,2026-04-18 13:53
TGSAS,-84,691,12348294,PUSULA,2026_02,2026-04-18 13:53
TRMET,-85,27519,174483588,PUSULA,2026_02,2026-04-18 13:53
DIRIT,-91,2570,10150123,PUSULA,2026_02,2026-04-18 13:53
SAYAS,-93,11948,42530887,PUSULA,2026_02,2026-04-18 13:53
PAMEL,-107,2584,21533681,PUSULA,2026_02,2026-04-18 13:53
ALCAR,-109,438,1721735,PUSULA,2026_02,2026-04-18 13:53
ICUGS,-143,417494,336250000,PUSULA,2026_02,2026-04-18 13:53
OTTO,-144,5981,5824438,PUSULA,2026_02,2026-04-18 13:53
DOGUB,-180,129,19821566,PUSULA,2026_02,2026-04-18 13:53
TCKRC,-245,26314,70000000,PUSULA,2026_02,2026-04-18 13:53
ZPLIBF,-250,150,190200000,PUSULA,2026_02,2026-04-18 13:53
FMIZP,-257,611,3497641,PUSULA,2026_02,2026-04-18 13:53
INTEK,-269,831,5043584,PUSULA,2026_02,2026-04-18 13:53
KTSKR,-295,30574,14691795,PUSULA,2026_02,2026-04-18 13:53
KAPLM,-371,3924,4563571,PUSULA,2026_02,2026-04-18 13:53
TOASO,-380,35417,120585076,PUSULA,2026_02,2026-04-18 13:53
ACSEL,-408,2971,8589113,PUSULA,2026_02,2026-04-18 13:53
YONGA,-409,6682,7198435,PUSULA,2026_02,2026-04-18 13:53
EDIP,-448,3281,36468204,PUSULA,2026_02,2026-04-18 13:53
QNBFK,-460,6889,843137646,PUSULA,2026_02,2026-04-18 13:53
EGGUB,-509,7423,75862197,PUSULA,2026_02,2026-04-18 13:53
YBTAS,-519,23692,31595793,PUSULA,2026_02,2026-04-18 13:53
MNDRS,-521,15457,222007982,PUSULA,2026_02,2026-04-18 13:53
IHAAS,-537,2380,56031248,PUSULA,2026_02,2026-04-18 13:53
GLDTRF,-537,3772,45850000,PUSULA,2026_02,2026-04-18 13:53
KUTPO,-573,12309,10524430,PUSULA,2026_02,2026-04-18 13:53
ERSU,-577,13015,31755894,PUSULA,2026_02,2026-04-18 13:53
INTEM,-591,9859,9428747,PUSULA,2026_02,2026-04-18 13:53
TRGYO,-698,10125,251573369,PUSULA,2026_02,2026-04-18 13:53
GLRMK,-702,29599,38760000,PUSULA,2026_02,2026-04-18 13:53
BRYAT,-727,4821,10264685,PUSULA,2026_02,2026-04-18 13:53
ATAKP,-819,18959,28224000,PUSULA,2026_02,2026-04-18 13:53
KIMMR,-840,128,75000000,PUSULA,2026_02,2026-04-18 13:53
VERUS,-925,2274,34499937,PUSULA,2026_02,2026-04-18 13:53
SEYKM,-926,484043,151040901,PUSULA,2026_02,2026-04-18 13:53
AYGAZ,-928,769,98568807,PUSULA,2026_02,2026-04-18 13:53
RAYSG,-953,7949,51947024,PUSULA,2026_02,2026-04-18 13:53
ORGE,-961,32690,41839996,PUSULA,2026_02,2026-04-18 13:53
ARTI,-965,101,9881683,PUSULA,2026_02,2026-04-18 13:53
GLBMD,-1080,14335,28880500,PUSULA,2026_02,2026-04-18 13:53
KARTN,-1194,20738,72781126,PUSULA,2026_02,2026-04-18 13:53
BANVT,-1202,10827,36961044,PUSULA,2026_02,2026-04-18 13:53
CRDFA,-1292,79833,74996857,PUSULA,2026_02,2026-04-18 13:53
EUYO,-1294,28868,19932875,PUSULA,2026_02,2026-04-18 13:53
BIGTK,-1555,1820,23834373,PUSULA,2026_02,2026-04-18 13:53
SELEC,-1604,18935,124262097,PUSULA,2026_02,2026-04-18 13:53
GIPTA,-1608,23793,51617863,PUSULA,2026_02,2026-04-18 13:53
TRCAS,-1618,46335,206252778,PUSULA,2026_02,2026-04-18 13:53
PSDTC,-1714,16192,6599991,PUSULA,2026_02,2026-04-18 13:53
ISFIN,-1743,32074,310154523,PUSULA,2026_02,2026-04-18 13:53
ULKER,-1750,26896,338855989,PUSULA,2026_02,2026-04-18 13:53
TARKM,-1812,2981,4999997,PUSULA,2026_02,2026-04-18 13:53
LKMNH,-1833,749409,163262533,PUSULA,2026_02,2026-04-18 13:53
SANKO,-1854,9142,37499197,PUSULA,2026_02,2026-04-18 13:53
ISYAT,-1901,158774,152245569,PUSULA,2026_02,2026-04-18 13:53
INVES,-1976,67,37480000,PUSULA,2026_02,2026-04-18 13:53
BRKSN,-1980,44067,62639942,PUSULA,2026_02,2026-04-18 13:53
ARAT,-2000,2858,39867975,PUSULA,2026_02,2026-04-18 13:53
SDTTR,-2050,12034,15990000,PUSULA,2026_02,2026-04-18 13:53
ONCSM,-2062,5220,10086000,PUSULA,2026_02,2026-04-18 13:53
BURVA,-2068,321,4723271,PUSULA,2026_02,2026-04-18 13:53
TTKOM,-2105,50073,524999999,PUSULA,2026_02,2026-04-18 13:53
SMRVA,-2182,15685,28000000,PUSULA,2026_02,2026-04-18 13:53
BINBN,-2213,4091,17000000,PUSULA,2026_02,2026-04-18 13:53
DAGI,-2321,348059,175301274,PUSULA,2026_02,2026-04-18 13:53
MMCAS,-2322,8110,12393964,PUSULA,2026_02,2026-04-18 13:53
GUBRF,-2345,15647,85359737,PUSULA,2026_02,2026-04-18 13:53
PKENT,-2464,10568,23766169,PUSULA,2026_02,2026-04-18 13:53
DESPC,-2535,5887,16023700,PUSULA,2026_02,2026-04-18 13:53
AVTUR,-2617,35633,43067999,PUSULA,2026_02,2026-04-18 13:53
VKING,-2687,18188,30932905,PUSULA,2026_02,2026-04-18 13:53
BYDNR,-2973,131231,22999984,PUSULA,2026_02,2026-04-18 13:53
AHSGY,-2989,45404,184999889,PUSULA,2026_02,2026-04-18 13:53
IDGYO,-3053,20982,119234999,PUSULA,2026_02,2026-04-18 13:53
AYEN,-3082,72397,55531320,PUSULA,2026_02,2026-04-18 13:53
NETAS,-3209,6818,31783484,PUSULA,2026_02,2026-04-18 13:53
ULUSE,-3269,2082,24000000,PUSULA,2026_02,2026-04-18 13:53
AKSGY,-3355,269146,1628451947,PUSULA,2026_02,2026-04-18 13:53
OFSYM,-3409,23050,22749998,PUSULA,2026_02,2026-04-18 13:53
TRHOL,-3429,146927,17635692,PUSULA,2026_02,2026-04-18 13:53
AVPGY,-3457,15644,99999990,PUSULA,2026_02,2026-04-18 13:53
DEVA,-3717,10985,199971824,PUSULA,2026_02,2026-04-18 13:53
PETUN,-3753,202101,134673118,PUSULA,2026_02,2026-04-18 13:53
SNPAM,-3965,479,19679871,PUSULA,2026_02,2026-04-18 13:53
AGYO,-3975,126127,129036460,PUSULA,2026_02,2026-04-18 13:53
ARTMS,-3981,40141,24199999,PUSULA,2026_02,2026-04-18 13:53
AVHOL,-4138,6531,26047279,PUSULA,2026_02,2026-04-18 13:53
TLMAN,-4139,8561,10300000,PUSULA,2026_02,2026-04-18 13:53
DERIM,-4151,1825,40403770,PUSULA,2026_02,2026-04-18 13:53
INVEO,-4209,63789,998999954,PUSULA,2026_02,2026-04-18 13:53
BMSCH,-4464,38091,69277402,PUSULA,2026_02,2026-04-18 13:53
PRKME,-4483,38669,53038641,PUSULA,2026_02,2026-04-18 13:53
TRILC,-4924,69298,118499496,PUSULA,2026_02,2026-04-18 13:53
BAGFS,-4969,83273,100042745,PUSULA,2026_02,2026-04-18 13:53
BVSAN,-5186,8228,13749998,PUSULA,2026_02,2026-04-18 13:53
ETYAT,-5310,28451,17735341,PUSULA,2026_02,2026-04-18 13:53
VAKKO,-5492,1515,30788486,PUSULA,2026_02,2026-04-18 13:53
GARAN,-5806,47527,2454957798,PUSULA,2026_02,2026-04-18 13:53
SMART,-5965,24396,29737499,PUSULA,2026_02,2026-04-18 13:53
ALFAS,-6194,60025,84639559,PUSULA,2026_02,2026-04-18 13:53
ASUZU,-6393,25185,41130807,PUSULA,2026_02,2026-04-18 13:53
MEDTR,-6461,3439,24499999,PUSULA,2026_02,2026-04-18 13:53
SANEL,-6721,19271,18112451,PUSULA,2026_02,2026-04-18 13:53
TMPOL,-6866,2359,11039990,PUSULA,2026_02,2026-04-18 13:53
AGESA,-7062,8365,35829553,PUSULA,2026_02,2026-04-18 13:53
FADE,-7077,299414,42347497,PUSULA,2026_02,2026-04-18 13:53
BUCIM,-7232,56727,1292638065,PUSULA,2026_02,2026-04-18 13:53
POLHO,-7491,21229,164140074,PUSULA,2026_02,2026-04-18 13:53
ANHYT,-7659,4641,88457041,PUSULA,2026_02,2026-04-18 13:53
GOLTS,-7763,2582,12422783,PUSULA,2026_02,2026-04-18 13:53
BRKVY,-7835,329416,13618361,PUSULA,2026_02,2026-04-18 13:53
ARASE,-8431,5550,49999991,PUSULA,2026_02,2026-04-18 13:53
DGNMO,-8445,84595,327634635,PUSULA,2026_02,2026-04-18 13:53
DOKTA,-8459,5017,145872862,PUSULA,2026_02,2026-04-18 13:53
ULAS,-8589,21575,25200172,PUSULA,2026_02,2026-04-18 13:53
KFEIN,-8828,95062,150306170,PUSULA,2026_02,2026-04-18 13:53
DMSAS,-8972,127795,199994510,PUSULA,2026_02,2026-04-18 13:53
OSMEN,-9017,61221,157750927,PUSULA,2026_02,2026-04-18 13:53
SEGMN,-9057,2790,80999980,PUSULA,2026_02,2026-04-18 13:53
ATEKS,-9576,2319,5441598,PUSULA,2026_02,2026-04-18 13:53
OZRDN,-9617,16137,57107579,PUSULA,2026_02,2026-04-18 13:53
UCAYM,-9695,60735,60000000,PUSULA,2026_02,2026-04-18 13:53
HOROZ,-9897,2833,24599986,PUSULA,2026_02,2026-04-18 13:53
ALARK,-10137,36687,165125148,PUSULA,2026_02,2026-04-18 13:53
ISGYO,-10452,6625,531312439,PUSULA,2026_02,2026-04-18 13:53
MSGYO,-10453,590473,169650150,PUSULA,2026_02,2026-04-18 13:53
KGYO,-10745,4095583,767895148,PUSULA,2026_02,2026-04-18 13:53
BASGZ,-10882,3869,174999999,PUSULA,2026_02,2026-04-18 13:53
KCHOL,-11226,47404,674052308,PUSULA,2026_02,2026-04-18 13:53
KOTON,-11283,47772,136599922,PUSULA,2026_02,2026-04-18 13:53
VSNMD,-11628,22484,24000000,PUSULA,2026_02,2026-04-18 13:53
AYDEM,-11722,8074,130000000,PUSULA,2026_02,2026-04-18 13:53
ESEN,-11802,904465,682499950,PUSULA,2026_02,2026-04-18 13:53
TRENJ,-12075,10088,98018735,PUSULA,2026_02,2026-04-18 13:53
SEKFK,-12195,26104,62311473,PUSULA,2026_02,2026-04-18 13:53
VANGD,-12462,78209,24374995,PUSULA,2026_02,2026-04-18 13:53
BRLSM,-12932,115005,108025075,PUSULA,2026_02,2026-04-18 13:53
THYAO,-12981,137087,739463453,PUSULA,2026_02,2026-04-18 13:53
ASELS,-13152,121216,1178597817,PUSULA,2026_02,2026-04-18 13:53
YEOTK,-13512,59326,160933198,PUSULA,2026_02,2026-04-18 13:53
RGYAS,-13519,2210,105523000,PUSULA,2026_02,2026-04-18 13:53
GSDHO,-13579,95192,999994969,PUSULA,2026_02,2026-04-18 13:53
KRTEK,-13849,38341,18914650,PUSULA,2026_02,2026-04-18 13:53
ALKLC,-13883,22571,45382467,PUSULA,2026_02,2026-04-18 13:53
MGROS,-14019,8018,96563550,PUSULA,2026_02,2026-04-18 13:53
GEDIK,-14167,214589,983076857,PUSULA,2026_02,2026-04-18 13:53
LMKDC,-14224,47778,155929999,PUSULA,2026_02,2026-04-18 13:53
GLCVY,-14302,41653,26400000,PUSULA,2026_02,2026-04-18 13:53
HKTM,-14719,51114,72747495,PUSULA,2026_02,2026-04-18 13:53
NETCD,-15141,10459,40000000,PUSULA,2026_02,2026-04-18 13:53
TMSN,-15174,15925,44449988,PUSULA,2026_02,2026-04-18 13:53
PKART,-15200,17849,11048497,PUSULA,2026_02,2026-04-18 13:53
KRONT,-15321,7447,116892885,PUSULA,2026_02,2026-04-18 13:53
DOFER,-15439,9730,20172500,PUSULA,2026_02,2026-04-18 13:53
DNISI,-15994,37542,59171727,PUSULA,2026_02,2026-04-18 13:53
VBTYZ,-16127,44721,56160000,PUSULA,2026_02,2026-04-18 13:53
ISMEN,-17141,71644,467723147,PUSULA,2026_02,2026-04-18 13:53
MACKO,-17197,36842,41500000,PUSULA,2026_02,2026-04-18 13:53
DSTKF,-17220,-13606,84533333,PUSULA,2026_02,2026-04-18 13:53
EGEGY,-17515,350342,69140000,PUSULA,2026_02,2026-04-18 13:53
HTTBT,-18388,15335,82805422,PUSULA,2026_02,2026-04-18 13:53
GSDDE,-18688,92718,106850751,PUSULA,2026_02,2026-04-18 13:53
EFOR,-18963,12954,670679994,PUSULA,2026_02,2026-04-18 13:53
KORDS,-19645,16148,65421451,PUSULA,2026_02,2026-04-18 13:53
ALKA,-20552,435301,330750000,PUSULA,2026_02,2026-04-18 13:53
GLYHO,-20746,23733,1949290631,PUSULA,2026_02,2026-04-18 13:53
ULUUN,-21209,57325,290523352,PUSULA,2026_02,2026-04-18 13:53
ISGSY,-21758,7019,47378729,PUSULA,2026_02,2026-04-18 13:53
VERTU,-21774,10491,22000000,PUSULA,2026_02,2026-04-18 13:53
AKCNS,-22659,11483,39359284,PUSULA,2026_02,2026-04-18 13:53
ARDYZ,-23119,96551,279551557,PUSULA,2026_02,2026-04-18 13:53
TKNSA,-23469,42754,100485379,PUSULA,2026_02,2026-04-18 13:53
TEKTU,-23499,196775,195639311,PUSULA,2026_02,2026-04-18 13:53
GOKNR,-24991,88367,178040711,PUSULA,2026_02,2026-04-18 13:53
SERNT,-25018,238479,113000000,PUSULA,2026_02,2026-04-18 13:53
SUWEN,-25141,23042,365687500,PUSULA,2026_02,2026-04-18 13:53
BIZIM,-25252,31001,27601626,PUSULA,2026_02,2026-04-18 13:53
CUSAN,-25539,6255,18500000,PUSULA,2026_02,2026-04-18 13:53
ESCOM,-26296,60947,463831670,PUSULA,2026_02,2026-04-18 13:53
KLMSN,-27232,49058,30881297,PUSULA,2026_02,2026-04-18 13:53
KLYPV,-27301,36826,46334639,PUSULA,2026_02,2026-04-18 13:53
ATAGY,-27959,11903,45670114,PUSULA,2026_02,2026-04-18 13:53
TAVHL,-28253,-37979,213213415,PUSULA,2026_02,2026-04-18 13:53
KMPUR,-28595,60573,132432524,PUSULA,2026_02,2026-04-18 13:53
TNZTP,-29338,87552,87499950,PUSULA,2026_02,2026-04-18 13:53
KLSER,-29659,96650,109457566,PUSULA,2026_02,2026-04-18 13:53
ETILR,-30801,75882,156217454,PUSULA,2026_02,2026-04-18 13:53
PRDGS,-31115,25889,110850000,PUSULA,2026_02,2026-04-18 13:53
ONRYT,-31961,44876,19730000,PUSULA,2026_02,2026-04-18 13:53
MAVI,-34109,51381,576779312,PUSULA,2026_02,2026-04-18 13:53
GESAN,-34228,87913,141759180,PUSULA,2026_02,2026-04-18 13:53
ISDMR,-34370,149013,147623050,PUSULA,2026_02,2026-04-18 13:53
KLKIM,-34384,44777,138383655,PUSULA,2026_02,2026-04-18 13:53
TEZOL,-34394,165187,139999972,PUSULA,2026_02,2026-04-18 13:53
DOHOL,-34638,98123,984706978,PUSULA,2026_02,2026-04-18 13:53
BLCYT,-34729,159495,49088907,PUSULA,2026_02,2026-04-18 13:53
HATSN,-34964,22773,44299964,PUSULA,2026_02,2026-04-18 13:53
ANELE,-35089,43627,151405542,PUSULA,2026_02,2026-04-18 13:53
RUZYE,-35096,74906,267748491,PUSULA,2026_02,2026-04-18 13:53
BULGS,-35876,53578,72499900,PUSULA,2026_02,2026-04-18 13:53
MNDTR,-36009,257106,910071938,PUSULA,2026_02,2026-04-18 13:53
OZSUB,-37388,13155,42499126,PUSULA,2026_02,2026-04-18 13:53
SURGY,-38144,30877,44999990,PUSULA,2026_02,2026-04-18 13:53
SOKE,-39728,78891,126999996,PUSULA,2026_02,2026-04-18 13:53
HALKB,-39863,311698,6546422780,PUSULA,2026_02,2026-04-18 13:53
TCELL,-42185,46641,1622604373,PUSULA,2026_02,2026-04-18 13:53
EDATA,-42669,68054,160065395,PUSULA,2026_02,2026-04-18 13:53
GEDIZ,-42787,5000,7163595,PUSULA,2026_02,2026-04-18 13:53
TATGD,-43456,20166,119286243,PUSULA,2026_02,2026-04-18 13:53
AGROT,-44804,620652,843999770,PUSULA,2026_02,2026-04-18 13:53
VRGYO,-44820,536386,597693904,PUSULA,2026_02,2026-04-18 13:53
SOKM,-45080,93065,448708248,PUSULA,2026_02,2026-04-18 13:53
PLTUR,-45457,797364,49500000,PUSULA,2026_02,2026-04-18 13:53
MIATK,-46099,298747,313087979,PUSULA,2026_02,2026-04-18 13:53
BIOEN,-46103,92772,197983418,PUSULA,2026_02,2026-04-18 13:53
AZTEK,-47865,209865,279000000,PUSULA,2026_02,2026-04-18 13:53
IEYHO,-47876,193304,541032947,PUSULA,2026_02,2026-04-18 13:53
GARFA,-48111,7849,138399778,PUSULA,2026_02,2026-04-18 13:53
ECILC,-48599,46550,210589603,PUSULA,2026_02,2026-04-18 13:53
KONTR,-48951,1120954,936038762,PUSULA,2026_02,2026-04-18 13:53
PAPIL,-49357,174684,206247674,PUSULA,2026_02,2026-04-18 13:53
PATEK,-53328,359514,293081892,PUSULA,2026_02,2026-04-18 13:53
MZHLD,-54491,220328,72215314,PUSULA,2026_02,2026-04-18 13:53
GMTAS,-56675,46178,298687813,PUSULA,2026_02,2026-04-18 13:53
NATEN,-65480,190114,309375000,PUSULA,2026_02,2026-04-18 13:53
DCTTR,-66675,142402,157328724,PUSULA,2026_02,2026-04-18 13:53
OYAKC,-66859,146739,4656879379,PUSULA,2026_02,2026-04-18 13:53
CEMAS,-70953,355048,790994229,PUSULA,2026_02,2026-04-18 13:53
YIGIT,-72961,184515,74999975,PUSULA,2026_02,2026-04-18 13:53
ARCLK,-74599,24807,170054748,PUSULA,2026_02,2026-04-18 13:53
BEGYO,-77284,374489,290000000,PUSULA,2026_02,2026-04-18 13:53
CELHA,-77401,22993,146124228,PUSULA,2026_02,2026-04-18 13:53
CWENE,-78240,199253,530758241,PUSULA,2026_02,2026-04-18 13:53
EUPWR,-78624,213872,199610525,PUSULA,2026_02,2026-04-18 13:53
HEKTS,-83058,2896696,3946424642,PUSULA,2026_02,2026-04-18 13:53
AKFGY,-85668,329831,3457819313,PUSULA,2026_02,2026-04-18 13:53
TDGYO,-87622,531882,59898213,PUSULA,2026_02,2026-04-18 13:53
DURDO,-87910,911235,379703149,PUSULA,2026_02,2026-04-18 13:53
SASA,-93070,10910557,25700419936,PUSULA,2026_02,2026-04-18 13:53
KRSTL,-96051,11701,183664642,PUSULA,2026_02,2026-04-18 13:53
MEKAG,-96725,181573,320319999,PUSULA,2026_02,2026-04-18 13:53
NTHOL,-97078,13697,485479112,PUSULA,2026_02,2026-04-18 13:53
DITAS,-103296,114153,83407812,PUSULA,2026_02,2026-04-18 13:53
HUBVC,-104205,618169,277189572,PUSULA,2026_02,2026-04-18 13:53
LRSHO,-107971,408005,724120946,PUSULA,2026_02,2026-04-18 13:53
TURGG,-110246,8181,32042988,PUSULA,2026_02,2026-04-18 13:53
EREGL,-110922,728644,3554238535,PUSULA,2026_02,2026-04-18 13:53
MAGEN,-112194,31934,719512140,PUSULA,2026_02,2026-04-18 13:53
IHYAY,-113871,573642,388124996,PUSULA,2026_02,2026-04-18 13:53
SMRTG,-116310,167345,664164672,PUSULA,2026_02,2026-04-18 13:53
SKBNK,-123986,255653,2498877855,PUSULA,2026_02,2026-04-18 13:53
BRKO,-127137,917227,138220828,PUSULA,2026_02,2026-04-18 13:53
SISE,-128808,457861,1814905642,PUSULA,2026_02,2026-04-18 13:53
BAYRK,-135628,422057,189751123,PUSULA,2026_02,2026-04-18 13:53
YYAPI,-136303,3485173,1705025550,PUSULA,2026_02,2026-04-18 13:53
AEFES,-146253,294469,2028860053,PUSULA,2026_02,2026-04-18 13:53
VAKFA,-161165,268302,224999701,PUSULA,2026_02,2026-04-18 13:53
TSGYO,-168295,227350,266499982,PUSULA,2026_02,2026-04-18 13:53
HATEK,-180307,126479,62998947,PUSULA,2026_02,2026-04-18 13:53
IZENR,-181598,187914,914537597,PUSULA,2026_02,2026-04-18 13:53
BSOKE,-185955,1374001,458487038,PUSULA,2026_02,2026-04-18 13:53
ORCAY,-187562,239050,150197341,PUSULA,2026_02,2026-04-18 13:53
NIBAS,-190819,290416,267767946,PUSULA,2026_02,2026-04-18 13:53
GLRYH,-192790,124230,599623814,PUSULA,2026_02,2026-04-18 13:53
REEDR,-198284,540381,632419525,PUSULA,2026_02,2026-04-18 13:53
SARKY,-201727,43356,999999671,PUSULA,2026_02,2026-04-18 13:53
PRZMA,-202228,174341,61941150,PUSULA,2026_02,2026-04-18 13:53
TUCLK,-204877,666968,253181400,PUSULA,2026_02,2026-04-18 13:53
SEGYO,-210375,99270,203351321,PUSULA,2026_02,2026-04-18 13:53
ISCTR,-220938,274228,8880396856,PUSULA,2026_02,2026-04-18 13:53
KRDMD,-222792,-54746,780216365,PUSULA,2026_02,2026-04-18 13:53
ESCAR,-238522,153341,101933690,PUSULA,2026_02,2026-04-18 13:53
EMKEL,-248205,211730,149999456,PUSULA,2026_02,2026-04-18 13:53
ALTNY,-255441,169322,399885115,PUSULA,2026_02,2026-04-18 13:53
BORSK,-264877,419245,279999879,PUSULA,2026_02,2026-04-18 13:53
FLAP,-268363,150459,93599985,PUSULA,2026_02,2026-04-18 13:53
SEKUR,-277682,156995,131457835,PUSULA,2026_02,2026-04-18 13:53
KARSN,-280801,226814,827827039,PUSULA,2026_02,2026-04-18 13:53
BIGEN,-280962,410873,115500000,PUSULA,2026_02,2026-04-18 13:53
TRALT,-300670,510525,952269019,PUSULA,2026_02,2026-04-18 13:53
IZMDC,-302778,316259,723225318,PUSULA,2026_02,2026-04-18 13:53
DERHL,-311924,115334,197281316,PUSULA,2026_02,2026-04-18 13:53
AGHOL,-325425,51174,1068828243,PUSULA,2026_02,2026-04-18 13:53
INFO,-361200,319408,767463337,PUSULA,2026_02,2026-04-18 13:53
IMASM,-372324,1104481,622850499,PUSULA,2026_02,2026-04-18 13:53
TURSG,-397690,157109,7907296076,PUSULA,2026_02,2026-04-18 13:53
KRGYO,-414560,116461,275246747,PUSULA,2026_02,2026-04-18 13:53
MOBTL,-424739,942276,207999999,PUSULA,2026_02,2026-04-18 13:53
SELVA,-427605,224475,747897737,PUSULA,2026_02,2026-04-18 13:53
DMLKTG,-443586,1003446,2517503921,PUSULA,2026_02,2026-04-18 13:53
EKOS,-447744,801323,307199852,PUSULA,2026_02,2026-04-18 13:53
SAHOL,-463563,-383871,1145847384,PUSULA,2026_02,2026-04-18 13:53
SKYMD,-465851,48761,52499981,PUSULA,2026_02,2026-04-18 13:53
ENKAI,-487691,-423944,874733059,PUSULA,2026_02,2026-04-18 13:53
IHLGM,-489293,991162,986078000,PUSULA,2026_02,2026-04-18 13:53
OBAMS,-490415,1586320,751078524,PUSULA,2026_02,2026-04-18 13:53
YKBNK,-509932,-330888,4705620952,PUSULA,2026_02,2026-04-18 13:53
EPLAS,-562847,306515,190491857,PUSULA,2026_02,2026-04-18 13:53
ARZUM,-566929,743489,400949823,PUSULA,2026_02,2026-04-18 13:53
FENER,-592554,1506358,2772321468,PUSULA,2026_02,2026-04-18 13:53
BINHO,-598716,474983,488884380,PUSULA,2026_02,2026-04-18 13:53
EGEPO,-653350,31488,200000000,PUSULA,2026_02,2026-04-18 13:53
QUAGR,-724415,660778,1773200000,PUSULA,2026_02,2026-04-18 13:53
TEHOL,-758239,89650,1967930261,PUSULA,2026_02,2026-04-18 13:53
GSRAY,-759266,1772092,10123744690,PUSULA,2026_02,2026-04-18 13:53
VAKBN,-767472,294279,8046896130,PUSULA,2026_02,2026-04-18 13:53
TATEN,-778035,350759,347799724,PUSULA,2026_02,2026-04-18 13:53
VKGYO,-845124,149128,1637203242,PUSULA,2026_02,2026-04-18 13:53
EKGYO,-927058,354284,1925107366,PUSULA,2026_02,2026-04-18 13:53
ALBRK,-1019367,62396,1050739765,PUSULA,2026_02,2026-04-18 13:53
DAPGM,-1105517,185492,928276145,PUSULA,2026_02,2026-04-18 13:53
VAKFN,-1354190,2000600,2064378140,PUSULA,2026_02,2026-04-18 13:53
KAYSE,-1446219,607025,818951998,PUSULA,2026_02,2026-04-18 13:53
PSGYO,-1875784,2368455,2954231556,PUSULA,2026_02,2026-04-18 13:53
BTCIM,-2362626,3232035,4052065429,PUSULA,2026_02,2026-04-18 13:53
DENGE,-2578804,3842687,525284797,PUSULA,2026_02,2026-04-18 13:53
AKBNK,-2863933,-2129784,3059320211,PUSULA,2026_02,2026-04-18 13:53
CANTE,-3243250,7724961,8608815637,PUSULA,2026_02,2026-04-18 13:53
TSPOR,-6297095,2988699,3674975174,PUSULA,2026_02,2026-04-18 13:53
AKSEN,-12995541,-12578050,638545796,PUSULA,2026_02,2026-04-18 13:53
SASA,116740312,127650853,25700434927,TERA,2026_03,2026-04-18 13:53
ATATR,16410603,19521313,280000000,TERA,2026_03,2026-04-18 13:53
GENIL,16323857,46534176,1289069985,TERA,2026_03,2026-04-18 13:53
SVGYO,12469192,12469192,295400000,TERA,2026_03,2026-04-18 13:53
MANAS,10717136,13316493,306992000,TERA,2026_03,2026-04-18 13:53
ADEL,10582640,12317976,112043619,TERA,2026_03,2026-04-18 13:53
KTLEV,9258926,54273418,1288500000,TERA,2026_03,2026-04-18 13:53
LXGYO,4884569,4884569,118936300,TERA,2026_03,2026-04-18 13:53
CONSE,4335488,5754013,377854899,TERA,2026_03,2026-04-18 13:53
YKBNK,3474360,1795935,4705620952,TERA,2026_03,2026-04-18 13:53
TDGYO,2826801,2919779,61998213,TERA,2026_03,2026-04-18 13:53
MERKO,2560999,2635197,101104700,TERA,2026_03,2026-04-18 13:53
EFOR,2378201,9279426,670679994,TERA,2026_03,2026-04-18 13:53
MRGYO,1867103,5529540,2277966226,TERA,2026_03,2026-04-18 13:53
DSTKF,1776621,17262242,84533333,TERA,2026_03,2026-04-18 13:53
YYAPI,1648198,1909579,1705025550,TERA,2026_03,2026-04-18 13:53
ISCTR,1583612,434921,8880396856,TERA,2026_03,2026-04-18 13:53
SAHOL,1542329,55386,1149847384,TERA,2026_03,2026-04-18 13:53
MOGAN,1515919,1648766,262635000,TERA,2026_03,2026-04-18 13:53
AKBNK,1350136,878855,3059320211,TERA,2026_03,2026-04-18 13:53
INDES,1257696,1502234,462749767,TERA,2026_03,2026-04-18 13:53
MIATK,1238701,1936630,313087979,TERA,2026_03,2026-04-18 13:53
CWENE,1223563,1495139,530758241,TERA,2026_03,2026-04-18 13:53
HEKTS,1185384,5571554,3946424637,TERA,2026_03,2026-04-18 13:53
ASTOR,1168232,1463965,366896223,TERA,2026_03,2026-04-18 13:53
EREGL,1157402,477714,3554243274,TERA,2026_03,2026-04-18 13:53
KCHOL,1141055,81089,674053695,TERA,2026_03,2026-04-18 13:53
KUYAS,1130225,21533588,398957788,TERA,2026_03,2026-04-18 13:53
SEYKM,1128792,2229463,151040901,TERA,2026_03,2026-04-18 13:53
KRDMB,1088220,1091827,118762110,TERA,2026_03,2026-04-18 13:53
HEDEF,1054416,1598948,562499930,TERA,2026_03,2026-04-18 13:53
TRALT,928156,1142720,952269019,TERA,2026_03,2026-04-18 13:53
TPRPSV,890001,890001,4500000,TERA,2026_03,2026-04-18 13:53
AEFES,874088,397312,2028860053,TERA,2026_03,2026-04-18 13:53
DAPGM,834797,3350010,942910838,TERA,2026_03,2026-04-18 13:53
KRSTL,769423,1057159,183664642,TERA,2026_03,2026-04-18 13:53
ZOREN,627686,1273714,2681244194,TERA,2026_03,2026-04-18 13:53
KZGYO,615049,625232,49999978,TERA,2026_03,2026-04-18 13:53
PRKME,607314,740396,53038641,TERA,2026_03,2026-04-18 13:53
FRIGO,577054,1166512,263258455,TERA,2026_03,2026-04-18 13:53
HDFGS,561423,1129047,956974191,TERA,2026_03,2026-04-18 13:53
TEZOL,556117,560094,139999972,TERA,2026_03,2026-04-18 13:53
KZBGY,531352,1371291,1959999915,TERA,2026_03,2026-04-18 13:53
LINK,517300,527362,747511382,TERA,2026_03,2026-04-18 13:53
YYLGD,515514,208551,369826200,TERA,2026_03,2026-04-18 13:53
PSGYO,512803,2990202,2954231556,TERA,2026_03,2026-04-18 13:53
PGSUS,457946,884136,295068869,TERA,2026_03,2026-04-18 13:53
EYGYO,449947,2843018,362859668,TERA,2026_03,2026-04-18 13:53
TUCLK,448198,621450,263182600,TERA,2026_03,2026-04-18 13:53
KARSN,412686,856847,827827039,TERA,2026_03,2026-04-18 13:53
CRDFA,394856,604119,224990570,TERA,2026_03,2026-04-18 13:53
YESIL,374803,457393,640699949,TERA,2026_03,2026-04-18 13:53
GLRYH,361882,373569,599623814,TERA,2026_03,2026-04-18 13:53
KLGYO,356930,1398415,689399869,TERA,2026_03,2026-04-18 13:53
RGYAS,344546,1082,105523000,TERA,2026_03,2026-04-18 13:53
RALYH,341596,11474430,176370972,TERA,2026_03,2026-04-18 13:53
KERVN,306100,316201,588346973,TERA,2026_03,2026-04-18 13:53
SRVGY,291157,610127,812499687,TERA,2026_03,2026-04-18 13:53
BSOKE,283379,1120520,458487038,TERA,2026_03,2026-04-18 13:53
GSDHO,280989,598174,999994969,TERA,2026_03,2026-04-18 13:53
GLRMK,268924,288393,58116000,TERA,2026_03,2026-04-18 13:53
TKNSA,257731,165187,100485379,TERA,2026_03,2026-04-18 13:53
VAKBN,239947,239973,8046896130,TERA,2026_03,2026-04-18 13:53
MEYSU,237769,573889,175000000,TERA,2026_03,2026-04-18 13:53
MNDRS,234686,510359,222008082,TERA,2026_03,2026-04-18 13:53
SNICA,229860,611587,321688855,TERA,2026_03,2026-04-18 13:53
BIOEN,220495,290103,197983418,TERA,2026_03,2026-04-18 13:53
TUKAS,215757,3131401,4499995929,TERA,2026_03,2026-04-18 13:53
OZGYO,206906,251229,490916869,TERA,2026_03,2026-04-18 13:53
SMRVA,202100,207556,28000000,TERA,2026_03,2026-04-18 13:53
ATLAS,201441,202550,59999865,TERA,2026_03,2026-04-18 13:53
SYIBOV,200000,200000,7873185,TERA,2026_03,2026-04-18 13:53
LIDER,188500,2447629,279500000,TERA,2026_03,2026-04-18 13:53
GLYHO,188319,-54721,1949290631,TERA,2026_03,2026-04-18 13:53
ISMEN,186872,-46590,467723147,TERA,2026_03,2026-04-18 13:53
LMKDC,176314,38709,155929999,TERA,2026_03,2026-04-18 13:53
CVKMD,169001,26638808,461999787,TERA,2026_03,2026-04-18 13:53
MCARD,166253,166253,18900000,TERA,2026_03,2026-04-18 13:53
EKOS,164095,759152,307199852,TERA,2026_03,2026-04-18 13:53
ICUGS,163235,286824,336250000,TERA,2026_03,2026-04-18 13:53
EUPWR,151204,220304,199610525,TERA,2026_03,2026-04-18 13:53
CCOLA,147880,3044,820001147,TERA,2026_03,2026-04-18 13:53
TMPOL,145250,193098,11039990,TERA,2026_03,2026-04-18 13:53
HURGZ,141200,396990,220784167,TERA,2026_03,2026-04-18 13:53
ALKLC,139617,7574794,45283467,TERA,2026_03,2026-04-18 13:53
HALKB,136644,393432,6546422780,TERA,2026_03,2026-04-18 13:53
EGEGY,135729,151235,69140000,TERA,2026_03,2026-04-18 13:53
KOCMT,132701,237664,587485478,TERA,2026_03,2026-04-18 13:53
PBSYLV,132001,132001,12800000,TERA,2026_03,2026-04-18 13:53
INVEO,131408,265626,998999954,TERA,2026_03,2026-04-18 13:53
OZSUB,126912,132442,44247402,TERA,2026_03,2026-04-18 13:53
LILAK,124589,26505,260252705,TERA,2026_03,2026-04-18 13:53
MOBTL,123767,127509,207999999,TERA,2026_03,2026-04-18 13:53
KAREL,120250,100045,329659497,TERA,2026_03,2026-04-18 13:53
OYYAT,118185,259502,91048322,TERA,2026_03,2026-04-18 13:53
GIPTA,115212,530040,51617863,TERA,2026_03,2026-04-18 13:53
TOSKLV,114035,158050,1659183,TERA,2026_03,2026-04-18 13:53
KOPOL,113426,229287,266319652,TERA,2026_03,2026-04-18 13:53
POLHO,110438,187072,164140074,TERA,2026_03,2026-04-18 13:53
HLGYO,110183,1064719,1075198517,TERA,2026_03,2026-04-18 13:53
DARDL,108717,199660,1753442695,TERA,2026_03,2026-04-18 13:53
FZLGY,107190,277739,398427644,TERA,2026_03,2026-04-18 13:53
ECOGR,106127,565558,110000000,TERA,2026_03,2026-04-18 13:53
GENKM,101874,101874,124845000,TERA,2026_03,2026-04-18 13:53
SMRTG,101860,21143649,664164672,TERA,2026_03,2026-04-18 13:53
YEOTK,100252,143740,160933198,TERA,2026_03,2026-04-18 13:53
IHGZT,100007,1119989,570666228,TERA,2026_03,2026-04-18 13:53
FRSKIV,100006,100006,2444310,TERA,2026_03,2026-04-18 13:53
MSGYO,98760,111395,169650150,TERA,2026_03,2026-04-18 13:53
BIGEN,98472,231208,115500000,TERA,2026_03,2026-04-18 13:53
DMRGD,96165,1084982,1277294592,TERA,2026_03,2026-04-18 13:53
KIMMR,90951,91640,75000000,TERA,2026_03,2026-04-18 13:53
MEGAP,89655,729076,234498757,TERA,2026_03,2026-04-18 13:53
KLYPV,89499,808649,46334639,TERA,2026_03,2026-04-18 13:53
BUCIM,89480,663682,1292638065,TERA,2026_03,2026-04-18 13:53
EMKEL,88647,189001,149999458,TERA,2026_03,2026-04-18 13:53
DURKN,88243,123131,42500000,TERA,2026_03,2026-04-18 13:53
ECILC,86012,100363,210589603,TERA,2026_03,2026-04-18 13:53
BAYRK,84945,140679,189751123,TERA,2026_03,2026-04-18 13:53
KRTEK,82110,94256,18914650,TERA,2026_03,2026-04-18 13:53
SISE,81576,1430420,1814905641,TERA,2026_03,2026-04-18 13:53
BAGFS,79092,120300,100042745,TERA,2026_03,2026-04-18 13:53
GUNDG,71502,33794,18968983,TERA,2026_03,2026-04-18 13:53
XABDOV,70014,85019,2295525,TERA,2026_03,2026-04-18 13:53
TOASO,68422,30393,120585077,TERA,2026_03,2026-04-18 13:53
AGHOL,67059,96753,1069828243,TERA,2026_03,2026-04-18 13:53
EBEBK,65376,1243,40534692,TERA,2026_03,2026-04-18 13:53
OTTO,65288,88748,5824438,TERA,2026_03,2026-04-18 13:53
IHLGM,64466,1063514,986078000,TERA,2026_03,2026-04-18 13:53
IEYHO,64008,5115096,541033797,TERA,2026_03,2026-04-18 13:53
ISGYO,61251,29315,531312439,TERA,2026_03,2026-04-18 13:53
EKSUN,60750,200425,171792833,TERA,2026_03,2026-04-18 13:53
BISKNV,60074,188240,1547161,TERA,2026_03,2026-04-18 13:53
ABSLVV,60073,80085,1160334,TERA,2026_03,2026-04-18 13:53
YBTAS,58878,94317,31617148,TERA,2026_03,2026-04-18 13:53
BALSU,58823,226645,278000000,TERA,2026_03,2026-04-18 13:53
GATEG,56677,2945295,10570341,TERA,2026_03,2026-04-18 13:53
PRZMA,56508,80048,61941150,TERA,2026_03,2026-04-18 13:53
TUREX,55722,373533,432000000,TERA,2026_03,2026-04-18 13:53
IZMDC,55408,326221,723225318,TERA,2026_03,2026-04-18 13:53
YIGIT,54920,144063,74999974,TERA,2026_03,2026-04-18 13:53
KRGYO,54734,55004,275246747,TERA,2026_03,2026-04-18 13:53
SNGYO,53994,163279,3607173097,TERA,2026_03,2026-04-18 13:53
PINSU,53278,105266,101635846,TERA,2026_03,2026-04-18 13:53
ICIMLV,52000,52000,1846610,TERA,2026_03,2026-04-18 13:53
GWIND,51068,776986,179165491,TERA,2026_03,2026-04-18 13:53
AGESA,50775,25,35829553,TERA,2026_03,2026-04-18 13:53
OZYSR,50354,266790,40488000,TERA,2026_03,2026-04-18 13:53
MRIGMV,50048,80053,1478910,TERA,2026_03,2026-04-18 13:53
PENGD,48881,484279,171069968,TERA,2026_03,2026-04-18 13:53
TTKOM,48506,14155,524999999,TERA,2026_03,2026-04-18 13:53
AVOD,48253,415905,253604577,TERA,2026_03,2026-04-18 13:53
NIBAS,46543,46732,267767946,TERA,2026_03,2026-04-18 13:53
ERCB,46110,118500,39113273,TERA,2026_03,2026-04-18 13:53
KONTR,45376,5012469,936038761,TERA,2026_03,2026-04-18 13:53
TSKB,44001,123202,1516591673,TERA,2026_03,2026-04-18 13:53
HOROZ,43551,74275,24599986,TERA,2026_03,2026-04-18 13:53
GSDDE,43350,46063,106850751,TERA,2026_03,2026-04-18 13:53
DZGYO,41000,222050,399777846,TERA,2026_03,2026-04-18 13:53
ANSGR,40693,30108,1564416026,TERA,2026_03,2026-04-18 13:53
ALTNY,40317,101175,399885115,TERA,2026_03,2026-04-18 13:53
ATAGY,37670,40467,45670114,TERA,2026_03,2026-04-18 13:53
OZKGY,36249,8813442,363999945,TERA,2026_03,2026-04-18 13:53
DOFRB,35156,57872,45000000,TERA,2026_03,2026-04-18 13:53
TRGYO,34048,575,251573369,TERA,2026_03,2026-04-18 13:53
SEKUR,34037,34091,131457835,TERA,2026_03,2026-04-18 13:53
DEVA,33813,38437,199971824,TERA,2026_03,2026-04-18 13:53
PRDGS,33484,149339,110850000,TERA,2026_03,2026-04-18 13:53
KLKIM,33212,39866,138383655,TERA,2026_03,2026-04-18 13:53
DKBAWV,32280,32280,5000000,TERA,2026_03,2026-04-18 13:53
PLTUR,32245,72184,49500000,TERA,2026_03,2026-04-18 13:53
CEMAS,32228,348449,790994229,TERA,2026_03,2026-04-18 13:53
VANGD,31099,2276710,24374995,TERA,2026_03,2026-04-18 13:53
PATEK,31074,510937,293081893,TERA,2026_03,2026-04-18 13:53
MEGMT,30565,58939,85749986,TERA,2026_03,2026-04-18 13:53
BRKVY,30368,128222,13618361,TERA,2026_03,2026-04-18 13:53
TKSMBV,30129,80129,2362178,TERA,2026_03,2026-04-18 13:53
GMSTRF,29108,34765,75300000,TERA,2026_03,2026-04-18 13:53
AYEN,29000,54817,55531320,TERA,2026_03,2026-04-18 13:53
MARTI,28627,68080,1475768116,TERA,2026_03,2026-04-18 13:53
EGSER,27709,513305,545751057,TERA,2026_03,2026-04-18 13:53
PKART,27642,30570,11048497,TERA,2026_03,2026-04-18 13:53
BERA,27466,76608,492027250,TERA,2026_03,2026-04-18 13:53
VESBE,26998,80119,503578676,TERA,2026_03,2026-04-18 13:53
OSMEN,26918,120155,159162130,TERA,2026_03,2026-04-18 13:53
VESTL,26690,49139,295447203,TERA,2026_03,2026-04-18 13:53
MGROS,25265,4469,96563568,TERA,2026_03,2026-04-18 13:53
PNLSN,24912,29332,34752383,TERA,2026_03,2026-04-18 13:53
SAMAT,24840,128746,103183797,TERA,2026_03,2026-04-18 13:53
ALCTL,24500,25660,13543218,TERA,2026_03,2026-04-18 13:53
MARBL,24285,38006,65226403,TERA,2026_03,2026-04-18 13:53
TSGYO,24000,24486,266499982,TERA,2026_03,2026-04-18 13:53
ZGOLDF,23678,30853,152040000,TERA,2026_03,2026-04-18 13:53
CELHA,23281,37473,146124225,TERA,2026_03,2026-04-18 13:53
SANKO,22642,23651,37499197,TERA,2026_03,2026-04-18 13:53
OYLUM,22604,148864,80937367,TERA,2026_03,2026-04-18 13:53
BIZIM,22222,52626,27601626,TERA,2026_03,2026-04-18 13:53
ZERGY,21909,46239,156799985,TERA,2026_03,2026-04-18 13:53
TAVHL,21709,-2348,213213415,TERA,2026_03,2026-04-18 13:53
BYDNR,21477,56827,22999984,TERA,2026_03,2026-04-18 13:53
PGSFQV,20005,60007,4059391,TERA,2026_03,2026-04-18 13:53
PBAZMV,20000,20000,3574037,TERA,2026_03,2026-04-18 13:53
KMPUR,19985,107444,132432524,TERA,2026_03,2026-04-18 13:53
ARENA,19837,47772,66996461,TERA,2026_03,2026-04-18 13:53
ENJSA,19269,61321,236209270,TERA,2026_03,2026-04-18 13:53
MPARK,19259,13732,80869110,TERA,2026_03,2026-04-18 13:53
EPLAS,18022,1145928,190491857,TERA,2026_03,2026-04-18 13:53
VKGYO,17815,418161,1637203242,TERA,2026_03,2026-04-18 13:53
SONME,17635,19745,4349319,TERA,2026_03,2026-04-18 13:53
IHEVA,17334,496573,291631239,TERA,2026_03,2026-04-18 13:53
HKTM,16747,38323,72747495,TERA,2026_03,2026-04-18 13:53
KRPLS,16600,126974,78486163,TERA,2026_03,2026-04-18 13:53
ARMGD,16279,17183,54996000,TERA,2026_03,2026-04-18 13:53
MACKO,15834,35730,41500000,TERA,2026_03,2026-04-18 13:53
SILVR,15608,180416,212818206,TERA,2026_03,2026-04-18 13:53
VAKKO,15564,16357,30788486,TERA,2026_03,2026-04-18 13:53
OZRDN,15183,53270,57107579,TERA,2026_03,2026-04-18 13:53
QUAGR,14336,1240686,1773200000,TERA,2026_03,2026-04-18 13:53
SARKY,14296,82386,999999671,TERA,2026_03,2026-04-18 13:53
AHGAZ,14188,265071,659370871,TERA,2026_03,2026-04-18 13:53
RODRG,13255,128025,16822352,TERA,2026_03,2026-04-18 13:53
ENERY,12907,134336,2420687469,TERA,2026_03,2026-04-18 13:53
DYOBY,12875,17866,186553687,TERA,2026_03,2026-04-18 13:53
USAK,12449,1676169,2436064709,TERA,2026_03,2026-04-18 13:53
GAAARV,12033,12033,2180586,TERA,2026_03,2026-04-18 13:53
BEGYO,11133,761602,290000000,TERA,2026_03,2026-04-18 13:53
KFEIN,10936,102422,150306170,TERA,2026_03,2026-04-18 13:53
ULUUN,10831,86233,290523353,TERA,2026_03,2026-04-18 13:53
NTGAZ,10719,5338,276000000,TERA,2026_03,2026-04-18 13:53
SUWEN,10590,17546,365687500,TERA,2026_03,2026-04-18 13:53
MNDTR,10407,968025,910071938,TERA,2026_03,2026-04-18 13:53
KOTON,10379,44887,136599922,TERA,2026_03,2026-04-18 13:53
HUBVC,10115,841730,277189572,TERA,2026_03,2026-04-18 13:53
OBASE,10008,11186,14924000,TERA,2026_03,2026-04-18 13:53
KHSEZV,10002,40003,4712085,TERA,2026_03,2026-04-18 13:53
PMIBQV,10000,10000,11118806,TERA,2026_03,2026-04-18 13:53
ULIFRV,10000,10000,3602709,TERA,2026_03,2026-04-18 13:53
GEDIK,9287,431487,983076857,TERA,2026_03,2026-04-18 13:53
GEDZA,9250,423133,42983624,TERA,2026_03,2026-04-18 13:53
MOPAS,9147,4356,57330000,TERA,2026_03,2026-04-18 13:53
ETYAT,9064,29260,17737148,TERA,2026_03,2026-04-18 13:53
VBTYZ,8370,41553,56205000,TERA,2026_03,2026-04-18 13:53
ISGLKF,8304,8304,113800000,TERA,2026_03,2026-04-18 13:53
VKING,8287,23360,30932905,TERA,2026_03,2026-04-18 13:53
MTRKS,7760,10119,43633165,TERA,2026_03,2026-04-18 13:53
AKSUE,7486,9400,56376184,TERA,2026_03,2026-04-18 13:53
ISSEN,7469,603663,107417374,TERA,2026_03,2026-04-18 13:53
CATES,7070,38980,33050000,TERA,2026_03,2026-04-18 13:53
AKSA,7068,184737,1503650642,TERA,2026_03,2026-04-18 13:53
AKYHO,6983,58179,223895870,TERA,2026_03,2026-04-18 13:53
DNISI,6945,20267,59171727,TERA,2026_03,2026-04-18 13:53
PPITSV,6502,6502,13419105,TERA,2026_03,2026-04-18 13:53
GOKNR,6285,150334,178040711,TERA,2026_03,2026-04-18 13:53
SELEC,6240,6476,124262097,TERA,2026_03,2026-04-18 13:53
ARCLK,6228,20278,170054765,TERA,2026_03,2026-04-18 13:53
GOODY,5840,5852,132804473,TERA,2026_03,2026-04-18 13:53
DGATE,5790,8601,15227271,TERA,2026_03,2026-04-18 13:53
HRKET,5781,19443,24000000,TERA,2026_03,2026-04-18 13:53
SASKTV,5002,45010,1732759,TERA,2026_03,2026-04-18 13:53
BORSK,4958,104018,279999879,TERA,2026_03,2026-04-18 13:53
ORGE,4950,30867,41839996,TERA,2026_03,2026-04-18 13:53
TRILC,4378,41499,118499496,TERA,2026_03,2026-04-18 13:53
ICBCT,4371,39209,216761845,TERA,2026_03,2026-04-18 13:53
TTRAK,4306,15004,24967158,TERA,2026_03,2026-04-18 13:53
DITAS,4245,109125,83407810,TERA,2026_03,2026-04-18 13:53
TLMAN,4000,4363,10300000,TERA,2026_03,2026-04-18 13:53
CGCAM,3773,54656,42000000,TERA,2026_03,2026-04-18 13:53
BESLR,3707,107418,658098036,TERA,2026_03,2026-04-18 13:53
INVES,3643,154750,37480000,TERA,2026_03,2026-04-18 13:53
PSDTC,3571,4825,6599991,TERA,2026_03,2026-04-18 13:53
METRO,3510,18764,539989959,TERA,2026_03,2026-04-18 13:53
SKYMD,3409,3938,52499981,TERA,2026_03,2026-04-18 13:53
BEYAZ,3313,9481,42317352,TERA,2026_03,2026-04-18 13:53
RAYSG,3179,3338,51947024,TERA,2026_03,2026-04-18 13:53
BARMA,3000,408392,78130939,TERA,2026_03,2026-04-18 13:53
DESA,2983,2993,171107590,TERA,2026_03,2026-04-18 13:53
BURCE,2909,13736,44422390,TERA,2026_03,2026-04-18 13:53
BIGTK,2866,12535,23834373,TERA,2026_03,2026-04-18 13:53
BRSAN,2801,2327,35912460,TERA,2026_03,2026-04-18 13:53
ARASE,2800,3175,49999991,TERA,2026_03,2026-04-18 13:53
ISGSY,2661,38737,47378729,TERA,2026_03,2026-04-18 13:53
ATEKS,2600,2600,5441598,TERA,2026_03,2026-04-18 13:53
ACSEL,2572,4310,8589113,TERA,2026_03,2026-04-18 13:53
SUNTK,2500,22817,145280000,TERA,2026_03,2026-04-18 13:53
MARKA,2414,33225,20802018,TERA,2026_03,2026-04-18 13:53
AKCNS,2369,45747,39359284,TERA,2026_03,2026-04-18 13:53
DERHL,2297,36289,197281316,TERA,2026_03,2026-04-18 13:53
DESPC,2260,3346,16023700,TERA,2026_03,2026-04-18 13:53
FLAP,2146,18924,93599985,TERA,2026_03,2026-04-18 13:53
PARSN,2121,57984,34033246,TERA,2026_03,2026-04-18 13:53
UNLU,2100,106320,102181558,TERA,2026_03,2026-04-18 13:53
TRCAS,2011,2468,206252869,TERA,2026_03,2026-04-18 13:53
OFSYM,1988,2970,22749998,TERA,2026_03,2026-04-18 13:53
ALFAS,1962,36435,84639559,TERA,2026_03,2026-04-18 13:53
ANELE,1886,51290,151405542,TERA,2026_03,2026-04-18 13:53
AYCES,1782,2077,1895369,TERA,2026_03,2026-04-18 13:53
KLNMA,1710,4695,91846864,TERA,2026_03,2026-04-18 13:53
EGGUB,1700,34370,75862197,TERA,2026_03,2026-04-18 13:53
MERIT,1561,10863,329748900,TERA,2026_03,2026-04-18 13:53
IHLAS,1471,783841,1396079076,TERA,2026_03,2026-04-18 13:53
EMNIS,1310,14190,3429235,TERA,2026_03,2026-04-18 13:53
PAMEL,1145,7408,21533681,TERA,2026_03,2026-04-18 13:53
BAKAB,1052,2107,34985326,TERA,2026_03,2026-04-18 13:53
ARTMS,1043,115659,28399999,TERA,2026_03,2026-04-18 13:53
TBORG,1000,3390,59392160,TERA,2026_03,2026-04-18 13:53
MEDTR,1000,44975,24499999,TERA,2026_03,2026-04-18 13:53
PBSYWV,1000,1000,4047474,TERA,2026_03,2026-04-18 13:53
GENTS,990,441171,749958921,TERA,2026_03,2026-04-18 13:53
AYDEM,960,2780,130000000,TERA,2026_03,2026-04-18 13:53
AKMGY,816,18666,21568998,TERA,2026_03,2026-04-18 13:53
ISBIR,800,95949,14545542,TERA,2026_03,2026-04-18 13:53
YKSLN,665,32190,197429566,TERA,2026_03,2026-04-18 13:53
TMSN,481,27268,44449999,TERA,2026_03,2026-04-18 13:53
ULUSE,468,14001,24000000,TERA,2026_03,2026-04-18 13:53
KARTN,468,11358,72781126,TERA,2026_03,2026-04-18 13:53
CUSAN,451,2856,18500000,TERA,2026_03,2026-04-18 13:53
KTSKR,418,8252,14691795,TERA,2026_03,2026-04-18 13:53
BINBN,382,1950,17000000,TERA,2026_03,2026-04-18 13:53
AKHAN,355,35500,54700000,TERA,2026_03,2026-04-18 13:53
PKENT,317,1859,23766169,TERA,2026_03,2026-04-18 13:53
MRSHL,305,793,4212888,TERA,2026_03,2026-04-18 13:53
ASUZU,300,6039,41130807,TERA,2026_03,2026-04-18 13:53
IZINV,300,2735530,13540386,TERA,2026_03,2026-04-18 13:53
AVHOL,215,10517,26047279,TERA,2026_03,2026-04-18 13:53
TGSAS,185,718362,12348294,TERA,2026_03,2026-04-18 13:53
BANVT,181,1175,36961044,TERA,2026_03,2026-04-18 13:53
KLSER,149,29250,109457654,TERA,2026_03,2026-04-18 13:53
CLEBI,111,2898,5490178,TERA,2026_03,2026-04-18 13:53
ORMA,100,301,3663265,TERA,2026_03,2026-04-18 13:53
SDTTR,94,681,15990000,TERA,2026_03,2026-04-18 13:53
CMENT,86,2998,56829666,TERA,2026_03,2026-04-18 13:53
COSMO,85,2774,6494091,TERA,2026_03,2026-04-18 13:53
DUNYH,80,6312,36443197,TERA,2026_03,2026-04-18 13:53
BALAT,52,37221,13588195,TERA,2026_03,2026-04-18 13:53
PPIETV,49,49,4462305,TERA,2026_03,2026-04-18 13:53
DURDO,44,74,379703149,TERA,2026_03,2026-04-18 13:53
BASGZ,40,135899,174999999,TERA,2026_03,2026-04-18 13:53
MAALT,38,883,4763850,TERA,2026_03,2026-04-18 13:53
QNBFK,36,971,843137646,TERA,2026_03,2026-04-18 13:53
ZEDUR,36,60664,69899991,TERA,2026_03,2026-04-18 13:53
INGRM,27,176,14969536,TERA,2026_03,2026-04-18 13:53
SUMAS,25,474,5434738,TERA,2026_03,2026-04-18 13:53
EGEEN,23,422,1137161,TERA,2026_03,2026-04-18 13:53
YGGYO,15,145,240625741,TERA,2026_03,2026-04-18 13:53
SLSHMV,14,55046,2209379,TERA,2026_03,2026-04-18 13:53
SISLLV,11,130064,2635353,TERA,2026_03,2026-04-18 13:53
VSNMD,11,14545,24000000,TERA,2026_03,2026-04-18 13:53
KENT,7,492,1786507,TERA,2026_03,2026-04-18 13:53
POLTK,4,37,1125000,TERA,2026_03,2026-04-18 13:53
SKTAS,3,224081,332865443,TERA,2026_03,2026-04-18 13:53
INTEK,3,35,5043584,TERA,2026_03,2026-04-18 13:53
ERBOS,2,22465,15899843,TERA,2026_03,2026-04-18 13:53
DKITPV,1,1,5241487,TERA,2026_03,2026-04-18 13:53
KRONT,1,11,116892885,TERA,2026_03,2026-04-18 13:53
KAPLM,1,548382,4571305,TERA,2026_03,2026-04-18 13:53
GRNYO,1,66447,37386059,TERA,2026_03,2026-04-18 13:53
MAKIM,1,1946,42559998,TERA,2026_03,2026-04-18 13:53
UNTAR,0,16434,29562129,TERA,2026_03,2026-04-18 13:53
IDGYO,0,12766,118909256,TERA,2026_03,2026-04-18 13:53
ATAC,0,265951,103398067,TERA,2026_03,2026-04-18 13:53
UZEL,0,3945,26329793,TERA,2026_03,2026-04-18 13:53
LIOYS,0,1810,31625013,TERA,2026_03,2026-04-18 13:53
DGGYO,0,28820,280709437,TERA,2026_03,2026-04-18 13:53
PRTAS,0,22205,21405233,TERA,2026_03,2026-04-18 13:53
LUKSK,0,772,27257202,TERA,2026_03,2026-04-18 13:53
VERTU,0,8510,22000000,TERA,2026_03,2026-04-18 13:53
ERICO,0,1000,5214523,TERA,2026_03,2026-04-18 13:53
ESEMS,0,1,11202091,TERA,2026_03,2026-04-18 13:53
ARAT,0,104200,39867975,TERA,2026_03,2026-04-18 13:53
DMISH,0,7128,41526838,TERA,2026_03,2026-04-18 13:53
MANGO,0,10002,37831688,TERA,2026_03,2026-04-18 13:53
RANLO,0,10302,19850386,TERA,2026_03,2026-04-18 13:53
ARBUL,0,3402,15459297,TERA,2026_03,2026-04-18 13:53
YAYLA,0,2000,39874966,TERA,2026_03,2026-04-18 13:53
FENIS,0,63313,26080019,TERA,2026_03,2026-04-18 13:53
AKSGY,0,30270,1628451947,TERA,2026_03,2026-04-18 13:53
BASCM,0,13160,49238593,TERA,2026_03,2026-04-18 13:53
SALIX,0,1000,4949230,TERA,2026_03,2026-04-18 13:53
YGYO,0,9313952,1310632851,TERA,2026_03,2026-04-18 13:53
MEMSA,0,26001,160110709,TERA,2026_03,2026-04-18 13:53
MENBA,0,58564,3496852,TERA,2026_03,2026-04-18 13:53
SAYAS,0,459,42530887,TERA,2026_03,2026-04-18 13:53
FVORI,0,0,17564673,TERA,2026_03,2026-04-18 13:53
ISFIN,0,27355,310154523,TERA,2026_03,2026-04-18 13:53
BYSAN,0,10,16552134,TERA,2026_03,2026-04-18 13:53
DOKTA,0,62186,145872862,TERA,2026_03,2026-04-18 13:53
ZPBDLF,0,3708,8240000,TERA,2026_03,2026-04-18 13:53
ZRGYO,0,10402,1173404997,TERA,2026_03,2026-04-18 13:53
CASA,0,102,4894317,TERA,2026_03,2026-04-18 13:53
GEDIZ,0,16822,7163595,TERA,2026_03,2026-04-18 13:53
CBSBO,0,4602,14692447,TERA,2026_03,2026-04-18 13:53
ATPET,0,2002,11403497,TERA,2026_03,2026-04-18 13:53
AVGYO,0,147516,111590302,TERA,2026_03,2026-04-18 13:53
GENYH,0,872184,9999906,TERA,2026_03,2026-04-18 13:53
AKPAZ,0,100,22488832,TERA,2026_03,2026-04-18 13:53
ARTI,0,7075,9881683,TERA,2026_03,2026-04-18 13:53
AVTUR,0,174,43067999,TERA,2026_03,2026-04-18 13:53
DAAKAV,0,0,4194753,TERA,2026_03,2026-04-18 13:53
SNPAM,0,90001,19679871,TERA,2026_03,2026-04-18 13:53
MRTGG,0,52001,14339249,TERA,2026_03,2026-04-18 13:53
CLKHO,0,104177,26183651,TERA,2026_03,2026-04-18 13:53
EDIP,0,26988,36468204,TERA,2026_03,2026-04-18 13:53
MTRYO,0,41,39900000,TERA,2026_03,2026-04-18 13:53
TARAF,0,100,5033275,TERA,2026_03,2026-04-18 13:53
GNPWR,0,561725,21999996,TERA,2026_03,2026-04-18 13:53
CMBTN,0,268,1023000,TERA,2026_03,2026-04-18 13:53
GOLDS,0,84803,192323946,TERA,2026_03,2026-04-18 13:53
BFREN,0,6417,24586148,TERA,2026_03,2026-04-18 13:53
EGCEY,0,4904,19749798,TERA,2026_03,2026-04-18 13:53
EGCYH,0,8075,39900235,TERA,2026_03,2026-04-18 13:53
EGCYO,0,2541,21986285,TERA,2026_03,2026-04-18 13:53
IYAHOV,0,0,1519576,TERA,2026_03,2026-04-18 13:53
AXSLRV,0,4785,1524100,TERA,2026_03,2026-04-18 13:53
AXSLTV,0,22000,8299403,TERA,2026_03,2026-04-18 13:53
ANELT,0,1,43199817,TERA,2026_03,2026-04-18 13:53
ARTOG,0,3023511,18578922,TERA,2026_03,2026-04-18 13:53
EGYO,0,116906,36676214,TERA,2026_03,2026-04-18 13:53
KPHOL,0,1,4207498,TERA,2026_03,2026-04-18 13:53
KRATL,0,5047,17800000,TERA,2026_03,2026-04-18 13:53
AGYO,0,21,129036460,TERA,2026_03,2026-04-18 13:53
PAGYO,0,25,57781202,TERA,2026_03,2026-04-18 13:53
TRNSK,0,1,25616249,TERA,2026_03,2026-04-18 13:53
HITIT,0,1,4488204,TERA,2026_03,2026-04-18 13:53
AKSEL,0,17000,7100000,TERA,2026_03,2026-04-18 13:53
BMEKS,0,62287,114192339,TERA,2026_03,2026-04-18 13:53
BAHKM,0,785,23289000,TERA,2026_03,2026-04-18 13:53
BRISA,0,1000,31247472,TERA,2026_03,2026-04-18 13:53
TUMTK,0,5,76370187,TERA,2026_03,2026-04-18 13:53
BRKSN,0,20067,62639942,TERA,2026_03,2026-04-18 13:53
ENPRA,0,28144,374258700,TERA,2026_03,2026-04-18 13:53
UKIM,0,5,2053621,TERA,2026_03,2026-04-18 13:53
ASYAB,0,104479,477899601,TERA,2026_03,2026-04-18 13:53
LATEK,0,2,39499512,TERA,2026_03,2026-04-18 13:53
UMPAS,0,40119,19699184,TERA,2026_03,2026-04-18 13:53
BRMEN,0,243,57566555,TERA,2026_03,2026-04-18 13:53
ENSRI,0,15,236333503,TERA,2026_03,2026-04-18 13:53
ORCAY,-1,68366,151124962,TERA,2026_03,2026-04-18 13:53
KONYA,-5,54,1646416,TERA,2026_03,2026-04-18 13:53
TARKM,-6,1039,4999997,TERA,2026_03,2026-04-18 13:53
SLSHRV,-26,170009,1319711,TERA,2026_03,2026-04-18 13:53
KSTUR,-35,27,3952560,TERA,2026_03,2026-04-18 13:53
SKYLP,-46,16747,7159255,TERA,2026_03,2026-04-18 13:53
BURVA,-60,2,4723271,TERA,2026_03,2026-04-18 13:53
LYDYE,-93,45,1391287,TERA,2026_03,2026-04-18 13:53
BNTAS,-200,178233,170624998,TERA,2026_03,2026-04-18 13:53
ODINE,-201,90482,52810834,TERA,2026_03,2026-04-18 13:53
TABGD,-300,18354,52499906,TERA,2026_03,2026-04-18 13:53
KONKA,-345,46800,89670000,TERA,2026_03,2026-04-18 13:53
DMLKTG,-358,69538,2494529047,TERA,2026_03,2026-04-18 13:53
MAKTK,-390,2770,184370066,TERA,2026_03,2026-04-18 13:53
ALCAR,-455,1738,1721735,TERA,2026_03,2026-04-18 13:53
UFUK,-473,2529,46845974,TERA,2026_03,2026-04-18 13:53
ATAKP,-500,1687,28224000,TERA,2026_03,2026-04-18 13:53
EUKYO,-500,3443,19899963,TERA,2026_03,2026-04-18 13:53
FMIZP,-507,371,3497641,TERA,2026_03,2026-04-18 13:53
GOLTS,-574,13974,12422783,TERA,2026_03,2026-04-18 13:53
DIRIT,-700,393,10150123,TERA,2026_03,2026-04-18 13:53
ANGEN,-748,130368,86440002,TERA,2026_03,2026-04-18 13:53
ONCSM,-752,1542,10086000,TERA,2026_03,2026-04-18 13:53
INTEM,-763,35,9428747,TERA,2026_03,2026-04-18 13:53
BRLSM,-930,85526,108025075,TERA,2026_03,2026-04-18 13:53
BVSAN,-989,49186,13749998,TERA,2026_03,2026-04-18 13:53
GLBMD,-992,82571,28880500,TERA,2026_03,2026-04-18 13:53
LOGO,-1212,3738,74328248,TERA,2026_03,2026-04-18 13:53
FORTE,-1345,8781,27999999,TERA,2026_03,2026-04-18 13:53
ATSYH,-1429,31175,7998869,TERA,2026_03,2026-04-18 13:53
ISYAT,-1448,2560,152245569,TERA,2026_03,2026-04-18 13:53
GARFA,-1540,515,138399778,TERA,2026_03,2026-04-18 13:53
QNBTR,-1625,5933,2571745911,TERA,2026_03,2026-04-18 13:53
AKENR,-1731,19866,385189246,TERA,2026_03,2026-04-18 13:53
KUTPO,-1764,25239,10524430,TERA,2026_03,2026-04-18 13:53
YONGA,-1846,5828,7198435,TERA,2026_03,2026-04-18 13:53
SEGMN,-1853,2325,80999980,TERA,2026_03,2026-04-18 13:53
BLCYT,-2175,14,49088907,TERA,2026_03,2026-04-18 13:53
FADE,-2246,31263,42347497,TERA,2026_03,2026-04-18 13:53
ATATP,-2367,1360,18809999,TERA,2026_03,2026-04-18 13:53
AFYON,-2476,40860,399992258,TERA,2026_03,2026-04-18 13:53
RUBNS,-2889,4038,42377765,TERA,2026_03,2026-04-18 13:53
DMSAS,-3067,353038,199994510,TERA,2026_03,2026-04-18 13:53
AVPGY,-3177,1995,99999990,TERA,2026_03,2026-04-18 13:53
DOFER,-3250,45214,20172500,TERA,2026_03,2026-04-18 13:53
NUHCM,-3399,939,33164430,TERA,2026_03,2026-04-18 13:53
BRYAT,-3584,56469,10264685,TERA,2026_03,2026-04-18 13:53
JANTS,-4340,110849,207607465,TERA,2026_03,2026-04-18 13:53
ECZYT,-4370,3298,45880511,TERA,2026_03,2026-04-18 13:53
ELITE,-4491,21831,44650000,TERA,2026_03,2026-04-18 13:53
EUYO,-4711,68338,19932875,TERA,2026_03,2026-04-18 13:53
FRMPL,-4844,9047,39997767,TERA,2026_03,2026-04-18 13:53
DOGUB,-4920,22325,19821566,TERA,2026_03,2026-04-18 13:53
BOSSA,-5000,253112,508724189,TERA,2026_03,2026-04-18 13:53
LYDHO,-5190,8487,197140970,TERA,2026_03,2026-04-18 13:53
GESAN,-5342,23460,141759179,TERA,2026_03,2026-04-18 13:53
YAPRK,-5487,11359,88514958,TERA,2026_03,2026-04-18 13:53
CEMZY,-5608,71855,124119970,TERA,2026_03,2026-04-18 13:53
GLDTRF,-5704,-3838,47850000,TERA,2026_03,2026-04-18 13:53
KORDS,-6665,42133,65421451,TERA,2026_03,2026-04-18 13:53
SEKFK,-6823,1291486,62311473,TERA,2026_03,2026-04-18 13:53
ANHYT,-7060,11053,88457041,TERA,2026_03,2026-04-18 13:53
GZNMI,-7235,14973,40949825,TERA,2026_03,2026-04-18 13:53
TEKTU,-7240,785053,195639311,TERA,2026_03,2026-04-18 13:53
EMPAE,-7311,4581,38000000,TERA,2026_03,2026-04-18 13:53
BMSTL,-7572,18171,74772261,TERA,2026_03,2026-04-18 13:53
CEOEM,-7610,71669,22209658,TERA,2026_03,2026-04-18 13:53
SMART,-7796,9165,29737499,TERA,2026_03,2026-04-18 13:53
KLMSN,-7802,12407,30881297,TERA,2026_03,2026-04-18 13:53
AKFGY,-7947,926760,3457819313,TERA,2026_03,2026-04-18 13:53
VKFYO,-7972,1972,26473700,TERA,2026_03,2026-04-18 13:53
OYAYO,-8491,12295,19999941,TERA,2026_03,2026-04-18 13:53
IHYAY,-9240,1077891,388124996,TERA,2026_03,2026-04-18 13:53
HATSN,-9480,3776,44299964,TERA,2026_03,2026-04-18 13:53
DAGI,-9860,8268,175301274,TERA,2026_03,2026-04-18 13:53
ENDAE,-10019,973,123901910,TERA,2026_03,2026-04-18 13:53
MZHLD,-10219,409434,72215314,TERA,2026_03,2026-04-18 13:53
CRFSA,-11378,21,18312793,TERA,2026_03,2026-04-18 13:53
TURGG,-11782,272683,32042988,TERA,2026_03,2026-04-18 13:53
PETUN,-12100,37232,134673118,TERA,2026_03,2026-04-18 13:53
ATSGWV,-12486,27517,1924561,TERA,2026_03,2026-04-18 13:53
TCKRC,-12625,349637,70000000,TERA,2026_03,2026-04-18 13:53
BLUME,-12725,100791,174710134,TERA,2026_03,2026-04-18 13:53
AKFIS,-13202,279990,66841328,TERA,2026_03,2026-04-18 13:53
GMTAS,-13472,105598,298687813,TERA,2026_03,2026-04-18 13:53
CEMTS,-13534,327694,233425986,TERA,2026_03,2026-04-18 13:53
YUNSA,-13851,22528,202164056,TERA,2026_03,2026-04-18 13:53
ERSU,-13970,5931,31755894,TERA,2026_03,2026-04-18 13:53
LIDFA,-14229,8711,458180545,TERA,2026_03,2026-04-18 13:53
BESTE,-14441,31418,54578499,TERA,2026_03,2026-04-18 13:53
ETILR,-15000,31524,156217454,TERA,2026_03,2026-04-18 13:53
VAKFN,-15000,228434,2064378140,TERA,2026_03,2026-04-18 13:53
IHAAS,-15125,42006,56031248,TERA,2026_03,2026-04-18 13:53
ARDYZ,-15207,28474,279551557,TERA,2026_03,2026-04-18 13:53
AHSGY,-15584,7120,184999889,TERA,2026_03,2026-04-18 13:53
TCELL,-15588,52333,1622604373,TERA,2026_03,2026-04-18 13:53
EGPRO,-16295,50936,175170570,TERA,2026_03,2026-04-18 13:53
GRTHO,-18371,957234,36745000,TERA,2026_03,2026-04-18 13:53
PRKAB,-18410,23447,35225443,TERA,2026_03,2026-04-18 13:53
ISDMR,-18856,24212,147631816,TERA,2026_03,2026-04-18 13:53
KUVVA,-19484,11537,24204585,TERA,2026_03,2026-04-18 13:53
DERIM,-19600,1117,40403770,TERA,2026_03,2026-04-18 13:53
NETAS,-19919,1565,31783484,TERA,2026_03,2026-04-18 13:53
ENTRA,-20044,411838,369383564,TERA,2026_03,2026-04-18 13:53
ONRYT,-20254,-17031,19730000,TERA,2026_03,2026-04-18 13:53
BIENY,-20277,95254,83144831,TERA,2026_03,2026-04-18 13:53
SEGYO,-21397,214569,203351321,TERA,2026_03,2026-04-18 13:53
VRGYO,-22020,629610,597693904,TERA,2026_03,2026-04-18 13:53
DOAS,-22320,32636,97899975,TERA,2026_03,2026-04-18 13:53
HTTBT,-22540,25948,82805422,TERA,2026_03,2026-04-18 13:53
GLCVY,-24458,43415,26400000,TERA,2026_03,2026-04-18 13:53
AYGAZ,-24677,-22562,98568807,TERA,2026_03,2026-04-18 13:53
MEPET,-25000,1,73940585,TERA,2026_03,2026-04-18 13:53
ULAS,-25129,14425,25200172,TERA,2026_03,2026-04-18 13:53
DOHOL,-26386,13558837,984706978,TERA,2026_03,2026-04-18 13:53
RYSAS,-27554,274729,1504020937,TERA,2026_03,2026-04-18 13:53
SOKE,-31117,20588,126999996,TERA,2026_03,2026-04-18 13:53
VAKFA,-31316,35192,224999701,TERA,2026_03,2026-04-18 13:53
HATEK,-31773,396034,62998947,TERA,2026_03,2026-04-18 13:53
BTCIM,-32274,1589189,4220286921,TERA,2026_03,2026-04-18 13:53
OTKAR,-33377,8003,33417145,TERA,2026_03,2026-04-18 13:53
ZPLIBF,-33886,812,193280000,TERA,2026_03,2026-04-18 13:53
KBORU,-37397,58737,143999994,TERA,2026_03,2026-04-18 13:53
SANEL,-38333,15397,18112451,TERA,2026_03,2026-04-18 13:53
PCILT,-38496,8165,45014182,TERA,2026_03,2026-04-18 13:53
ASGYO,-38793,15756,165000000,TERA,2026_03,2026-04-18 13:53
OYAKC,-38895,121733,4656879379,TERA,2026_03,2026-04-18 13:53
ULKER,-39348,-5704,338855989,TERA,2026_03,2026-04-18 13:53
FENER,-40972,395427,2772321468,TERA,2026_03,2026-04-18 13:53
ALKA,-41981,723912,330750000,TERA,2026_03,2026-04-18 13:53
REEDR,-42979,520152,632419525,TERA,2026_03,2026-04-18 13:53
MAGEN,-45000,327178,719512140,TERA,2026_03,2026-04-18 13:53
BIMAS,-46985,11225,436214016,TERA,2026_03,2026-04-18 13:53
KLSYN,-48287,211392,107854952,TERA,2026_03,2026-04-18 13:53
ULUFA,-50000,594141,305269391,TERA,2026_03,2026-04-18 13:53
ARSAN,-51518,10073,887344281,TERA,2026_03,2026-04-18 13:53
ALKIM,-54209,72323,182767821,TERA,2026_03,2026-04-18 13:53
MERCN,-54767,-510,74389005,TERA,2026_03,2026-04-18 13:53
SERNT,-55248,38678,113000000,TERA,2026_03,2026-04-18 13:53
NUGYO,-56717,99035,324943976,TERA,2026_03,2026-04-18 13:53
GCBFOV,-60005,94958,1084376,TERA,2026_03,2026-04-18 13:53
KLRHO,-60534,692851,341250000,TERA,2026_03,2026-04-18 13:53
BJKAS,-60904,1684585,1776089716,TERA,2026_03,2026-04-18 13:53
ALBRK,-62025,328004,1050739765,TERA,2026_03,2026-04-18 13:53
TNZTP,-62718,58888,87499950,TERA,2026_03,2026-04-18 13:53
KNFRT,-63051,660837,131747000,TERA,2026_03,2026-04-18 13:53
TRHOL,-63130,656756,17583212,TERA,2026_03,2026-04-18 13:53
OZATD,-63845,117572,13349988,TERA,2026_03,2026-04-18 13:53
SOKM,-65927,28750,448708248,TERA,2026_03,2026-04-18 13:53
RYGYO,-67990,198249,770588057,TERA,2026_03,2026-04-18 13:53
AYES,-71150,171754,87622392,TERA,2026_03,2026-04-18 13:53
TRENJ,-71157,-64583,98018735,TERA,2026_03,2026-04-18 13:53
NTHOL,-71457,3117,485479112,TERA,2026_03,2026-04-18 13:53
OSTIM,-74349,791721,510004637,TERA,2026_03,2026-04-18 13:53
KAYSE,-74781,275838,828951998,TERA,2026_03,2026-04-18 13:53
HUNER,-74978,176798,670137933,TERA,2026_03,2026-04-18 13:53
ESEN,-74999,1584237,682499950,TERA,2026_03,2026-04-18 13:53
BIGCH,-86794,31999,368932945,TERA,2026_03,2026-04-18 13:53
SURGY,-95611,40903,44999990,TERA,2026_03,2026-04-18 13:53
NATEN,-98979,5181,309374995,TERA,2026_03,2026-04-18 13:53
ULIFTV,-100000,110000,3835471,TERA,2026_03,2026-04-18 13:53
AKFYE,-103012,44807,551782160,TERA,2026_03,2026-04-18 13:53
EGEPO,-104665,300652,200000000,TERA,2026_03,2026-04-18 13:53
BMSCH,-105333,26560,69277402,TERA,2026_03,2026-04-18 13:53
NETCD,-105471,92918,40000000,TERA,2026_03,2026-04-18 13:53
MAVI,-108720,-70742,576779312,TERA,2026_03,2026-04-18 13:53
EDATA,-112011,738074,160065395,TERA,2026_03,2026-04-18 13:53
AZTEK,-121353,119196,279000000,TERA,2026_03,2026-04-18 13:53
BOBET,-123348,10048,113999998,TERA,2026_03,2026-04-18 13:53
GEREL,-129448,346850,219036379,TERA,2026_03,2026-04-18 13:53
YATAS,-131649,-126991,94866488,TERA,2026_03,2026-04-18 13:53
LRSHO,-144579,1128724,724120946,TERA,2026_03,2026-04-18 13:53
PAPIL,-146362,432683,206247674,TERA,2026_03,2026-04-18 13:53
ASELS,-147179,57102,1178601424,TERA,2026_03,2026-04-18 13:53
MHRGY,-149898,818989,310499991,TERA,2026_03,2026-04-18 13:53
UCAYM,-151771,25368,60000000,TERA,2026_03,2026-04-18 13:53
ESCOM,-153169,115482,465831670,TERA,2026_03,2026-04-18 13:53
TATEN,-169717,1289735,347799724,TERA,2026_03,2026-04-18 13:53
ALARK,-178209,93553,165125148,TERA,2026_03,2026-04-18 13:53
DCTTR,-186761,282488,157328724,TERA,2026_03,2026-04-18 13:53
LKMNH,-200000,-195090,163262533,TERA,2026_03,2026-04-18 13:53
FONET,-204653,-59757,577082984,TERA,2026_03,2026-04-18 13:53
GUBRF,-204893,13962,85403679,TERA,2026_03,2026-04-18 13:53
TRMET,-205687,-228235,174483588,TERA,2026_03,2026-04-18 13:53
ZGYO,-233534,231164,84500000,TERA,2026_03,2026-04-18 13:53
BORLS,-234676,110369,308652686,TERA,2026_03,2026-04-18 13:53
KGYO,-240688,13058,767894934,TERA,2026_03,2026-04-18 13:53
ADGYO,-246316,61214,379654333,TERA,2026_03,2026-04-18 13:53
IMASM,-261596,730519,650600499,TERA,2026_03,2026-04-18 13:53
GRSEL,-265455,335594,29650000,TERA,2026_03,2026-04-18 13:53
KCAER,-268834,505288,496494775,TERA,2026_03,2026-04-18 13:53
ARFYE,-270183,19271,47000000,TERA,2026_03,2026-04-18 13:53
ESCAR,-275924,343854,101933690,TERA,2026_03,2026-04-18 13:53
SANFM,-280293,756595,225029995,TERA,2026_03,2026-04-18 13:53
INFO,-305376,-387088,767463333,TERA,2026_03,2026-04-18 13:53
AGROT,-333946,1114573,879999770,TERA,2026_03,2026-04-18 13:53
BULGS,-340332,180792,72500000,TERA,2026_03,2026-04-18 13:53
TUPRS,-363979,99373,942334139,TERA,2026_03,2026-04-18 13:53
RTALB,-374174,249710,432976722,TERA,2026_03,2026-04-18 13:53
FROTO,-375839,-40910,625119847,TERA,2026_03,2026-04-18 13:53
ALVES,-395496,227868,1159999780,TERA,2026_03,2026-04-18 13:53
TATGD,-399929,2866535,119286243,TERA,2026_03,2026-04-18 13:53
PENTA,-400022,8690,181070136,TERA,2026_03,2026-04-18 13:53
GARAN,-406901,-38588,2454957797,TERA,2026_03,2026-04-18 13:53
MEKAG,-414676,80515789,320319999,TERA,2026_03,2026-04-18 13:53
KRDMD,-422915,251669,780216365,TERA,2026_03,2026-04-18 13:53
ENKAI,-453440,65243,874733059,TERA,2026_03,2026-04-18 13:53
THYAO,-498252,374852,739463453,TERA,2026_03,2026-04-18 13:53
EUREN,-509448,827675,1040132637,TERA,2026_03,2026-04-18 13:53
BRKO,-534324,2049578,138283723,TERA,2026_03,2026-04-18 13:53
CIMSA,-555305,55288,488602363,TERA,2026_03,2026-04-18 13:53
IZFAS,-622664,558102,156001658,TERA,2026_03,2026-04-18 13:53
ALGYO,-623600,1564645,989338262,TERA,2026_03,2026-04-18 13:53
PNSUT,-659817,741555,128323851,TERA,2026_03,2026-04-18 13:53
DENGE,-675154,308712,525284797,TERA,2026_03,2026-04-18 13:53
FORMT,-705577,2859825,1029046010,TERA,2026_03,2026-04-18 13:53
PAHOL,-797734,5000847,3999999979,TERA,2026_03,2026-04-18 13:53
ARZUM,-813623,333380,400949823,TERA,2026_03,2026-04-18 13:53
PETKM,-855227,-905419,1241729843,TERA,2026_03,2026-04-18 13:53
OBAMS,-888879,555730,751078524,TERA,2026_03,2026-04-18 13:53
SAFKR,-914986,248736,140056162,TERA,2026_03,2026-04-18 13:53
RUZYE,-923951,457552,267748491,TERA,2026_03,2026-04-18 13:53
DGNMO,-990000,-944979,327634635,TERA,2026_03,2026-04-18 13:53
PASEU,-1026093,8177617,215295868,TERA,2026_03,2026-04-18 13:53
AKGRT,-1054509,240312,629007625,TERA,2026_03,2026-04-18 13:53
RNPOL,-1101158,1207739,335900000,TERA,2026_03,2026-04-18 13:53
MARMR,-1117033,627024,961218727,TERA,2026_03,2026-04-18 13:53
TKFEN,-1203869,-149858,230848007,TERA,2026_03,2026-04-18 13:53
KRDMA,-1204929,-579300,240300917,TERA,2026_03,2026-04-18 13:53
KATMR,-1398975,1259425,1980989998,TERA,2026_03,2026-04-18 13:53
EKGYO,-1769020,275326,1925107366,TERA,2026_03,2026-04-18 13:53
BINHO,-1919758,446980,488884380,TERA,2026_03,2026-04-18 13:53
KRVGD,-2179500,-2229578,596159766,TERA,2026_03,2026-04-18 13:53
TURSG,-2298348,407947,7907296076,TERA,2026_03,2026-04-18 13:53
GOZDE,-2332290,41711,384991447,TERA,2026_03,2026-04-18 13:53
SKBNK,-2682707,4981087,2498877855,TERA,2026_03,2026-04-18 13:53
EUHOL,-2959866,22046226,142999954,TERA,2026_03,2026-04-18 13:53
TSPOR,-3014977,4616817,3674975174,TERA,2026_03,2026-04-18 13:53
IZENR,-3209797,462716,914537597,TERA,2026_03,2026-04-18 13:53
AKSEN,-3941883,3698289,638545796,TERA,2026_03,2026-04-18 13:53
ODAS,-5461758,296640,1113798031,TERA,2026_03,2026-04-18 13:53
ADESE,-7767084,7261278,4687131701,TERA,2026_03,2026-04-18 13:53
CANTE,-11167052,8517625,8608815636,TERA,2026_03,2026-04-18 13:53
SELVA,-15359173,665468,775687737,TERA,2026_03,2026-04-18 13:53
TEHOL,-15364050,616294237,1967930261,TERA,2026_03,2026-04-18 13:53
GSRAY,-37502474,8750070,10123744690,TERA,2026_03,2026-04-18 13:53
PEKGY,-46494928,274487748,4685173406,TERA,2026_03,2026-04-18 13:53
TERA,-50431578,14602603,240888789,TERA,2026_03,2026-04-18 13:53
ISKPL,-157303312,79137069,724625736,TERA,2026_03,2026-04-18 13:53
LINK,81427338,83464883,747511382,BULLS,2026_03,2026-04-18 13:53
SEGMN,22526572,23963868,80999980,BULLS,2026_03,2026-04-18 13:53
QUAGR,14729621,17243405,1773200000,BULLS,2026_03,2026-04-18 13:53
DMRGD,12588249,61152760,1277294592,BULLS,2026_03,2026-04-18 13:53
ICUGS,11558040,13885298,336250000,BULLS,2026_03,2026-04-18 13:53
ISCTR,11541259,14849146,8880396856,BULLS,2026_03,2026-04-18 13:53
BEGYO,9311598,9481844,290000000,BULLS,2026_03,2026-04-18 13:53
YKBNK,8513296,10037119,4705620952,BULLS,2026_03,2026-04-18 13:53
SASA,8104350,27196548,25700434927,BULLS,2026_03,2026-04-18 13:53
PETKM,6048522,6015836,1241729843,BULLS,2026_03,2026-04-18 13:53
EGEGY,5799215,19551942,69140000,BULLS,2026_03,2026-04-18 13:53
GSRAY,5533745,14620277,10123744690,BULLS,2026_03,2026-04-18 13:53
EKGYO,4970515,1939854,1925107366,BULLS,2026_03,2026-04-18 13:53
MIATK,4706576,30745557,313087979,BULLS,2026_03,2026-04-18 13:53
FENER,4466472,5269526,2772321468,BULLS,2026_03,2026-04-18 13:53
HEKTS,4335513,7216321,3946424637,BULLS,2026_03,2026-04-18 13:53
ESCAR,3853648,4131110,101933690,BULLS,2026_03,2026-04-18 13:53
SERNT,3370160,3631394,113000000,BULLS,2026_03,2026-04-18 13:53
RUZYE,3177743,18129827,267748491,BULLS,2026_03,2026-04-18 13:53
KATMR,3029858,5196539,1980989998,BULLS,2026_03,2026-04-18 13:53
SELVA,2850275,5270495,775687737,BULLS,2026_03,2026-04-18 13:53
KZBGY,2689598,12960076,1959999915,BULLS,2026_03,2026-04-18 13:53
EREGL,2522599,4086860,3554243274,BULLS,2026_03,2026-04-18 13:53
MRGYO,2271810,9285645,2277966226,BULLS,2026_03,2026-04-18 13:53
VKGYO,2173902,3902593,1637203242,BULLS,2026_03,2026-04-18 13:53
PEKGY,2024550,5909381,4685173406,BULLS,2026_03,2026-04-18 13:53
SEKUR,1996243,3069304,131457835,BULLS,2026_03,2026-04-18 13:53
BINHO,1982349,3598957,488884380,BULLS,2026_03,2026-04-18 13:53
AEFES,1955029,1309500,2028860053,BULLS,2026_03,2026-04-18 13:53
NIBAS,1875161,2122212,267767946,BULLS,2026_03,2026-04-18 13:53
ZGYO,1771394,2461628,84500000,BULLS,2026_03,2026-04-18 13:53
IHLGM,1725266,11762555,986078000,BULLS,2026_03,2026-04-18 13:53
KLYPV,1665790,1901476,46334639,BULLS,2026_03,2026-04-18 13:53
ATATR,1600288,3222804,280000000,BULLS,2026_03,2026-04-18 13:53
SVGYO,1580544,1580544,295400000,BULLS,2026_03,2026-04-18 13:53
EUPWR,1285855,1879172,199610525,BULLS,2026_03,2026-04-18 13:53
MARTI,1256837,2133140,1475768116,BULLS,2026_03,2026-04-18 13:53
CONSE,1184028,4000548,377854899,BULLS,2026_03,2026-04-18 13:53
LXGYO,1176708,1176708,118936300,BULLS,2026_03,2026-04-18 13:53
TCELL,1172919,1321755,1622604373,BULLS,2026_03,2026-04-18 13:53
KRDMD,1152611,241310,780216365,BULLS,2026_03,2026-04-18 13:53
INFO,1146025,1597049,767463333,BULLS,2026_03,2026-04-18 13:53
AKSEN,1144880,1210095,638545796,BULLS,2026_03,2026-04-18 13:53
TRALT,1143942,2289625,952269019,BULLS,2026_03,2026-04-18 13:53
VAKBN,1094494,842806,8046896130,BULLS,2026_03,2026-04-18 13:53
BULGS,1032116,6556568,72500000,BULLS,2026_03,2026-04-18 13:53
ZOREN,983923,2495991,2681244194,BULLS,2026_03,2026-04-18 13:53
KCHOL,957785,1358815,674053695,BULLS,2026_03,2026-04-18 13:53
MEKAG,944613,1567672,320319999,BULLS,2026_03,2026-04-18 13:53
MEYSU,920119,2116988,175000000,BULLS,2026_03,2026-04-18 13:53
KONTR,905677,1369990,936038761,BULLS,2026_03,2026-04-18 13:53
BIGTK,898287,16966262,23834373,BULLS,2026_03,2026-04-18 13:53
BORLS,882051,1252959,308652686,BULLS,2026_03,2026-04-18 13:53
TKFEN,876714,812567,230848007,BULLS,2026_03,2026-04-18 13:53
GENKM,791852,791852,124845000,BULLS,2026_03,2026-04-18 13:53
DOHOL,790764,651690,984706978,BULLS,2026_03,2026-04-18 13:53
GRTHO,790201,4762203,36745000,BULLS,2026_03,2026-04-18 13:53
NTGAZ,703914,859557,276000000,BULLS,2026_03,2026-04-18 13:53
CRDFA,690476,1025085,224990570,BULLS,2026_03,2026-04-18 13:53
TUPRS,634422,986610,942334139,BULLS,2026_03,2026-04-18 13:53
RTALB,609896,916369,432976722,BULLS,2026_03,2026-04-18 13:53
ENKAI,574785,506821,874733059,BULLS,2026_03,2026-04-18 13:53
ARZUM,525811,5271742,400949823,BULLS,2026_03,2026-04-18 13:53
ESEN,508241,767909,682499950,BULLS,2026_03,2026-04-18 13:53
TEHOL,503381,4042313,1967930261,BULLS,2026_03,2026-04-18 13:53
ALARK,503243,884204,165125148,BULLS,2026_03,2026-04-18 13:53
FZLGY,494799,543774,398427644,BULLS,2026_03,2026-04-18 13:53
ARFYE,431456,977929,47000000,BULLS,2026_03,2026-04-18 13:53
SOKM,424124,455191,448708248,BULLS,2026_03,2026-04-18 13:53
AKCNS,388568,964697,39359284,BULLS,2026_03,2026-04-18 13:53
DCTTR,374787,1019669,157328724,BULLS,2026_03,2026-04-18 13:53
ALGYO,366581,1116569,989338262,BULLS,2026_03,2026-04-18 13:53
METRO,360476,882486,539989959,BULLS,2026_03,2026-04-18 13:53
FROTO,358917,495238,625119847,BULLS,2026_03,2026-04-18 13:53
DURDO,355398,422727,379703149,BULLS,2026_03,2026-04-18 13:53
AKBNK,313869,922174,3059320211,BULLS,2026_03,2026-04-18 13:53
AKFGY,306937,2749589,3457819313,BULLS,2026_03,2026-04-18 13:53
BIOEN,305179,480310,197983418,BULLS,2026_03,2026-04-18 13:53
INDES,302055,536074,462749767,BULLS,2026_03,2026-04-18 13:53
ENJSA,288486,227838,236209270,BULLS,2026_03,2026-04-18 13:53
MGROS,266827,264945,96563568,BULLS,2026_03,2026-04-18 13:53
PENGD,258175,459485,171069968,BULLS,2026_03,2026-04-18 13:53
SOKE,254476,330356,126999996,BULLS,2026_03,2026-04-18 13:53
VESTL,250811,724974,295447203,BULLS,2026_03,2026-04-18 13:53
KERVN,250500,412738,588346973,BULLS,2026_03,2026-04-18 13:53
OYAKC,245618,948501,4656879379,BULLS,2026_03,2026-04-18 13:53
HDFGS,244329,5437414,956974191,BULLS,2026_03,2026-04-18 13:53
AGHOL,237269,367046,1069828243,BULLS,2026_03,2026-04-18 13:53
HURGZ,226567,470012,220784167,BULLS,2026_03,2026-04-18 13:53
CEMTS,224473,593113,233425986,BULLS,2026_03,2026-04-18 13:53
USAK,221095,534537660,2436064709,BULLS,2026_03,2026-04-18 13:53
GZNMI,215210,224490,40949825,BULLS,2026_03,2026-04-18 13:53
EKSUN,208477,992509,171792833,BULLS,2026_03,2026-04-18 13:53
TRGYO,208309,345651,251573369,BULLS,2026_03,2026-04-18 13:53
YKSLN,199226,848029,197429566,BULLS,2026_03,2026-04-18 13:53
ULUFA,197432,374893,305269391,BULLS,2026_03,2026-04-18 13:53
TATGD,197096,246232,119286243,BULLS,2026_03,2026-04-18 13:53
VESBE,195646,915377,503578676,BULLS,2026_03,2026-04-18 13:53
BJKAS,192181,1037214,1776089716,BULLS,2026_03,2026-04-18 13:53
KBORU,185814,3064570,143999994,BULLS,2026_03,2026-04-18 13:53
OBAMS,181633,6068018,751078524,BULLS,2026_03,2026-04-18 13:53
ZERGY,180309,627174,156799985,BULLS,2026_03,2026-04-18 13:53
ALBRK,175448,1126066,1050739765,BULLS,2026_03,2026-04-18 13:53
ARCLK,173135,395271,170054765,BULLS,2026_03,2026-04-18 13:53
AXSMDV,168877,168877,12800000,BULLS,2026_03,2026-04-18 13:53
GSDDE,166728,286561,106850751,BULLS,2026_03,2026-04-18 13:53
MHRGY,161278,355289,310499991,BULLS,2026_03,2026-04-18 13:53
KTSKR,159731,249084,14691795,BULLS,2026_03,2026-04-18 13:53
ULKER,158861,201147,338855989,BULLS,2026_03,2026-04-18 13:53
FRMPL,157352,231606,39997767,BULLS,2026_03,2026-04-18 13:53
CEMAS,145573,2006277,790994229,BULLS,2026_03,2026-04-18 13:53
CIMSA,144439,462989,488602363,BULLS,2026_03,2026-04-18 13:53
EGEPO,136955,297671,200000000,BULLS,2026_03,2026-04-18 13:53
LIDFA,134482,477043,458180545,BULLS,2026_03,2026-04-18 13:53
TNZTP,132864,260777,87499950,BULLS,2026_03,2026-04-18 13:53
ALKIM,122565,1751627,182767821,BULLS,2026_03,2026-04-18 13:53
EUHOL,121939,1082813,142999954,BULLS,2026_03,2026-04-18 13:53
DURKN,115599,457880,42500000,BULLS,2026_03,2026-04-18 13:53
RALYH,113045,1548839,176370972,BULLS,2026_03,2026-04-18 13:53
LMKDC,112679,536226,155929999,BULLS,2026_03,2026-04-18 13:53
GLRYH,109749,515074,599623814,BULLS,2026_03,2026-04-18 13:53
TTKOM,109625,245520,524999999,BULLS,2026_03,2026-04-18 13:53
MNDTR,104107,2885046,910071938,BULLS,2026_03,2026-04-18 13:53
AKFYE,103815,305194,551782160,BULLS,2026_03,2026-04-18 13:53
POLHO,100863,772233,164140074,BULLS,2026_03,2026-04-18 13:53
MOPAS,95211,124004,57330000,BULLS,2026_03,2026-04-18 13:53
NTHOL,94343,408943,485479112,BULLS,2026_03,2026-04-18 13:53
TURSG,93875,666337,7907296076,BULLS,2026_03,2026-04-18 13:53
BMSCH,93030,204168,69277402,BULLS,2026_03,2026-04-18 13:53
MEGMT,92651,268268,85749986,BULLS,2026_03,2026-04-18 13:53
CEMZY,89978,157344,124119970,BULLS,2026_03,2026-04-18 13:53
SMART,89575,228049,29737499,BULLS,2026_03,2026-04-18 13:53
LIDER,89249,321111,279500000,BULLS,2026_03,2026-04-18 13:53
MCARD,88535,88535,18900000,BULLS,2026_03,2026-04-18 13:53
KAREL,88018,1360934,329659497,BULLS,2026_03,2026-04-18 13:53
TKNSA,87900,225009,100485379,BULLS,2026_03,2026-04-18 13:53
SAFKR,83806,471266,140056162,BULLS,2026_03,2026-04-18 13:53
YESIL,82751,1992380,640699949,BULLS,2026_03,2026-04-18 13:53
AKGRT,80437,326933,629007625,BULLS,2026_03,2026-04-18 13:53
BOSSA,80400,1237888,508724189,BULLS,2026_03,2026-04-18 13:53
EYGYO,79618,414426,362859668,BULLS,2026_03,2026-04-18 13:53
DYOBY,78102,232432,186553687,BULLS,2026_03,2026-04-18 13:53
ICBCT,75951,126180,216761845,BULLS,2026_03,2026-04-18 13:53
TUREX,73121,427945,432000000,BULLS,2026_03,2026-04-18 13:53
PATEK,72268,922806,293081893,BULLS,2026_03,2026-04-18 13:53
BIMAS,71152,75065,436214016,BULLS,2026_03,2026-04-18 13:53
GOKNR,67354,302191,178040711,BULLS,2026_03,2026-04-18 13:53
EMKEL,66722,145072,149999458,BULLS,2026_03,2026-04-18 13:53
BESTE,66112,83829,54578499,BULLS,2026_03,2026-04-18 13:53
KCAER,63673,408203,496494775,BULLS,2026_03,2026-04-18 13:53
TUCLK,61518,981905,263182600,BULLS,2026_03,2026-04-18 13:53
KRTEK,56580,106929,18914650,BULLS,2026_03,2026-04-18 13:53
TOASO,55054,192081,120585077,BULLS,2026_03,2026-04-18 13:53
MOBTL,50818,91747,207999999,BULLS,2026_03,2026-04-18 13:53
DENGE,49962,688943,525284797,BULLS,2026_03,2026-04-18 13:53
LKMNH,49050,1897074,163262533,BULLS,2026_03,2026-04-18 13:53
ALCTL,46616,141760,13543218,BULLS,2026_03,2026-04-18 13:53
DARDL,46463,1183879,1753442695,BULLS,2026_03,2026-04-18 13:53
GOODY,44672,122925,132804473,BULLS,2026_03,2026-04-18 13:53
FRIGO,44335,1178943,263258455,BULLS,2026_03,2026-04-18 13:53
KARSN,44291,359235,827827039,BULLS,2026_03,2026-04-18 13:53
FADE,41402,191309,42347497,BULLS,2026_03,2026-04-18 13:53
IHAAS,40808,67642,56031248,BULLS,2026_03,2026-04-18 13:53
IDGYO,40609,51729,118909256,BULLS,2026_03,2026-04-18 13:53
HOROZ,40277,70093,24599986,BULLS,2026_03,2026-04-18 13:53
ISGYO,39646,66913,531312439,BULLS,2026_03,2026-04-18 13:53
KLNMA,39150,173330,91846864,BULLS,2026_03,2026-04-18 13:53
ISYAT,39149,254489,152245569,BULLS,2026_03,2026-04-18 13:53
MERCN,37375,144914,74389005,BULLS,2026_03,2026-04-18 13:53
SMRTG,37116,357331,664164672,BULLS,2026_03,2026-04-18 13:53
VKFYO,36660,55732,26473700,BULLS,2026_03,2026-04-18 13:53
OSMEN,36650,176730,159162130,BULLS,2026_03,2026-04-18 13:53
ALVES,35406,1208400,1159999780,BULLS,2026_03,2026-04-18 13:53
BLUME,35297,450428,174710134,BULLS,2026_03,2026-04-18 13:53
BURVA,34953,238417,4723271,BULLS,2026_03,2026-04-18 13:53
EUREN,34786,1427272,1040132637,BULLS,2026_03,2026-04-18 13:53
VERTU,34196,71547,22000000,BULLS,2026_03,2026-04-18 13:53
TEZOL,33930,416658,139999972,BULLS,2026_03,2026-04-18 13:53
GLDTRF,32469,12784,47850000,BULLS,2026_03,2026-04-18 13:53
BNTAS,32415,1194008,170624998,BULLS,2026_03,2026-04-18 13:53
CRFSA,31892,193626,18312793,BULLS,2026_03,2026-04-18 13:53
YYLGD,31855,182201,369826200,BULLS,2026_03,2026-04-18 13:53
OZRDN,29961,257068,57107579,BULLS,2026_03,2026-04-18 13:53
ZEDUR,29940,55098,69899991,BULLS,2026_03,2026-04-18 13:53
BORSK,29089,1289844,279999879,BULLS,2026_03,2026-04-18 13:53
BRLSM,28890,251635,108025075,BULLS,2026_03,2026-04-18 13:53
GARAN,28656,27854,2454957797,BULLS,2026_03,2026-04-18 13:53
DESA,28260,364226,171107590,BULLS,2026_03,2026-04-18 13:53
EGPRO,28203,133049,175170570,BULLS,2026_03,2026-04-18 13:53
KAYSE,27733,624866,828951998,BULLS,2026_03,2026-04-18 13:53
SAYAS,27447,66963,42530887,BULLS,2026_03,2026-04-18 13:53
BOBET,27258,276339,113999998,BULLS,2026_03,2026-04-18 13:53
KRGYO,26500,186610,275246747,BULLS,2026_03,2026-04-18 13:53
PASEU,25697,109937,215295868,BULLS,2026_03,2026-04-18 13:53
AFYON,25531,259498,399992258,BULLS,2026_03,2026-04-18 13:53
BRISA,24267,52198,31247472,BULLS,2026_03,2026-04-18 13:53
OZGYO,24106,1561168,490916869,BULLS,2026_03,2026-04-18 13:53
ASGYO,23789,312599,165000000,BULLS,2026_03,2026-04-18 13:53
YUNSA,23489,1107423,202164056,BULLS,2026_03,2026-04-18 13:53
TATEN,22826,311061,347799724,BULLS,2026_03,2026-04-18 13:53
SANEL,22703,29874,18112451,BULLS,2026_03,2026-04-18 13:53
AVTUR,22373,288261,43067999,BULLS,2026_03,2026-04-18 13:53
PINSU,20892,27651,101635846,BULLS,2026_03,2026-04-18 13:53
YEOTK,20852,301587,160933198,BULLS,2026_03,2026-04-18 13:53
OYYAT,20795,33855,91048322,BULLS,2026_03,2026-04-18 13:53
BRKO,20269,1256603,138283723,BULLS,2026_03,2026-04-18 13:53
MRIGMV,20001,40002,1478910,BULLS,2026_03,2026-04-18 13:53
DOAS,19999,48147,97899975,BULLS,2026_03,2026-04-18 13:53
MAKTK,19072,851552,184370066,BULLS,2026_03,2026-04-18 13:53
BIGEN,17853,216767,115500000,BULLS,2026_03,2026-04-18 13:53
BIZIM,17742,20733,27601626,BULLS,2026_03,2026-04-18 13:53
KLSYN,17261,407942,107854952,BULLS,2026_03,2026-04-18 13:53
CUSAN,17221,29915,18500000,BULLS,2026_03,2026-04-18 13:53
CGCAM,17042,138713,42000000,BULLS,2026_03,2026-04-18 13:53
ENERY,16740,85677,2420687469,BULLS,2026_03,2026-04-18 13:53
UCAYM,16447,239103,60000000,BULLS,2026_03,2026-04-18 13:53
YAPRK,16274,13095,88514958,BULLS,2026_03,2026-04-18 13:53
TKSMBV,15900,92333,2362178,BULLS,2026_03,2026-04-18 13:53
GENTS,15397,2515237,749958921,BULLS,2026_03,2026-04-18 13:53
TDGYO,15063,35445,61998213,BULLS,2026_03,2026-04-18 13:53
AXSMBV,14996,14996,1121361,BULLS,2026_03,2026-04-18 13:53
IEYHO,14751,312340,541033797,BULLS,2026_03,2026-04-18 13:53
VKING,14338,17412,30932905,BULLS,2026_03,2026-04-18 13:53
BARMA,14245,44653,78130939,BULLS,2026_03,2026-04-18 13:53
AVPGY,14079,81771,99999990,BULLS,2026_03,2026-04-18 13:53
SNICA,14012,602254,321688855,BULLS,2026_03,2026-04-18 13:53
TRMET,13492,32025,174483588,BULLS,2026_03,2026-04-18 13:53
ONRYT,11979,44841,19730000,BULLS,2026_03,2026-04-18 13:53
TGSAS,11779,764872,12348294,BULLS,2026_03,2026-04-18 13:53
EDALOV,11758,11758,1333226,BULLS,2026_03,2026-04-18 13:53
INTEM,11505,18115,9428747,BULLS,2026_03,2026-04-18 13:53
EUYO,11341,333494,19932875,BULLS,2026_03,2026-04-18 13:53
ERBOS,11230,16765,15899843,BULLS,2026_03,2026-04-18 13:53
BAGFS,11205,2258808,100042745,BULLS,2026_03,2026-04-18 13:53
ZGOLDF,11176,2328,152040000,BULLS,2026_03,2026-04-18 13:53
GIPTA,11175,324673,51617863,BULLS,2026_03,2026-04-18 13:53
GLRMK,11030,57210,58116000,BULLS,2026_03,2026-04-18 13:53
KIMMR,10629,59813,75000000,BULLS,2026_03,2026-04-18 13:53
ARTMS,10065,91482,28399999,BULLS,2026_03,2026-04-18 13:53
PBAZMV,10000,10000,3574037,BULLS,2026_03,2026-04-18 13:53
ARMGD,9949,16254,54996000,BULLS,2026_03,2026-04-18 13:53
ALKA,9358,725372,330750000,BULLS,2026_03,2026-04-18 13:53
PPITOV,9035,9035,4965812,BULLS,2026_03,2026-04-18 13:53
BALAT,8443,498122,13588195,BULLS,2026_03,2026-04-18 13:53
SEGYO,8410,315828,203351321,BULLS,2026_03,2026-04-18 13:53
KORDS,7698,63853,65421451,BULLS,2026_03,2026-04-18 13:53
KUVVA,7667,9126,24204585,BULLS,2026_03,2026-04-18 13:53
OTTO,7639,12512,5824438,BULLS,2026_03,2026-04-18 13:53
PRKME,7635,48770,53038641,BULLS,2026_03,2026-04-18 13:53
YIGIT,7614,74865,74999974,BULLS,2026_03,2026-04-18 13:53
PAGYO,7505,108617,57781202,BULLS,2026_03,2026-04-18 13:53
KUTPO,7305,20548,10524430,BULLS,2026_03,2026-04-18 13:53
KRSTL,7113,44442,183664642,BULLS,2026_03,2026-04-18 13:53
LILAK,7002,278513,260252705,BULLS,2026_03,2026-04-18 13:53
HKTM,6901,136872,72747495,BULLS,2026_03,2026-04-18 13:53
AYES,6817,174856,87622392,BULLS,2026_03,2026-04-18 13:53
ANELE,6709,51508,151405542,BULLS,2026_03,2026-04-18 13:53
GOZDE,6698,471281,384991447,BULLS,2026_03,2026-04-18 13:53
GATEG,6601,59665,10570341,BULLS,2026_03,2026-04-18 13:53
VBTYZ,6416,71691,56205000,BULLS,2026_03,2026-04-18 13:53
SAMAT,6400,114744,103183797,BULLS,2026_03,2026-04-18 13:53
OTKAR,6048,20803,33417145,BULLS,2026_03,2026-04-18 13:53
RYSAS,6000,581264,1504020937,BULLS,2026_03,2026-04-18 13:53
IZINV,5513,96205,13540386,BULLS,2026_03,2026-04-18 13:53
MACKO,5301,13782,41500000,BULLS,2026_03,2026-04-18 13:53
ACSEL,5164,11753,8589113,BULLS,2026_03,2026-04-18 13:53
SNPAM,5002,85017,19679871,BULLS,2026_03,2026-04-18 13:53
ISFIN,4907,68886,310154523,BULLS,2026_03,2026-04-18 13:53
YATAS,4901,24526,94866488,BULLS,2026_03,2026-04-18 13:53
EUKYO,4895,17717,19899963,BULLS,2026_03,2026-04-18 13:53
YBTAS,4879,119415,31617148,BULLS,2026_03,2026-04-18 13:53
EDIP,4730,24283,36468204,BULLS,2026_03,2026-04-18 13:53
ARENA,4527,50253,66996461,BULLS,2026_03,2026-04-18 13:53
RODRG,4386,11368,16822352,BULLS,2026_03,2026-04-18 13:53
CCOLA,4379,28545,820001147,BULLS,2026_03,2026-04-18 13:53
EBEBK,4270,8149,40534692,BULLS,2026_03,2026-04-18 13:53
MPARK,4144,8720,80869110,BULLS,2026_03,2026-04-18 13:53
MEGAP,4021,126668,234498757,BULLS,2026_03,2026-04-18 13:53
CATES,3845,8365,33050000,BULLS,2026_03,2026-04-18 13:53
DGATE,3605,40018,15227271,BULLS,2026_03,2026-04-18 13:53
INGRM,3560,10372,14969536,BULLS,2026_03,2026-04-18 13:53
SMRVA,3485,22038,28000000,BULLS,2026_03,2026-04-18 13:53
ATATP,3025,104670,18809999,BULLS,2026_03,2026-04-18 13:53
ATSYH,2883,15660,7998869,BULLS,2026_03,2026-04-18 13:53
TMPOL,2819,86633,11039990,BULLS,2026_03,2026-04-18 13:53
ANRDOV,2496,2496,4500000,BULLS,2026_03,2026-04-18 13:53
FLAP,2488,24378,93599985,BULLS,2026_03,2026-04-18 13:53
RGYAS,2465,6668,105523000,BULLS,2026_03,2026-04-18 13:53
BANVT,2407,4740,36961044,BULLS,2026_03,2026-04-18 13:53
DGNMO,2005,166636,327634635,BULLS,2026_03,2026-04-18 13:53
OYAYO,1988,21027,19999941,BULLS,2026_03,2026-04-18 13:53
GOLTS,1876,5267,12422783,BULLS,2026_03,2026-04-18 13:53
MEPET,1861,116522,73940585,BULLS,2026_03,2026-04-18 13:53
AYCES,1805,7895,1895369,BULLS,2026_03,2026-04-18 13:53
PPIEPV,1800,1800,4742599,BULLS,2026_03,2026-04-18 13:53
ATAGY,1770,58900,45670114,BULLS,2026_03,2026-04-18 13:53
VANGD,1752,36329,24374995,BULLS,2026_03,2026-04-18 13:53
MTRKS,1694,33011,43633165,BULLS,2026_03,2026-04-18 13:53
KLSER,1683,73229,109457654,BULLS,2026_03,2026-04-18 13:53
PARSN,1573,25922,34033246,BULLS,2026_03,2026-04-18 13:53
RYGYO,1564,1146472,770588057,BULLS,2026_03,2026-04-18 13:53
ODINE,1550,3999,52810834,BULLS,2026_03,2026-04-18 13:53
ATEKS,1506,3341,5441598,BULLS,2026_03,2026-04-18 13:53
KRVGD,1500,50994,596159766,BULLS,2026_03,2026-04-18 13:53
RAYSG,1450,16491,51947024,BULLS,2026_03,2026-04-18 13:53
FMIZP,1271,2655,3497641,BULLS,2026_03,2026-04-18 13:53
AYEN,1177,7251,55531320,BULLS,2026_03,2026-04-18 13:53
VAKFN,1126,1507248,2064378140,BULLS,2026_03,2026-04-18 13:53
PKART,1085,5378,11048497,BULLS,2026_03,2026-04-18 13:53
UASAXV,1000,2000,1910781,BULLS,2026_03,2026-04-18 13:53
SANKO,973,61776,37499197,BULLS,2026_03,2026-04-18 13:53
EGSER,904,152971,545751057,BULLS,2026_03,2026-04-18 13:53
KENT,895,1422,1786507,BULLS,2026_03,2026-04-18 13:53
DEVA,811,47628,199971824,BULLS,2026_03,2026-04-18 13:53
FORTE,771,44483,27999999,BULLS,2026_03,2026-04-18 13:53
TLMAN,620,10559,10300000,BULLS,2026_03,2026-04-18 13:53
TRENJ,617,37299,98018735,BULLS,2026_03,2026-04-18 13:53
BRYAT,600,9209,10264685,BULLS,2026_03,2026-04-18 13:53
DITAS,593,4374,83407810,BULLS,2026_03,2026-04-18 13:53
TTRAK,552,18030,24967158,BULLS,2026_03,2026-04-18 13:53
KRPLS,542,99435,78486163,BULLS,2026_03,2026-04-18 13:53
HTTBT,540,19126,82805422,BULLS,2026_03,2026-04-18 13:53
CLEBI,490,1579,5490178,BULLS,2026_03,2026-04-18 13:53
AKYHO,370,4360298,223895870,BULLS,2026_03,2026-04-18 13:53
AVGYO,340,2801,111590302,BULLS,2026_03,2026-04-18 13:53
SONME,313,4563,4349319,BULLS,2026_03,2026-04-18 13:53
PSDTC,294,7936,6599991,BULLS,2026_03,2026-04-18 13:53
TBORG,278,38014,59392160,BULLS,2026_03,2026-04-18 13:53
GMSTRF,226,18619,75300000,BULLS,2026_03,2026-04-18 13:53
ANHYT,224,4278,88457041,BULLS,2026_03,2026-04-18 13:53
ULUSE,192,4365,24000000,BULLS,2026_03,2026-04-18 13:53
MAALT,176,5075,4763850,BULLS,2026_03,2026-04-18 13:53
SELEC,153,10864,124262097,BULLS,2026_03,2026-04-18 13:53
ANIJWV,125,125,7964886,BULLS,2026_03,2026-04-18 13:53
ISBIR,106,7006,14545542,BULLS,2026_03,2026-04-18 13:53
PBSYMV,100,100,15200000,BULLS,2026_03,2026-04-18 13:53
COSMO,90,3294,6494091,BULLS,2026_03,2026-04-18 13:53
LUKSK,69,1073,27257202,BULLS,2026_03,2026-04-18 13:53
KONYA,56,1423,1646416,BULLS,2026_03,2026-04-18 13:53
YONGA,52,5733,7198435,BULLS,2026_03,2026-04-18 13:53
CEOEM,50,60773,22209658,BULLS,2026_03,2026-04-18 13:53
DIRIT,45,16049,10150123,BULLS,2026_03,2026-04-18 13:53
CMBTN,39,1694,1023000,BULLS,2026_03,2026-04-18 13:53
PAMEL,38,13084,21533681,BULLS,2026_03,2026-04-18 13:53
QNBTR,32,197,2571745911,BULLS,2026_03,2026-04-18 13:53
GRNYO,25,8551,37386059,BULLS,2026_03,2026-04-18 13:53
POLTK,17,226,1125000,BULLS,2026_03,2026-04-18 13:53
ORMA,4,5918,3663265,BULLS,2026_03,2026-04-18 13:53
EMNIS,3,5494,3429235,BULLS,2026_03,2026-04-18 13:53
BISKNV,1,30009,1547161,BULLS,2026_03,2026-04-18 13:53
ALCAR,1,1323,1721735,BULLS,2026_03,2026-04-18 13:53
QNBFK,0,61628,843137646,BULLS,2026_03,2026-04-18 13:53
DMISH,0,146669,41526838,BULLS,2026_03,2026-04-18 13:53
TUMTK,0,8868,76370187,BULLS,2026_03,2026-04-18 13:53
ENPRA,0,2683,374258700,BULLS,2026_03,2026-04-18 13:53
MENBA,0,28830,3496852,BULLS,2026_03,2026-04-18 13:53
RANLO,0,65918,19850386,BULLS,2026_03,2026-04-18 13:53
ARTI,0,8105,9881683,BULLS,2026_03,2026-04-18 13:53
GNPWR,0,102200,21999996,BULLS,2026_03,2026-04-18 13:53
UKIM,0,102,2053621,BULLS,2026_03,2026-04-18 13:53
METAL,0,2801,9024711,BULLS,2026_03,2026-04-18 13:53
ROYAL,0,41,17249999,BULLS,2026_03,2026-04-18 13:53
UMPAS,0,503,19699184,BULLS,2026_03,2026-04-18 13:53
UNTAR,0,28711,29562129,BULLS,2026_03,2026-04-18 13:53
GOLDS,0,352220,192323946,BULLS,2026_03,2026-04-18 13:53
ERICO,0,14103,5214523,BULLS,2026_03,2026-04-18 13:53
UZEL,0,12615,26329793,BULLS,2026_03,2026-04-18 13:53
CLKHO,0,390980,26183651,BULLS,2026_03,2026-04-18 13:53
ESEMS,0,1076,11202091,BULLS,2026_03,2026-04-18 13:53
SALIX,0,45853,4949230,BULLS,2026_03,2026-04-18 13:53
AVHOL,0,1859,26047279,BULLS,2026_03,2026-04-18 13:53
DOKTA,0,24933,145872862,BULLS,2026_03,2026-04-18 13:53
ARTOG,0,57781,18578922,BULLS,2026_03,2026-04-18 13:53
ARAT,0,50147,39867975,BULLS,2026_03,2026-04-18 13:53
ARBUL,0,69230,15459297,BULLS,2026_03,2026-04-18 13:53
ASYAB,0,1755636,477899601,BULLS,2026_03,2026-04-18 13:53
MRTGG,0,20313,14339249,BULLS,2026_03,2026-04-18 13:53
XABDOV,0,5000,2295525,BULLS,2026_03,2026-04-18 13:53
HITIT,0,10262,4488204,BULLS,2026_03,2026-04-18 13:53
EGCEY,0,29059,19749798,BULLS,2026_03,2026-04-18 13:53
SKPLC,0,60469,13084995,BULLS,2026_03,2026-04-18 13:53
KPHOL,0,3022,4207498,BULLS,2026_03,2026-04-18 13:53
KRATL,0,97811,17800000,BULLS,2026_03,2026-04-18 13:53
EGCYH,0,169802,39900235,BULLS,2026_03,2026-04-18 13:53
FENIS,0,74076,26080019,BULLS,2026_03,2026-04-18 13:53
EGCYO,0,12969,21986285,BULLS,2026_03,2026-04-18 13:53
ATAC,0,284016,103398067,BULLS,2026_03,2026-04-18 13:53
BYSAN,0,37358,16552134,BULLS,2026_03,2026-04-18 13:53
SUMAS,0,2801,5434738,BULLS,2026_03,2026-04-18 13:53
TARAF,0,7803,5033275,BULLS,2026_03,2026-04-18 13:53
AKPAZ,0,19951,22488832,BULLS,2026_03,2026-04-18 13:53
ZPBDLF,0,1767,8240000,BULLS,2026_03,2026-04-18 13:53
ZPLIBF,0,4483,193280000,BULLS,2026_03,2026-04-18 13:53
CBSBO,0,86,14692447,BULLS,2026_03,2026-04-18 13:53
EGYO,0,71088,36676214,BULLS,2026_03,2026-04-18 13:53
FVORI,0,63040,17564673,BULLS,2026_03,2026-04-18 13:53
BMEKS,0,642062,114192339,BULLS,2026_03,2026-04-18 13:53
LIOYS,0,20996,31625013,BULLS,2026_03,2026-04-18 13:53
IYAHOV,0,0,1519576,BULLS,2026_03,2026-04-18 13:53
ANELT,0,72,43199817,BULLS,2026_03,2026-04-18 13:53
GEDIZ,0,42966,7163595,BULLS,2026_03,2026-04-18 13:53
PGSFQV,0,20000,4059391,BULLS,2026_03,2026-04-18 13:53
AKSEL,0,14367,7100000,BULLS,2026_03,2026-04-18 13:53
GENYH,0,59176,9999906,BULLS,2026_03,2026-04-18 13:53
APMDLF,0,1500,12300000,BULLS,2026_03,2026-04-18 13:53
MANGO,0,457379,37831688,BULLS,2026_03,2026-04-18 13:53
PPIETV,0,0,4462305,BULLS,2026_03,2026-04-18 13:53
PRTAS,0,24183,21405233,BULLS,2026_03,2026-04-18 13:53
TRNSK,0,78141,25616249,BULLS,2026_03,2026-04-18 13:53
ATPET,0,48166,11403497,BULLS,2026_03,2026-04-18 13:53
LATEK,-1,222005,39499512,BULLS,2026_03,2026-04-18 13:53
KSTUR,-5,523,3952560,BULLS,2026_03,2026-04-18 13:53
SASKTV,-19,9981,1732759,BULLS,2026_03,2026-04-18 13:53
MRSHL,-23,165,4212888,BULLS,2026_03,2026-04-18 13:53
ULIFTV,-42,49958,3835471,BULLS,2026_03,2026-04-18 13:53
INTEK,-181,711,5043584,BULLS,2026_03,2026-04-18 13:53
SARKY,-260,134446,999999671,BULLS,2026_03,2026-04-18 13:53
SODSN,-292,2176,45485261,BULLS,2026_03,2026-04-18 13:53
YAYLA,-310,21615,39874966,BULLS,2026_03,2026-04-18 13:53
BLCYT,-334,110475,49088907,BULLS,2026_03,2026-04-18 13:53
AYGAZ,-377,70038,98568807,BULLS,2026_03,2026-04-18 13:53
CASA,-500,17065,4894317,BULLS,2026_03,2026-04-18 13:53
MEDTR,-546,216278,24499999,BULLS,2026_03,2026-04-18 13:53
ETYAT,-572,6597,17737148,BULLS,2026_03,2026-04-18 13:53
TRCAS,-622,14942,206252869,BULLS,2026_03,2026-04-18 13:53
DERIM,-670,8033,40403770,BULLS,2026_03,2026-04-18 13:53
CMENT,-686,5201,56829666,BULLS,2026_03,2026-04-18 13:53
NUHCM,-786,3255,33164430,BULLS,2026_03,2026-04-18 13:53
KMPUR,-888,66173,132432524,BULLS,2026_03,2026-04-18 13:53
KLMSN,-991,15976,30881297,BULLS,2026_03,2026-04-18 13:53
MZHLD,-1080,16868,72215314,BULLS,2026_03,2026-04-18 13:53
BAKAB,-1090,8168,34985326,BULLS,2026_03,2026-04-18 13:53
GLCVY,-1102,781,26400000,BULLS,2026_03,2026-04-18 13:53
TABGD,-1168,5110,52499906,BULLS,2026_03,2026-04-18 13:53
DSTKF,-1185,19698,84533333,BULLS,2026_03,2026-04-18 13:53
AGESA,-1251,6920,35829553,BULLS,2026_03,2026-04-18 13:53
PRZMA,-1424,16941,61941150,BULLS,2026_03,2026-04-18 13:53
EGEEN,-1431,1044,1137161,BULLS,2026_03,2026-04-18 13:53
BRSAN,-1478,23173,35912460,BULLS,2026_03,2026-04-18 13:53
MAKIM,-1480,92769,42559998,BULLS,2026_03,2026-04-18 13:53
LOGO,-1550,10137,74328248,BULLS,2026_03,2026-04-18 13:53
KARTN,-1620,7234,72781126,BULLS,2026_03,2026-04-18 13:53
AKMGY,-1717,33556,21568998,BULLS,2026_03,2026-04-18 13:53
EKIZ,-1850,18952,8198720,BULLS,2026_03,2026-04-18 13:53
HATSN,-1898,45323,44299964,BULLS,2026_03,2026-04-18 13:53
DOGUB,-1936,950,19821566,BULLS,2026_03,2026-04-18 13:53
LYDYE,-1937,774006,1391287,BULLS,2026_03,2026-04-18 13:53
GLBMD,-2026,26456,28880500,BULLS,2026_03,2026-04-18 13:53
TMSN,-2141,47971,44449999,BULLS,2026_03,2026-04-18 13:53
VSNMD,-2163,43130,24000000,BULLS,2026_03,2026-04-18 13:53
PRKAB,-2253,74973,35225443,BULLS,2026_03,2026-04-18 13:53
MAGEN,-2412,180123,719512140,BULLS,2026_03,2026-04-18 13:53
MTRYO,-2486,79630,39900000,BULLS,2026_03,2026-04-18 13:53
DNISI,-2498,6871,59171727,BULLS,2026_03,2026-04-18 13:53
SKYMD,-2652,97155,52499981,BULLS,2026_03,2026-04-18 13:53
TARKM,-2741,2626,4999997,BULLS,2026_03,2026-04-18 13:53
SKYLP,-2886,42375,7159255,BULLS,2026_03,2026-04-18 13:53
HRKET,-2915,5351,24000000,BULLS,2026_03,2026-04-18 13:53
ALFAS,-3491,40207,84639559,BULLS,2026_03,2026-04-18 13:53
AKSUE,-3529,75510,56376184,BULLS,2026_03,2026-04-18 13:53
MSGYO,-3559,288771,169650150,BULLS,2026_03,2026-04-18 13:53
MMCAS,-3712,2719222,12394294,BULLS,2026_03,2026-04-18 13:53
BEYAZ,-3864,76806,42317352,BULLS,2026_03,2026-04-18 13:53
ERCB,-3980,699067,39113273,BULLS,2026_03,2026-04-18 13:53
BASGZ,-3992,62035,174999999,BULLS,2026_03,2026-04-18 13:53
RUBNS,-4028,175675,42377765,BULLS,2026_03,2026-04-18 13:53
SANFM,-4218,1024340,225029995,BULLS,2026_03,2026-04-18 13:53
OZKGY,-4302,1205014,363999945,BULLS,2026_03,2026-04-18 13:53
VERUS,-4472,789,34499937,BULLS,2026_03,2026-04-18 13:53
BFREN,-4541,24431,24586148,BULLS,2026_03,2026-04-18 13:53
DGGYO,-4821,8914,280709437,BULLS,2026_03,2026-04-18 13:53
ARDYZ,-4896,191530,279551557,BULLS,2026_03,2026-04-18 13:53
ECZYT,-4999,4671,45880511,BULLS,2026_03,2026-04-18 13:53
ZRGYO,-5092,12073,1173404997,BULLS,2026_03,2026-04-18 13:53
ASUZU,-5203,41929,41130807,BULLS,2026_03,2026-04-18 13:53
ORGE,-6127,28204,41839996,BULLS,2026_03,2026-04-18 13:53
BALSU,-6466,390679,278000000,BULLS,2026_03,2026-04-18 13:53
BVSAN,-6561,36945,13749998,BULLS,2026_03,2026-04-18 13:53
SUNTK,-6716,-940,145280000,BULLS,2026_03,2026-04-18 13:53
OYLUM,-6867,30345,80937367,BULLS,2026_03,2026-04-18 13:53
DOFER,-7501,64481,20172500,BULLS,2026_03,2026-04-18 13:53
EGGUB,-7692,906605,75862197,BULLS,2026_03,2026-04-18 13:53
AHGAZ,-8679,199424,659370871,BULLS,2026_03,2026-04-18 13:53
YGYO,-9000,749898,1310632851,BULLS,2026_03,2026-04-18 13:53
OZSUB,-9275,48737,44247402,BULLS,2026_03,2026-04-18 13:53
OFSYM,-9449,40960,22749998,BULLS,2026_03,2026-04-18 13:53
ISDMR,-9471,66585,147631816,BULLS,2026_03,2026-04-18 13:53
IHYAY,-9558,1790814,388124996,BULLS,2026_03,2026-04-18 13:53
INVES,-9900,1238,37480000,BULLS,2026_03,2026-04-18 13:53
ATAKP,-10429,329860,28224000,BULLS,2026_03,2026-04-18 13:53
VAKKO,-10454,13811,30788486,BULLS,2026_03,2026-04-18 13:53
GMTAS,-10482,796713,298687813,BULLS,2026_03,2026-04-18 13:53
ANGEN,-10967,94681,86440002,BULLS,2026_03,2026-04-18 13:53
BAHKM,-11354,12904,23289000,BULLS,2026_03,2026-04-18 13:53
NUGYO,-11531,79295,324943976,BULLS,2026_03,2026-04-18 13:53
VAKFA,-11695,158694,224999701,BULLS,2026_03,2026-04-18 13:53
BRKVY,-11817,59871,13618361,BULLS,2026_03,2026-04-18 13:53
SUWEN,-11865,71659,365687500,BULLS,2026_03,2026-04-18 13:53
GWIND,-12145,285786,179165491,BULLS,2026_03,2026-04-18 13:53
KLKIM,-12335,41082,138383655,BULLS,2026_03,2026-04-18 13:53
NETAS,-13388,35282,31783484,BULLS,2026_03,2026-04-18 13:53
PKENT,-13417,651,23766169,BULLS,2026_03,2026-04-18 13:53
TRHOL,-13762,115902,17583212,BULLS,2026_03,2026-04-18 13:53
DMSAS,-13980,110795,199994510,BULLS,2026_03,2026-04-18 13:53
BRKSN,-14873,53450,62639942,BULLS,2026_03,2026-04-18 13:53
ARASE,-15254,96635,49999991,BULLS,2026_03,2026-04-18 13:53
BRMEN,-15519,13831,57566555,BULLS,2026_03,2026-04-18 13:53
ULAS,-15977,62263,25200172,BULLS,2026_03,2026-04-18 13:53
KONKA,-16966,29382,89670000,BULLS,2026_03,2026-04-18 13:53
ERSU,-17149,88672,31755894,BULLS,2026_03,2026-04-18 13:53
GRSEL,-17639,22437,29650000,BULLS,2026_03,2026-04-18 13:53
GARFA,-17682,3654,138399778,BULLS,2026_03,2026-04-18 13:53
AKFIS,-17986,228953,66841328,BULLS,2026_03,2026-04-18 13:53
ENDAE,-18091,196992,123901910,BULLS,2026_03,2026-04-18 13:53
ATLAS,-18098,40709,59999865,BULLS,2026_03,2026-04-18 13:53
IZFAS,-18652,702439,156001658,BULLS,2026_03,2026-04-18 13:53
TURGG,-19624,54341,32042988,BULLS,2026_03,2026-04-18 13:53
SDTTR,-19641,3937,15990000,BULLS,2026_03,2026-04-18 13:53
KAPLM,-19781,31827,4571305,BULLS,2026_03,2026-04-18 13:53
GEREL,-20042,855894,219036379,BULLS,2026_03,2026-04-18 13:53
AYDEM,-20282,35865,130000000,BULLS,2026_03,2026-04-18 13:53
PLTUR,-20286,89650,49500000,BULLS,2026_03,2026-04-18 13:53
PNLSN,-20502,61883,34752383,BULLS,2026_03,2026-04-18 13:53
MAVI,-21621,92992,576779312,BULLS,2026_03,2026-04-18 13:53
GUBRF,-23331,208261,85403679,BULLS,2026_03,2026-04-18 13:53
SEKFK,-23654,63933,62311473,BULLS,2026_03,2026-04-18 13:53
BASCM,-25619,54533,49238593,BULLS,2026_03,2026-04-18 13:53
ENSRI,-26109,23,236333503,BULLS,2026_03,2026-04-18 13:53
GUNDG,-26151,57065,18968983,BULLS,2026_03,2026-04-18 13:53
GEDIK,-26418,38985,983076857,BULLS,2026_03,2026-04-18 13:53
JANTS,-27457,235820,207607465,BULLS,2026_03,2026-04-18 13:53
OZYSR,-28675,165963,40488000,BULLS,2026_03,2026-04-18 13:53
ADGYO,-29367,389711,379654333,BULLS,2026_03,2026-04-18 13:53
DUNYH,-29562,15783764,36443197,BULLS,2026_03,2026-04-18 13:53
KFEIN,-30606,83154,150306170,BULLS,2026_03,2026-04-18 13:53
GLYHO,-30795,1301383,1949290631,BULLS,2026_03,2026-04-18 13:53
UNLU,-31118,113481,102181558,BULLS,2026_03,2026-04-18 13:53
KRDMB,-31135,13638,118762110,BULLS,2026_03,2026-04-18 13:53
INVEO,-32738,280211,998999954,BULLS,2026_03,2026-04-18 13:53
MERKO,-32915,312372,101104700,BULLS,2026_03,2026-04-18 13:53
OBASE,-33146,145671,14924000,BULLS,2026_03,2026-04-18 13:53
SKTAS,-33705,934821,332865443,BULLS,2026_03,2026-04-18 13:53
CELHA,-35110,46218,146124225,BULLS,2026_03,2026-04-18 13:53
KZGYO,-35521,-23043,49999978,BULLS,2026_03,2026-04-18 13:53
SEYKM,-37425,130356,151040901,BULLS,2026_03,2026-04-18 13:53
ELITE,-37876,72974,44650000,BULLS,2026_03,2026-04-18 13:53
TSGYO,-38173,216880,266499982,BULLS,2026_03,2026-04-18 13:53
GESAN,-38690,176383,141759179,BULLS,2026_03,2026-04-18 13:53
EPLAS,-39697,168889,190491857,BULLS,2026_03,2026-04-18 13:53
DAGI,-40074,105138,175301274,BULLS,2026_03,2026-04-18 13:53
ALTNY,-40318,682492,399885115,BULLS,2026_03,2026-04-18 13:53
PRDGS,-42800,214242,110850000,BULLS,2026_03,2026-04-18 13:53
GEDZA,-43203,27866,42983624,BULLS,2026_03,2026-04-18 13:53
DESPC,-44854,20448,16023700,BULLS,2026_03,2026-04-18 13:53
SURGY,-46130,69437,44999990,BULLS,2026_03,2026-04-18 13:53
UFUK,-48193,39697181,46845974,BULLS,2026_03,2026-04-18 13:53
ISGSY,-48726,57175,47378729,BULLS,2026_03,2026-04-18 13:53
DOFRB,-48853,132803,45000000,BULLS,2026_03,2026-04-18 13:53
AKSGY,-49807,452029,1628451947,BULLS,2026_03,2026-04-18 13:53
KOTON,-50919,178045,136599922,BULLS,2026_03,2026-04-18 13:53
KNFRT,-51343,176982,131747000,BULLS,2026_03,2026-04-18 13:53
HUBVC,-52251,1029645,277189572,BULLS,2026_03,2026-04-18 13:53
IHGZT,-52297,56877983,570666228,BULLS,2026_03,2026-04-18 13:53
IHEVA,-53187,431927,291631239,BULLS,2026_03,2026-04-18 13:53
HEDEF,-56058,127415,562499930,BULLS,2026_03,2026-04-18 13:53
YGGYO,-59895,260057,240625741,BULLS,2026_03,2026-04-18 13:53
AKSA,-60080,1466804,1503650642,BULLS,2026_03,2026-04-18 13:53
IZMDC,-60855,307349,723225318,BULLS,2026_03,2026-04-18 13:53
MEMSA,-63000,1061782,160110709,BULLS,2026_03,2026-04-18 13:53
BMSTL,-64570,64010,74772261,BULLS,2026_03,2026-04-18 13:53
MARKA,-64866,56323,20802018,BULLS,2026_03,2026-04-18 13:53
BAYRK,-65773,129115,189751123,BULLS,2026_03,2026-04-18 13:53
OZATD,-65783,12567,13349988,BULLS,2026_03,2026-04-18 13:53
ECILC,-68187,612720,210589603,BULLS,2026_03,2026-04-18 13:53
ISSEN,-68931,653187,107417374,BULLS,2026_03,2026-04-18 13:53
NETCD,-69397,7634,40000000,BULLS,2026_03,2026-04-18 13:53
ALKLC,-71577,-277,45283467,BULLS,2026_03,2026-04-18 13:53
MARBL,-75769,117615,65226403,BULLS,2026_03,2026-04-18 13:53
AZTEK,-75908,32660,279000000,BULLS,2026_03,2026-04-18 13:53
GSDHO,-76605,1027592,999994969,BULLS,2026_03,2026-04-18 13:53
MOGAN,-78191,1192043,262635000,BULLS,2026_03,2026-04-18 13:53
BYDNR,-78693,5396655,22999984,BULLS,2026_03,2026-04-18 13:53
DMLKTG,-82200,129876,2494529047,BULLS,2026_03,2026-04-18 13:53
TEKTU,-82302,670530,195639311,BULLS,2026_03,2026-04-18 13:53
AGROT,-85739,539474,879999770,BULLS,2026_03,2026-04-18 13:53
AKENR,-86094,735096,385189246,BULLS,2026_03,2026-04-18 13:53
PCILT,-87056,19047,45014182,BULLS,2026_03,2026-04-18 13:53
HATEK,-89237,58916,62998947,BULLS,2026_03,2026-04-18 13:53
ADEL,-93779,78932,112043619,BULLS,2026_03,2026-04-18 13:53
BERA,-95554,161801,492027250,BULLS,2026_03,2026-04-18 13:53
ETILR,-95883,101046,156217454,BULLS,2026_03,2026-04-18 13:53
TCKRC,-104522,295116,70000000,BULLS,2026_03,2026-04-18 13:53
PGSUS,-106666,874742,295068869,BULLS,2026_03,2026-04-18 13:53
YYAPI,-117979,2404369,1705025550,BULLS,2026_03,2026-04-18 13:53
AHSGY,-129516,47561,184999889,BULLS,2026_03,2026-04-18 13:53
BIENY,-132225,317570,83144831,BULLS,2026_03,2026-04-18 13:53
DERHL,-139754,191346,197281316,BULLS,2026_03,2026-04-18 13:53
PNSUT,-145718,218283,128323851,BULLS,2026_03,2026-04-18 13:53
LYDHO,-149530,153370079,197140970,BULLS,2026_03,2026-04-18 13:53
TRILC,-150607,100410,118499496,BULLS,2026_03,2026-04-18 13:53
BUCIM,-159506,2090073,1292638065,BULLS,2026_03,2026-04-18 13:53
HLGYO,-167340,1329864,1075198517,BULLS,2026_03,2026-04-18 13:53
AKHAN,-169216,383337,54700000,BULLS,2026_03,2026-04-18 13:53
NATEN,-171361,798284,309374995,BULLS,2026_03,2026-04-18 13:53
REEDR,-176118,603001,632419525,BULLS,2026_03,2026-04-18 13:53
ISMEN,-181859,339652,467723147,BULLS,2026_03,2026-04-18 13:53
IZENR,-190685,246487,914537597,BULLS,2026_03,2026-04-18 13:53
AGYO,-203312,214046,129036460,BULLS,2026_03,2026-04-18 13:53
BIGCH,-203357,132419,368932945,BULLS,2026_03,2026-04-18 13:53
RNPOL,-204353,2550528,335900000,BULLS,2026_03,2026-04-18 13:53
PENTA,-213023,170097,181070136,BULLS,2026_03,2026-04-18 13:53
PAPIL,-214892,266000,206247674,BULLS,2026_03,2026-04-18 13:53
KRONT,-217133,367515,116892885,BULLS,2026_03,2026-04-18 13:53
TAVHL,-231520,-211896,213213415,BULLS,2026_03,2026-04-18 13:53
BESLR,-241312,194480,658098036,BULLS,2026_03,2026-04-18 13:53
IHLAS,-242990,2535082,1396079076,BULLS,2026_03,2026-04-18 13:53
DZGYO,-243734,225612,399777846,BULLS,2026_03,2026-04-18 13:53
BINBN,-268208,1387800,17000000,BULLS,2026_03,2026-04-18 13:53
IMASM,-273248,1886680,650600499,BULLS,2026_03,2026-04-18 13:53
SILVR,-285200,21328053,212818206,BULLS,2026_03,2026-04-18 13:53
EKOS,-292933,561697,307199852,BULLS,2026_03,2026-04-18 13:53
ANSGR,-323077,127428,1564416026,BULLS,2026_03,2026-04-18 13:53
HUNER,-323492,947179,670137933,BULLS,2026_03,2026-04-18 13:53
ORCAY,-323704,301813,151124962,BULLS,2026_03,2026-04-18 13:53
KLGYO,-334199,2794832,689399869,BULLS,2026_03,2026-04-18 13:53
ULUUN,-337623,368933,290523353,BULLS,2026_03,2026-04-18 13:53
TUKAS,-353745,4338937,4499995929,BULLS,2026_03,2026-04-18 13:53
SKBNK,-368038,486964,2498877855,BULLS,2026_03,2026-04-18 13:53
SNGYO,-375825,1186744,3607173097,BULLS,2026_03,2026-04-18 13:53
KOCMT,-375987,539479,587485478,BULLS,2026_03,2026-04-18 13:53
SRVGY,-389025,6468888,812499687,BULLS,2026_03,2026-04-18 13:53
EMPAE,-389470,31776,38000000,BULLS,2026_03,2026-04-18 13:53
LRSHO,-404697,1956248,724120946,BULLS,2026_03,2026-04-18 13:53
THYAO,-420768,884999,739463453,BULLS,2026_03,2026-04-18 13:53
EDATA,-482655,200067,160065395,BULLS,2026_03,2026-04-18 13:53
ENTRA,-529707,1109945,369383564,BULLS,2026_03,2026-04-18 13:53
ASTOR,-530029,393936,366896223,BULLS,2026_03,2026-04-18 13:53
VRGYO,-531997,699353,597693904,BULLS,2026_03,2026-04-18 13:53
KTLEV,-539793,4220237,1288500000,BULLS,2026_03,2026-04-18 13:53
ONCSM,-556477,640505,10086000,BULLS,2026_03,2026-04-18 13:53
FONET,-577777,674846,577082984,BULLS,2026_03,2026-04-18 13:53
MERIT,-598424,11824,329748900,BULLS,2026_03,2026-04-18 13:53
TERA,-607403,-669321,240888789,BULLS,2026_03,2026-04-18 13:53
CVKMD,-625011,9659046,461999787,BULLS,2026_03,2026-04-18 13:53
ESCOM,-657927,3712879,465831670,BULLS,2026_03,2026-04-18 13:53
ISKPL,-712966,2671398,724625736,BULLS,2026_03,2026-04-18 13:53
TSKB,-739294,26961,1516591673,BULLS,2026_03,2026-04-18 13:53
MARMR,-758856,628223,961218727,BULLS,2026_03,2026-04-18 13:53
ASELS,-787321,218754,1178601424,BULLS,2026_03,2026-04-18 13:53
PETUN,-790541,134839,134673118,BULLS,2026_03,2026-04-18 13:53
ECOGR,-887996,648202,110000000,BULLS,2026_03,2026-04-18 13:53
KLRHO,-889364,4177080,341250000,BULLS,2026_03,2026-04-18 13:53
ARSAN,-936088,4608180,887344281,BULLS,2026_03,2026-04-18 13:53
BSOKE,-972273,19626362,458487038,BULLS,2026_03,2026-04-18 13:53
CWENE,-1036330,1454963,530758241,BULLS,2026_03,2026-04-18 13:53
CANTE,-1085850,50398715,8608815636,BULLS,2026_03,2026-04-18 13:53
KGYO,-1104269,1776895,767894934,BULLS,2026_03,2026-04-18 13:53
PSGYO,-1178178,46164588,2954231556,BULLS,2026_03,2026-04-18 13:53
MNDRS,-1249143,255624,222008082,BULLS,2026_03,2026-04-18 13:53
BURCE,-1448330,2244386,44422390,BULLS,2026_03,2026-04-18 13:53
GENIL,-1507225,844469,1289069985,BULLS,2026_03,2026-04-18 13:53
HALKB,-1661626,3185240,6546422780,BULLS,2026_03,2026-04-18 13:53
MANAS,-1721768,355590,306992000,BULLS,2026_03,2026-04-18 13:53
OSTIM,-2516730,6371633,510004637,BULLS,2026_03,2026-04-18 13:53
ADESE,-2841675,2820899,4687131701,BULLS,2026_03,2026-04-18 13:53
SISE,-3084784,5264967,1814905641,BULLS,2026_03,2026-04-18 13:53
SAHOL,-4386048,1700691,1149847384,BULLS,2026_03,2026-04-18 13:53
AVOD,-4465049,912943,253604577,BULLS,2026_03,2026-04-18 13:53
ODAS,-5141711,4283093,1113798031,BULLS,2026_03,2026-04-18 13:53
KOPOL,-6282760,1380081,266319652,BULLS,2026_03,2026-04-18 13:53
BTCIM,-8550938,10836467,4220286921,BULLS,2026_03,2026-04-18 13:53
PAHOL,-8918025,18195353,3999999979,BULLS,2026_03,2026-04-18 13:53
DAPGM,-10005258,193924792,942910838,BULLS,2026_03,2026-04-18 13:53
KRDMA,-12876115,4254779,240300917,BULLS,2026_03,2026-04-18 13:53
KUYAS,-15756378,15033516,398957788,BULLS,2026_03,2026-04-18 13:53
TSPOR,-28896769,-8220255,3674975174,BULLS,2026_03,2026-04-18 13:53
FORMT,-70949775,29892443,1029046010,BULLS,2026_03,2026-04-18 13:53
EFOR,-70961068,395788,670679994,BULLS,2026_03,2026-04-18 13:53
AKSEN,16690978,4112928,638545796,PUSULA,2026_03,2026-04-18 13:53
SELVA,9576085,9800560,775687737,PUSULA,2026_03,2026-04-18 13:53
QUAGR,5713811,6374589,1773200000,PUSULA,2026_03,2026-04-18 13:53
HALKB,5697716,6009414,6546422780,PUSULA,2026_03,2026-04-18 13:53
PEKGY,5595685,28817826,4685173406,PUSULA,2026_03,2026-04-18 13:53
MRGYO,4817675,8067731,2277966226,PUSULA,2026_03,2026-04-18 13:53
AKBNK,4059125,1929341,3059320211,PUSULA,2026_03,2026-04-18 13:53
CANTE,3307752,11032713,8608815636,PUSULA,2026_03,2026-04-18 13:53
SNGYO,2465225,2759216,3607173097,PUSULA,2026_03,2026-04-18 13:53
HDFGS,1713078,2663517,956974191,PUSULA,2026_03,2026-04-18 13:53
DAPGM,1506519,1692011,942910838,PUSULA,2026_03,2026-04-18 13:53
SVGYO,1402251,1402251,295400000,PUSULA,2026_03,2026-04-18 13:53
ARZUM,1383309,2126798,400949823,PUSULA,2026_03,2026-04-18 13:53
MARTI,1126455,2321041,1475768116,PUSULA,2026_03,2026-04-18 13:53
PSGYO,992334,3360789,2954231556,PUSULA,2026_03,2026-04-18 13:53
ISKPL,962023,2635983,724625736,PUSULA,2026_03,2026-04-18 13:53
ISCTR,947022,1221250,8880396856,PUSULA,2026_03,2026-04-18 13:53
TEHOL,909355,999005,1967930261,PUSULA,2026_03,2026-04-18 13:53
TYIJWV,820319,1256163,4714927,PUSULA,2026_03,2026-04-18 13:53
LINK,801316,822301,747511382,PUSULA,2026_03,2026-04-18 13:53
RNPOL,796605,1886301,335900000,PUSULA,2026_03,2026-04-18 13:53
TATEN,664479,1015238,347799724,PUSULA,2026_03,2026-04-18 13:53
RTALB,641898,1160134,432976722,PUSULA,2026_03,2026-04-18 13:53
KLSYN,635947,1845806,107854952,PUSULA,2026_03,2026-04-18 13:53
VAKBN,627123,921402,8046896130,PUSULA,2026_03,2026-04-18 13:53
IMASM,610820,1715301,650600499,PUSULA,2026_03,2026-04-18 13:53
ATATR,601808,1453410,280000000,PUSULA,2026_03,2026-04-18 13:53
EGEPO,572278,603766,200000000,PUSULA,2026_03,2026-04-18 13:53
EUREN,546861,2786369,1040132637,PUSULA,2026_03,2026-04-18 13:53
AKYHO,523197,1918573,223895870,PUSULA,2026_03,2026-04-18 13:53
YKBNK,521855,190967,4705620952,PUSULA,2026_03,2026-04-18 13:53
THYAO,519807,656894,739463453,PUSULA,2026_03,2026-04-18 13:53
TEKTU,504806,701581,195639311,PUSULA,2026_03,2026-04-18 13:53
ENSRI,502002,513984,236333503,PUSULA,2026_03,2026-04-18 13:53
FZLGY,496588,772130,398427644,PUSULA,2026_03,2026-04-18 13:53
SAHOL,460238,76367,1149847384,PUSULA,2026_03,2026-04-18 13:53
KATMR,432226,2230032,1980989998,PUSULA,2026_03,2026-04-18 13:53
ESEN,431870,1336335,682499950,PUSULA,2026_03,2026-04-18 13:53
TSKB,428201,659418,1516591673,PUSULA,2026_03,2026-04-18 13:53
MACKO,401497,438339,41500000,PUSULA,2026_03,2026-04-18 13:53
OBAMS,398457,1984777,751078524,PUSULA,2026_03,2026-04-18 13:53
DENGE,393827,4236514,525284797,PUSULA,2026_03,2026-04-18 13:53
KBORU,380158,1386006,143999994,PUSULA,2026_03,2026-04-18 13:53
TUKAS,360416,4346474,4499995929,PUSULA,2026_03,2026-04-18 13:53
ENKAI,338507,-85437,874733059,PUSULA,2026_03,2026-04-18 13:53
SOKM,317597,410662,448708248,PUSULA,2026_03,2026-04-18 13:53
GARAN,307809,355336,2454957797,PUSULA,2026_03,2026-04-18 13:53
ICUGS,299261,716755,336250000,PUSULA,2026_03,2026-04-18 13:53
BSOKE,298010,1672011,458487038,PUSULA,2026_03,2026-04-18 13:53
SEGYO,288442,387712,203351321,PUSULA,2026_03,2026-04-18 13:53
BORSK,281277,700522,279999879,PUSULA,2026_03,2026-04-18 13:53
EKGYO,261603,615887,1925107366,PUSULA,2026_03,2026-04-18 13:53
DMLKTG,254517,1257963,2494529047,PUSULA,2026_03,2026-04-18 13:53
MIATK,253379,552126,313087979,PUSULA,2026_03,2026-04-18 13:53
ASGYO,248081,646115,165000000,PUSULA,2026_03,2026-04-18 13:53
KGYO,242297,4337880,767894934,PUSULA,2026_03,2026-04-18 13:53
BINHO,233502,708486,488884380,PUSULA,2026_03,2026-04-18 13:53
KOCMT,232856,950105,587485478,PUSULA,2026_03,2026-04-18 13:53
GENKM,228004,228004,124845000,PUSULA,2026_03,2026-04-18 13:53
CRDFA,223746,303579,224990570,PUSULA,2026_03,2026-04-18 13:53
SMRTG,215195,382540,664164672,PUSULA,2026_03,2026-04-18 13:53
KARSN,212467,439281,827827039,PUSULA,2026_03,2026-04-18 13:53
KERVN,208086,704143,588346973,PUSULA,2026_03,2026-04-18 13:53
KRVGD,201760,258644,596159766,PUSULA,2026_03,2026-04-18 13:53
SERNT,199772,438251,113000000,PUSULA,2026_03,2026-04-18 13:53
BULGS,187899,241477,72500000,PUSULA,2026_03,2026-04-18 13:53
BERA,161230,367441,492027250,PUSULA,2026_03,2026-04-18 13:53
EFOR,157013,169967,670679994,PUSULA,2026_03,2026-04-18 13:53
VKGYO,148811,297939,1637203242,PUSULA,2026_03,2026-04-18 13:53
EKOS,144024,945347,307199852,PUSULA,2026_03,2026-04-18 13:53
MCARD,142241,142241,18900000,PUSULA,2026_03,2026-04-18 13:53
ESCAR,136615,289956,101933690,PUSULA,2026_03,2026-04-18 13:53
YKSLN,135797,317309,197429566,PUSULA,2026_03,2026-04-18 13:53
KRDMA,135286,186727,240300917,PUSULA,2026_03,2026-04-18 13:53
LXGYO,132741,132741,118936300,PUSULA,2026_03,2026-04-18 13:53
IDGYO,130000,150982,118909256,PUSULA,2026_03,2026-04-18 13:53
YAPRK,122942,182185,88514958,PUSULA,2026_03,2026-04-18 13:53
KZBGY,115282,2174782,1959999915,PUSULA,2026_03,2026-04-18 13:53
MAKIM,115048,124213,42559998,PUSULA,2026_03,2026-04-18 13:53
ISYAT,112817,271591,152245569,PUSULA,2026_03,2026-04-18 13:53
TCELL,109545,156186,1622604373,PUSULA,2026_03,2026-04-18 13:53
RYGYO,103733,308722,770588057,PUSULA,2026_03,2026-04-18 13:53
IZMDC,102422,418681,723225318,PUSULA,2026_03,2026-04-18 13:53
IHYAY,100994,674636,388124996,PUSULA,2026_03,2026-04-18 13:53
ECILC,98964,145514,210589603,PUSULA,2026_03,2026-04-18 13:53
TLBICV,98820,98820,10000000,PUSULA,2026_03,2026-04-18 13:53
KLYPV,96360,133186,46334639,PUSULA,2026_03,2026-04-18 13:53
AGYO,90875,217002,129036460,PUSULA,2026_03,2026-04-18 13:53
MEGAP,88677,368193,234498757,PUSULA,2026_03,2026-04-18 13:53
TNZTP,79488,167040,87499950,PUSULA,2026_03,2026-04-18 13:53
YGYO,77815,586070,1310632851,PUSULA,2026_03,2026-04-18 13:53
CEMAS,74787,429835,790994229,PUSULA,2026_03,2026-04-18 13:53
ASELS,71021,192237,1178601424,PUSULA,2026_03,2026-04-18 13:53
GENIL,69595,19029235,1289069985,PUSULA,2026_03,2026-04-18 13:53
HUNER,68446,331402,670137933,PUSULA,2026_03,2026-04-18 13:53
KIMMR,67132,67260,75000000,PUSULA,2026_03,2026-04-18 13:53
EGSER,65001,401701,545751057,PUSULA,2026_03,2026-04-18 13:53
SAFKR,64591,193153,140056162,PUSULA,2026_03,2026-04-18 13:53
KLSER,64135,160785,109457654,PUSULA,2026_03,2026-04-18 13:53
AKFGY,58478,388309,3457819313,PUSULA,2026_03,2026-04-18 13:53
MNDTR,55558,312664,910071938,PUSULA,2026_03,2026-04-18 13:53
PAPIL,55396,230080,206247674,PUSULA,2026_03,2026-04-18 13:53
MEKAG,54080,235653,320319999,PUSULA,2026_03,2026-04-18 13:53
RALYH,49989,63229,176370972,PUSULA,2026_03,2026-04-18 13:53
HEKTS,49858,2946554,3946424637,PUSULA,2026_03,2026-04-18 13:53
TRCAS,49381,95716,206252869,PUSULA,2026_03,2026-04-18 13:53
KRPLS,48558,206792,78486163,PUSULA,2026_03,2026-04-18 13:53
DGNMO,47571,132166,327634635,PUSULA,2026_03,2026-04-18 13:53
RUZYE,47229,122135,267748491,PUSULA,2026_03,2026-04-18 13:53
PATEK,46146,405661,293081893,PUSULA,2026_03,2026-04-18 13:53
ALKLC,46026,68597,45283467,PUSULA,2026_03,2026-04-18 13:53
SURGY,45688,76565,44999990,PUSULA,2026_03,2026-04-18 13:53
GSDHO,44617,139809,999994969,PUSULA,2026_03,2026-04-18 13:53
CATES,42540,82340,33050000,PUSULA,2026_03,2026-04-18 13:53
EMPAE,40883,48298,38000000,PUSULA,2026_03,2026-04-18 13:53
BEGYO,40622,415111,290000000,PUSULA,2026_03,2026-04-18 13:53
MOGAN,40423,260415,262635000,PUSULA,2026_03,2026-04-18 13:53
BIENY,40280,146059,83144831,PUSULA,2026_03,2026-04-18 13:53
MOBTL,39684,981960,207999999,PUSULA,2026_03,2026-04-18 13:53
GRNYO,39590,116171,37386059,PUSULA,2026_03,2026-04-18 13:53
MTRYO,38838,101395,39900000,PUSULA,2026_03,2026-04-18 13:53
TUCLK,38261,705229,263182600,PUSULA,2026_03,2026-04-18 13:53
CVKMD,34365,596536,461999787,PUSULA,2026_03,2026-04-18 13:53
AGROT,33044,653696,879999770,PUSULA,2026_03,2026-04-18 13:53
LIDFA,32527,354905,458180545,PUSULA,2026_03,2026-04-18 13:53
TKNSA,29607,72361,100485379,PUSULA,2026_03,2026-04-18 13:53
BRLSM,29150,144155,108025075,PUSULA,2026_03,2026-04-18 13:53
PETUN,28305,230406,134673118,PUSULA,2026_03,2026-04-18 13:53
ADEL,27305,87586,112043619,PUSULA,2026_03,2026-04-18 13:53
MEYSU,26917,1320229,175000000,PUSULA,2026_03,2026-04-18 13:53
TATGD,26776,46942,119286243,PUSULA,2026_03,2026-04-18 13:53
PENTA,26458,110843,181070136,PUSULA,2026_03,2026-04-18 13:53
SEGMN,25452,28242,80999980,PUSULA,2026_03,2026-04-18 13:53
MARBL,25201,152428,65226403,PUSULA,2026_03,2026-04-18 13:53
ESCOM,24977,85924,465831670,PUSULA,2026_03,2026-04-18 13:53
PSIFGV,24507,24507,1566351,PUSULA,2026_03,2026-04-18 13:53
YEOTK,24453,83779,160933198,PUSULA,2026_03,2026-04-18 13:53
DARDL,24331,797410,1753442695,PUSULA,2026_03,2026-04-18 13:53
ALKIM,23944,69106,182767821,PUSULA,2026_03,2026-04-18 13:53
NATEN,23176,213290,309374995,PUSULA,2026_03,2026-04-18 13:53
MNDRS,22121,37578,222008082,PUSULA,2026_03,2026-04-18 13:53
SUWEN,21874,44916,365687500,PUSULA,2026_03,2026-04-18 13:53
BESLR,21483,145918,658098036,PUSULA,2026_03,2026-04-18 13:53
PENGD,21358,133007,171069968,PUSULA,2026_03,2026-04-18 13:53
PMIBQV,20311,20311,11118806,PUSULA,2026_03,2026-04-18 13:53
ISMEN,20138,91782,467723147,PUSULA,2026_03,2026-04-18 13:53
LKMNH,19695,769104,163262533,PUSULA,2026_03,2026-04-18 13:53
KFEIN,19513,114575,150306170,PUSULA,2026_03,2026-04-18 13:53
HATEK,19326,145805,62998947,PUSULA,2026_03,2026-04-18 13:53
DUNYH,19284,66751,36443197,PUSULA,2026_03,2026-04-18 13:53
VAKKO,18749,20264,30788486,PUSULA,2026_03,2026-04-18 13:53
SMART,17888,42284,29737499,PUSULA,2026_03,2026-04-18 13:53
EDATA,16739,84793,160065395,PUSULA,2026_03,2026-04-18 13:53
GESAN,15259,103172,141759179,PUSULA,2026_03,2026-04-18 13:53
ARCLK,14961,39768,170054765,PUSULA,2026_03,2026-04-18 13:53
DSTKF,14925,1319,84533333,PUSULA,2026_03,2026-04-18 13:53
AOIHWV,14726,14727,1925052,PUSULA,2026_03,2026-04-18 13:53
MERIT,14424,31199,329748900,PUSULA,2026_03,2026-04-18 13:53
GMTAS,13600,59778,298687813,PUSULA,2026_03,2026-04-18 13:53
BURCE,12804,27099,44422390,PUSULA,2026_03,2026-04-18 13:53
TRMET,12611,40130,174483588,PUSULA,2026_03,2026-04-18 13:53
BOSSA,12224,80553,508724189,PUSULA,2026_03,2026-04-18 13:53
TTKOM,12000,62073,524999999,PUSULA,2026_03,2026-04-18 13:53
YUNSA,11699,2305792,202164056,PUSULA,2026_03,2026-04-18 13:53
BIGTK,11289,13109,23834373,PUSULA,2026_03,2026-04-18 13:53
AYDEM,11282,19356,130000000,PUSULA,2026_03,2026-04-18 13:53
ONCSM,11100,16320,10086000,PUSULA,2026_03,2026-04-18 13:53
UCAYM,10948,71683,60000000,PUSULA,2026_03,2026-04-18 13:53
ERSU,10717,23732,31755894,PUSULA,2026_03,2026-04-18 13:53
BRKSN,10633,54700,62639942,PUSULA,2026_03,2026-04-18 13:53
SARKY,10343,53699,999999671,PUSULA,2026_03,2026-04-18 13:53
RODRG,10213,73547,16822352,PUSULA,2026_03,2026-04-18 13:53
NAIWEV,10000,10000,1371405,PUSULA,2026_03,2026-04-18 13:53
ANIKAV,9994,9994,7627956,PUSULA,2026_03,2026-04-18 13:53
ATATP,9966,43171,18809999,PUSULA,2026_03,2026-04-18 13:53
ATLAS,9953,16559,59999865,PUSULA,2026_03,2026-04-18 13:53
BAKAB,9932,16002,34985326,PUSULA,2026_03,2026-04-18 13:53
SKYMD,9855,58616,52499981,PUSULA,2026_03,2026-04-18 13:53
POLHO,9708,30937,164140074,PUSULA,2026_03,2026-04-18 13:53
SRVGY,9570,261812,812499687,PUSULA,2026_03,2026-04-18 13:53
LRSHO,9548,417553,724120946,PUSULA,2026_03,2026-04-18 13:53
KMPUR,9189,69762,132432524,PUSULA,2026_03,2026-04-18 13:53
DOGUB,8952,9081,19821566,PUSULA,2026_03,2026-04-18 13:53
GLRMK,8665,38264,58116000,PUSULA,2026_03,2026-04-18 13:53
LMKDC,8648,56426,155929999,PUSULA,2026_03,2026-04-18 13:53
BMSCH,7986,46077,69277402,PUSULA,2026_03,2026-04-18 13:53
CRFSA,7863,17654,18312793,PUSULA,2026_03,2026-04-18 13:53
EUHOL,7593,49955,142999954,PUSULA,2026_03,2026-04-18 13:53
AEIYWV,7500,7500,6015130,PUSULA,2026_03,2026-04-18 13:53
ASUZU,7415,32600,41130807,PUSULA,2026_03,2026-04-18 13:53
BALAT,7216,115485,13588195,PUSULA,2026_03,2026-04-18 13:53
ISFIN,7023,39097,310154523,PUSULA,2026_03,2026-04-18 13:53
NETCD,7023,17482,40000000,PUSULA,2026_03,2026-04-18 13:53
HTTBT,6900,22235,82805422,PUSULA,2026_03,2026-04-18 13:53
GOZDE,6794,25540,384991447,PUSULA,2026_03,2026-04-18 13:53
OSMEN,6595,67816,159162130,PUSULA,2026_03,2026-04-18 13:53
AHSGY,6511,51915,184999889,PUSULA,2026_03,2026-04-18 13:53
BIZIM,6400,37401,27601626,PUSULA,2026_03,2026-04-18 13:53
OFSYM,6391,29441,22749998,PUSULA,2026_03,2026-04-18 13:53
AKFIS,6339,114954,66841328,PUSULA,2026_03,2026-04-18 13:53
GLYHO,6095,29828,1949290631,PUSULA,2026_03,2026-04-18 13:53
ICBCT,6059,79158,216761845,PUSULA,2026_03,2026-04-18 13:53
TTRAK,5450,21524,24967158,PUSULA,2026_03,2026-04-18 13:53
PARSN,5295,27064,34033246,PUSULA,2026_03,2026-04-18 13:53
BURVA,5131,5452,4723271,PUSULA,2026_03,2026-04-18 13:53
ANIJVV,5050,5050,15400966,PUSULA,2026_03,2026-04-18 13:53
PMIBRV,5000,5000,4365624,PUSULA,2026_03,2026-04-18 13:53
PBAKIV,4904,4904,3983634,PUSULA,2026_03,2026-04-18 13:53
GLCVY,4838,46491,26400000,PUSULA,2026_03,2026-04-18 13:53
AEFES,4684,299153,2028860053,PUSULA,2026_03,2026-04-18 13:53
GRTHO,4536,26641,36745000,PUSULA,2026_03,2026-04-18 13:53
FORMT,4430,624381,1029046010,PUSULA,2026_03,2026-04-18 13:53
DOFRB,4298,25456,45000000,PUSULA,2026_03,2026-04-18 13:53
FORTE,4256,20627,27999999,PUSULA,2026_03,2026-04-18 13:53
TOASO,4233,39650,120585077,PUSULA,2026_03,2026-04-18 13:53
RUBNS,4115,22339,42377765,PUSULA,2026_03,2026-04-18 13:53
KUTPO,3961,16270,10524430,PUSULA,2026_03,2026-04-18 13:53
VKING,3872,22060,30932905,PUSULA,2026_03,2026-04-18 13:53
ZEDUR,3445,193511,69899991,PUSULA,2026_03,2026-04-18 13:53
OZRDN,3383,19520,57107579,PUSULA,2026_03,2026-04-18 13:53
OTKAR,3383,18119,33417145,PUSULA,2026_03,2026-04-18 13:53
MEDTR,3287,6726,24499999,PUSULA,2026_03,2026-04-18 13:53
GUBRF,3216,18863,85403679,PUSULA,2026_03,2026-04-18 13:53
INVEO,3172,66961,998999954,PUSULA,2026_03,2026-04-18 13:53
PKENT,3156,13724,23766169,PUSULA,2026_03,2026-04-18 13:53
HKTM,3099,54213,72747495,PUSULA,2026_03,2026-04-18 13:53
AGHOL,3090,54264,1069828243,PUSULA,2026_03,2026-04-18 13:53
EDIP,3058,6339,36468204,PUSULA,2026_03,2026-04-18 13:53
ARASE,2887,8437,49999991,PUSULA,2026_03,2026-04-18 13:53
EREGL,2867,731511,3554243274,PUSULA,2026_03,2026-04-18 13:53
KRSTL,2758,14459,183664642,PUSULA,2026_03,2026-04-18 13:53
KARTN,2639,23377,72781126,PUSULA,2026_03,2026-04-18 13:53
AVPGY,2548,18192,99999990,PUSULA,2026_03,2026-04-18 13:53
GOKNR,2382,90749,178040711,PUSULA,2026_03,2026-04-18 13:53
KLRHO,2367,2802,341250000,PUSULA,2026_03,2026-04-18 13:53
SMRVA,2362,18047,28000000,PUSULA,2026_03,2026-04-18 13:53
MARKA,2342,9018,20802018,PUSULA,2026_03,2026-04-18 13:53
GIPTA,2336,26129,51617863,PUSULA,2026_03,2026-04-18 13:53
SEYKM,2250,486293,151040901,PUSULA,2026_03,2026-04-18 13:53
MGROS,2057,10075,96563568,PUSULA,2026_03,2026-04-18 13:53
BASCM,2032,3213,49238593,PUSULA,2026_03,2026-04-18 13:53
UNLU,2017,108950,102181558,PUSULA,2026_03,2026-04-18 13:53
KONKA,1977,107471,89670000,PUSULA,2026_03,2026-04-18 13:53
SANEL,1957,21228,18112451,PUSULA,2026_03,2026-04-18 13:53
NUHCM,1776,4484,33164430,PUSULA,2026_03,2026-04-18 13:53
DESPC,1723,7610,16023700,PUSULA,2026_03,2026-04-18 13:53
HOROZ,1710,4543,24599986,PUSULA,2026_03,2026-04-18 13:53
DOFER,1706,11436,20172500,PUSULA,2026_03,2026-04-18 13:53
KNFRT,1671,30290,131747000,PUSULA,2026_03,2026-04-18 13:53
ARENA,1656,35978,66996461,PUSULA,2026_03,2026-04-18 13:53
APMDLF,1605,1755,12300000,PUSULA,2026_03,2026-04-18 13:53
FLAP,1441,151900,93599985,PUSULA,2026_03,2026-04-18 13:53
AYES,1361,79924,87622392,PUSULA,2026_03,2026-04-18 13:53
DIRIT,1335,3905,10150123,PUSULA,2026_03,2026-04-18 13:53
CELHA,1313,24306,146124225,PUSULA,2026_03,2026-04-18 13:53
DEVA,1263,12248,199971824,PUSULA,2026_03,2026-04-18 13:53
BVSAN,1245,9473,13749998,PUSULA,2026_03,2026-04-18 13:53
BUCIM,1206,57933,1292638065,PUSULA,2026_03,2026-04-18 13:53
OTTO,1154,7135,5824438,PUSULA,2026_03,2026-04-18 13:53
TAVHL,1115,-36864,213213415,PUSULA,2026_03,2026-04-18 13:53
VERUS,1081,3355,34499937,PUSULA,2026_03,2026-04-18 13:53
KAPLM,1035,4959,4571305,PUSULA,2026_03,2026-04-18 13:53
GLDTRF,911,4683,47850000,PUSULA,2026_03,2026-04-18 13:53
TRGYO,884,11009,251573369,PUSULA,2026_03,2026-04-18 13:53
SELEC,840,19775,124262097,PUSULA,2026_03,2026-04-18 13:53
ARMGD,797,1459,54996000,PUSULA,2026_03,2026-04-18 13:53
GRSEL,787,19113,29650000,PUSULA,2026_03,2026-04-18 13:53
BRYAT,716,5537,10264685,PUSULA,2026_03,2026-04-18 13:53
CUSAN,686,6941,18500000,PUSULA,2026_03,2026-04-18 13:53
AYGAZ,654,1423,98568807,PUSULA,2026_03,2026-04-18 13:53
EKSUN,578,334800,171792833,PUSULA,2026_03,2026-04-18 13:53
HATSN,569,23342,44299964,PUSULA,2026_03,2026-04-18 13:53
KUVVA,547,7335,24204585,PUSULA,2026_03,2026-04-18 13:53
VERTU,509,11000,22000000,PUSULA,2026_03,2026-04-18 13:53
ATIJDV,500,500,2037625,PUSULA,2026_03,2026-04-18 13:53
CASA,500,3593,4894317,PUSULA,2026_03,2026-04-18 13:53
MEPET,447,15861,73940585,PUSULA,2026_03,2026-04-18 13:53
TRENJ,401,10489,98018735,PUSULA,2026_03,2026-04-18 13:53
MTRKS,353,676981,43633165,PUSULA,2026_03,2026-04-18 13:53
MAALT,352,1404,4763850,PUSULA,2026_03,2026-04-18 13:53
TARKM,343,3324,4999997,PUSULA,2026_03,2026-04-18 13:53
ULUSE,328,2410,24000000,PUSULA,2026_03,2026-04-18 13:53
ULKER,304,27200,338855989,PUSULA,2026_03,2026-04-18 13:53
CMBTN,303,2074,1023000,PUSULA,2026_03,2026-04-18 13:53
AGESA,244,8609,35829553,PUSULA,2026_03,2026-04-18 13:53
TMSN,228,16153,44449999,PUSULA,2026_03,2026-04-18 13:53
ANHYT,200,4841,88457041,PUSULA,2026_03,2026-04-18 13:53
SONME,191,2845,4349319,PUSULA,2026_03,2026-04-18 13:53
ATSYH,178,5109,7998869,PUSULA,2026_03,2026-04-18 13:53
TBORG,161,5204,59392160,PUSULA,2026_03,2026-04-18 13:53
BIGCH,154,125321,368932945,PUSULA,2026_03,2026-04-18 13:53
BANVT,154,10981,36961044,PUSULA,2026_03,2026-04-18 13:53
PAGYO,125,3033,57781202,PUSULA,2026_03,2026-04-18 13:53
YATAS,123,1899,94866488,PUSULA,2026_03,2026-04-18 13:53
INTEK,100,931,5043584,PUSULA,2026_03,2026-04-18 13:53
ATAGY,100,12003,45670114,PUSULA,2026_03,2026-04-18 13:53
SUMAS,90,2300,5434738,PUSULA,2026_03,2026-04-18 13:53
PLTUR,75,797439,49500000,PUSULA,2026_03,2026-04-18 13:53
FMIZP,74,685,3497641,PUSULA,2026_03,2026-04-18 13:53
POLTK,70,207,1125000,PUSULA,2026_03,2026-04-18 13:53
EMNIS,64,4938,3429235,PUSULA,2026_03,2026-04-18 13:53
YGGYO,63,154,240625741,PUSULA,2026_03,2026-04-18 13:53
ALCAR,38,476,1721735,PUSULA,2026_03,2026-04-18 13:53
INVES,35,102,37480000,PUSULA,2026_03,2026-04-18 13:53
ZGOLDF,33,2155,152040000,PUSULA,2026_03,2026-04-18 13:53
DOKTA,32,5049,145872862,PUSULA,2026_03,2026-04-18 13:53
AKCNS,19,11502,39359284,PUSULA,2026_03,2026-04-18 13:53
ECZYT,16,8423,45880511,PUSULA,2026_03,2026-04-18 13:53
CLEBI,12,1469,5490178,PUSULA,2026_03,2026-04-18 13:53
BFREN,6,4233,24586148,PUSULA,2026_03,2026-04-18 13:53
PPITSV,2,2,13419105,PUSULA,2026_03,2026-04-18 13:53
KSTUR,1,80,3952560,PUSULA,2026_03,2026-04-18 13:53
SLROAV,1,1,1524822,PUSULA,2026_03,2026-04-18 13:53
YBTAS,1,23693,31617148,PUSULA,2026_03,2026-04-18 13:53
EGYO,0,4500,36676214,PUSULA,2026_03,2026-04-18 13:53
ATAC,0,66667,103398067,PUSULA,2026_03,2026-04-18 13:53
PRTAS,0,0,21405233,PUSULA,2026_03,2026-04-18 13:53
AAIDTV,0,0,4762346,PUSULA,2026_03,2026-04-18 13:53
GATEG,0,3227,10570341,PUSULA,2026_03,2026-04-18 13:53
GEDIZ,0,5000,7163595,PUSULA,2026_03,2026-04-18 13:53
EKIZ,0,62,8198720,PUSULA,2026_03,2026-04-18 13:53
GENYH,0,19619,9999906,PUSULA,2026_03,2026-04-18 13:53
IHEVA,0,1130650,291631239,PUSULA,2026_03,2026-04-18 13:53
CLKHO,0,12467,26183651,PUSULA,2026_03,2026-04-18 13:53
AKSEL,0,1,7100000,PUSULA,2026_03,2026-04-18 13:53
ARTI,0,101,9881683,PUSULA,2026_03,2026-04-18 13:53
MRTGG,0,14130,14339249,PUSULA,2026_03,2026-04-18 13:53
ARTOG,0,1,18578922,PUSULA,2026_03,2026-04-18 13:53
TRNSK,0,1000,25616249,PUSULA,2026_03,2026-04-18 13:53
BMEKS,0,35284,114192339,PUSULA,2026_03,2026-04-18 13:53
SALIX,0,2,4949230,PUSULA,2026_03,2026-04-18 13:53
FRIMCV,0,0,1016236,PUSULA,2026_03,2026-04-18 13:53
ENPRA,0,8864,374258700,PUSULA,2026_03,2026-04-18 13:53
ANELT,0,1,43199817,PUSULA,2026_03,2026-04-18 13:53
TUMTK,0,8070,76370187,PUSULA,2026_03,2026-04-18 13:53
LATEK,0,12001,39499512,PUSULA,2026_03,2026-04-18 13:53
IVIGFV,0,0,11154495,PUSULA,2026_03,2026-04-18 13:53
BYSAN,0,18373,16552134,PUSULA,2026_03,2026-04-18 13:53
UKIM,0,5000,2053621,PUSULA,2026_03,2026-04-18 13:53
GOLDS,0,302820,192323946,PUSULA,2026_03,2026-04-18 13:53
ORMA,0,1102,3663265,PUSULA,2026_03,2026-04-18 13:53
UMPAS,0,64227,19699184,PUSULA,2026_03,2026-04-18 13:53
LIOYS,0,7250,31625013,PUSULA,2026_03,2026-04-18 13:53
UNTAR,0,10350,29562129,PUSULA,2026_03,2026-04-18 13:53
UZEL,0,124850,26329793,PUSULA,2026_03,2026-04-18 13:53
SKPLC,0,501,13084995,PUSULA,2026_03,2026-04-18 13:53
ATPET,0,21670,11403497,PUSULA,2026_03,2026-04-18 13:53
ARAT,0,2858,39867975,PUSULA,2026_03,2026-04-18 13:53
PPIETV,0,0,4462305,PUSULA,2026_03,2026-04-18 13:53
PPITMV,0,0,11816981,PUSULA,2026_03,2026-04-18 13:53
PPITQV,0,0,3051666,PUSULA,2026_03,2026-04-18 13:53
CBSBO,0,500,14692447,PUSULA,2026_03,2026-04-18 13:53
AKPAZ,0,35619,22488832,PUSULA,2026_03,2026-04-18 13:53
SEIDCV,0,0,1222570,PUSULA,2026_03,2026-04-18 13:53
SNPAM,0,479,19679871,PUSULA,2026_03,2026-04-18 13:53
EGCEY,0,8162,19749798,PUSULA,2026_03,2026-04-18 13:53
FENIS,0,1,26080019,PUSULA,2026_03,2026-04-18 13:53
EGCYH,0,310,39900235,PUSULA,2026_03,2026-04-18 13:53
EGCYO,0,2,21986285,PUSULA,2026_03,2026-04-18 13:53
ASYAB,0,112752,477899601,PUSULA,2026_03,2026-04-18 13:53
DMISH,0,5,41526838,PUSULA,2026_03,2026-04-18 13:53
ULIFKV,0,0,1752570,PUSULA,2026_03,2026-04-18 13:53
FVORI,0,18039,17564673,PUSULA,2026_03,2026-04-18 13:53
MEMSA,0,14507,160110709,PUSULA,2026_03,2026-04-18 13:53
PSDTC,-5,16187,6599991,PUSULA,2026_03,2026-04-18 13:53
LYDYE,-10,8,1391287,PUSULA,2026_03,2026-04-18 13:53
ACSEL,-14,2957,8589113,PUSULA,2026_03,2026-04-18 13:53
PAMEL,-20,2564,21533681,PUSULA,2026_03,2026-04-18 13:53
TCKRC,-23,26291,70000000,PUSULA,2026_03,2026-04-18 13:53
MRSHL,-27,647,4212888,PUSULA,2026_03,2026-04-18 13:53
GOLTS,-44,2538,12422783,PUSULA,2026_03,2026-04-18 13:53
KONYA,-46,302,1646416,PUSULA,2026_03,2026-04-18 13:53
TLMAN,-51,8510,10300000,PUSULA,2026_03,2026-04-18 13:53
GMSTRF,-57,18974,75300000,PUSULA,2026_03,2026-04-18 13:53
DERIM,-60,1765,40403770,PUSULA,2026_03,2026-04-18 13:53
RAYSG,-76,7873,51947024,PUSULA,2026_03,2026-04-18 13:53
INGRM,-88,947,14969536,PUSULA,2026_03,2026-04-18 13:53
VSNMD,-103,22381,24000000,PUSULA,2026_03,2026-04-18 13:53
TGSAS,-117,574,12348294,PUSULA,2026_03,2026-04-18 13:53
AVHOL,-120,6411,26047279,PUSULA,2026_03,2026-04-18 13:53
ISBIR,-143,10058,14545542,PUSULA,2026_03,2026-04-18 13:53
ALCTL,-168,3535,13543218,PUSULA,2026_03,2026-04-18 13:53
AKMGY,-189,8440,21568998,PUSULA,2026_03,2026-04-18 13:53
KENT,-215,361,1786507,PUSULA,2026_03,2026-04-18 13:53
RGYAS,-217,1993,105523000,PUSULA,2026_03,2026-04-18 13:53
ISDMR,-223,148790,147631816,PUSULA,2026_03,2026-04-18 13:53
EGEEN,-287,1731,1137161,PUSULA,2026_03,2026-04-18 13:53
PKART,-312,17537,11048497,PUSULA,2026_03,2026-04-18 13:53
YONGA,-367,6315,7198435,PUSULA,2026_03,2026-04-18 13:53
KLNMA,-440,39610,91846864,PUSULA,2026_03,2026-04-18 13:53
TURGG,-442,7739,32042988,PUSULA,2026_03,2026-04-18 13:53
KORDS,-460,15688,65421451,PUSULA,2026_03,2026-04-18 13:53
ANELE,-578,43049,151405542,PUSULA,2026_03,2026-04-18 13:53
UFUK,-585,3817,46845974,PUSULA,2026_03,2026-04-18 13:53
ENJSA,-604,20936,236209270,PUSULA,2026_03,2026-04-18 13:53
BRMEN,-610,49951,57566555,PUSULA,2026_03,2026-04-18 13:53
ERBOS,-626,6171,15899843,PUSULA,2026_03,2026-04-18 13:53
AYCES,-637,442,1895369,PUSULA,2026_03,2026-04-18 13:53
OBASE,-645,16721,14924000,PUSULA,2026_03,2026-04-18 13:53
ATEKS,-674,1645,5441598,PUSULA,2026_03,2026-04-18 13:53
QNBFK,-682,6207,843137646,PUSULA,2026_03,2026-04-18 13:53
CMENT,-699,1542,56829666,PUSULA,2026_03,2026-04-18 13:53
TMPOL,-728,1631,11039990,PUSULA,2026_03,2026-04-18 13:53
ULUUN,-757,56568,290523353,PUSULA,2026_03,2026-04-18 13:53
BOBET,-790,79797,113999998,PUSULA,2026_03,2026-04-18 13:53
COSMO,-829,222,6494091,PUSULA,2026_03,2026-04-18 13:53
DGATE,-853,93829,15227271,PUSULA,2026_03,2026-04-18 13:53
LOGO,-863,8479,74328248,PUSULA,2026_03,2026-04-18 13:53
PRKME,-998,37671,53038641,PUSULA,2026_03,2026-04-18 13:53
SUNTK,-1141,33170,145280000,PUSULA,2026_03,2026-04-18 13:53
BIGEN,-1165,409708,115500000,PUSULA,2026_03,2026-04-18 13:53
SANKO,-1174,7968,37499197,PUSULA,2026_03,2026-04-18 13:53
ISGYO,-1205,5420,531312439,PUSULA,2026_03,2026-04-18 13:53
BRISA,-1238,2828,31247472,PUSULA,2026_03,2026-04-18 13:53
BASGZ,-1267,2602,174999999,PUSULA,2026_03,2026-04-18 13:53
CEOEM,-1313,98885,22209658,PUSULA,2026_03,2026-04-18 13:53
MMCAS,-1323,6787,12394294,PUSULA,2026_03,2026-04-18 13:53
LUKSK,-1332,3376,27257202,PUSULA,2026_03,2026-04-18 13:53
SAMAT,-1437,598576,103183797,PUSULA,2026_03,2026-04-18 13:53
BRSAN,-1576,13689,35912460,PUSULA,2026_03,2026-04-18 13:53
NETAS,-1668,5150,31783484,PUSULA,2026_03,2026-04-18 13:53
BINBN,-1726,2365,17000000,PUSULA,2026_03,2026-04-18 13:53
PRZMA,-1750,172591,61941150,PUSULA,2026_03,2026-04-18 13:53
BRKVY,-1789,327627,13618361,PUSULA,2026_03,2026-04-18 13:53
ISGSY,-1812,5207,47378729,PUSULA,2026_03,2026-04-18 13:53
IHAAS,-1857,523,56031248,PUSULA,2026_03,2026-04-18 13:53
TSGYO,-1972,225378,266499982,PUSULA,2026_03,2026-04-18 13:53
BAHKM,-1979,5464,23289000,PUSULA,2026_03,2026-04-18 13:53
VKFYO,-2088,30962,26473700,PUSULA,2026_03,2026-04-18 13:53
DURDO,-2210,909025,379703149,PUSULA,2026_03,2026-04-18 13:53
OYAYO,-2543,31288,19999941,PUSULA,2026_03,2026-04-18 13:53
VBTYZ,-2563,42158,56205000,PUSULA,2026_03,2026-04-18 13:53
DESA,-2733,15440,171107590,PUSULA,2026_03,2026-04-18 13:53
KRGYO,-2734,113727,275246747,PUSULA,2026_03,2026-04-18 13:53
PNLSN,-2741,42896,34752383,PUSULA,2026_03,2026-04-18 13:53
IEYHO,-2769,190535,541033797,PUSULA,2026_03,2026-04-18 13:53
ARTMS,-2898,37243,28399999,PUSULA,2026_03,2026-04-18 13:53
PRKAB,-3012,13799,35225443,PUSULA,2026_03,2026-04-18 13:53
KLKIM,-3161,41616,138383655,PUSULA,2026_03,2026-04-18 13:53
BLUME,-3252,141909,174710134,PUSULA,2026_03,2026-04-18 13:53
KOTON,-3253,44519,136599922,PUSULA,2026_03,2026-04-18 13:53
GARFA,-3512,4337,138399778,PUSULA,2026_03,2026-04-18 13:53
DGGYO,-3751,2805,280709437,PUSULA,2026_03,2026-04-18 13:53
KTSKR,-3871,26703,14691795,PUSULA,2026_03,2026-04-18 13:53
KRONT,-3992,3455,116892885,PUSULA,2026_03,2026-04-18 13:53
SDTTR,-4096,7938,15990000,PUSULA,2026_03,2026-04-18 13:53
ERCB,-4105,43531,39113273,PUSULA,2026_03,2026-04-18 13:53
ARDYZ,-4208,92343,279551557,PUSULA,2026_03,2026-04-18 13:53
GEDIK,-4286,210303,983076857,PUSULA,2026_03,2026-04-18 13:53
AKENR,-4394,78932,385189246,PUSULA,2026_03,2026-04-18 13:53
SAYAS,-4660,7288,42530887,PUSULA,2026_03,2026-04-18 13:53
IZINV,-4730,1403,13540386,PUSULA,2026_03,2026-04-18 13:53
TABGD,-5011,1089,52499906,PUSULA,2026_03,2026-04-18 13:53
GLBMD,-5185,9150,28880500,PUSULA,2026_03,2026-04-18 13:53
DOAS,-5232,26352,97899975,PUSULA,2026_03,2026-04-18 13:53
KRTEK,-5390,32951,18914650,PUSULA,2026_03,2026-04-18 13:53
TKFEN,-5485,21485,230848007,PUSULA,2026_03,2026-04-18 13:53
ORGE,-5526,27164,41839996,PUSULA,2026_03,2026-04-18 13:53
KCAER,-5701,486350,496494775,PUSULA,2026_03,2026-04-18 13:53
EGGUB,-5950,1473,75862197,PUSULA,2026_03,2026-04-18 13:53
DNISI,-6011,31531,59171727,PUSULA,2026_03,2026-04-18 13:53
SEKFK,-6101,20003,62311473,PUSULA,2026_03,2026-04-18 13:53
PRDGS,-6206,19683,110850000,PUSULA,2026_03,2026-04-18 13:53
JANTS,-6763,37560,207607465,PUSULA,2026_03,2026-04-18 13:53
SEKUR,-7153,149842,131457835,PUSULA,2026_03,2026-04-18 13:53
ALARK,-7817,28870,165125148,PUSULA,2026_03,2026-04-18 13:53
SODSN,-7858,43510,45485261,PUSULA,2026_03,2026-04-18 13:53
KZGYO,-7933,30637,49999978,PUSULA,2026_03,2026-04-18 13:53
BMSTL,-7954,147622,74772261,PUSULA,2026_03,2026-04-18 13:53
OYLUM,-7959,50343,80937367,PUSULA,2026_03,2026-04-18 13:53
TRILC,-8177,61121,118499496,PUSULA,2026_03,2026-04-18 13:53
PINSU,-9111,52110,101635846,PUSULA,2026_03,2026-04-18 13:53
REEDR,-9144,531238,632419525,PUSULA,2026_03,2026-04-18 13:53
DYOBY,-9406,222648,186553687,PUSULA,2026_03,2026-04-18 13:53
OYYAT,-9496,13575,91048322,PUSULA,2026_03,2026-04-18 13:53
OZSUB,-9544,3611,44247402,PUSULA,2026_03,2026-04-18 13:53
INTEM,-9574,285,9428747,PUSULA,2026_03,2026-04-18 13:53
ATAKP,-9678,9281,28224000,PUSULA,2026_03,2026-04-18 13:53
ETYAT,-10014,18437,17737148,PUSULA,2026_03,2026-04-18 13:53
ALBRK,-10170,52226,1050739765,PUSULA,2026_03,2026-04-18 13:53
NTHOL,-10656,3041,485479112,PUSULA,2026_03,2026-04-18 13:53
GSDDE,-11104,81614,106850751,PUSULA,2026_03,2026-04-18 13:53
CIMSA,-11111,135990,488602363,PUSULA,2026_03,2026-04-18 13:53
EGPRO,-11143,18710,175170570,PUSULA,2026_03,2026-04-18 13:53
ELITE,-11270,72284,44650000,PUSULA,2026_03,2026-04-18 13:53
ISSEN,-11309,164226,107417374,PUSULA,2026_03,2026-04-18 13:53
EGEGY,-12206,338136,69140000,PUSULA,2026_03,2026-04-18 13:53
MAKTK,-12236,335415,184370066,PUSULA,2026_03,2026-04-18 13:53
GZNMI,-12481,33405,40949825,PUSULA,2026_03,2026-04-18 13:53
DMSAS,-12895,114900,199994510,PUSULA,2026_03,2026-04-18 13:53
OZYSR,-13811,354289,40488000,PUSULA,2026_03,2026-04-18 13:53
ZGYO,-13881,83222,84500000,PUSULA,2026_03,2026-04-18 13:53
AKSUE,-14213,6418,56376184,PUSULA,2026_03,2026-04-18 13:53
ETILR,-15140,60742,156217454,PUSULA,2026_03,2026-04-18 13:53
IZENR,-15712,172203,914537597,PUSULA,2026_03,2026-04-18 13:53
CWENE,-15828,183424,530758241,PUSULA,2026_03,2026-04-18 13:53
DZGYO,-15866,29580,399777846,PUSULA,2026_03,2026-04-18 13:53
KLMSN,-15984,33074,30881297,PUSULA,2026_03,2026-04-18 13:53
ONRYT,-16452,28424,19730000,PUSULA,2026_03,2026-04-18 13:53
BIMAS,-17590,15961,436214016,PUSULA,2026_03,2026-04-18 13:53
ANGEN,-17597,104845,86440002,PUSULA,2026_03,2026-04-18 13:53
USAK,-17866,2712150,2436064709,PUSULA,2026_03,2026-04-18 13:53
ALFAS,-18315,41710,84639559,PUSULA,2026_03,2026-04-18 13:53
GEDZA,-18624,13413,42983624,PUSULA,2026_03,2026-04-18 13:53
ANSGR,-18645,20517,1564416026,PUSULA,2026_03,2026-04-18 13:53
EUYO,-18706,10162,19932875,PUSULA,2026_03,2026-04-18 13:53
EUKYO,-18724,145102,19899963,PUSULA,2026_03,2026-04-18 13:53
PNSUT,-18761,119111,128323851,PUSULA,2026_03,2026-04-18 13:53
EPLAS,-19070,287445,190491857,PUSULA,2026_03,2026-04-18 13:53
INDES,-19088,124431,462749767,PUSULA,2026_03,2026-04-18 13:53
VESBE,-19237,483245,503578676,PUSULA,2026_03,2026-04-18 13:53
BALSU,-19490,63629,278000000,PUSULA,2026_03,2026-04-18 13:53
AKSGY,-19951,249195,1628451947,PUSULA,2026_03,2026-04-18 13:53
LYDHO,-20100,44336,197140970,PUSULA,2026_03,2026-04-18 13:53
FADE,-20337,279077,42347497,PUSULA,2026_03,2026-04-18 13:53
AYEN,-20925,51472,55531320,PUSULA,2026_03,2026-04-18 13:53
EBEBK,-21623,7016,40534692,PUSULA,2026_03,2026-04-18 13:53
MAGEN,-22174,9760,719512140,PUSULA,2026_03,2026-04-18 13:53
GWIND,-22810,32081,179165491,PUSULA,2026_03,2026-04-18 13:53
BLCYT,-22837,136658,49088907,PUSULA,2026_03,2026-04-18 13:53
EMKEL,-22917,188813,149999458,PUSULA,2026_03,2026-04-18 13:53
VESTL,-23395,125145,295447203,PUSULA,2026_03,2026-04-18 13:53
DOHOL,-24457,73666,984706978,PUSULA,2026_03,2026-04-18 13:53
OYAKC,-24512,122227,4656879379,PUSULA,2026_03,2026-04-18 13:53
AFYON,-24577,70792,399992258,PUSULA,2026_03,2026-04-18 13:53
QNBTR,-24719,1057,2571745911,PUSULA,2026_03,2026-04-18 13:53
OZATD,-25038,7528,13349988,PUSULA,2026_03,2026-04-18 13:53
ALTNY,-25270,144052,399885115,PUSULA,2026_03,2026-04-18 13:53
DCTTR,-25780,116622,157328724,PUSULA,2026_03,2026-04-18 13:53
DAGI,-26360,321699,175301274,PUSULA,2026_03,2026-04-18 13:53
BAGFS,-27447,55826,100042745,PUSULA,2026_03,2026-04-18 13:53
ULUFA,-27535,341198,305269391,PUSULA,2026_03,2026-04-18 13:53
AVTUR,-29246,6387,43067999,PUSULA,2026_03,2026-04-18 13:53
KAREL,-32677,177172,329659497,PUSULA,2026_03,2026-04-18 13:53
VANGD,-33253,44956,24374995,PUSULA,2026_03,2026-04-18 13:53
AVGYO,-34291,8987,111590302,PUSULA,2026_03,2026-04-18 13:53
YAYLA,-34479,179750,39874966,PUSULA,2026_03,2026-04-18 13:53
CCOLA,-34829,11829,820001147,PUSULA,2026_03,2026-04-18 13:53
KLGYO,-36335,427564,689399869,PUSULA,2026_03,2026-04-18 13:53
TEZOL,-36784,128403,139999972,PUSULA,2026_03,2026-04-18 13:53
TRHOL,-37041,109886,17583212,PUSULA,2026_03,2026-04-18 13:53
AKHAN,-37715,153543,54700000,PUSULA,2026_03,2026-04-18 13:53
ENDAE,-37801,55100,123901910,PUSULA,2026_03,2026-04-18 13:53
TRALT,-38760,471765,952269019,PUSULA,2026_03,2026-04-18 13:53
ULAS,-39144,-17569,25200172,PUSULA,2026_03,2026-04-18 13:53
NUGYO,-41027,136819,324943976,PUSULA,2026_03,2026-04-18 13:53
CGCAM,-41148,71396,42000000,PUSULA,2026_03,2026-04-18 13:53
LILAK,-42658,82036,260252705,PUSULA,2026_03,2026-04-18 13:53
SKBNK,-43041,212612,2498877855,PUSULA,2026_03,2026-04-18 13:53
MPARK,-44299,17656,80869110,PUSULA,2026_03,2026-04-18 13:53
HURGZ,-44526,359443,220784167,PUSULA,2026_03,2026-04-18 13:53
SOKE,-44564,34327,126999996,PUSULA,2026_03,2026-04-18 13:53
SKYLP,-44745,9980,7159255,PUSULA,2026_03,2026-04-18 13:53
MHRGY,-45479,292128,310499991,PUSULA,2026_03,2026-04-18 13:53
VAKFA,-47678,220624,224999701,PUSULA,2026_03,2026-04-18 13:53
LIDER,-48018,5131,279500000,PUSULA,2026_03,2026-04-18 13:53
DERHL,-48558,66776,197281316,PUSULA,2026_03,2026-04-18 13:53
BEYAZ,-48972,31846,42317352,PUSULA,2026_03,2026-04-18 13:53
GOODY,-49977,163686,132804473,PUSULA,2026_03,2026-04-18 13:53
CEMTS,-50705,106143,233425986,PUSULA,2026_03,2026-04-18 13:53
EUPWR,-52157,161715,199610525,PUSULA,2026_03,2026-04-18 13:53
ENERY,-55724,298946,2420687469,PUSULA,2026_03,2026-04-18 13:53
SNICA,-56400,354917,321688855,PUSULA,2026_03,2026-04-18 13:53
GLRYH,-56593,67637,599623814,PUSULA,2026_03,2026-04-18 13:53
VRGYO,-57194,479192,597693904,PUSULA,2026_03,2026-04-18 13:53
RYSAS,-57638,25151,1504020937,PUSULA,2026_03,2026-04-18 13:53
MERKO,-58025,119851,101104700,PUSULA,2026_03,2026-04-18 13:53
GENTS,-60733,605987,749958921,PUSULA,2026_03,2026-04-18 13:53
ADGYO,-63518,37255,379654333,PUSULA,2026_03,2026-04-18 13:53
DITAS,-66146,48007,83407810,PUSULA,2026_03,2026-04-18 13:53
BIOEN,-68584,24188,197983418,PUSULA,2026_03,2026-04-18 13:53
TUREX,-69808,282856,432000000,PUSULA,2026_03,2026-04-18 13:53
ZERGY,-74877,259728,156799985,PUSULA,2026_03,2026-04-18 13:53
HRKET,-75112,35472,24000000,PUSULA,2026_03,2026-04-18 13:53
DURKN,-76135,33374,42500000,PUSULA,2026_03,2026-04-18 13:53
HUBVC,-79975,538194,277189572,PUSULA,2026_03,2026-04-18 13:53
ORCAY,-80743,158307,151124962,PUSULA,2026_03,2026-04-18 13:53
KUYAS,-86336,3786492,398957788,PUSULA,2026_03,2026-04-18 13:53
GEREL,-89240,217891,219036379,PUSULA,2026_03,2026-04-18 13:53
BNTAS,-90395,102955,170624998,PUSULA,2026_03,2026-04-18 13:53
METRO,-90514,827277,539989959,PUSULA,2026_03,2026-04-18 13:53
AZTEK,-99837,110028,279000000,PUSULA,2026_03,2026-04-18 13:53
OZGYO,-100998,1691304,490916869,PUSULA,2026_03,2026-04-18 13:53
AKGRT,-104544,30766,629007625,PUSULA,2026_03,2026-04-18 13:53
KCHOL,-105961,-58557,674053695,PUSULA,2026_03,2026-04-18 13:53
BYDNR,-108755,22476,22999984,PUSULA,2026_03,2026-04-18 13:53
SKTAS,-109158,567468,332865443,PUSULA,2026_03,2026-04-18 13:53
FRMPL,-109377,23138,39997767,PUSULA,2026_03,2026-04-18 13:53
OSTIM,-109857,234474,510004637,PUSULA,2026_03,2026-04-18 13:53
MSGYO,-110630,479843,169650150,PUSULA,2026_03,2026-04-18 13:53
YIGIT,-125953,58562,74999974,PUSULA,2026_03,2026-04-18 13:53
TUPRS,-125999,33358,942334139,PUSULA,2026_03,2026-04-18 13:53
SILVR,-134544,270478,212818206,PUSULA,2026_03,2026-04-18 13:53
NIBAS,-135784,154632,267767946,PUSULA,2026_03,2026-04-18 13:53
AHGAZ,-136982,164339,659370871,PUSULA,2026_03,2026-04-18 13:53
ZRGYO,-138384,286947,1173404997,PUSULA,2026_03,2026-04-18 13:53
GSRAY,-139840,1632252,10123744690,PUSULA,2026_03,2026-04-18 13:53
MZHLD,-140808,79520,72215314,PUSULA,2026_03,2026-04-18 13:53
YESIL,-145904,390963,640699949,PUSULA,2026_03,2026-04-18 13:53
ODINE,-151045,151154,52810834,PUSULA,2026_03,2026-04-18 13:53
CONSE,-151285,222914,377854899,PUSULA,2026_03,2026-04-18 13:53
PGSUS,-156284,60967,295068869,PUSULA,2026_03,2026-04-18 13:53
OZKGY,-156296,-109391,363999945,PUSULA,2026_03,2026-04-18 13:53
ENTRA,-158268,162441,369383564,PUSULA,2026_03,2026-04-18 13:53
SISE,-159101,298760,1814905641,PUSULA,2026_03,2026-04-18 13:53
KRDMB,-163756,9605,118762110,PUSULA,2026_03,2026-04-18 13:53
TDGYO,-170358,361524,61998213,PUSULA,2026_03,2026-04-18 13:53
MEGMT,-172921,415997,85749986,PUSULA,2026_03,2026-04-18 13:53
BAYRK,-175943,246114,189751123,PUSULA,2026_03,2026-04-18 13:53
AKFYE,-177531,156486,551782160,PUSULA,2026_03,2026-04-18 13:53
BJKAS,-180491,92161,1776089716,PUSULA,2026_03,2026-04-18 13:53
ALKA,-182051,253250,330750000,PUSULA,2026_03,2026-04-18 13:53
IHLGM,-184013,807149,986078000,PUSULA,2026_03,2026-04-18 13:53
DMRGD,-191818,756301,1277294592,PUSULA,2026_03,2026-04-18 13:53
IZFAS,-194531,3191760,156001658,PUSULA,2026_03,2026-04-18 13:53
CEMZY,-199675,19531,124119970,PUSULA,2026_03,2026-04-18 13:53
MERCN,-208161,195788,74389005,PUSULA,2026_03,2026-04-18 13:53
KONTR,-215661,905293,936038761,PUSULA,2026_03,2026-04-18 13:53
BARMA,-230898,520103,78130939,PUSULA,2026_03,2026-04-18 13:53
IHGZT,-231857,159273,570666228,PUSULA,2026_03,2026-04-18 13:53
INFO,-237201,82207,767463333,PUSULA,2026_03,2026-04-18 13:53
FROTO,-243317,-60778,625119847,PUSULA,2026_03,2026-04-18 13:53
TURSG,-251465,-94356,7907296076,PUSULA,2026_03,2026-04-18 13:53
ASTOR,-256070,-59009,366896223,PUSULA,2026_03,2026-04-18 13:53
MAVI,-257780,-206399,576779312,PUSULA,2026_03,2026-04-18 13:53
ALGYO,-262696,3389678,989338262,PUSULA,2026_03,2026-04-18 13:53
BESTE,-279147,43171,54578499,PUSULA,2026_03,2026-04-18 13:53
MARMR,-286473,1286541,961218727,PUSULA,2026_03,2026-04-18 13:53
BORLS,-318940,77036,308652686,PUSULA,2026_03,2026-04-18 13:53
FRIGO,-328264,475855,263258455,PUSULA,2026_03,2026-04-18 13:53
KAYSE,-353728,253297,828951998,PUSULA,2026_03,2026-04-18 13:53
ARFYE,-362375,48697,47000000,PUSULA,2026_03,2026-04-18 13:53
NTGAZ,-363014,59478,276000000,PUSULA,2026_03,2026-04-18 13:53
YYLGD,-363956,406657,369826200,PUSULA,2026_03,2026-04-18 13:53
BRKO,-408715,508512,138283723,PUSULA,2026_03,2026-04-18 13:53
BTCIM,-410588,2821447,4220286921,PUSULA,2026_03,2026-04-18 13:53
TSPOR,-452733,2535966,3674975174,PUSULA,2026_03,2026-04-18 13:53
FONET,-476852,265507,577082984,PUSULA,2026_03,2026-04-18 13:53
FENER,-529418,976940,2772321468,PUSULA,2026_03,2026-04-18 13:53
ECOGR,-532938,177860,110000000,PUSULA,2026_03,2026-04-18 13:53
VAKFN,-534307,1466293,2064378140,PUSULA,2026_03,2026-04-18 13:53
KRDMD,-551673,-606419,780216365,PUSULA,2026_03,2026-04-18 13:53
MANAS,-559334,413685,306992000,PUSULA,2026_03,2026-04-18 13:53
HEDEF,-574540,1074318,562499930,PUSULA,2026_03,2026-04-18 13:53
IHLAS,-629433,655985,1396079076,PUSULA,2026_03,2026-04-18 13:53
EYGYO,-727825,2318416,362859668,PUSULA,2026_03,2026-04-18 13:53
PASEU,-759686,198436,215295868,PUSULA,2026_03,2026-04-18 13:53
YYAPI,-766508,2718665,1705025550,PUSULA,2026_03,2026-04-18 13:53
ZOREN,-814040,11955741,2681244194,PUSULA,2026_03,2026-04-18 13:53
HLGYO,-836662,1439527,1075198517,PUSULA,2026_03,2026-04-18 13:53
KTLEV,-900885,4124022,1288500000,PUSULA,2026_03,2026-04-18 13:53
SANFM,-951165,540333,225029995,PUSULA,2026_03,2026-04-18 13:53
ADESE,-963874,10752195,4687131701,PUSULA,2026_03,2026-04-18 13:53
ARSAN,-1133680,582981,887344281,PUSULA,2026_03,2026-04-18 13:53
MOPAS,-1175623,-444147,57330000,PUSULA,2026_03,2026-04-18 13:53
PETKM,-1319545,-776280,1241729843,PUSULA,2026_03,2026-04-18 13:53
GUNDG,-1326348,55331,18968983,PUSULA,2026_03,2026-04-18 13:53
AKSA,-1382596,-385816,1503650642,PUSULA,2026_03,2026-04-18 13:53
ODAS,-1459886,773956,1113798031,PUSULA,2026_03,2026-04-18 13:53
TERA,-1776225,192445,240888789,PUSULA,2026_03,2026-04-18 13:53
AVOD,-1956114,-85305,253604577,PUSULA,2026_03,2026-04-18 13:53
PAHOL,-2724440,17186969,3999999979,PUSULA,2026_03,2026-04-18 13:53
PCILT,-4688591,36196,45014182,PUSULA,2026_03,2026-04-18 13:53
KOPOL,-6832704,1427667,266319652,PUSULA,2026_03,2026-04-18 13:53
SASA,-10127164,783393,25700434927,PUSULA,2026_03,2026-04-18 13:53
ALVES,-75693183,627426,1159999780,PUSULA,2026_03,2026-04-18 13:53
