hisse,adet2,tks2,oran,tip,donem,yukleme
SASA,2886264193,25700421137,11.23,yabanci,2026_01,2026-04-18 13:52
YKBNK,1597793768,4705235952,33.96,yabanci,2026_01,2026-04-18 13:52
ISCTR,2348020550,8880196742,26.44,yabanci,2026_01,2026-04-18 13:52
FENER,119553604,2772321026,4.31,yabanci,2026_01,2026-04-18 13:52
AKBNK,1587627624,3059020211,51.9,yabanci,2026_01,2026-04-18 13:52
EREGL,753959539,3554238535,21.21,yabanci,2026_01,2026-04-18 13:52
KAYSE,77478408,814062605,9.52,yabanci,2026_01,2026-04-18 13:52
AEFES,767574231,2028860053,37.83,yabanci,2026_01,2026-04-18 13:52
TRALT,248999979,952271819,26.15,yabanci,2026_01,2026-04-18 13:52
ZOREN,280462455,2681244172,10.46,yabanci,2026_01,2026-04-18 13:52
PETKM,122359468,1241736844,9.85,yabanci,2026_01,2026-04-18 13:52
GMTAS,75847227,298687813,25.39,yabanci,2026_01,2026-04-18 13:52
SMRTG,54106185,664164672,8.15,yabanci,2026_01,2026-04-18 13:52
HEKTS,389179675,3946474643,9.86,yabanci,2026_01,2026-04-18 13:52
ALGYO,41173788,989357377,4.16,yabanci,2026_01,2026-04-18 13:52
GLYHO,317827713,1949290631,16.3,yabanci,2026_01,2026-04-18 13:52
KCHOL,263565336,674052308,39.1,yabanci,2026_01,2026-04-18 13:52
PEKGY,397307374,4685012615,8.48,yabanci,2026_01,2026-04-18 13:52
VAKBN,183449945,8046896130,2.28,yabanci,2026_01,2026-04-18 13:52
GSRAY,111693388,10123744690,1.1,yabanci,2026_01,2026-04-18 13:52
BTCIM,337241511,4046650979,8.33,yabanci,2026_01,2026-04-18 13:52
TCELL,742173144,1622604373,45.74,yabanci,2026_01,2026-04-18 13:52
SAHOL,373533145,1142761094,32.69,yabanci,2026_01,2026-04-18 13:52
TUPRS,311953798,902334854,34.57,yabanci,2026_01,2026-04-18 13:52
FORMT,22220691,1075744232,2.07,yabanci,2026_01,2026-04-18 13:52
CANTE,287631801,6026143802,4.77,yabanci,2026_01,2026-04-18 13:52
CWENE,59476517,530758241,11.21,yabanci,2026_01,2026-04-18 13:52
ASELS,613850906,1178597817,52.08,yabanci,2026_01,2026-04-18 13:52
QUAGR,168983189,1771950000,9.54,yabanci,2026_01,2026-04-18 13:52
SISE,204593491,1814922730,11.27,yabanci,2026_01,2026-04-18 13:52
EKGYO,502227361,1925107366,26.09,yabanci,2026_01,2026-04-18 13:52
AGROT,31190420,843999770,3.7,yabanci,2026_01,2026-04-18 13:52
SRVGY,65117604,806067999,8.08,yabanci,2026_01,2026-04-18 13:52
GARAN,209072982,2454854227,8.52,yabanci,2026_01,2026-04-18 13:52
FROTO,216980292,625120847,34.71,yabanci,2026_01,2026-04-18 13:52
MAVI,181384008,576779312,31.45,yabanci,2026_01,2026-04-18 13:52
BORLS,14546242,308652686,4.71,yabanci,2026_01,2026-04-18 13:52
LIDFA,30692281,458180545,6.7,yabanci,2026_01,2026-04-18 13:52
RYGYO,302149379,770588057,39.21,yabanci,2026_01,2026-04-18 13:52
HALKB,45116032,6546422780,0.69,yabanci,2026_01,2026-04-18 13:52
ANSGR,147913426,1564416026,9.45,yabanci,2026_01,2026-04-18 13:52
DOHOL,224329706,984706959,22.78,yabanci,2026_01,2026-04-18 13:52
ALVES,12428951,862856920,1.44,yabanci,2026_01,2026-04-18 13:52
ASTOR,174490690,366896261,47.56,yabanci,2026_01,2026-04-18 13:52
SKBNK,124877176,2498879854,5.0,yabanci,2026_01,2026-04-18 13:52
AKFGY,153281204,3457819315,4.43,yabanci,2026_01,2026-04-18 13:52
DAPGM,97782571,928276145,10.53,yabanci,2026_01,2026-04-18 13:52
TSPOR,24561389,3674526664,0.67,yabanci,2026_01,2026-04-18 13:52
ULKER,56808723,338855989,16.76,yabanci,2026_01,2026-04-18 13:52
SARKY,55062204,999999671,5.51,yabanci,2026_01,2026-04-18 13:52
BJKAS,105952420,1776089716,5.97,yabanci,2026_01,2026-04-18 13:52
MAGEN,89084916,719512140,12.38,yabanci,2026_01,2026-04-18 13:52
HLGYO,48843618,1075198516,4.54,yabanci,2026_01,2026-04-18 13:52
ULUFA,10155470,305352801,3.33,yabanci,2026_01,2026-04-18 13:52
ALBRK,198475336,1050739765,18.89,yabanci,2026_01,2026-04-18 13:52
AKGRT,158719745,629007625,25.23,yabanci,2026_01,2026-04-18 13:52
TUKAS,180337860,4499995929,4.01,yabanci,2026_01,2026-04-18 13:52
AGHOL,250063103,1068828243,23.4,yabanci,2026_01,2026-04-18 13:52
CVKMD,35532305,461999787,7.69,yabanci,2026_01,2026-04-18 13:52
DARDL,16345339,1753442695,0.93,yabanci,2026_01,2026-04-18 13:52
IHGZT,5245860,570666228,0.92,yabanci,2026_01,2026-04-18 13:52
AKFYE,149890066,551782160,27.16,yabanci,2026_01,2026-04-18 13:52
ISKPL,49083521,724625736,6.77,yabanci,2026_01,2026-04-18 13:52
ENSRI,9316422,236333503,3.94,yabanci,2026_01,2026-04-18 13:52
TUREX,9256325,432000000,2.14,yabanci,2026_01,2026-04-18 13:52
DOAS,21332135,97899975,21.79,yabanci,2026_01,2026-04-18 13:52
ALARK,18334265,164975148,11.11,yabanci,2026_01,2026-04-18 13:52
TAVHL,119608223,213213415,56.1,yabanci,2026_01,2026-04-18 13:52
PSGYO,26530353,2954231556,0.9,yabanci,2026_01,2026-04-18 13:52
SEGMN,4141300,80999980,5.11,yabanci,2026_01,2026-04-18 13:52
OZGYO,6686074,490916869,1.36,yabanci,2026_01,2026-04-18 13:52
METRO,3944120,539989959,0.73,yabanci,2026_01,2026-04-18 13:52
ISDMR,23535195,147623050,15.94,yabanci,2026_01,2026-04-18 13:52
KATMR,74320481,1980989998,3.75,yabanci,2026_01,2026-04-18 13:52
PATEK,16138728,293081892,5.51,yabanci,2026_01,2026-04-18 13:52
TRMET,49765921,174454588,28.53,yabanci,2026_01,2026-04-18 13:52
MEGMT,5578373,72749999,7.67,yabanci,2026_01,2026-04-18 13:52
AHSGY,16034339,184999889,8.67,yabanci,2026_01,2026-04-18 13:52
EGEPO,7106479,200000000,3.55,yabanci,2026_01,2026-04-18 13:52
TOASO,27362999,120585076,22.69,yabanci,2026_01,2026-04-18 13:52
RYSAS,855389089,1504020937,56.87,yabanci,2026_01,2026-04-18 13:52
ECOGR,3764793,109980000,3.42,yabanci,2026_01,2026-04-18 13:52
ENJSA,56467473,236211770,23.91,yabanci,2026_01,2026-04-18 13:52
IMASM,31582600,622850499,5.07,yabanci,2026_01,2026-04-18 13:52
TABGD,21653984,52499906,41.25,yabanci,2026_01,2026-04-18 13:52
TSKB,330804593,1516591673,21.81,yabanci,2026_01,2026-04-18 13:52
KFEIN,2462224,150306170,1.64,yabanci,2026_01,2026-04-18 13:52
TRENJ,12107597,97964682,12.36,yabanci,2026_01,2026-04-18 13:52
KRDMD,117838091,780216365,15.1,yabanci,2026_01,2026-04-18 13:52
INFO,10841525,767463337,1.41,yabanci,2026_01,2026-04-18 13:52
MGROS,31641284,96563547,32.77,yabanci,2026_01,2026-04-18 13:52
TTKOM,226504563,524999999,43.14,yabanci,2026_01,2026-04-18 13:52
ARCLK,23026921,170054748,13.54,yabanci,2026_01,2026-04-18 13:52
TEKTU,4407963,195639308,2.25,yabanci,2026_01,2026-04-18 13:52
GESAN,13864413,141759180,9.78,yabanci,2026_01,2026-04-18 13:52
MANAS,2192070,149942371,1.46,yabanci,2026_01,2026-04-18 13:52
ESEN,37735115,682499950,5.53,yabanci,2026_01,2026-04-18 13:52
ARSAN,3359421,887344274,0.38,yabanci,2026_01,2026-04-18 13:52
VESTL,8597262,295447203,2.91,yabanci,2026_01,2026-04-18 13:52
CIMSA,39374616,488404404,8.06,yabanci,2026_01,2026-04-18 13:52
MOGAN,13801798,262635000,5.26,yabanci,2026_01,2026-04-18 13:52
SOKM,152909459,448708248,34.08,yabanci,2026_01,2026-04-18 13:52
AGESA,21176837,35829553,59.1,yabanci,2026_01,2026-04-18 13:52
LRSHO,13791730,724120946,1.9,yabanci,2026_01,2026-04-18 13:52
MPARK,32018558,80869110,39.59,yabanci,2026_01,2026-04-18 13:52
ARMGD,1708036,54996000,3.11,yabanci,2026_01,2026-04-18 13:52
HDFGS,1722507,956974190,0.18,yabanci,2026_01,2026-04-18 13:52
LILAK,7357565,260252730,2.83,yabanci,2026_01,2026-04-18 13:52
AZTEK,4430560,279000000,1.59,yabanci,2026_01,2026-04-18 13:52
IZMDC,43135205,723225318,5.96,yabanci,2026_01,2026-04-18 13:52
KOTON,1686263,136599960,1.23,yabanci,2026_01,2026-04-18 13:52
LYDHO,8485030,197140910,4.3,yabanci,2026_01,2026-04-18 13:52
TATGD,10737360,119284718,9.0,yabanci,2026_01,2026-04-18 13:52
GUBRF,9823437,85359737,11.51,yabanci,2026_01,2026-04-18 13:52
DURKN,1473504,42500000,3.47,yabanci,2026_01,2026-04-18 13:52
KRDMB,3086479,118762110,2.6,yabanci,2026_01,2026-04-18 13:52
CONSE,7224566,377854899,1.91,yabanci,2026_01,2026-04-18 13:52
DITAS,2127507,83407812,2.55,yabanci,2026_01,2026-04-18 13:52
BUCIM,46035687,1286538062,3.58,yabanci,2026_01,2026-04-18 13:52
ENKAI,222125485,874736059,25.39,yabanci,2026_01,2026-04-18 13:52
ALTNY,15445435,399889404,3.86,yabanci,2026_01,2026-04-18 13:52
AYDEM,25372918,130000000,19.52,yabanci,2026_01,2026-04-18 13:52
SOKE,2682017,126999996,2.11,yabanci,2026_01,2026-04-18 13:52
IHAAS,26742390,56031248,47.73,yabanci,2026_01,2026-04-18 13:52
MNDTR,750662800,910071938,82.48,yabanci,2026_01,2026-04-18 13:52
ZRGYO,81669541,1173404997,6.96,yabanci,2026_01,2026-04-18 13:52
YEOTK,11419133,160933198,7.1,yabanci,2026_01,2026-04-18 13:52
DYOBY,1504764,186553687,0.81,yabanci,2026_01,2026-04-18 13:52
ENERY,261854363,2420686786,10.82,yabanci,2026_01,2026-04-18 13:52
KRDMA,17947843,240300917,7.47,yabanci,2026_01,2026-04-18 13:52
TKFEN,27778813,230848007,12.03,yabanci,2026_01,2026-04-18 13:52
AFYON,7766615,399992258,1.94,yabanci,2026_01,2026-04-18 13:52
BULGS,2836952,72499900,3.91,yabanci,2026_01,2026-04-18 13:52
PRDGS,949053,110850000,0.86,yabanci,2026_01,2026-04-18 13:52
ANHYT,10951208,88457041,12.38,yabanci,2026_01,2026-04-18 13:52
MEYSU,767965,175000000,0.44,yabanci,2026_01,2026-04-18 13:52
THYAO,154226322,739329751,20.86,yabanci,2026_01,2026-04-18 13:52
PAPIL,1920944,206247674,0.93,yabanci,2026_01,2026-04-18 13:52
ECILC,13872751,210589603,6.59,yabanci,2026_01,2026-04-18 13:52
LMKDC,4309630,155929999,2.76,yabanci,2026_01,2026-04-18 13:52
MIATK,10422388,313087979,3.33,yabanci,2026_01,2026-04-18 13:52
BRSAN,4467641,35912460,12.44,yabanci,2026_01,2026-04-18 13:52
KGYO,675978,767895149,0.09,yabanci,2026_01,2026-04-18 13:52
AKFIS,2140949,66841328,3.2,yabanci,2026_01,2026-04-18 13:52
ARASE,5832055,49999991,11.66,yabanci,2026_01,2026-04-18 13:52
BIENY,2990196,83144831,3.6,yabanci,2026_01,2026-04-18 13:52
SKTAS,919500,332865443,0.28,yabanci,2026_01,2026-04-18 13:52
KLKIM,9030008,138383655,6.53,yabanci,2026_01,2026-04-18 13:52
YUNSA,5489470,202164056,2.72,yabanci,2026_01,2026-04-18 13:52
KOPOL,4318628,266319652,1.62,yabanci,2026_01,2026-04-18 13:52
MERIT,2879737,329748900,0.87,yabanci,2026_01,2026-04-18 13:52
MERCN,6192474,74389005,8.32,yabanci,2026_01,2026-04-18 13:52
KLYPV,3481928,46334639,7.51,yabanci,2026_01,2026-04-18 13:52
BEGYO,626687,277250000,0.23,yabanci,2026_01,2026-04-18 13:52
AYGAZ,10412083,98568807,10.56,yabanci,2026_01,2026-04-18 13:52
BURCE,4966085,44422390,11.18,yabanci,2026_01,2026-04-18 13:52
ASGYO,1221689,165000000,0.74,yabanci,2026_01,2026-04-18 13:52
ASUZU,3546732,41130807,8.62,yabanci,2026_01,2026-04-18 13:52
EMKEL,786304,149999456,0.52,yabanci,2026_01,2026-04-18 13:52
NATEN,3230896,309375000,1.04,yabanci,2026_01,2026-04-18 13:52
HRKET,758901,24000000,3.16,yabanci,2026_01,2026-04-18 13:52
BALSU,32703393,278000000,11.76,yabanci,2026_01,2026-04-18 13:52
MHRGY,1127771,310499991,0.36,yabanci,2026_01,2026-04-18 13:52
KAREL,17654565,329659497,5.36,yabanci,2026_01,2026-04-18 13:52
CEMAS,6293818,790994229,0.8,yabanci,2026_01,2026-04-18 13:52
KZBGY,28952521,585996164,4.94,yabanci,2026_01,2026-04-18 13:52
DERHL,2522531,197281316,1.28,yabanci,2026_01,2026-04-18 13:52
OBASE,636114,14924000,4.26,yabanci,2026_01,2026-04-18 13:52
VAKFN,36576149,2064378140,1.77,yabanci,2026_01,2026-04-18 13:52
KMPUR,6462274,132432524,4.88,yabanci,2026_01,2026-04-18 13:52
SDTTR,667155,15990000,4.17,yabanci,2026_01,2026-04-18 13:52
PNLSN,1481680,34752383,4.26,yabanci,2026_01,2026-04-18 13:52
DZGYO,440197,399777846,0.11,yabanci,2026_01,2026-04-18 13:52
ATATP,1569399,18809999,8.34,yabanci,2026_01,2026-04-18 13:52
FADE,700509,42347497,1.65,yabanci,2026_01,2026-04-18 13:52
KRONT,3642267,116892885,3.12,yabanci,2026_01,2026-04-18 13:52
OZKGY,26436339,363999945,7.26,yabanci,2026_01,2026-04-18 13:52
GLRYH,13780216,599623814,2.3,yabanci,2026_01,2026-04-18 13:52
BIOEN,14841039,197983419,7.5,yabanci,2026_01,2026-04-18 13:52
HATEK,297811,62998947,0.47,yabanci,2026_01,2026-04-18 13:52
GRSEL,2061141,29650000,6.95,yabanci,2026_01,2026-04-18 13:52
BOBET,2024349,113999998,1.78,yabanci,2026_01,2026-04-18 13:52
MEPET,1316970,73940585,1.78,yabanci,2026_01,2026-04-18 13:52
EGPRO,436563,175170570,0.25,yabanci,2026_01,2026-04-18 13:52
BOSSA,275404,508724189,0.05,yabanci,2026_01,2026-04-18 13:52
HURGZ,261254,220784167,0.12,yabanci,2026_01,2026-04-18 13:52
SAFKR,592409,139427409,0.42,yabanci,2026_01,2026-04-18 13:52
BLUME,637759,174710134,0.37,yabanci,2026_01,2026-04-18 13:52
MOBTL,5231384,207999999,2.52,yabanci,2026_01,2026-04-18 13:52
BAKAB,741842,34985326,2.12,yabanci,2026_01,2026-04-18 13:52
CRFSA,1940608,18312793,10.6,yabanci,2026_01,2026-04-18 13:52
BIGTK,1538037,23395022,6.57,yabanci,2026_01,2026-04-18 13:52
SANKO,912398,37499197,2.43,yabanci,2026_01,2026-04-18 13:52
FRMPL,206476,39997696,0.52,yabanci,2026_01,2026-04-18 13:52
AYEN,1714719,55531320,3.09,yabanci,2026_01,2026-04-18 13:52
BEYAZ,408188,42317352,0.96,yabanci,2026_01,2026-04-18 13:52
RTALB,798797,432976722,0.18,yabanci,2026_01,2026-04-18 13:52
ISGSY,332369,47378729,0.7,yabanci,2026_01,2026-04-18 13:52
ISFIN,37006732,310154523,11.93,yabanci,2026_01,2026-04-18 13:52
SURGY,282376,44745990,0.63,yabanci,2026_01,2026-04-18 13:52
GZNMI,377271,40910271,0.92,yabanci,2026_01,2026-04-18 13:52
TEHOL,89652184,1967936441,4.56,yabanci,2026_01,2026-04-18 13:52
BMSTL,433045,74772260,0.58,yabanci,2026_01,2026-04-18 13:52
ORGE,7889439,41839996,18.86,yabanci,2026_01,2026-04-18 13:52
LINK,1219640,18231985,6.69,yabanci,2026_01,2026-04-18 13:52
EPLAS,3864019,190491857,2.03,yabanci,2026_01,2026-04-18 13:52
ETILR,157108,156217454,0.1,yabanci,2026_01,2026-04-18 13:52
CEOEM,786434,22232614,3.54,yabanci,2026_01,2026-04-18 13:52
KRTEK,252851,18914650,1.34,yabanci,2026_01,2026-04-18 13:52
DOKTA,367998,145872862,0.25,yabanci,2026_01,2026-04-18 13:52
ALCTL,417405,13543218,3.08,yabanci,2026_01,2026-04-18 13:52
KRPLS,811376,78486163,1.03,yabanci,2026_01,2026-04-18 13:52
GLRMK,2998941,38760000,7.74,yabanci,2026_01,2026-04-18 13:52
KZGYO,1878902,49999985,3.76,yabanci,2026_01,2026-04-18 13:52
PENTA,13519482,181070136,7.47,yabanci,2026_01,2026-04-18 13:52
TCKRC,2710744,70000000,3.87,yabanci,2026_01,2026-04-18 13:52
VAKKO,2249196,30789786,7.31,yabanci,2026_01,2026-04-18 13:52
DGATE,356255,15227271,2.34,yabanci,2026_01,2026-04-18 13:52
EGGUB,1342018,75862114,1.77,yabanci,2026_01,2026-04-18 13:52
PKART,3486114,11048497,31.55,yabanci,2026_01,2026-04-18 13:52
GWIND,10710194,179165491,5.98,yabanci,2026_01,2026-04-18 13:52
PNSUT,2006721,128323851,1.56,yabanci,2026_01,2026-04-18 13:52
IHEVA,3607167,291631239,1.24,yabanci,2026_01,2026-04-18 13:52
TLMAN,294882,10300000,2.86,yabanci,2026_01,2026-04-18 13:52
BAYRK,104232,189751123,0.05,yabanci,2026_01,2026-04-18 13:52
GIPTA,312019,51625912,0.6,yabanci,2026_01,2026-04-18 13:52
ZERGY,95888,156799985,0.06,yabanci,2026_01,2026-04-18 13:52
MSGYO,127642,169650150,0.08,yabanci,2026_01,2026-04-18 13:52
KCAER,72973844,496494775,14.7,yabanci,2026_01,2026-04-18 13:52
DESA,23169062,171107590,13.54,yabanci,2026_01,2026-04-18 13:52
BESLR,12589622,658098036,1.91,yabanci,2026_01,2026-04-18 13:52
DSTKF,4651611,82195267,5.66,yabanci,2026_01,2026-04-18 13:52
GOLTS,834916,12422783,6.72,yabanci,2026_01,2026-04-18 13:52
DERIM,562971,40403770,1.39,yabanci,2026_01,2026-04-18 13:52
GARFA,103534,138399778,0.07,yabanci,2026_01,2026-04-18 13:52
ONRYT,448330,19730000,2.27,yabanci,2026_01,2026-04-18 13:52
NUHCM,6485714,33135899,19.57,yabanci,2026_01,2026-04-18 13:52
GUNDG,81742,18968972,0.43,yabanci,2026_01,2026-04-18 13:52
FORTE,71459,21999999,0.32,yabanci,2026_01,2026-04-18 13:52
AKSUE,70317,56376184,0.12,yabanci,2026_01,2026-04-18 13:52
KLSER,5919794,109457566,5.41,yabanci,2026_01,2026-04-18 13:52
PAMEL,426875,21533681,1.98,yabanci,2026_01,2026-04-18 13:52
RAYSG,44220698,51947024,85.13,yabanci,2026_01,2026-04-18 13:52
MARKA,64914,20752018,0.31,yabanci,2026_01,2026-04-18 13:52
BAHKM,77913,23289000,0.33,yabanci,2026_01,2026-04-18 13:52
TTRAK,6645985,24967458,26.62,yabanci,2026_01,2026-04-18 13:52
NUGYO,11735037,324943976,3.61,yabanci,2026_01,2026-04-18 13:52
KLGYO,6735455,689399869,0.98,yabanci,2026_01,2026-04-18 13:52
BRKSN,126423,62639942,0.2,yabanci,2026_01,2026-04-18 13:52
ARTMS,73177,24199999,0.3,yabanci,2026_01,2026-04-18 13:52
DUNYH,2484429,36443197,6.82,yabanci,2026_01,2026-04-18 13:52
BRISA,2253597,31247472,7.21,yabanci,2026_01,2026-04-18 13:52
EYGYO,216026,341859667,0.06,yabanci,2026_01,2026-04-18 13:52
ARFYE,43980,47000000,0.09,yabanci,2026_01,2026-04-18 13:52
AYCES,44389,1895369,2.34,yabanci,2026_01,2026-04-18 13:52
BFREN,6209079,24586148,25.25,yabanci,2026_01,2026-04-18 13:52
FMIZP,137430,3497751,3.93,yabanci,2026_01,2026-04-18 13:52
AVPGY,3309560,100000000,3.31,yabanci,2026_01,2026-04-18 13:52
BIGEN,62269,115500000,0.05,yabanci,2026_01,2026-04-18 13:52
ERBOS,357915,15899843,2.25,yabanci,2026_01,2026-04-18 13:52
MZHLD,34544,72215314,0.05,yabanci,2026_01,2026-04-18 13:52
PKENT,56812,23766169,0.24,yabanci,2026_01,2026-04-18 13:52
BRLSM,612340,108025075,0.57,yabanci,2026_01,2026-04-18 13:52
VAKFA,629935,224999701,0.28,yabanci,2026_01,2026-04-18 13:52
ELITE,78101,44650000,0.17,yabanci,2026_01,2026-04-18 13:52
ALKA,24381,330750000,0.01,yabanci,2026_01,2026-04-18 13:52
TGSAS,184715,12348294,1.5,yabanci,2026_01,2026-04-18 13:52
BRYAT,426257,10264685,4.15,yabanci,2026_01,2026-04-18 13:52
EBEBK,3880021,40534692,9.57,yabanci,2026_01,2026-04-18 13:52
TMPOL,15615,11039990,0.14,yabanci,2026_01,2026-04-18 13:52
UFUK,882233,46845974,1.88,yabanci,2026_01,2026-04-18 13:52
MAALT,30559,4763850,0.64,yabanci,2026_01,2026-04-18 13:52
GOODY,64599976,132804473,48.64,yabanci,2026_01,2026-04-18 13:52
KAPLM,225561,4563571,4.94,yabanci,2026_01,2026-04-18 13:52
KIMMR,6903882,75000000,9.21,yabanci,2026_01,2026-04-18 13:52
MOPAS,99579,57330000,0.17,yabanci,2026_01,2026-04-18 13:52
PCILT,311919,45014183,0.69,yabanci,2026_01,2026-04-18 13:52
LYDYE,176040,1391287,12.65,yabanci,2026_01,2026-04-18 13:52
DNISI,7040,59171727,0.01,yabanci,2026_01,2026-04-18 13:52
ICBCT,927772,216761845,0.43,yabanci,2026_01,2026-04-18 13:52
REEDR,43760936,632558010,6.92,yabanci,2026_01,2026-04-18 13:52
CMBTN,4802,1023000,0.47,yabanci,2026_01,2026-04-18 13:52
ANGEN,322597,86440002,0.37,yabanci,2026_01,2026-04-18 13:52
RUBNS,1002561,42377765,2.37,yabanci,2026_01,2026-04-18 13:52
EKOS,2942,307199852,0.0,yabanci,2026_01,2026-04-18 13:52
BVSAN,4808,13749998,0.03,yabanci,2026_01,2026-04-18 13:52
ALFAS,6983459,84639559,8.25,yabanci,2026_01,2026-04-18 13:52
EGEEN,111528,1137161,9.81,yabanci,2026_01,2026-04-18 13:52
VERTU,8433,22000000,0.04,yabanci,2026_01,2026-04-18 13:52
GEDZA,706651,42983624,1.64,yabanci,2026_01,2026-04-18 13:52
QNBTR,31,2571745911,0.0,yabanci,2026_01,2026-04-18 13:52
SONME,0,4349319,0.0,yabanci,2026_01,2026-04-18 13:52
OYAYO,16000,19999941,0.08,yabanci,2026_01,2026-04-18 13:52
OYLUM,0,80937367,0.0,yabanci,2026_01,2026-04-18 13:52
EUHOL,325000,142999955,0.23,yabanci,2026_01,2026-04-18 13:52
LIOYS,0,31625013,0.0,yabanci,2026_01,2026-04-18 13:52
OZRDN,5,57107579,0.0,yabanci,2026_01,2026-04-18 13:52
EGCYO,0,21986285,0.0,yabanci,2026_01,2026-04-18 13:52
ARBUL,2300,15459297,0.01,yabanci,2026_01,2026-04-18 13:52
TDGYO,398606,59914214,0.67,yabanci,2026_01,2026-04-18 13:52
DGGYO,7410,280709437,0.0,yabanci,2026_01,2026-04-18 13:52
FENIS,210000,26080019,0.81,yabanci,2026_01,2026-04-18 13:52
ASYAB,25266969,477904801,5.29,yabanci,2026_01,2026-04-18 13:52
KENT,0,1191005,0.0,yabanci,2026_01,2026-04-18 13:52
KERVN,0,588346973,0.0,yabanci,2026_01,2026-04-18 13:52
MANGO,50001,37831688,0.13,yabanci,2026_01,2026-04-18 13:52
ARTOG,220000,18578922,1.18,yabanci,2026_01,2026-04-18 13:52
CMENT,1776,56829666,0.0,yabanci,2026_01,2026-04-18 13:52
MEGAP,1,234498757,0.0,yabanci,2026_01,2026-04-18 13:52
ATEKS,4172,5441598,0.08,yabanci,2026_01,2026-04-18 13:52
PRZMA,60,61941154,0.0,yabanci,2026_01,2026-04-18 13:52
PSDTC,284,6599991,0.0,yabanci,2026_01,2026-04-18 13:52
MEMSA,1,160110709,0.0,yabanci,2026_01,2026-04-18 13:52
QNBFK,13,843137646,0.0,yabanci,2026_01,2026-04-18 13:52
MENBA,4513,3496852,0.13,yabanci,2026_01,2026-04-18 13:52
CRDFA,0,74996853,0.0,yabanci,2026_01,2026-04-18 13:52
ATPET,101,11403497,0.0,yabanci,2026_01,2026-04-18 13:52
KLNMA,57760,91846864,0.06,yabanci,2026_01,2026-04-18 13:52
AKPAZ,352917,22489187,1.57,yabanci,2026_01,2026-04-18 13:52
UKIM,22970,2053621,1.12,yabanci,2026_01,2026-04-18 13:52
ULAS,0,25200172,0.0,yabanci,2026_01,2026-04-18 13:52
BURVA,71327,4723271,1.51,yabanci,2026_01,2026-04-18 13:52
GLBMD,1,28880500,0.0,yabanci,2026_01,2026-04-18 13:52
UNTAR,1,29562129,0.0,yabanci,2026_01,2026-04-18 13:52
UZEL,3248483,26329793,12.34,yabanci,2026_01,2026-04-18 13:52
GLDTRF,884,48100000,0.0,yabanci,2026_01,2026-04-18 13:52
ENPRA,70,15294299,0.0,yabanci,2026_01,2026-04-18 13:52
KRATL,5403,17800000,0.03,yabanci,2026_01,2026-04-18 13:52
SANEL,1,18112451,0.0,yabanci,2026_01,2026-04-18 13:52
AKYHO,2,223895870,0.0,yabanci,2026_01,2026-04-18 13:52
BYDNR,474040,20499984,2.31,yabanci,2026_01,2026-04-18 13:52
ISBIR,3825,14500244,0.03,yabanci,2026_01,2026-04-18 13:52
YGYO,19379986,1310632851,1.48,yabanci,2026_01,2026-04-18 13:52
ARAT,600000,39867975,1.5,yabanci,2026_01,2026-04-18 13:52
SEYKM,1,151040901,0.0,yabanci,2026_01,2026-04-18 13:52
SILVR,9,212818206,0.0,yabanci,2026_01,2026-04-18 13:52
GOLDS,222541,192323946,0.12,yabanci,2026_01,2026-04-18 13:52
KSTUR,842,3952561,0.02,yabanci,2026_01,2026-04-18 13:52
CELHA,0,146078935,0.0,yabanci,2026_01,2026-04-18 13:52
SKYLP,0,7159255,0.0,yabanci,2026_01,2026-04-18 13:52
ERSU,0,31755894,0.0,yabanci,2026_01,2026-04-18 13:52
SNPAM,1,19679871,0.0,yabanci,2026_01,2026-04-18 13:52
GRNYO,130436,37386059,0.35,yabanci,2026_01,2026-04-18 13:52
BRMEN,119040,57566555,0.21,yabanci,2026_01,2026-04-18 13:52
ORCAY,0,149972352,0.0,yabanci,2026_01,2026-04-18 13:52
DENGE,5456,525284797,0.0,yabanci,2026_01,2026-04-18 13:52
FLAP,1,93599986,0.0,yabanci,2026_01,2026-04-18 13:52
KARTN,1269355,72781126,1.74,yabanci,2026_01,2026-04-18 13:52
YGGYO,11181550,240625741,4.65,yabanci,2026_01,2026-04-18 13:52
TARKM,2142,4999885,0.04,yabanci,2026_01,2026-04-18 13:52
MRSHL,185,4212888,0.0,yabanci,2026_01,2026-04-18 13:52
DOGUB,87,19821566,0.0,yabanci,2026_01,2026-04-18 13:52
ALCAR,28227,1721735,1.64,yabanci,2026_01,2026-04-18 13:52
KONYA,51258,1646416,3.11,yabanci,2026_01,2026-04-18 13:52
SMART,94374,29737499,0.32,yabanci,2026_01,2026-04-18 13:52
TRHOL,13844,17635692,0.08,yabanci,2026_01,2026-04-18 13:52
MAKTK,50696,184370066,0.03,yabanci,2026_01,2026-04-18 13:52
TSGYO,2947,266499982,0.0,yabanci,2026_01,2026-04-18 13:52
YAPRK,392,4214998,0.01,yabanci,2026_01,2026-04-18 13:52
ACSEL,335,8589113,0.0,yabanci,2026_01,2026-04-18 13:52
BANVT,1,36961044,0.0,yabanci,2026_01,2026-04-18 13:52
KUTPO,87880,10524430,0.84,yabanci,2026_01,2026-04-18 13:52
CLEBI,224748,5490178,4.09,yabanci,2026_01,2026-04-18 13:52
PLTUR,368533,49500000,0.74,yabanci,2026_01,2026-04-18 13:52
BRKVY,20220,13618361,0.15,yabanci,2026_01,2026-04-18 13:52
OTTO,2593,5474438,0.05,yabanci,2026_01,2026-04-18 13:52
TBORG,157239,59392160,0.26,yabanci,2026_01,2026-04-18 13:52
ERCB,13294,39113273,0.03,yabanci,2026_01,2026-04-18 13:52
KNFRT,11397,131747000,0.01,yabanci,2026_01,2026-04-18 13:52
ISYAT,2,152245569,0.0,yabanci,2026_01,2026-04-18 13:52
SERNT,19352,113000000,0.02,yabanci,2026_01,2026-04-18 13:52
INGRM,616,14969536,0.0,yabanci,2026_01,2026-04-18 13:52
KTSKR,45374,14691795,0.31,yabanci,2026_01,2026-04-18 13:52
YAYLA,9497,39874966,0.02,yabanci,2026_01,2026-04-18 13:52
BLCYT,375455,49088907,0.76,yabanci,2026_01,2026-04-18 13:52
RUZYE,1031516,267748491,0.39,yabanci,2026_01,2026-04-18 13:52
INTEM,9182,9428747,0.1,yabanci,2026_01,2026-04-18 13:52
OTKAR,6040536,33417145,18.08,yabanci,2026_01,2026-04-18 13:52
ULUSE,72067,24000000,0.3,yabanci,2026_01,2026-04-18 13:52
POLTK,294347,1125000,26.16,yabanci,2026_01,2026-04-18 13:52
VKING,6232,30932905,0.02,yabanci,2026_01,2026-04-18 13:52
GSDDE,1716724,106850751,1.61,yabanci,2026_01,2026-04-18 13:52
LUKSK,20846,27257202,0.08,yabanci,2026_01,2026-04-18 13:52
FRIGO,32001,153667954,0.02,yabanci,2026_01,2026-04-18 13:52
AKMGY,2,21568998,0.0,yabanci,2026_01,2026-04-18 13:52
TUCLK,50861,230681400,0.02,yabanci,2026_01,2026-04-18 13:52
VERUS,12927054,34499937,37.47,yabanci,2026_01,2026-04-18 13:52
TRCAS,7261469,206252778,3.52,yabanci,2026_01,2026-04-18 13:52
CGCAM,384,42000000,0.0,yabanci,2026_01,2026-04-18 13:52
SEKFK,533752,62311473,0.86,yabanci,2026_01,2026-04-18 13:52
EDIP,368298,36468204,1.01,yabanci,2026_01,2026-04-18 13:52
JANTS,3919144,207477849,1.89,yabanci,2026_01,2026-04-18 13:52
INVES,2769584,37480000,7.39,yabanci,2026_01,2026-04-18 13:52
MAKIM,2079704,42559998,4.89,yabanci,2026_01,2026-04-18 13:52
ONCSM,324159,10086000,3.21,yabanci,2026_01,2026-04-18 13:52
HOROZ,21944,24599986,0.09,yabanci,2026_01,2026-04-18 13:52
ODINE,1539977,52576848,2.93,yabanci,2026_01,2026-04-18 13:52
TMSN,2055452,44449988,4.62,yabanci,2026_01,2026-04-18 13:52
OZSUB,33059,42499126,0.08,yabanci,2026_01,2026-04-18 13:52
GENTS,2310680,749958921,0.31,yabanci,2026_01,2026-04-18 13:52
POLHO,16706726,164140074,10.18,yabanci,2026_01,2026-04-18 13:52
ATAKP,172057,28224000,0.61,yabanci,2026_01,2026-04-18 13:52
RNPOL,200176,16795000,1.19,yabanci,2026_01,2026-04-18 13:52
GRTHO,6573648,36745000,17.89,yabanci,2026_01,2026-04-18 13:52
ARENA,63438,66996461,0.09,yabanci,2026_01,2026-04-18 13:52
KLMSN,12034,30881197,0.04,yabanci,2026_01,2026-04-18 13:52
DEVA,1266189,199971814,0.63,yabanci,2026_01,2026-04-18 13:52
PAGYO,2412308,57781202,4.17,yabanci,2026_01,2026-04-18 13:52
ECZYT,2135821,45880511,4.66,yabanci,2026_01,2026-04-18 13:52
KONKA,27072,89670000,0.03,yabanci,2026_01,2026-04-18 13:52
PINSU,183094,101635846,0.18,yabanci,2026_01,2026-04-18 13:52
FZLGY,2146646,398427439,0.54,yabanci,2026_01,2026-04-18 13:52
AGYO,246031,129036460,0.19,yabanci,2026_01,2026-04-18 13:52
BNTAS,1,170624998,0.0,yabanci,2026_01,2026-04-18 13:52
YATAS,13658894,94866488,14.4,yabanci,2026_01,2026-04-18 13:52
BINBN,9630033,17000000,56.65,yabanci,2026_01,2026-04-18 13:52
BASGZ,12758395,174999999,7.29,yabanci,2026_01,2026-04-18 13:52
AVGYO,70653,111590302,0.06,yabanci,2026_01,2026-04-18 13:52
GLCVY,927898,26400000,3.51,yabanci,2026_01,2026-04-18 13:52
OBAMS,8230963,725750028,1.13,yabanci,2026_01,2026-04-18 13:52
CEMZY,116539,124118690,0.09,yabanci,2026_01,2026-04-18 13:52
SUNTK,13945056,144433250,9.66,yabanci,2026_01,2026-04-18 13:52
ENTRA,5977600,369383564,1.62,yabanci,2026_01,2026-04-18 13:52
NETAS,339283,31783484,1.07,yabanci,2026_01,2026-04-18 13:52
OZATD,971990,13349933,7.28,yabanci,2026_01,2026-04-18 13:52
SAYAS,698810,42530887,1.64,yabanci,2026_01,2026-04-18 13:52
KORDS,2834839,65421451,4.33,yabanci,2026_01,2026-04-18 13:52
KRGYO,491027,275373393,0.18,yabanci,2026_01,2026-04-18 13:52
ENDAE,497909,120211591,0.41,yabanci,2026_01,2026-04-18 13:52
BIGCH,2742465,73786589,3.72,yabanci,2026_01,2026-04-18 13:52
AKENR,1890275,385189146,0.49,yabanci,2026_01,2026-04-18 13:52
CATES,669828,33050000,2.03,yabanci,2026_01,2026-04-18 13:52
PARSN,683135,34033246,2.01,yabanci,2026_01,2026-04-18 13:52
OFSYM,785249,22749998,3.45,yabanci,2026_01,2026-04-18 13:52
TURGG,579071,32042988,1.81,yabanci,2026_01,2026-04-18 13:52
DESPC,118546,16023700,0.74,yabanci,2026_01,2026-04-18 13:52
GEREL,9836,219036379,0.0,yabanci,2026_01,2026-04-18 13:52
BIZIM,511937,27601626,1.85,yabanci,2026_01,2026-04-18 13:52
BARMA,438398,67594701,0.65,yabanci,2026_01,2026-04-18 13:52
ARDYZ,2961631,279551557,1.06,yabanci,2026_01,2026-04-18 13:52
LIDER,21583319,279500000,7.72,yabanci,2026_01,2026-04-18 13:52
HATSN,900301,44299973,2.03,yabanci,2026_01,2026-04-18 13:52
USAK,12216605,1218028690,1.0,yabanci,2026_01,2026-04-18 13:52
YESIL,0,640699952,0.0,yabanci,2026_01,2026-04-18 13:52
PRKAB,306759,35225443,0.87,yabanci,2026_01,2026-04-18 13:52
EUPWR,17501427,199610525,8.77,yabanci,2026_01,2026-04-18 13:52
OYYAT,7175567,91048322,7.88,yabanci,2026_01,2026-04-18 13:52
AKCNS,3342618,39359284,8.49,yabanci,2026_01,2026-04-18 13:52
NTHOL,24684310,485479112,5.08,yabanci,2026_01,2026-04-18 13:52
SMRVA,2241280,28000000,8.0,yabanci,2026_01,2026-04-18 13:52
TKNSA,1479716,100485379,1.47,yabanci,2026_01,2026-04-18 13:52
DGNMO,4075848,327634635,1.24,yabanci,2026_01,2026-04-18 13:52
OZYSR,607232,40488000,1.5,yabanci,2026_01,2026-04-18 13:52
UNLU,2942042,102181558,2.88,yabanci,2026_01,2026-04-18 13:52
SUWEN,47460430,365687500,12.98,yabanci,2026_01,2026-04-18 13:52
SKYMD,3576,52499981,0.01,yabanci,2026_01,2026-04-18 13:52
ALKIM,10333806,182767821,5.65,yabanci,2026_01,2026-04-18 13:52
VSNMD,1163218,24000000,4.85,yabanci,2026_01,2026-04-18 13:52
VBTYZ,1253788,55935000,2.24,yabanci,2026_01,2026-04-18 13:52
DAGI,4,175301274,0.0,yabanci,2026_01,2026-04-18 13:52
KLRHO,58945242,341250000,17.27,yabanci,2026_01,2026-04-18 13:52
ADGYO,897082,379654367,0.24,yabanci,2026_01,2026-04-18 13:52
PETUN,4746862,134673118,3.52,yabanci,2026_01,2026-04-18 13:52
NTGAZ,7045000,276000000,2.55,yabanci,2026_01,2026-04-18 13:52
MERKO,782655,101104701,0.77,yabanci,2026_01,2026-04-18 13:52
ISSEN,13320,107411517,0.01,yabanci,2026_01,2026-04-18 13:52
ALKLC,4247557,45382467,9.36,yabanci,2026_01,2026-04-18 13:52
RALYH,16259209,176324572,9.22,yabanci,2026_01,2026-04-18 13:52
SELEC,13193313,124262097,10.62,yabanci,2026_01,2026-04-18 13:52
NIBAS,22447,267767946,0.01,yabanci,2026_01,2026-04-18 13:52
MTRKS,215243,43633165,0.49,yabanci,2026_01,2026-04-18 13:52
BAGFS,5933209,100042745,5.93,yabanci,2026_01,2026-04-18 13:52
LKMNH,3423927,163262533,2.1,yabanci,2026_01,2026-04-18 13:52
DOFER,39123,19572500,0.2,yabanci,2026_01,2026-04-18 13:52
RGYAS,53459162,105523000,50.66,yabanci,2026_01,2026-04-18 13:52
KBORU,517710,143999994,0.36,yabanci,2026_01,2026-04-18 13:52
BERA,52279261,491816866,10.63,yabanci,2026_01,2026-04-18 13:52
SNICA,5179833,321688855,1.61,yabanci,2026_01,2026-04-18 13:52
OSMEN,461934,157750927,0.29,yabanci,2026_01,2026-04-18 13:52
YYLGD,25063278,369826200,6.78,yabanci,2026_01,2026-04-18 13:52
ADEL,17131,112043619,0.02,yabanci,2026_01,2026-04-18 13:52
MEDTR,170011,24499999,0.69,yabanci,2026_01,2026-04-18 13:52
CEMTS,5023684,233425986,2.15,yabanci,2026_01,2026-04-18 13:52
AVOD,649572,253604577,0.26,yabanci,2026_01,2026-04-18 13:52
VESBE,32723250,503578676,6.5,yabanci,2026_01,2026-04-18 13:52
MARBL,8069,65226403,0.01,yabanci,2026_01,2026-04-18 13:52
YIGIT,160951,74999975,0.21,yabanci,2026_01,2026-04-18 13:52
KOCMT,1351388,581991187,0.23,yabanci,2026_01,2026-04-18 13:52
IHLAS,14412138,1396079076,1.03,yabanci,2026_01,2026-04-18 13:52
GEDIK,3402814,983076856,0.35,yabanci,2026_01,2026-04-18 13:52
DOFRB,282371,45000000,0.63,yabanci,2026_01,2026-04-18 13:52
LOGO,25924048,74328248,34.88,yabanci,2026_01,2026-04-18 13:52
HKTM,156865,72747500,0.22,yabanci,2026_01,2026-04-18 13:52
TRILC,746926,118499496,0.63,yabanci,2026_01,2026-04-18 13:52
AKSEN,22964590,638545796,3.6,yabanci,2026_01,2026-04-18 13:52
OSTIM,8817371,509984964,1.73,yabanci,2026_01,2026-04-18 13:52
BIMAS,200381613,436214016,45.94,yabanci,2026_01,2026-04-18 13:52
KUYAS,16357528,395658898,4.13,yabanci,2026_01,2026-04-18 13:52
BINHO,1442528,488884390,0.3,yabanci,2026_01,2026-04-18 13:52
PENGD,1429058,171069968,0.84,yabanci,2026_01,2026-04-18 13:52
GOKNR,5394363,178040711,3.03,yabanci,2026_01,2026-04-18 13:52
MEKAG,202291,320319999,0.06,yabanci,2026_01,2026-04-18 13:52
YYAPI,1069390,1705025550,0.06,yabanci,2026_01,2026-04-18 13:52
KRVGD,64675400,596159766,10.85,yabanci,2026_01,2026-04-18 13:52
HTTBT,16793784,82805422,20.28,yabanci,2026_01,2026-04-18 13:52
ZEDUR,0,69899992,0.0,yabanci,2026_01,2026-04-18 13:52
MNDRS,5563593,222007982,2.51,yabanci,2026_01,2026-04-18 13:52
GSDHO,117393689,999994969,11.74,yabanci,2026_01,2026-04-18 13:52
MACKO,2806957,41453550,6.77,yabanci,2026_01,2026-04-18 13:52
SANFM,144057,225029995,0.06,yabanci,2026_01,2026-04-18 13:52
INVEO,454048,998999954,0.05,yabanci,2026_01,2026-04-18 13:52
IHYAY,1436043,388124996,0.37,yabanci,2026_01,2026-04-18 13:52
HEDEF,4545777,562499930,0.81,yabanci,2026_01,2026-04-18 13:52
ANELE,509626,151405542,0.34,yabanci,2026_01,2026-04-18 13:52
TNZTP,6677955,87496826,7.63,yabanci,2026_01,2026-04-18 13:52
EGSER,556638,545751057,0.1,yabanci,2026_01,2026-04-18 13:52
KARSN,21798668,827850973,2.63,yabanci,2026_01,2026-04-18 13:52
SELVA,436374,747897737,0.06,yabanci,2026_01,2026-04-18 13:52
TEZOL,1014093,139835975,0.73,yabanci,2026_01,2026-04-18 13:52
PRKME,35584,53038641,0.07,yabanci,2026_01,2026-04-18 13:52
DURDO,4634005,379703149,1.22,yabanci,2026_01,2026-04-18 13:52
IEYHO,25711173,541032947,4.75,yabanci,2026_01,2026-04-18 13:52
AHGAZ,75277024,659370871,11.42,yabanci,2026_01,2026-04-18 13:52
KRSTL,11137049,183664642,6.06,yabanci,2026_01,2026-04-18 13:52
PGSUS,41777292,245068871,17.05,yabanci,2026_01,2026-04-18 13:52
DMSAS,3871166,199994510,1.94,yabanci,2026_01,2026-04-18 13:52
ISGYO,38966234,531312439,7.33,yabanci,2026_01,2026-04-18 13:52
HUNER,18901304,670137934,2.82,yabanci,2026_01,2026-04-18 13:52
ARZUM,3299753,293999828,1.12,yabanci,2026_01,2026-04-18 13:52
OYAKC,235321992,4656879380,5.05,yabanci,2026_01,2026-04-18 13:52
IHLGM,2152962,986078000,0.22,yabanci,2026_01,2026-04-18 13:52
SNGYO,157636472,3607173097,4.37,yabanci,2026_01,2026-04-18 13:52
IZFAS,981643,156001658,0.63,yabanci,2026_01,2026-04-18 13:52
AKSA,253838209,1503670642,16.88,yabanci,2026_01,2026-04-18 13:52
ESCAR,28161233,101933690,27.63,yabanci,2026_01,2026-04-18 13:52
EKSUN,37291,171792833,0.02,yabanci,2026_01,2026-04-18 13:52
EGEGY,1765988,61200000,2.89,yabanci,2026_01,2026-04-18 13:52
EFOR,86399481,539999994,16.0,yabanci,2026_01,2026-04-18 13:52
TATEN,4277192,347769724,1.23,yabanci,2026_01,2026-04-18 13:52
EDATA,376078,160065396,0.23,yabanci,2026_01,2026-04-18 13:52
TERA,23222216,240888789,9.64,yabanci,2026_01,2026-04-18 13:52
TRGYO,47989349,251573369,19.08,yabanci,2026_01,2026-04-18 13:52
BSOKE,31957109,458486931,6.97,yabanci,2026_01,2026-04-18 13:52
KTLEV,90287142,1288500000,7.01,yabanci,2026_01,2026-04-18 13:52
ULUUN,4902080,290523352,1.69,yabanci,2026_01,2026-04-18 13:52
GENIL,11164105,85937999,12.99,yabanci,2026_01,2026-04-18 13:52
ESCOM,969213,463831670,0.21,yabanci,2026_01,2026-04-18 13:52
VRGYO,29084484,597643904,4.87,yabanci,2026_01,2026-04-18 13:52
INDES,50845943,462749768,10.99,yabanci,2026_01,2026-04-18 13:52
YKSLN,3934488,197429570,1.99,yabanci,2026_01,2026-04-18 13:52
FONET,5914947,577082984,1.02,yabanci,2026_01,2026-04-18 13:52
KONTR,50253164,936038763,5.37,yabanci,2026_01,2026-04-18 13:52
VKGYO,92489348,1637202242,5.65,yabanci,2026_01,2026-04-18 13:52
MRGYO,5984363,1035439185,0.58,yabanci,2026_01,2026-04-18 13:52
AKSGY,97243701,1628451947,5.97,yabanci,2026_01,2026-04-18 13:52
KLSYN,914872,107854952,0.85,yabanci,2026_01,2026-04-18 13:52
CCOLA,592834388,818085147,72.47,yabanci,2026_01,2026-04-18 13:52
MARMR,48832116,961218727,5.08,yabanci,2026_01,2026-04-18 13:52
GOZDE,10670803,384992447,2.77,yabanci,2026_01,2026-04-18 13:52
PASEU,34279021,215295868,15.92,yabanci,2026_01,2026-04-18 13:52
MARTI,9,590191701,0.0,yabanci,2026_01,2026-04-18 13:52
ISMEN,135911739,467723147,29.06,yabanci,2026_01,2026-04-18 13:52
ODAS,82982146,1113798031,7.45,yabanci,2026_01,2026-04-18 13:52
EUREN,68484817,1040132637,6.58,yabanci,2026_01,2026-04-18 13:52
IZENR,70399252,914537597,7.7,yabanci,2026_01,2026-04-18 13:52
DMRGD,8108837,1277294592,0.63,yabanci,2026_01,2026-04-18 13:52
TURSG,423782162,7907296076,5.36,yabanci,2026_01,2026-04-18 13:52
ADESE,558655493,4687131701,11.92,yabanci,2026_01,2026-04-18 13:52
PAHOL,10972932,3999999979,0.27,yabanci,2026_01,2026-04-18 13:52
SASA,1252618131,25700421137,4.87,fon,2026_01,2026-04-18 13:52
PEKGY,1230574267,4685012615,26.27,fon,2026_01,2026-04-18 13:52
KTLEV,131007374,1288500000,10.17,fon,2026_01,2026-04-18 13:52
ALGYO,73587710,989357377,7.44,fon,2026_01,2026-04-18 13:52
DAPGM,114544188,928276145,12.34,fon,2026_01,2026-04-18 13:52
BSOKE,85340625,458486931,18.61,fon,2026_01,2026-04-18 13:52
ZGYO,29704618,84499889,35.15,fon,2026_01,2026-04-18 13:52
TERA,86242228,240888789,35.8,fon,2026_01,2026-04-18 13:52
EFOR,258832839,539999994,47.93,fon,2026_01,2026-04-18 13:52
TATEN,107784639,347769724,30.99,fon,2026_01,2026-04-18 13:52
LIDFA,49372726,458180545,10.78,fon,2026_01,2026-04-18 13:52
PASEU,66757960,215295868,31.01,fon,2026_01,2026-04-18 13:52
KAYSE,20886311,814062605,2.57,fon,2026_01,2026-04-18 13:52
PAHOL,46007714,3999999979,1.15,fon,2026_01,2026-04-18 13:52
KRDMD,86470636,780216365,11.08,fon,2026_01,2026-04-18 13:52
FONET,38664516,577082984,6.7,fon,2026_01,2026-04-18 13:52
ISCTR,1371514667,8880196742,15.44,fon,2026_01,2026-04-18 13:52
CANTE,125000429,6026143802,2.07,fon,2026_01,2026-04-18 13:52
EREGL,530053667,3554238535,14.91,fon,2026_01,2026-04-18 13:52
AEFES,175842836,2028860053,8.67,fon,2026_01,2026-04-18 13:52
EDATA,22759231,160065396,14.22,fon,2026_01,2026-04-18 13:52
SNGYO,274869872,3607173097,7.62,fon,2026_01,2026-04-18 13:52
ESCOM,40901129,463831670,8.82,fon,2026_01,2026-04-18 13:52
ALTNY,72117019,399889404,18.03,fon,2026_01,2026-04-18 13:52
KATMR,31814963,1980989998,1.61,fon,2026_01,2026-04-18 13:52
ALVES,8100959,862856920,0.94,fon,2026_01,2026-04-18 13:52
UCAYM,7665473,59996268,12.78,fon,2026_01,2026-04-18 13:52
ISGYO,28365531,531312439,5.34,fon,2026_01,2026-04-18 13:52
RTALB,7236484,432976722,1.67,fon,2026_01,2026-04-18 13:52
SISE,108559009,1814922730,5.98,fon,2026_01,2026-04-18 13:52
ECILC,23990736,210589603,11.39,fon,2026_01,2026-04-18 13:52
DOHOL,102525395,984706959,10.41,fon,2026_01,2026-04-18 13:52
LMKDC,27548585,155929999,17.67,fon,2026_01,2026-04-18 13:52
KRVGD,93083869,596159766,15.61,fon,2026_01,2026-04-18 13:52
FENER,5697051,2772321026,0.21,fon,2026_01,2026-04-18 13:52
GESAN,17940262,141759180,12.66,fon,2026_01,2026-04-18 13:52
ESCAR,16139313,101933690,15.83,fon,2026_01,2026-04-18 13:52
KUYAS,56823258,395658898,14.36,fon,2026_01,2026-04-18 13:52
AKSGY,92714406,1628451947,5.69,fon,2026_01,2026-04-18 13:52
NTGAZ,18710931,276000000,6.78,fon,2026_01,2026-04-18 13:52
AGHOL,348964113,1068828243,32.65,fon,2026_01,2026-04-18 13:52
CIMSA,53061689,488404404,10.86,fon,2026_01,2026-04-18 13:52
KOTON,16753325,136599960,12.26,fon,2026_01,2026-04-18 13:52
AHSGY,90241762,184999889,48.78,fon,2026_01,2026-04-18 13:52
SOKM,43105599,448708248,9.61,fon,2026_01,2026-04-18 13:52
GMTAS,7169720,298687813,2.4,fon,2026_01,2026-04-18 13:52
OBAMS,18336746,725750028,2.53,fon,2026_01,2026-04-18 13:52
ODINE,7491864,52576848,14.25,fon,2026_01,2026-04-18 13:52
EUPWR,14751747,199610525,7.39,fon,2026_01,2026-04-18 13:52
THYAO,53387757,739329751,7.22,fon,2026_01,2026-04-18 13:52
AKSA,152880769,1503670642,10.17,fon,2026_01,2026-04-18 13:52
MAGEN,411268634,719512140,57.16,fon,2026_01,2026-04-18 13:52
YYLGD,75389268,369826200,20.39,fon,2026_01,2026-04-18 13:52
ODAS,54947530,1113798031,4.93,fon,2026_01,2026-04-18 13:52
TEKTU,3165314,195639308,1.62,fon,2026_01,2026-04-18 13:52
INDES,58363403,462749768,12.61,fon,2026_01,2026-04-18 13:52
EPLAS,2850000,190491857,1.5,fon,2026_01,2026-04-18 13:52
SRVGY,22496533,806067999,2.79,fon,2026_01,2026-04-18 13:52
SMRTG,3964936,664164672,0.6,fon,2026_01,2026-04-18 13:52
TRHOL,6535110,17635692,37.06,fon,2026_01,2026-04-18 13:52
KARSN,5710579,827850973,0.69,fon,2026_01,2026-04-18 13:52
BIMAS,22050922,436214016,5.06,fon,2026_01,2026-04-18 13:52
DZGYO,2522884,399777846,0.63,fon,2026_01,2026-04-18 13:52
HEDEF,296298245,562499930,52.68,fon,2026_01,2026-04-18 13:52
RALYH,49542364,176324572,28.1,fon,2026_01,2026-04-18 13:52
DGNMO,20279057,327634635,6.19,fon,2026_01,2026-04-18 13:52
IZFAS,47362233,156001658,30.36,fon,2026_01,2026-04-18 13:52
GENTS,3051558,749958921,0.41,fon,2026_01,2026-04-18 13:52
EGEGY,2549214,61200000,4.17,fon,2026_01,2026-04-18 13:52
BOBET,12117762,113999998,10.63,fon,2026_01,2026-04-18 13:52
AKFYE,55288328,551782160,10.02,fon,2026_01,2026-04-18 13:52
ALBRK,132820341,1050739765,12.64,fon,2026_01,2026-04-18 13:52
TOASO,18530898,120585076,15.37,fon,2026_01,2026-04-18 13:52
ALKLC,7101741,45382467,15.65,fon,2026_01,2026-04-18 13:52
AYDEM,3699972,130000000,2.85,fon,2026_01,2026-04-18 13:52
BESLR,34471123,658098036,5.24,fon,2026_01,2026-04-18 13:52
TTKOM,28880226,524999999,5.5,fon,2026_01,2026-04-18 13:52
PATEK,12336836,293081892,4.21,fon,2026_01,2026-04-18 13:52
ADGYO,12639200,379654367,3.33,fon,2026_01,2026-04-18 13:52
LKMNH,20844250,163262533,12.77,fon,2026_01,2026-04-18 13:52
MANAS,4307079,149942371,2.87,fon,2026_01,2026-04-18 13:52
VESTL,4804121,295447203,1.63,fon,2026_01,2026-04-18 13:52
NPTLRF,1297132,1375000,94.34,fon,2026_01,2026-04-18 13:52
MEYSU,1278357,175000000,0.73,fon,2026_01,2026-04-18 13:52
TRALT,71760553,952271819,7.54,fon,2026_01,2026-04-18 13:52
OZGYO,1220600,490916869,0.25,fon,2026_01,2026-04-18 13:52
MOPAS,26740232,57330000,46.64,fon,2026_01,2026-04-18 13:52
POLHO,14316877,164140074,8.72,fon,2026_01,2026-04-18 13:52
KBORU,5148435,143999994,3.58,fon,2026_01,2026-04-18 13:52
SELEC,21842134,124262097,17.58,fon,2026_01,2026-04-18 13:52
TRMET,20473972,174454588,11.74,fon,2026_01,2026-04-18 13:52
SUWEN,106770887,365687500,29.2,fon,2026_01,2026-04-18 13:52
SAFKR,1104786,139427409,0.79,fon,2026_01,2026-04-18 13:52
GOKNR,13404123,178040711,7.53,fon,2026_01,2026-04-18 13:52
KGYO,76723621,767895149,9.99,fon,2026_01,2026-04-18 13:52
ISDMR,4949184,147623050,3.35,fon,2026_01,2026-04-18 13:52
SUNTK,69861804,144433250,48.37,fon,2026_01,2026-04-18 13:52
BIGCH,9008870,73786589,12.21,fon,2026_01,2026-04-18 13:52
ARDYZ,25967761,279551557,9.29,fon,2026_01,2026-04-18 13:52
SANFM,11513363,225029995,5.12,fon,2026_01,2026-04-18 13:52
TUCLK,970025,230681400,0.42,fon,2026_01,2026-04-18 13:52
KLGYO,105863700,689399869,15.36,fon,2026_01,2026-04-18 13:52
TKFEN,11816479,230848007,5.12,fon,2026_01,2026-04-18 13:52
SAHOL,155321021,1142761094,13.59,fon,2026_01,2026-04-18 13:52
AVPGY,14963381,100000000,14.96,fon,2026_01,2026-04-18 13:52
UNLU,40006772,102181558,39.15,fon,2026_01,2026-04-18 13:52
ARMGD,11528047,54996000,20.96,fon,2026_01,2026-04-18 13:52
EUREN,53730525,1040132637,5.17,fon,2026_01,2026-04-18 13:52
USAK,1203196,1218028690,0.1,fon,2026_01,2026-04-18 13:52
DCTTR,27783939,157328724,17.66,fon,2026_01,2026-04-18 13:52
INFO,269860208,767463337,35.16,fon,2026_01,2026-04-18 13:52
LOGO,8994351,74328248,12.1,fon,2026_01,2026-04-18 13:52
CUSAN,750575,18500000,4.06,fon,2026_01,2026-04-18 13:52
YUNSA,1938127,202164056,0.96,fon,2026_01,2026-04-18 13:52
TRENJ,4846531,97964682,4.95,fon,2026_01,2026-04-18 13:52
ENKAI,41580286,874736059,4.75,fon,2026_01,2026-04-18 13:52
GSDHO,97461322,999994969,9.75,fon,2026_01,2026-04-18 13:52
HEKTS,189719685,3946474643,4.81,fon,2026_01,2026-04-18 13:52
BORSK,2660722,279999879,0.95,fon,2026_01,2026-04-18 13:52
ARASE,6167115,49999991,12.33,fon,2026_01,2026-04-18 13:52
BLUME,2737507,174710134,1.57,fon,2026_01,2026-04-18 13:52
YATAS,11082237,94866488,11.68,fon,2026_01,2026-04-18 13:52
GUBRF,7531036,85359737,8.82,fon,2026_01,2026-04-18 13:52
BEGYO,901106,277250000,0.33,fon,2026_01,2026-04-18 13:52
ZGOLDF,13958656,152040000,9.18,fon,2026_01,2026-04-18 13:52
RUBNS,589747,42377765,1.39,fon,2026_01,2026-04-18 13:52
MNDRS,8082301,222007982,3.64,fon,2026_01,2026-04-18 13:52
TEZOL,599735,139835975,0.43,fon,2026_01,2026-04-18 13:52
PAPIL,6545784,206247674,3.17,fon,2026_01,2026-04-18 13:52
OZSUB,1272889,42499126,3.0,fon,2026_01,2026-04-18 13:52
FROTO,48584174,625120847,7.77,fon,2026_01,2026-04-18 13:52
VESBE,4158359,503578676,0.83,fon,2026_01,2026-04-18 13:52
HRKET,1467421,24000000,6.11,fon,2026_01,2026-04-18 13:52
MTRKS,2726550,43633165,6.25,fon,2026_01,2026-04-18 13:52
ALKIM,14387542,182767821,7.87,fon,2026_01,2026-04-18 13:52
AGROT,463672,843999770,0.05,fon,2026_01,2026-04-18 13:52
LILAK,163622623,260252730,62.87,fon,2026_01,2026-04-18 13:52
BAHKM,2860335,23289000,12.28,fon,2026_01,2026-04-18 13:52
IZENR,15306909,914537597,1.67,fon,2026_01,2026-04-18 13:52
DARDL,21687369,1753442695,1.24,fon,2026_01,2026-04-18 13:52
AGXAAC,1947036,35877518,5.43,fon,2026_01,2026-04-18 13:52
AYES,886370,86971609,1.02,fon,2026_01,2026-04-18 13:52
DESA,4403682,171107590,2.57,fon,2026_01,2026-04-18 13:52
AHGAZ,104143494,659370871,15.79,fon,2026_01,2026-04-18 13:52
IHLAS,445091,1396079076,0.03,fon,2026_01,2026-04-18 13:52
KNFRT,427000,131747000,0.32,fon,2026_01,2026-04-18 13:52
TMPOL,5600032,11039990,50.72,fon,2026_01,2026-04-18 13:52
ECOGR,544204,109980000,0.49,fon,2026_01,2026-04-18 13:52
CEMTS,4015901,233425986,1.72,fon,2026_01,2026-04-18 13:52
TKNSA,11232581,100485379,11.18,fon,2026_01,2026-04-18 13:52
EGPRO,1155063,175170570,0.66,fon,2026_01,2026-04-18 13:52
ULUUN,35577947,290523352,12.25,fon,2026_01,2026-04-18 13:52
BALSU,102461705,278000000,36.86,fon,2026_01,2026-04-18 13:52
TCKRC,5849945,70000000,8.36,fon,2026_01,2026-04-18 13:52
AFYON,13285615,399992258,3.32,fon,2026_01,2026-04-18 13:52
ASUZU,939891,41130807,2.29,fon,2026_01,2026-04-18 13:52
DAGI,35637840,175301274,20.33,fon,2026_01,2026-04-18 13:52
VANGD,1382986,24374995,5.67,fon,2026_01,2026-04-18 13:52
HTTBT,13171261,82805422,15.91,fon,2026_01,2026-04-18 13:52
MGROS,12119845,96563547,12.55,fon,2026_01,2026-04-18 13:52
TATGD,3802742,119284718,3.19,fon,2026_01,2026-04-18 13:52
PINSU,870419,101635846,0.86,fon,2026_01,2026-04-18 13:52
YKSLN,1580747,197429570,0.8,fon,2026_01,2026-04-18 13:52
PETUN,3485788,134673118,2.59,fon,2026_01,2026-04-18 13:52
ARENA,2899483,66996461,4.33,fon,2026_01,2026-04-18 13:52
TMSN,1663334,44449988,3.74,fon,2026_01,2026-04-18 13:52
VBTYZ,3410129,55935000,6.1,fon,2026_01,2026-04-18 13:52
ALCTL,1095381,13543218,8.09,fon,2026_01,2026-04-18 13:52
AKFIS,8288900,66841328,12.4,fon,2026_01,2026-04-18 13:52
KIMMR,1702682,75000000,2.27,fon,2026_01,2026-04-18 13:52
BRKSN,955569,62639942,1.53,fon,2026_01,2026-04-18 13:52
ENSRI,120760530,236333503,51.1,fon,2026_01,2026-04-18 13:52
PENTA,7593277,181070136,4.19,fon,2026_01,2026-04-18 13:52
BIGEN,552724,115500000,0.48,fon,2026_01,2026-04-18 13:52
ARCLK,11654919,170054748,6.85,fon,2026_01,2026-04-18 13:52
KFEIN,8401329,150306170,5.59,fon,2026_01,2026-04-18 13:52
DYOBY,1086225,186553687,0.58,fon,2026_01,2026-04-18 13:52
YEOTK,3873154,160933198,2.41,fon,2026_01,2026-04-18 13:52
YIGIT,364746,74999975,0.49,fon,2026_01,2026-04-18 13:52
VAKFA,585280,224999701,0.26,fon,2026_01,2026-04-18 13:52
ECZYT,724889,45880511,1.58,fon,2026_01,2026-04-18 13:52
OZYSR,377821,40488000,0.93,fon,2026_01,2026-04-18 13:52
TTRAK,2040363,24967458,8.17,fon,2026_01,2026-04-18 13:52
ATATP,1354116,18809999,7.2,fon,2026_01,2026-04-18 13:52
TUREX,10296311,432000000,2.38,fon,2026_01,2026-04-18 13:52
INTEM,299858,9428747,3.18,fon,2026_01,2026-04-18 13:52
DOFRB,1060482,45000000,2.36,fon,2026_01,2026-04-18 13:52
TBORG,1036944,59392160,1.75,fon,2026_01,2026-04-18 13:52
MOBTL,5838792,207999999,2.81,fon,2026_01,2026-04-18 13:52
NETAS,787128,31783484,2.48,fon,2026_01,2026-04-18 13:52
HOROZ,6315272,24599986,25.67,fon,2026_01,2026-04-18 13:52
CWENE,243450940,530758241,45.87,fon,2026_01,2026-04-18 13:52
ONRYT,2105811,19730000,10.67,fon,2026_01,2026-04-18 13:52
BULGS,354473,72499900,0.49,fon,2026_01,2026-04-18 13:52
EYGYO,23966975,341859667,7.01,fon,2026_01,2026-04-18 13:52
GLRMK,6544325,38760000,16.88,fon,2026_01,2026-04-18 13:52
BRSAN,319215,35912460,0.89,fon,2026_01,2026-04-18 13:52
VERUS,233850,34499937,0.68,fon,2026_01,2026-04-18 13:52
GRSEL,9607321,29650000,32.4,fon,2026_01,2026-04-18 13:52
AKENR,373145,385189146,0.1,fon,2026_01,2026-04-18 13:52
LRSHO,143261,724120946,0.02,fon,2026_01,2026-04-18 13:52
SAYAS,803511,42530887,1.89,fon,2026_01,2026-04-18 13:52
SOKE,728189,126999996,0.57,fon,2026_01,2026-04-18 13:52
OYYAT,8991477,91048322,9.88,fon,2026_01,2026-04-18 13:52
TARKM,103305,4999885,2.07,fon,2026_01,2026-04-18 13:52
KOPOL,6645890,266319652,2.5,fon,2026_01,2026-04-18 13:52
DUNYH,296094,36443197,0.81,fon,2026_01,2026-04-18 13:52
BAGFS,8668002,100042745,8.66,fon,2026_01,2026-04-18 13:52
PNLSN,15333554,34752383,44.12,fon,2026_01,2026-04-18 13:52
FRMPL,94280,39997696,0.24,fon,2026_01,2026-04-18 13:52
PENGD,803906,171069968,0.47,fon,2026_01,2026-04-18 13:52
PARSN,1458333,34033246,4.29,fon,2026_01,2026-04-18 13:52
VAKKO,3670804,30789786,11.92,fon,2026_01,2026-04-18 13:52
CEMAS,112885,790994229,0.01,fon,2026_01,2026-04-18 13:52
BINHO,90343,488884390,0.02,fon,2026_01,2026-04-18 13:52
GOZDE,12502959,384992447,3.25,fon,2026_01,2026-04-18 13:52
CATES,1099883,33050000,3.33,fon,2026_01,2026-04-18 13:52
RUZYE,17683757,267748491,6.6,fon,2026_01,2026-04-18 13:52
PAGYO,205734,57781202,0.36,fon,2026_01,2026-04-18 13:52
GLDTRF,6648007,48100000,13.82,fon,2026_01,2026-04-18 13:52
CVKMD,144029,461999787,0.03,fon,2026_01,2026-04-18 13:52
OFSYM,426313,22749998,1.87,fon,2026_01,2026-04-18 13:52
BURCE,54063,44422390,0.12,fon,2026_01,2026-04-18 13:52
MAKTK,66328330,184370066,35.98,fon,2026_01,2026-04-18 13:52
BANVT,176910,36961044,0.48,fon,2026_01,2026-04-18 13:52
HDFGS,86546,956974190,0.01,fon,2026_01,2026-04-18 13:52
FORTE,1239670,21999999,5.63,fon,2026_01,2026-04-18 13:52
ATAGY,7396839,45670114,16.2,fon,2026_01,2026-04-18 13:52
MOGAN,1218556,262635000,0.46,fon,2026_01,2026-04-18 13:52
ENJSA,28095352,236211770,11.89,fon,2026_01,2026-04-18 13:52
PKART,199539,11048497,1.81,fon,2026_01,2026-04-18 13:52
GEDZA,107930,42983624,0.25,fon,2026_01,2026-04-18 13:52
IHLGM,60064,986078000,0.01,fon,2026_01,2026-04-18 13:52
AYCES,31038,1895369,1.64,fon,2026_01,2026-04-18 13:52
FORMT,613677,1075744232,0.06,fon,2026_01,2026-04-18 13:52
YYAPI,804546,1705025550,0.05,fon,2026_01,2026-04-18 13:52
KLSER,49197,109457566,0.04,fon,2026_01,2026-04-18 13:52
BRYAT,30344,10264685,0.3,fon,2026_01,2026-04-18 13:52
CEMZY,50315805,124118690,40.54,fon,2026_01,2026-04-18 13:52
GENIL,10900518,85937999,12.68,fon,2026_01,2026-04-18 13:52
ICBCT,466665,216761845,0.22,fon,2026_01,2026-04-18 13:52
INVES,3970031,37480000,10.59,fon,2026_01,2026-04-18 13:52
APLIBF,3821685,63600000,6.01,fon,2026_01,2026-04-18 13:52
OBASE,672649,14924000,4.51,fon,2026_01,2026-04-18 13:52
GRNYO,3014682,37386059,8.06,fon,2026_01,2026-04-18 13:52
IHGZT,38394,570666228,0.01,fon,2026_01,2026-04-18 13:52
MARMR,88071,961218727,0.01,fon,2026_01,2026-04-18 13:52
GOODY,649016,132804473,0.49,fon,2026_01,2026-04-18 13:52
AGYO,1231469,129036460,0.95,fon,2026_01,2026-04-18 13:52
GIPTA,17473,51625912,0.03,fon,2026_01,2026-04-18 13:52
FADE,15231,42347497,0.04,fon,2026_01,2026-04-18 13:52
EDIP,41579,36468204,0.11,fon,2026_01,2026-04-18 13:52
FRIGO,85006,153667954,0.06,fon,2026_01,2026-04-18 13:52
MERCN,367845,74389005,0.49,fon,2026_01,2026-04-18 13:52
SNICA,581845,321688855,0.18,fon,2026_01,2026-04-18 13:52
BINBN,687602,17000000,4.04,fon,2026_01,2026-04-18 13:52
TLMAN,189669,10300000,1.84,fon,2026_01,2026-04-18 13:52
IHYAY,29630,388124996,0.01,fon,2026_01,2026-04-18 13:52
OSTIM,53752158,509984964,10.54,fon,2026_01,2026-04-18 13:52
OYLUM,5400000,80937367,6.67,fon,2026_01,2026-04-18 13:52
GOLTS,632308,12422783,5.09,fon,2026_01,2026-04-18 13:52
HATSN,3691264,44299973,8.33,fon,2026_01,2026-04-18 13:52
NUGYO,2110688,324943976,0.65,fon,2026_01,2026-04-18 13:52
ICUGS,23609,336250000,0.01,fon,2026_01,2026-04-18 13:52
BVSAN,75030,13749998,0.55,fon,2026_01,2026-04-18 13:52
DITAS,6199,83407812,0.01,fon,2026_01,2026-04-18 13:52
INGRM,72651,14969536,0.49,fon,2026_01,2026-04-18 13:52
METRO,26172,539989959,0.0,fon,2026_01,2026-04-18 13:52
ARZUM,20654,293999828,0.01,fon,2026_01,2026-04-18 13:52
EGEPO,5061,200000000,0.0,fon,2026_01,2026-04-18 13:52
DENGE,50874,525284797,0.01,fon,2026_01,2026-04-18 13:52
PRKAB,5117,35225443,0.01,fon,2026_01,2026-04-18 13:52
CELHA,3543,146078935,0.0,fon,2026_01,2026-04-18 13:52
HURGZ,8725,220784167,0.0,fon,2026_01,2026-04-18 13:52
ADEL,6695,112043619,0.01,fon,2026_01,2026-04-18 13:52
BRLSM,8492,108025075,0.01,fon,2026_01,2026-04-18 13:52
UFUK,1114118,46845974,2.38,fon,2026_01,2026-04-18 13:52
KRGYO,4901,275373393,0.0,fon,2026_01,2026-04-18 13:52
NUHCM,2610446,33135899,7.88,fon,2026_01,2026-04-18 13:52
IMASM,28673,622850499,0.0,fon,2026_01,2026-04-18 13:52
AKSUE,22049,56376184,0.04,fon,2026_01,2026-04-18 13:52
SKYMD,1869,52499981,0.0,fon,2026_01,2026-04-18 13:52
ZEDUR,1668,69899992,0.0,fon,2026_01,2026-04-18 13:52
IZMDC,2730137,723225318,0.38,fon,2026_01,2026-04-18 13:52
VSNMD,2547,24000000,0.01,fon,2026_01,2026-04-18 13:52
MEKAG,1596,320319999,0.0,fon,2026_01,2026-04-18 13:52
MEGMT,1863225,72749999,2.56,fon,2026_01,2026-04-18 13:52
ANELE,1161,151405542,0.0,fon,2026_01,2026-04-18 13:52
MARBL,1120,65226403,0.0,fon,2026_01,2026-04-18 13:52
VERTU,1105,22000000,0.01,fon,2026_01,2026-04-18 13:52
DOKTA,915,145872862,0.0,fon,2026_01,2026-04-18 13:52
IHAAS,2252828,56031248,4.02,fon,2026_01,2026-04-18 13:52
ANGEN,3299,86440002,0.0,fon,2026_01,2026-04-18 13:52
CEOEM,2461,22232614,0.01,fon,2026_01,2026-04-18 13:52
HATEK,572,62998947,0.0,fon,2026_01,2026-04-18 13:52
ALKA,7900,330750000,0.0,fon,2026_01,2026-04-18 13:52
BIENY,1845146,83144831,2.22,fon,2026_01,2026-04-18 13:52
DERIM,450,40403770,0.0,fon,2026_01,2026-04-18 13:52
CRDFA,14602882,74996853,19.47,fon,2026_01,2026-04-18 13:52
GSDDE,836750,106850751,0.78,fon,2026_01,2026-04-18 13:52
KRDMB,1203247,118762110,1.01,fon,2026_01,2026-04-18 13:52
DERHL,4386,197281316,0.0,fon,2026_01,2026-04-18 13:52
ENDAE,4189,120211591,0.0,fon,2026_01,2026-04-18 13:52
BIGTK,142186,23395022,0.61,fon,2026_01,2026-04-18 13:52
ERCB,6855456,39113273,17.53,fon,2026_01,2026-04-18 13:52
CRFSA,131157,18312793,0.72,fon,2026_01,2026-04-18 13:52
TURGG,225,32042988,0.0,fon,2026_01,2026-04-18 13:52
OZATD,3312371,13349933,24.81,fon,2026_01,2026-04-18 13:52
BIZIM,293201,27601626,1.06,fon,2026_01,2026-04-18 13:52
BFREN,792,24586148,0.0,fon,2026_01,2026-04-18 13:52
KAPLM,133,4563571,0.0,fon,2026_01,2026-04-18 13:52
ACSEL,121,8589113,0.0,fon,2026_01,2026-04-18 13:52
TGSAS,84560,12348294,0.68,fon,2026_01,2026-04-18 13:52
BAKAB,25973,34985326,0.07,fon,2026_01,2026-04-18 13:52
KARTN,623,72781126,0.0,fon,2026_01,2026-04-18 13:52
ERBOS,3818584,15899843,24.02,fon,2026_01,2026-04-18 13:52
MERKO,35,101104701,0.0,fon,2026_01,2026-04-18 13:52
PKENT,318,23766169,0.0,fon,2026_01,2026-04-18 13:52
BURVA,152,4723271,0.0,fon,2026_01,2026-04-18 13:52
ULUSE,27,24000000,0.0,fon,2026_01,2026-04-18 13:52
RAYSG,5300,51947024,0.01,fon,2026_01,2026-04-18 13:52
DNISI,25,59171727,0.0,fon,2026_01,2026-04-18 13:52
PAMEL,23,21533681,0.0,fon,2026_01,2026-04-18 13:52
KLMSN,19,30881197,0.0,fon,2026_01,2026-04-18 13:52
AVHOL,15419,26047279,0.06,fon,2026_01,2026-04-18 13:52
OTTO,131,5474438,0.0,fon,2026_01,2026-04-18 13:52
FMIZP,13,3497751,0.0,fon,2026_01,2026-04-18 13:52
BRKVY,160010,13618361,1.17,fon,2026_01,2026-04-18 13:52
MAALT,62,4763850,0.0,fon,2026_01,2026-04-18 13:52
ALCAR,57,1721735,0.0,fon,2026_01,2026-04-18 13:52
CMBTN,2998,1023000,0.29,fon,2026_01,2026-04-18 13:52
YAPRK,690,4214998,0.02,fon,2026_01,2026-04-18 13:52
QNBTR,2,2571745911,0.0,fon,2026_01,2026-04-18 13:52
HKTM,1432,72747500,0.0,fon,2026_01,2026-04-18 13:52
DURDO,4183,379703149,0.0,fon,2026_01,2026-04-18 13:52
KRTEK,137602,18914650,0.73,fon,2026_01,2026-04-18 13:52
EGSER,10156829,545751057,1.86,fon,2026_01,2026-04-18 13:52
ISSEN,400048,107411517,0.37,fon,2026_01,2026-04-18 13:52
KRPLS,1269198,78486163,1.62,fon,2026_01,2026-04-18 13:52
AVOD,149703,253604577,0.06,fon,2026_01,2026-04-18 13:52
MMCAS,226485,12393964,1.83,fon,2026_01,2026-04-18 13:52
KUVVA,1400000,24204585,5.78,fon,2026_01,2026-04-18 13:52
SEYKM,1100000,151040901,0.73,fon,2026_01,2026-04-18 13:52
DURKN,67,42500000,0.0,fon,2026_01,2026-04-18 13:52
AKMGY,677989,21568998,3.14,fon,2026_01,2026-04-18 13:52
DOGUB,682,19821566,0.0,fon,2026_01,2026-04-18 13:52
KONYA,28,1646416,0.0,fon,2026_01,2026-04-18 13:52
ENPRA,4,15294299,0.0,fon,2026_01,2026-04-18 13:52
DGGYO,1,280709437,0.0,fon,2026_01,2026-04-18 13:52
AVGYO,1,111590302,0.0,fon,2026_01,2026-04-18 13:52
AKYHO,1,223895870,0.0,fon,2026_01,2026-04-18 13:52
UZEL,15606,26329793,0.06,fon,2026_01,2026-04-18 13:52
BMSTL,8280,74772260,0.01,fon,2026_01,2026-04-18 13:52
SKYLP,2021927,7159255,28.24,fon,2026_01,2026-04-18 13:52
GEREL,683881,219036379,0.31,fon,2026_01,2026-04-18 13:52
NATEN,20015,309375000,0.01,fon,2026_01,2026-04-18 13:52
OSMEN,454107,157750927,0.29,fon,2026_01,2026-04-18 13:52
SEGYO,680030,203388821,0.33,fon,2026_01,2026-04-18 13:52
LYDYE,123382,1391287,8.87,fon,2026_01,2026-04-18 13:52
LINK,415551,18231985,2.28,fon,2026_01,2026-04-18 13:52
EGEEN,77,1137161,0.01,fon,2026_01,2026-04-18 13:52
CLEBI,19482,5490178,0.35,fon,2026_01,2026-04-18 13:52
MNDTR,939364,910071938,0.1,fon,2026_01,2026-04-18 13:52
BOSSA,5742,508724189,0.0,fon,2026_01,2026-04-18 13:52
DMSAS,6341,199994510,0.0,fon,2026_01,2026-04-18 13:52
ISGSY,425650,47378729,0.9,fon,2026_01,2026-04-18 13:52
EMKEL,7365,149999456,0.0,fon,2026_01,2026-04-18 13:52
APBDLF,32794,14400000,0.23,fon,2026_01,2026-04-18 13:52
SKTAS,2,332865443,0.0,fon,2026_01,2026-04-18 13:52
KLRHO,205817297,341250000,60.31,fon,2026_01,2026-04-18 13:52
MHRGY,11427338,310499991,3.68,fon,2026_01,2026-04-18 13:52
AKCNS,3748279,39359284,9.52,fon,2026_01,2026-04-18 13:52
KZGYO,119332,49999985,0.24,fon,2026_01,2026-04-18 13:52
BEYAZ,910,42317352,0.0,fon,2026_01,2026-04-18 13:52
OPTLRF,330527,3300000,10.02,fon,2026_01,2026-04-18 13:52
YESIL,8038,640699952,0.0,fon,2026_01,2026-04-18 13:52
POLTK,42,1125000,0.0,fon,2026_01,2026-04-18 13:52
GATEG,54086,10559341,0.51,fon,2026_01,2026-04-18 13:52
ALFAS,162270,84639559,0.19,fon,2026_01,2026-04-18 13:52
LYDHO,8880998,197140910,4.5,fon,2026_01,2026-04-18 13:52
KTSKR,8848,14691795,0.06,fon,2026_01,2026-04-18 13:52
BRISA,3365634,31247472,10.77,fon,2026_01,2026-04-18 13:52
JANTS,6273,207477849,0.0,fon,2026_01,2026-04-18 13:52
MEDTR,1281298,24499999,5.23,fon,2026_01,2026-04-18 13:52
DOFER,18975,19572500,0.1,fon,2026_01,2026-04-18 13:52
ZPBDLF,4624595,8240000,56.12,fon,2026_01,2026-04-18 13:52
DESPC,783928,16023700,4.89,fon,2026_01,2026-04-18 13:52
ISYAT,2598427,152245569,1.71,fon,2026_01,2026-04-18 13:52
REEDR,14958710,632558010,2.36,fon,2026_01,2026-04-18 13:52
SDTTR,2978104,15990000,18.62,fon,2026_01,2026-04-18 13:52
RNPOL,167000,16795000,0.99,fon,2026_01,2026-04-18 13:52
DOAS,2082252,97899975,2.13,fon,2026_01,2026-04-18 13:52
SMART,1381731,29737499,4.65,fon,2026_01,2026-04-18 13:52
YGGYO,113709,240625741,0.05,fon,2026_01,2026-04-18 13:52
KUTPO,145408,10524430,1.38,fon,2026_01,2026-04-18 13:52
GLCVY,5377698,26400000,20.37,fon,2026_01,2026-04-18 13:52
BJKAS,50095738,1776089716,2.82,fon,2026_01,2026-04-18 13:52
DGATE,823531,15227271,5.41,fon,2026_01,2026-04-18 13:52
PRKME,1505,53038641,0.0,fon,2026_01,2026-04-18 13:52
DEVA,1158225,199971814,0.58,fon,2026_01,2026-04-18 13:52
EUHOL,911013,142999955,0.64,fon,2026_01,2026-04-18 13:52
BLCYT,87736,49088907,0.18,fon,2026_01,2026-04-18 13:52
KORDS,2103128,65421451,3.21,fon,2026_01,2026-04-18 13:52
TDGYO,2300,59914214,0.0,fon,2026_01,2026-04-18 13:52
KLSYN,1804725,107854952,1.67,fon,2026_01,2026-04-18 13:52
AYEN,136845,55531320,0.25,fon,2026_01,2026-04-18 13:52
EKSUN,1105498,171792833,0.64,fon,2026_01,2026-04-18 13:52
MSGYO,11,169650150,0.0,fon,2026_01,2026-04-18 13:52
EGGUB,434601,75862114,0.57,fon,2026_01,2026-04-18 13:52
PLTUR,411763,49500000,0.83,fon,2026_01,2026-04-18 13:52
KONKA,15601744,89670000,17.4,fon,2026_01,2026-04-18 13:52
INVEO,9462450,998999954,0.95,fon,2026_01,2026-04-18 13:52
EKOS,1451682,307199852,0.47,fon,2026_01,2026-04-18 13:52
PCILT,2889180,45014183,6.42,fon,2026_01,2026-04-18 13:52
MPARK,12739378,80869110,15.75,fon,2026_01,2026-04-18 13:52
ONCSM,331,10086000,0.0,fon,2026_01,2026-04-18 13:52
TAVHL,13535066,213213415,6.35,fon,2026_01,2026-04-18 13:52
GLRYH,47961932,599623814,8.0,fon,2026_01,2026-04-18 13:52
OZRDN,1,57107579,0.0,fon,2026_01,2026-04-18 13:52
ULKER,11264596,338855989,3.32,fon,2026_01,2026-04-18 13:52
ELITE,638009,44650000,1.43,fon,2026_01,2026-04-18 13:52
PNSUT,1980732,128323851,1.54,fon,2026_01,2026-04-18 13:52
ORGE,4426872,41839996,10.58,fon,2026_01,2026-04-18 13:52
ANHYT,12514508,88457041,14.15,fon,2026_01,2026-04-18 13:52
ZPLIBF,125199415,206760000,60.55,fon,2026_01,2026-04-18 13:52
SURGY,251085,44745990,0.56,fon,2026_01,2026-04-18 13:52
GSRAY,844439,10123744690,0.01,fon,2026_01,2026-04-18 13:52
PRDGS,496928,110850000,0.45,fon,2026_01,2026-04-18 13:52
RYSAS,18330132,1504020937,1.22,fon,2026_01,2026-04-18 13:52
TSGYO,1399159,266499982,0.53,fon,2026_01,2026-04-18 13:52
GEDIK,69203627,983076856,7.04,fon,2026_01,2026-04-18 13:52
ATAKP,8633810,28224000,30.59,fon,2026_01,2026-04-18 13:52
MIATK,14007885,313087979,4.47,fon,2026_01,2026-04-18 13:52
SERNT,636,113000000,0.0,fon,2026_01,2026-04-18 13:52
RGYAS,8626898,105523000,8.18,fon,2026_01,2026-04-18 13:52
KRSTL,4403682,183664642,2.4,fon,2026_01,2026-04-18 13:52
MAKIM,6195657,42559998,14.56,fon,2026_01,2026-04-18 13:52
KRONT,6823811,116892885,5.84,fon,2026_01,2026-04-18 13:52
BASGZ,15464059,174999999,8.84,fon,2026_01,2026-04-18 13:52
GRTHO,16657682,36745000,45.33,fon,2026_01,2026-04-18 13:52
TRCAS,11290408,206252778,5.47,fon,2026_01,2026-04-18 13:52
TABGD,8749695,52499906,16.67,fon,2026_01,2026-04-18 13:52
ISFIN,23634467,310154523,7.62,fon,2026_01,2026-04-18 13:52
OTKAR,4683855,33417145,14.02,fon,2026_01,2026-04-18 13:52
CGCAM,5385767,42000000,12.82,fon,2026_01,2026-04-18 13:52
ARTMS,726492,24199999,3.0,fon,2026_01,2026-04-18 13:52
TRILC,22094520,118499496,18.65,fon,2026_01,2026-04-18 13:52
KLKIM,17166368,138383655,12.4,fon,2026_01,2026-04-18 13:52
EBEBK,5289494,40534692,13.05,fon,2026_01,2026-04-18 13:52
BNTAS,1916430,170624998,1.12,fon,2026_01,2026-04-18 13:52
ZRGYO,762280827,1173404997,64.96,fon,2026_01,2026-04-18 13:52
AYGAZ,6789157,98568807,6.89,fon,2026_01,2026-04-18 13:52
MACKO,2659848,41453550,6.42,fon,2026_01,2026-04-18 13:52
SELVA,27447,747897737,0.0,fon,2026_01,2026-04-18 13:52
TNZTP,20689959,87496826,23.65,fon,2026_01,2026-04-18 13:52
ASGYO,7675493,165000000,4.65,fon,2026_01,2026-04-18 13:52
ALARK,8063705,164975148,4.89,fon,2026_01,2026-04-18 13:52
OZKGY,123094059,363999945,33.82,fon,2026_01,2026-04-18 13:52
MARTI,52580648,590191701,8.91,fon,2026_01,2026-04-18 13:52
MRGYO,1767039,1035439185,0.17,fon,2026_01,2026-04-18 13:52
KLYPV,10309221,46334639,22.25,fon,2026_01,2026-04-18 13:52
AZTEK,13044627,279000000,4.68,fon,2026_01,2026-04-18 13:52
NTHOL,3521565,485479112,0.73,fon,2026_01,2026-04-18 13:52
KZBGY,3211019,585996164,0.55,fon,2026_01,2026-04-18 13:52
ZERGY,1778931,156799985,1.13,fon,2026_01,2026-04-18 13:52
CONSE,12093,377854899,0.0,fon,2026_01,2026-04-18 13:52
KRDMA,9847393,240300917,4.1,fon,2026_01,2026-04-18 13:52
AGESA,4683282,35829553,13.07,fon,2026_01,2026-04-18 13:52
TRGYO,10217300,251573369,4.06,fon,2026_01,2026-04-18 13:52
ZOREN,8095171,2681244172,0.3,fon,2026_01,2026-04-18 13:52
SEGMN,2166767,80999980,2.68,fon,2026_01,2026-04-18 13:52
ISMEN,35884303,467723147,7.67,fon,2026_01,2026-04-18 13:52
DSTKF,64198729,82195267,78.11,fon,2026_01,2026-04-18 13:52
KAREL,101173763,329659497,30.69,fon,2026_01,2026-04-18 13:52
SKBNK,46430630,2498879854,1.86,fon,2026_01,2026-04-18 13:52
ANSGR,166259304,1564416026,10.63,fon,2026_01,2026-04-18 13:52
CCOLA,44953362,818085147,5.49,fon,2026_01,2026-04-18 13:52
RYGYO,3850295,770588057,0.5,fon,2026_01,2026-04-18 13:52
GWIND,17648041,179165491,9.85,fon,2026_01,2026-04-18 13:52
HALKB,89204659,6546422780,1.36,fon,2026_01,2026-04-18 13:52
KMPUR,23239108,132432524,17.55,fon,2026_01,2026-04-18 13:52
ASTOR,18231578,366896261,4.97,fon,2026_01,2026-04-18 13:52
GZNMI,17405451,40910271,42.55,fon,2026_01,2026-04-18 13:52
ARSAN,11635332,887344274,1.31,fon,2026_01,2026-04-18 13:52
BMSCH,1635972,69277402,2.36,fon,2026_01,2026-04-18 13:52
AKSEN,13284839,638545796,2.08,fon,2026_01,2026-04-18 13:52
ASELS,50360691,1178597817,4.27,fon,2026_01,2026-04-18 13:52
AKGRT,86871245,629007625,13.81,fon,2026_01,2026-04-18 13:52
HLGYO,6197054,1075198516,0.58,fon,2026_01,2026-04-18 13:52
LIDER,171697911,279500000,61.43,fon,2026_01,2026-04-18 13:52
TUPRS,51267282,902334854,5.68,fon,2026_01,2026-04-18 13:52
KOCMT,5422980,581991187,0.93,fon,2026_01,2026-04-18 13:52
GMSTRF,24975650,70300000,35.53,fon,2026_01,2026-04-18 13:52
TUKAS,31202989,4499995929,0.69,fon,2026_01,2026-04-18 13:52
ISGLKF,3709888,113800000,3.26,fon,2026_01,2026-04-18 13:52
PGSUS,14302112,245068871,5.84,fon,2026_01,2026-04-18 13:52
VAKBN,113753693,8046896130,1.41,fon,2026_01,2026-04-18 13:52
BIOEN,38106463,197983419,19.25,fon,2026_01,2026-04-18 13:52
VRGYO,772588,597643904,0.13,fon,2026_01,2026-04-18 13:52
BAYRK,22232917,189751123,11.72,fon,2026_01,2026-04-18 13:52
OYAKC,53392366,4656879380,1.15,fon,2026_01,2026-04-18 13:52
MERIT,5820849,329748900,1.77,fon,2026_01,2026-04-18 13:52
GARAN,122896740,2454854227,5.01,fon,2026_01,2026-04-18 13:52
BUCIM,42185440,1286538062,3.28,fon,2026_01,2026-04-18 13:52
BERA,14537898,491816866,2.96,fon,2026_01,2026-04-18 13:52
ULUFA,5757342,305352801,1.89,fon,2026_01,2026-04-18 13:52
ENTRA,87369801,369383564,23.65,fon,2026_01,2026-04-18 13:52
MAVI,90436935,576779312,15.68,fon,2026_01,2026-04-18 13:52
SMRVA,1811,28000000,0.01,fon,2026_01,2026-04-18 13:52
GUNDG,2009386,18968972,10.59,fon,2026_01,2026-04-18 13:52
SARKY,548119,999999671,0.05,fon,2026_01,2026-04-18 13:52
ARFYE,215991,47000000,0.46,fon,2026_01,2026-04-18 13:52
IEYHO,162129933,541032947,29.97,fon,2026_01,2026-04-18 13:52
AKFGY,178432782,3457819315,5.16,fon,2026_01,2026-04-18 13:52
TCELL,98975017,1622604373,6.1,fon,2026_01,2026-04-18 13:52
ISKPL,122134848,724625736,16.85,fon,2026_01,2026-04-18 13:52
KCHOL,56502336,674052308,8.38,fon,2026_01,2026-04-18 13:52
GLYHO,385690286,1949290631,19.79,fon,2026_01,2026-04-18 13:52
ENERY,235601317,2420686786,9.73,fon,2026_01,2026-04-18 13:52
TSPOR,42095298,3674526664,1.15,fon,2026_01,2026-04-18 13:52
BARMA,5233640,67594701,7.74,fon,2026_01,2026-04-18 13:52
FZLGY,300458470,398427439,75.41,fon,2026_01,2026-04-18 13:52
VAKFN,167212324,2064378140,8.1,fon,2026_01,2026-04-18 13:52
KCAER,32854467,496494775,6.62,fon,2026_01,2026-04-18 13:52
VKGYO,6684181,1637202242,0.41,fon,2026_01,2026-04-18 13:52
TURSG,292325406,7907296076,3.7,fon,2026_01,2026-04-18 13:52
DMRGD,402909678,1277294592,31.54,fon,2026_01,2026-04-18 13:52
HUNER,5087820,670137934,0.76,fon,2026_01,2026-04-18 13:52
AKBNK,448151105,3059020211,14.65,fon,2026_01,2026-04-18 13:52
TSKB,84591421,1516591673,5.58,fon,2026_01,2026-04-18 13:52
EKGYO,266244762,1925107366,13.83,fon,2026_01,2026-04-18 13:52
KONTR,14224074,936038763,1.52,fon,2026_01,2026-04-18 13:52
BORLS,23563808,308652686,7.63,fon,2026_01,2026-04-18 13:52
YKBNK,577960250,4705235952,12.28,fon,2026_01,2026-04-18 13:52
PETKM,98056733,1241736844,7.9,fon,2026_01,2026-04-18 13:52
QUAGR,313278644,1771950000,17.68,fon,2026_01,2026-04-18 13:52
BTCIM,194424762,4046650979,4.8,fon,2026_01,2026-04-18 13:52
PSGYO,247582402,2954231556,8.38,fon,2026_01,2026-04-18 13:52
ESEN,25392986,682499950,3.72,fon,2026_01,2026-04-18 13:52
TEHOL,319185082,1967936441,16.22,fon,2026_01,2026-04-18 13:52
ADESE,960870359,4687131701,20.5,fon,2026_01,2026-04-18 13:52
ISCTR,830828427,8880196742,9.36,emeklilik,2026_01,2026-04-18 13:52
PSGYO,93386291,2954231556,3.16,emeklilik,2026_01,2026-04-18 13:52
EREGL,167702798,3554238535,4.72,emeklilik,2026_01,2026-04-18 13:52
TURSG,563345199,7907296076,7.12,emeklilik,2026_01,2026-04-18 13:52
EKGYO,458629401,1925107366,23.82,emeklilik,2026_01,2026-04-18 13:52
SASA,49299890,25700421137,0.19,emeklilik,2026_01,2026-04-18 13:52
AKFGY,485441996,3457819315,14.04,emeklilik,2026_01,2026-04-18 13:52
KRDMD,202451043,780216365,25.95,emeklilik,2026_01,2026-04-18 13:52
ESCOM,96717061,463831670,20.85,emeklilik,2026_01,2026-04-18 13:52
TTKOM,50375283,524999999,9.6,emeklilik,2026_01,2026-04-18 13:52
FROTO,55061132,625120847,8.81,emeklilik,2026_01,2026-04-18 13:52
CCOLA,53063847,818085147,6.49,emeklilik,2026_01,2026-04-18 13:52
ISGLKF,109958227,113800000,96.62,emeklilik,2026_01,2026-04-18 13:52
TRALT,57014443,952271819,5.99,emeklilik,2026_01,2026-04-18 13:52
SAHOL,158096050,1142761094,13.83,emeklilik,2026_01,2026-04-18 13:52
AFYON,32661445,399992258,8.17,emeklilik,2026_01,2026-04-18 13:52
KATMR,5000000,1980989998,0.25,emeklilik,2026_01,2026-04-18 13:52
NTGAZ,56840106,276000000,20.59,emeklilik,2026_01,2026-04-18 13:52
THYAO,67380561,739329751,9.11,emeklilik,2026_01,2026-04-18 13:52
BIMAS,38449516,436214016,8.81,emeklilik,2026_01,2026-04-18 13:52
BIGCH,13151817,73786589,17.82,emeklilik,2026_01,2026-04-18 13:52
TSPOR,14000797,3674526664,0.38,emeklilik,2026_01,2026-04-18 13:52
ENERY,5787598,2420686786,0.24,emeklilik,2026_01,2026-04-18 13:52
ALTNY,20932473,399889404,5.23,emeklilik,2026_01,2026-04-18 13:52
AKSA,34177810,1503670642,2.27,emeklilik,2026_01,2026-04-18 13:52
ALBRK,284418452,1050739765,27.07,emeklilik,2026_01,2026-04-18 13:52
KAYSE,2471235,814062605,0.3,emeklilik,2026_01,2026-04-18 13:52
KLKIM,5217316,138383655,3.77,emeklilik,2026_01,2026-04-18 13:52
EPLAS,2100000,190491857,1.1,emeklilik,2026_01,2026-04-18 13:52
EUPWR,11983183,199610525,6.0,emeklilik,2026_01,2026-04-18 13:52
KLGYO,2148289,689399869,0.31,emeklilik,2026_01,2026-04-18 13:52
LMKDC,29174959,155929999,18.71,emeklilik,2026_01,2026-04-18 13:52
UCAYM,1698402,59996268,2.83,emeklilik,2026_01,2026-04-18 13:52
ENJSA,54393681,236211770,23.03,emeklilik,2026_01,2026-04-18 13:52
ISMEN,43062812,467723147,9.21,emeklilik,2026_01,2026-04-18 13:52
SMRTG,2449283,664164672,0.37,emeklilik,2026_01,2026-04-18 13:52
KOTON,1994139,136599960,1.46,emeklilik,2026_01,2026-04-18 13:52
HEKTS,3333910,3946474643,0.08,emeklilik,2026_01,2026-04-18 13:52
ODAS,43368815,1113798031,3.89,emeklilik,2026_01,2026-04-18 13:52
GMSTRF,12295497,70300000,17.49,emeklilik,2026_01,2026-04-18 13:52
REEDR,17966635,632558010,2.84,emeklilik,2026_01,2026-04-18 13:52
SELEC,16223465,124262097,13.06,emeklilik,2026_01,2026-04-18 13:52
KARSN,1865000,827850973,0.23,emeklilik,2026_01,2026-04-18 13:52
GLDTRF,28324750,48100000,58.89,emeklilik,2026_01,2026-04-18 13:52
MAGEN,2047033,719512140,0.28,emeklilik,2026_01,2026-04-18 13:52
KFEIN,5191435,150306170,3.45,emeklilik,2026_01,2026-04-18 13:52
BASGZ,44195917,174999999,25.25,emeklilik,2026_01,2026-04-18 13:52
GOKNR,10991679,178040711,6.17,emeklilik,2026_01,2026-04-18 13:52
GUBRF,17351249,85359737,20.33,emeklilik,2026_01,2026-04-18 13:52
CWENE,2905001,530758241,0.55,emeklilik,2026_01,2026-04-18 13:52
FENER,1071995,2772321026,0.04,emeklilik,2026_01,2026-04-18 13:52
AKSGY,30333558,1628451947,1.86,emeklilik,2026_01,2026-04-18 13:52
AGHOL,16223243,1068828243,1.52,emeklilik,2026_01,2026-04-18 13:52
OPTLRF,1200279,3300000,36.37,emeklilik,2026_01,2026-04-18 13:52
DOHOL,225964803,984706959,22.95,emeklilik,2026_01,2026-04-18 13:52
MANAS,2699878,149942371,1.8,emeklilik,2026_01,2026-04-18 13:52
BOBET,2526452,113999998,2.22,emeklilik,2026_01,2026-04-18 13:52
FONET,14390643,577082984,2.49,emeklilik,2026_01,2026-04-18 13:52
GENTS,1822747,749958921,0.24,emeklilik,2026_01,2026-04-18 13:52
ARASE,10379018,49999991,20.76,emeklilik,2026_01,2026-04-18 13:52
GRSEL,2660524,29650000,8.97,emeklilik,2026_01,2026-04-18 13:52
ZPLIBF,79249995,206760000,38.33,emeklilik,2026_01,2026-04-18 13:52
AZTEK,8041786,279000000,2.88,emeklilik,2026_01,2026-04-18 13:52
KRDMA,5894115,240300917,2.45,emeklilik,2026_01,2026-04-18 13:52
CEMTS,716869,233425986,0.31,emeklilik,2026_01,2026-04-18 13:52
EGPRO,1742739,175170570,0.99,emeklilik,2026_01,2026-04-18 13:52
AKCNS,5861466,39359284,14.89,emeklilik,2026_01,2026-04-18 13:52
ISFIN,92373323,310154523,29.78,emeklilik,2026_01,2026-04-18 13:52
KLRHO,444700,341250000,0.13,emeklilik,2026_01,2026-04-18 13:52
YATAS,7738322,94866488,8.16,emeklilik,2026_01,2026-04-18 13:52
ULKER,6584298,338855989,1.94,emeklilik,2026_01,2026-04-18 13:52
MIATK,12031098,313087979,3.84,emeklilik,2026_01,2026-04-18 13:52
MEYSU,307640,175000000,0.18,emeklilik,2026_01,2026-04-18 13:52
TOASO,20517950,120585076,17.02,emeklilik,2026_01,2026-04-18 13:52
MTRKS,3651302,43633165,8.37,emeklilik,2026_01,2026-04-18 13:52
PENTA,4757677,181070136,2.63,emeklilik,2026_01,2026-04-18 13:52
YUNSA,1790211,202164056,0.89,emeklilik,2026_01,2026-04-18 13:52
EFOR,3178073,539999994,0.59,emeklilik,2026_01,2026-04-18 13:52
ATATP,1115392,18809999,5.93,emeklilik,2026_01,2026-04-18 13:52
ALCTL,669069,13543218,4.94,emeklilik,2026_01,2026-04-18 13:52
PASEU,217065,215295868,0.1,emeklilik,2026_01,2026-04-18 13:52
HTTBT,14026604,82805422,16.94,emeklilik,2026_01,2026-04-18 13:52
PAPIL,5811149,206247674,2.82,emeklilik,2026_01,2026-04-18 13:52
ALGYO,225248,989357377,0.02,emeklilik,2026_01,2026-04-18 13:52
AGXAAC,33704632,35877518,93.94,emeklilik,2026_01,2026-04-18 13:52
MACKO,1102191,41453550,2.66,emeklilik,2026_01,2026-04-18 13:52
HATSN,1386090,44299973,3.13,emeklilik,2026_01,2026-04-18 13:52
GESAN,4986175,141759180,3.52,emeklilik,2026_01,2026-04-18 13:52
TKNSA,412336,100485379,0.41,emeklilik,2026_01,2026-04-18 13:52
TATEN,503111,347769724,0.14,emeklilik,2026_01,2026-04-18 13:52
SELVA,221231,747897737,0.03,emeklilik,2026_01,2026-04-18 13:52
KRONT,5527596,116892885,4.73,emeklilik,2026_01,2026-04-18 13:52
DARDL,224546,1753442695,0.01,emeklilik,2026_01,2026-04-18 13:52
DESPC,1652145,16023700,10.31,emeklilik,2026_01,2026-04-18 13:52
DMRGD,6696921,1277294592,0.52,emeklilik,2026_01,2026-04-18 13:52
DSTKF,130514,82195267,0.16,emeklilik,2026_01,2026-04-18 13:52
AKSUE,76900,56376184,0.14,emeklilik,2026_01,2026-04-18 13:52
ARENA,3049304,66996461,4.55,emeklilik,2026_01,2026-04-18 13:52
VAKKO,940301,30789786,3.05,emeklilik,2026_01,2026-04-18 13:52
GLCVY,148217,26400000,0.56,emeklilik,2026_01,2026-04-18 13:52
SMART,1168708,29737499,3.93,emeklilik,2026_01,2026-04-18 13:52
VBTYZ,5021499,55935000,8.98,emeklilik,2026_01,2026-04-18 13:52
FRMPL,57242,39997696,0.14,emeklilik,2026_01,2026-04-18 13:52
MERCN,51000,74389005,0.07,emeklilik,2026_01,2026-04-18 13:52
SKTAS,750004,332865443,0.23,emeklilik,2026_01,2026-04-18 13:52
TNZTP,171160,87496826,0.2,emeklilik,2026_01,2026-04-18 13:52
DOFRB,845391,45000000,1.88,emeklilik,2026_01,2026-04-18 13:52
OBASE,442353,14924000,2.96,emeklilik,2026_01,2026-04-18 13:52
KLSER,47131,109457566,0.04,emeklilik,2026_01,2026-04-18 13:52
OYAKC,56545466,4656879380,1.21,emeklilik,2026_01,2026-04-18 13:52
DGATE,1217127,15227271,7.99,emeklilik,2026_01,2026-04-18 13:52
ULUUN,90374,290523352,0.03,emeklilik,2026_01,2026-04-18 13:52
BORSK,86372,279999879,0.03,emeklilik,2026_01,2026-04-18 13:52
IZENR,2401510,914537597,0.26,emeklilik,2026_01,2026-04-18 13:52
ESEN,1283533,682499950,0.19,emeklilik,2026_01,2026-04-18 13:52
HUNER,970376,670137934,0.14,emeklilik,2026_01,2026-04-18 13:52
CEMZY,51606,124118690,0.04,emeklilik,2026_01,2026-04-18 13:52
VAKFA,1699013,224999701,0.76,emeklilik,2026_01,2026-04-18 13:52
AYDEM,3324022,130000000,2.56,emeklilik,2026_01,2026-04-18 13:52
ALKLC,30909,45382467,0.07,emeklilik,2026_01,2026-04-18 13:52
KRSTL,53191,183664642,0.03,emeklilik,2026_01,2026-04-18 13:52
KORDS,190113,65421451,0.29,emeklilik,2026_01,2026-04-18 13:52
ENTRA,8607158,369383564,2.33,emeklilik,2026_01,2026-04-18 13:52
FORTE,475068,21999999,2.16,emeklilik,2026_01,2026-04-18 13:52
ZPBDLF,3452145,8240000,41.89,emeklilik,2026_01,2026-04-18 13:52
YYLGD,7851897,369826200,2.12,emeklilik,2026_01,2026-04-18 13:52
AKFIS,169474,66841328,0.25,emeklilik,2026_01,2026-04-18 13:52
HOROZ,915534,24599986,3.72,emeklilik,2026_01,2026-04-18 13:52
MOGAN,700464,262635000,0.27,emeklilik,2026_01,2026-04-18 13:52
SDTTR,928943,15990000,5.81,emeklilik,2026_01,2026-04-18 13:52
APBDLF,12660402,14400000,87.92,emeklilik,2026_01,2026-04-18 13:52
PKART,119497,11048497,1.08,emeklilik,2026_01,2026-04-18 13:52
BIGEN,166153,115500000,0.14,emeklilik,2026_01,2026-04-18 13:52
TKFEN,344835,230848007,0.15,emeklilik,2026_01,2026-04-18 13:52
ENDAE,157475,120211591,0.13,emeklilik,2026_01,2026-04-18 13:52
CRFSA,19308,18312793,0.11,emeklilik,2026_01,2026-04-18 13:52
ZOREN,3387760,2681244172,0.13,emeklilik,2026_01,2026-04-18 13:52
KAREL,9293531,329659497,2.82,emeklilik,2026_01,2026-04-18 13:52
ECOGR,155236,109980000,0.14,emeklilik,2026_01,2026-04-18 13:52
ALFAS,106421,84639559,0.13,emeklilik,2026_01,2026-04-18 13:52
GMTAS,7233,298687813,0.0,emeklilik,2026_01,2026-04-18 13:52
ZEDUR,97798,69899992,0.14,emeklilik,2026_01,2026-04-18 13:52
OFSYM,7173,22749998,0.03,emeklilik,2026_01,2026-04-18 13:52
PNSUT,22916,128323851,0.02,emeklilik,2026_01,2026-04-18 13:52
FRIGO,20609,153667954,0.01,emeklilik,2026_01,2026-04-18 13:52
ADGYO,19068,379654367,0.01,emeklilik,2026_01,2026-04-18 13:52
ODINE,668332,52576848,1.27,emeklilik,2026_01,2026-04-18 13:52
GUNDG,2308,18968972,0.01,emeklilik,2026_01,2026-04-18 13:52
PAMEL,9500,21533681,0.04,emeklilik,2026_01,2026-04-18 13:52
CATES,47153,33050000,0.14,emeklilik,2026_01,2026-04-18 13:52
LYDYE,873,1391287,0.06,emeklilik,2026_01,2026-04-18 13:52
QNBTR,2,2571745911,0.0,emeklilik,2026_01,2026-04-18 13:52
MERKO,14121,101104701,0.01,emeklilik,2026_01,2026-04-18 13:52
MHRGY,75616,310499991,0.02,emeklilik,2026_01,2026-04-18 13:52
DCTTR,3641,157328724,0.0,emeklilik,2026_01,2026-04-18 13:52
MNDTR,120000,910071938,0.01,emeklilik,2026_01,2026-04-18 13:52
DESA,6,171107590,0.0,emeklilik,2026_01,2026-04-18 13:52
MRGYO,165827,1035439185,0.02,emeklilik,2026_01,2026-04-18 13:52
MSGYO,32262,169650150,0.02,emeklilik,2026_01,2026-04-18 13:52
FZLGY,63869,398427439,0.02,emeklilik,2026_01,2026-04-18 13:52
GEDIK,3900000,983076856,0.4,emeklilik,2026_01,2026-04-18 13:52
NUGYO,45897,324943976,0.01,emeklilik,2026_01,2026-04-18 13:52
ANELE,7841,151405542,0.01,emeklilik,2026_01,2026-04-18 13:52
DGGYO,4088,280709437,0.0,emeklilik,2026_01,2026-04-18 13:52
BEGYO,67784,277250000,0.02,emeklilik,2026_01,2026-04-18 13:52
ONRYT,379016,19730000,1.92,emeklilik,2026_01,2026-04-18 13:52
APMDLF,1300000,12300000,10.57,emeklilik,2026_01,2026-04-18 13:52
AGYO,10296,129036460,0.01,emeklilik,2026_01,2026-04-18 13:52
GOODY,1699328,132804473,1.28,emeklilik,2026_01,2026-04-18 13:52
DURKN,7340,42500000,0.02,emeklilik,2026_01,2026-04-18 13:52
ORCAY,21462,149972352,0.01,emeklilik,2026_01,2026-04-18 13:52
OTTO,5000,5474438,0.09,emeklilik,2026_01,2026-04-18 13:52
GSDHO,1,999994969,0.0,emeklilik,2026_01,2026-04-18 13:52
OYLUM,11437,80937367,0.01,emeklilik,2026_01,2026-04-18 13:52
OYYAT,363002,91048322,0.4,emeklilik,2026_01,2026-04-18 13:52
OZGYO,87893,490916869,0.02,emeklilik,2026_01,2026-04-18 13:52
OZYSR,247,40488000,0.0,emeklilik,2026_01,2026-04-18 13:52
DZGYO,23518,399777846,0.01,emeklilik,2026_01,2026-04-18 13:52
BINHO,357,488884390,0.0,emeklilik,2026_01,2026-04-18 13:52
ECZYT,1,45880511,0.0,emeklilik,2026_01,2026-04-18 13:52
PENGD,23245,171069968,0.01,emeklilik,2026_01,2026-04-18 13:52
EDIP,105545,36468204,0.29,emeklilik,2026_01,2026-04-18 13:52
PETUN,17284,134673118,0.01,emeklilik,2026_01,2026-04-18 13:52
PINSU,15203,101635846,0.01,emeklilik,2026_01,2026-04-18 13:52
BLCYT,2,49088907,0.0,emeklilik,2026_01,2026-04-18 13:52
EGEEN,101,1137161,0.01,emeklilik,2026_01,2026-04-18 13:52
PSDTC,148,6599991,0.0,emeklilik,2026_01,2026-04-18 13:52
EGEGY,16477,61200000,0.03,emeklilik,2026_01,2026-04-18 13:52
HURGZ,2,220784167,0.0,emeklilik,2026_01,2026-04-18 13:52
RALYH,88,176324572,0.0,emeklilik,2026_01,2026-04-18 13:52
ICBCT,1,216761845,0.0,emeklilik,2026_01,2026-04-18 13:52
RYSAS,9,1504020937,0.0,emeklilik,2026_01,2026-04-18 13:52
SAFKR,0,139427409,0.0,emeklilik,2026_01,2026-04-18 13:52
IDGYO,25195,119234999,0.02,emeklilik,2026_01,2026-04-18 13:52
SANEL,2790,18112451,0.02,emeklilik,2026_01,2026-04-18 13:52
SANKO,515,37499197,0.0,emeklilik,2026_01,2026-04-18 13:52
IEYHO,345,541032947,0.0,emeklilik,2026_01,2026-04-18 13:52
INGRM,44461,14969536,0.3,emeklilik,2026_01,2026-04-18 13:52
SEGMN,7682,80999980,0.01,emeklilik,2026_01,2026-04-18 13:52
SEGYO,49450,203388821,0.02,emeklilik,2026_01,2026-04-18 13:52
INTEM,62,9428747,0.0,emeklilik,2026_01,2026-04-18 13:52
INVEO,1184166,998999954,0.12,emeklilik,2026_01,2026-04-18 13:52
ARTMS,18,24199999,0.0,emeklilik,2026_01,2026-04-18 13:52
ARZUM,7004,293999828,0.0,emeklilik,2026_01,2026-04-18 13:52
EKSUN,30017,171792833,0.02,emeklilik,2026_01,2026-04-18 13:52
SOKE,16733,126999996,0.01,emeklilik,2026_01,2026-04-18 13:52
ISGSY,798750,47378729,1.69,emeklilik,2026_01,2026-04-18 13:52
TDGYO,12777,59914214,0.02,emeklilik,2026_01,2026-04-18 13:52
TGSAS,295,12348294,0.0,emeklilik,2026_01,2026-04-18 13:52
BRLSM,19308,108025075,0.02,emeklilik,2026_01,2026-04-18 13:52
ISSEN,3,107411517,0.0,emeklilik,2026_01,2026-04-18 13:52
BRSAN,10943,35912460,0.03,emeklilik,2026_01,2026-04-18 13:52
IZMDC,150000,723225318,0.02,emeklilik,2026_01,2026-04-18 13:52
BRYAT,1103,10264685,0.01,emeklilik,2026_01,2026-04-18 13:52
ENPRA,4,15294299,0.0,emeklilik,2026_01,2026-04-18 13:52
TSGYO,1582629,266499982,0.59,emeklilik,2026_01,2026-04-18 13:52
KARTN,1,72781126,0.0,emeklilik,2026_01,2026-04-18 13:52
ASGYO,44198,165000000,0.03,emeklilik,2026_01,2026-04-18 13:52
TURGG,5848,32042988,0.02,emeklilik,2026_01,2026-04-18 13:52
ERBOS,0,15899843,0.0,emeklilik,2026_01,2026-04-18 13:52
KGYO,75796,767895149,0.01,emeklilik,2026_01,2026-04-18 13:52
KIMMR,1592,75000000,0.0,emeklilik,2026_01,2026-04-18 13:52
UNLU,100000,102181558,0.1,emeklilik,2026_01,2026-04-18 13:52
UZEL,15000,26329793,0.06,emeklilik,2026_01,2026-04-18 13:52
ERCB,1,39113273,0.0,emeklilik,2026_01,2026-04-18 13:52
ASYAB,7350000,477904801,1.54,emeklilik,2026_01,2026-04-18 13:52
VANGD,3987,24374995,0.02,emeklilik,2026_01,2026-04-18 13:52
KOCMT,18324,581991187,0.0,emeklilik,2026_01,2026-04-18 13:52
VRGYO,151503,597643904,0.03,emeklilik,2026_01,2026-04-18 13:52
ERSU,4088,31755894,0.01,emeklilik,2026_01,2026-04-18 13:52
YAYLA,6585,39874966,0.02,emeklilik,2026_01,2026-04-18 13:52
YIGIT,75400,74999975,0.1,emeklilik,2026_01,2026-04-18 13:52
ESCAR,297284,101933690,0.29,emeklilik,2026_01,2026-04-18 13:52
YYAPI,261490,1705025550,0.02,emeklilik,2026_01,2026-04-18 13:52
ATAGY,6897,45670114,0.02,emeklilik,2026_01,2026-04-18 13:52
AHSGY,50595,184999889,0.03,emeklilik,2026_01,2026-04-18 13:52
KRGYO,53665,275373393,0.02,emeklilik,2026_01,2026-04-18 13:52
CLEBI,12,5490178,0.0,emeklilik,2026_01,2026-04-18 13:52
EUREN,1,1040132637,0.0,emeklilik,2026_01,2026-04-18 13:52
KTSKR,2390,14691795,0.02,emeklilik,2026_01,2026-04-18 13:52
KZGYO,12293,49999985,0.02,emeklilik,2026_01,2026-04-18 13:52
LIDER,250000,279500000,0.09,emeklilik,2026_01,2026-04-18 13:52
LILAK,140236,260252730,0.05,emeklilik,2026_01,2026-04-18 13:52
LINK,261604,18231985,1.43,emeklilik,2026_01,2026-04-18 13:52
EYGYO,60053,341859667,0.02,emeklilik,2026_01,2026-04-18 13:52
FADE,7264,42347497,0.02,emeklilik,2026_01,2026-04-18 13:52
AVGYO,16446,111590302,0.01,emeklilik,2026_01,2026-04-18 13:52
AVOD,44026,253604577,0.02,emeklilik,2026_01,2026-04-18 13:52
AKMGY,733,21568998,0.0,emeklilik,2026_01,2026-04-18 13:52
MARMR,2,961218727,0.0,emeklilik,2026_01,2026-04-18 13:52
MEGMT,1000,72749999,0.0,emeklilik,2026_01,2026-04-18 13:52
MEPET,1059,73940585,0.0,emeklilik,2026_01,2026-04-18 13:52
BINBN,341395,17000000,2.01,emeklilik,2026_01,2026-04-18 13:52
BIZIM,12219,27601626,0.04,emeklilik,2026_01,2026-04-18 13:52
SURGY,37553,44745990,0.08,emeklilik,2026_01,2026-04-18 13:52
NATEN,556221,309375000,0.18,emeklilik,2026_01,2026-04-18 13:52
TTRAK,1382442,24967458,5.54,emeklilik,2026_01,2026-04-18 13:52
ASUZU,17537,41130807,0.04,emeklilik,2026_01,2026-04-18 13:52
TATGD,61133,119284718,0.05,emeklilik,2026_01,2026-04-18 13:52
PAGYO,446236,57781202,0.77,emeklilik,2026_01,2026-04-18 13:52
HRKET,411030,24000000,1.71,emeklilik,2026_01,2026-04-18 13:52
AKENR,341172,385189146,0.09,emeklilik,2026_01,2026-04-18 13:52
OZSUB,508202,42499126,1.2,emeklilik,2026_01,2026-04-18 13:52
VESTL,15161410,295447203,5.13,emeklilik,2026_01,2026-04-18 13:52
NUHCM,12448,33135899,0.04,emeklilik,2026_01,2026-04-18 13:52
KMPUR,57302,132432524,0.04,emeklilik,2026_01,2026-04-18 13:52
RYGYO,137200,770588057,0.02,emeklilik,2026_01,2026-04-18 13:52
NTHOL,10001,485479112,0.0,emeklilik,2026_01,2026-04-18 13:52
NETAS,880136,31783484,2.77,emeklilik,2026_01,2026-04-18 13:52
JANTS,2,207477849,0.0,emeklilik,2026_01,2026-04-18 13:52
HLGYO,186044,1075198516,0.02,emeklilik,2026_01,2026-04-18 13:52
KLSYN,30570,107854952,0.03,emeklilik,2026_01,2026-04-18 13:52
CONSE,717587,377854899,0.19,emeklilik,2026_01,2026-04-18 13:52
YGGYO,42567,240625741,0.02,emeklilik,2026_01,2026-04-18 13:52
ULUFA,950787,305352801,0.31,emeklilik,2026_01,2026-04-18 13:52
BERA,309,491816866,0.0,emeklilik,2026_01,2026-04-18 13:52
GRTHO,277524,36745000,0.76,emeklilik,2026_01,2026-04-18 13:52
SRVGY,1358607,806067999,0.17,emeklilik,2026_01,2026-04-18 13:52
YEOTK,895133,160933198,0.56,emeklilik,2026_01,2026-04-18 13:52
TEZOL,1,139835975,0.0,emeklilik,2026_01,2026-04-18 13:52
BANVT,1223540,36961044,3.31,emeklilik,2026_01,2026-04-18 13:52
MOBTL,9660829,207999999,4.64,emeklilik,2026_01,2026-04-18 13:52
ARMGD,182236,54996000,0.33,emeklilik,2026_01,2026-04-18 13:52
MEDTR,2789411,24499999,11.39,emeklilik,2026_01,2026-04-18 13:52
DOAS,3229864,97899975,3.3,emeklilik,2026_01,2026-04-18 13:52
ELITE,6964,44650000,0.02,emeklilik,2026_01,2026-04-18 13:52
ALARK,9400748,164975148,5.7,emeklilik,2026_01,2026-04-18 13:52
PEKGY,1040713,4685012615,0.02,emeklilik,2026_01,2026-04-18 13:52
KONTR,827971,936038763,0.09,emeklilik,2026_01,2026-04-18 13:52
OBAMS,1706467,725750028,0.24,emeklilik,2026_01,2026-04-18 13:52
KZBGY,2110403,585996164,0.36,emeklilik,2026_01,2026-04-18 13:52
GENIL,9736550,85937999,11.33,emeklilik,2026_01,2026-04-18 13:52
ZRGYO,7616253,1173404997,0.65,emeklilik,2026_01,2026-04-18 13:52
TRENJ,263568,97964682,0.27,emeklilik,2026_01,2026-04-18 13:52
BRISA,1529555,31247472,4.89,emeklilik,2026_01,2026-04-18 13:52
BESLR,275381,658098036,0.04,emeklilik,2026_01,2026-04-18 13:52
LOGO,7203114,74328248,9.69,emeklilik,2026_01,2026-04-18 13:52
ALVES,1000,862856920,0.0,emeklilik,2026_01,2026-04-18 13:52
AGESA,894894,35829553,2.5,emeklilik,2026_01,2026-04-18 13:52
EGGUB,552586,75862114,0.73,emeklilik,2026_01,2026-04-18 13:52
CVKMD,50000,461999787,0.01,emeklilik,2026_01,2026-04-18 13:52
ISYAT,3082932,152245569,2.02,emeklilik,2026_01,2026-04-18 13:52
EBEBK,5006684,40534692,12.35,emeklilik,2026_01,2026-04-18 13:52
SKBNK,521724,2498879854,0.02,emeklilik,2026_01,2026-04-18 13:52
GLRMK,9027931,38760000,23.29,emeklilik,2026_01,2026-04-18 13:52
PARSN,380175,34033246,1.12,emeklilik,2026_01,2026-04-18 13:52
TRCAS,150002,206252778,0.07,emeklilik,2026_01,2026-04-18 13:52
AVPGY,10021843,100000000,10.02,emeklilik,2026_01,2026-04-18 13:52
AYEN,56257,55531320,0.1,emeklilik,2026_01,2026-04-18 13:52
TUREX,99228,432000000,0.02,emeklilik,2026_01,2026-04-18 13:52
ISGYO,149997857,531312439,28.23,emeklilik,2026_01,2026-04-18 13:52
SOKM,5944804,448708248,1.32,emeklilik,2026_01,2026-04-18 13:52
KUYAS,63857,395658898,0.02,emeklilik,2026_01,2026-04-18 13:52
ECILC,85539,210589603,0.04,emeklilik,2026_01,2026-04-18 13:52
TBORG,763910,59392160,1.29,emeklilik,2026_01,2026-04-18 13:52
MOPAS,1408,57330000,0.0,emeklilik,2026_01,2026-04-18 13:52
PLTUR,235000,49500000,0.47,emeklilik,2026_01,2026-04-18 13:52
ISDMR,2200083,147623050,1.49,emeklilik,2026_01,2026-04-18 13:52
AKFYE,488992,551782160,0.09,emeklilik,2026_01,2026-04-18 13:52
PATEK,8176307,293081892,2.79,emeklilik,2026_01,2026-04-18 13:52
ATAKP,2856571,28224000,10.12,emeklilik,2026_01,2026-04-18 13:52
ZERGY,5803251,156799985,3.7,emeklilik,2026_01,2026-04-18 13:52
ENKAI,64999721,874736059,7.43,emeklilik,2026_01,2026-04-18 13:52
GLYHO,34756121,1949290631,1.78,emeklilik,2026_01,2026-04-18 13:52
ARCLK,7585297,170054748,4.46,emeklilik,2026_01,2026-04-18 13:52
GWIND,19326340,179165491,10.79,emeklilik,2026_01,2026-04-18 13:52
ANHYT,5531509,88457041,6.25,emeklilik,2026_01,2026-04-18 13:52
ARSAN,2009134,887344274,0.23,emeklilik,2026_01,2026-04-18 13:52
PNLSN,201419,34752383,0.58,emeklilik,2026_01,2026-04-18 13:52
AHGAZ,1245805,659370871,0.19,emeklilik,2026_01,2026-04-18 13:52
MPARK,19349192,80869110,23.93,emeklilik,2026_01,2026-04-18 13:52
CANTE,48573680,6026143802,0.81,emeklilik,2026_01,2026-04-18 13:52
ORGE,2291901,41839996,5.48,emeklilik,2026_01,2026-04-18 13:52
ALKIM,3501277,182767821,1.92,emeklilik,2026_01,2026-04-18 13:52
AYGAZ,16623000,98568807,16.86,emeklilik,2026_01,2026-04-18 13:52
BSOKE,2694654,458486931,0.59,emeklilik,2026_01,2026-04-18 13:52
DAPGM,1129354,928276145,0.12,emeklilik,2026_01,2026-04-18 13:52
KCHOL,80973794,674052308,12.01,emeklilik,2026_01,2026-04-18 13:52
ARDYZ,24526271,279551557,8.77,emeklilik,2026_01,2026-04-18 13:52
BALSU,29659668,278000000,10.67,emeklilik,2026_01,2026-04-18 13:52
RGYAS,4496167,105523000,4.26,emeklilik,2026_01,2026-04-18 13:52
POLHO,587825,164140074,0.36,emeklilik,2026_01,2026-04-18 13:52
SUNTK,46944071,144433250,32.5,emeklilik,2026_01,2026-04-18 13:52
APLIBF,56696236,63600000,89.15,emeklilik,2026_01,2026-04-18 13:52
ASTOR,13461157,366896261,3.67,emeklilik,2026_01,2026-04-18 13:52
EDATA,3186166,160065396,1.99,emeklilik,2026_01,2026-04-18 13:52
OTKAR,4110728,33417145,12.3,emeklilik,2026_01,2026-04-18 13:52
SARKY,751358,999999671,0.08,emeklilik,2026_01,2026-04-18 13:52
INDES,27124951,462749768,5.86,emeklilik,2026_01,2026-04-18 13:52
SISE,33868851,1814922730,1.87,emeklilik,2026_01,2026-04-18 13:52
SUWEN,113347198,365687500,31.0,emeklilik,2026_01,2026-04-18 13:52
TAVHL,14947217,213213415,7.01,emeklilik,2026_01,2026-04-18 13:52
QUAGR,632605,1771950000,0.04,emeklilik,2026_01,2026-04-18 13:52
TSKB,201044364,1516591673,13.26,emeklilik,2026_01,2026-04-18 13:52
LKMNH,43606598,163262533,26.71,emeklilik,2026_01,2026-04-18 13:52
KLYPV,335669,46334639,0.72,emeklilik,2026_01,2026-04-18 13:52
VESBE,7149461,503578676,1.42,emeklilik,2026_01,2026-04-18 13:52
TRMET,20702655,174454588,11.87,emeklilik,2026_01,2026-04-18 13:52
GARAN,76122280,2454854227,3.1,emeklilik,2026_01,2026-04-18 13:52
BIOEN,42799939,197983419,21.62,emeklilik,2026_01,2026-04-18 13:52
TABGD,8865915,52499906,16.89,emeklilik,2026_01,2026-04-18 13:52
TRGYO,8099355,251573369,3.22,emeklilik,2026_01,2026-04-18 13:52
MGROS,18855411,96563547,19.53,emeklilik,2026_01,2026-04-18 13:52
PGSUS,13596205,245068871,5.55,emeklilik,2026_01,2026-04-18 13:52
CIMSA,52477500,488404404,10.74,emeklilik,2026_01,2026-04-18 13:52
ARFYE,87947,47000000,0.19,emeklilik,2026_01,2026-04-18 13:52
DGNMO,40695583,327634635,12.42,emeklilik,2026_01,2026-04-18 13:52
KCAER,24948824,496494775,5.02,emeklilik,2026_01,2026-04-18 13:52
AKSEN,5772964,638545796,0.9,emeklilik,2026_01,2026-04-18 13:52
KTLEV,11972198,1288500000,0.93,emeklilik,2026_01,2026-04-18 13:52
TUPRS,57849537,902334854,6.41,emeklilik,2026_01,2026-04-18 13:52
VAKBN,87105261,8046896130,1.08,emeklilik,2026_01,2026-04-18 13:52
BUCIM,26760226,1286538062,2.08,emeklilik,2026_01,2026-04-18 13:52
KRVGD,113126018,596159766,18.98,emeklilik,2026_01,2026-04-18 13:52
BTCIM,20216632,4046650979,0.5,emeklilik,2026_01,2026-04-18 13:52
ZGOLDF,133468097,152040000,87.78,emeklilik,2026_01,2026-04-18 13:52
VKGYO,20037711,1637202242,1.22,emeklilik,2026_01,2026-04-18 13:52
AKBNK,217872858,3059020211,7.12,emeklilik,2026_01,2026-04-18 13:52
AKGRT,11794214,629007625,1.88,emeklilik,2026_01,2026-04-18 13:52
MAVI,130442268,576779312,22.62,emeklilik,2026_01,2026-04-18 13:52
HALKB,12720798,6546422780,0.19,emeklilik,2026_01,2026-04-18 13:52
PETKM,15239640,1241736844,1.23,emeklilik,2026_01,2026-04-18 13:52
TCELL,101935092,1622604373,6.28,emeklilik,2026_01,2026-04-18 13:52
AEFES,163322136,2028860053,8.05,emeklilik,2026_01,2026-04-18 13:52
OZKGY,6727474,363999945,1.85,emeklilik,2026_01,2026-04-18 13:52
TUKAS,15242700,4499995929,0.34,emeklilik,2026_01,2026-04-18 13:52
ASELS,77227425,1178597817,6.55,emeklilik,2026_01,2026-04-18 13:52
ANSGR,219664703,1564416026,14.04,emeklilik,2026_01,2026-04-18 13:52
BORLS,1,308652686,0.0,emeklilik,2026_01,2026-04-18 13:52
SNGYO,112947505,3607173097,3.13,emeklilik,2026_01,2026-04-18 13:52
YKBNK,337861148,4705235952,7.18,emeklilik,2026_01,2026-04-18 13:52
PAHOL,30462029,3999999979,0.76,emeklilik,2026_01,2026-04-18 13:52
ADESE,558854399,4687131701,11.92,tera,2026_01,2026-04-18 13:52
GSRAY,128593128,10123744690,1.27,tera,2026_01,2026-04-18 13:52
MEKAG,80386533,320319999,25.1,tera,2026_01,2026-04-18 13:52
ISKPL,233822022,724625736,32.27,tera,2026_01,2026-04-18 13:52
SMRTG,21015805,664164672,3.16,tera,2026_01,2026-04-18 13:52
SKBNK,9445345,2498879854,0.38,tera,2026_01,2026-04-18 13:52
TERA,68074516,240888789,28.26,tera,2026_01,2026-04-18 13:52
CANTE,16212154,6026143802,0.27,tera,2026_01,2026-04-18 13:52
DSTKF,5950766,82195267,7.24,tera,2026_01,2026-04-18 13:52
AKSEN,7554102,638545796,1.18,tera,2026_01,2026-04-18 13:52
GATEG,3591865,10559341,34.02,tera,2026_01,2026-04-18 13:52
KONTR,5019324,936038763,0.54,tera,2026_01,2026-04-18 13:52
FENER,2233763,2772321026,0.08,tera,2026_01,2026-04-18 13:52
VANGD,2281126,24374995,9.36,tera,2026_01,2026-04-18 13:52
RALYH,11121056,176324572,6.31,tera,2026_01,2026-04-18 13:52
CWENE,2305726,530758241,0.43,tera,2026_01,2026-04-18 13:52
YYAPI,2298865,1705025550,0.13,tera,2026_01,2026-04-18 13:52
KCAER,1324684,496494775,0.27,tera,2026_01,2026-04-18 13:52
AGROT,1562821,843999770,0.19,tera,2026_01,2026-04-18 13:52
BRKO,2466227,138199447,1.78,tera,2026_01,2026-04-18 13:52
EGEPO,1188995,200000000,0.59,tera,2026_01,2026-04-18 13:52
SELVA,11221647,747897737,1.5,tera,2026_01,2026-04-18 13:52
TSPOR,11498574,3674526664,0.31,tera,2026_01,2026-04-18 13:52
AZTEK,839573,279000000,0.3,tera,2026_01,2026-04-18 13:52
TATEN,1466457,347769724,0.42,tera,2026_01,2026-04-18 13:52
ARZUM,996965,293999828,0.34,tera,2026_01,2026-04-18 13:52
EDATA,720002,160065396,0.45,tera,2026_01,2026-04-18 13:52
KOTON,591427,136599960,0.43,tera,2026_01,2026-04-18 13:52
KOPOL,1607684,266319652,0.6,tera,2026_01,2026-04-18 13:52
TURSG,759120,7907296076,0.01,tera,2026_01,2026-04-18 13:52
ISMEN,575166,467723147,0.12,tera,2026_01,2026-04-18 13:52
AKSA,295270,1503670642,0.02,tera,2026_01,2026-04-18 13:52
RTALB,854583,432976722,0.2,tera,2026_01,2026-04-18 13:52
ZGYO,444876,84499889,0.53,tera,2026_01,2026-04-18 13:52
GEREL,1059212,219036379,0.48,tera,2026_01,2026-04-18 13:52
TRENJ,543353,97964682,0.55,tera,2026_01,2026-04-18 13:52
KGYO,600750,767895149,0.08,tera,2026_01,2026-04-18 13:52
ECOGR,407350,109980000,0.37,tera,2026_01,2026-04-18 13:52
MARMR,598423,961218727,0.06,tera,2026_01,2026-04-18 13:52
SANFM,393300,225029995,0.17,tera,2026_01,2026-04-18 13:52
MEYSU,281133,175000000,0.16,tera,2026_01,2026-04-18 13:52
BORLS,366056,308652686,0.12,tera,2026_01,2026-04-18 13:52
UCAYM,277359,59996268,0.46,tera,2026_01,2026-04-18 13:52
YGYO,9313952,1310632851,0.71,tera,2026_01,2026-04-18 13:52
ULUFA,747141,305352801,0.24,tera,2026_01,2026-04-18 13:52
SNGYO,450717,3607173097,0.01,tera,2026_01,2026-04-18 13:52
INDES,319579,462749768,0.07,tera,2026_01,2026-04-18 13:52
OBAMS,493418,725750028,0.07,tera,2026_01,2026-04-18 13:52
HLGYO,971783,1075198516,0.09,tera,2026_01,2026-04-18 13:52
RYSAS,272483,1504020937,0.02,tera,2026_01,2026-04-18 13:52
GOZDE,2391616,384992447,0.62,tera,2026_01,2026-04-18 13:52
IMASM,773092,622850499,0.12,tera,2026_01,2026-04-18 13:52
DENGE,1032279,525284797,0.2,tera,2026_01,2026-04-18 13:52
RUZYE,1579127,267748491,0.59,tera,2026_01,2026-04-18 13:52
TUPRS,340375,902334854,0.04,tera,2026_01,2026-04-18 13:52
GEDIK,606857,983076856,0.06,tera,2026_01,2026-04-18 13:52
FZLGY,193981,398427439,0.05,tera,2026_01,2026-04-18 13:52
FRMPL,164073,39997696,0.41,tera,2026_01,2026-04-18 13:52
IHYAY,336131,388124996,0.09,tera,2026_01,2026-04-18 13:52
OSTIM,1097377,509984964,0.22,tera,2026_01,2026-04-18 13:52
USAK,879427,1218028690,0.07,tera,2026_01,2026-04-18 13:52
CEMAS,674563,790994229,0.09,tera,2026_01,2026-04-18 13:52
BERA,177651,491816866,0.04,tera,2026_01,2026-04-18 13:52
KATMR,3152633,1980989998,0.16,tera,2026_01,2026-04-18 13:52
YKSLN,170000,197429570,0.09,tera,2026_01,2026-04-18 13:52
GLRYH,139018,599623814,0.02,tera,2026_01,2026-04-18 13:52
HOROZ,155637,24599986,0.63,tera,2026_01,2026-04-18 13:52
ENTRA,508303,369383564,0.14,tera,2026_01,2026-04-18 13:52
ULKER,204044,338855989,0.06,tera,2026_01,2026-04-18 13:52
LKMNH,133689,163262533,0.08,tera,2026_01,2026-04-18 13:52
KAYSE,147497,814062605,0.02,tera,2026_01,2026-04-18 13:52
MERKO,211960,101104701,0.21,tera,2026_01,2026-04-18 13:52
ENKAI,216154,874736059,0.02,tera,2026_01,2026-04-18 13:52
CGCAM,169788,42000000,0.4,tera,2026_01,2026-04-18 13:52
TAVHL,133521,213213415,0.06,tera,2026_01,2026-04-18 13:52
PGSUS,290914,245068871,0.12,tera,2026_01,2026-04-18 13:52
DITAS,232207,83407812,0.28,tera,2026_01,2026-04-18 13:52
DYOBY,110518,186553687,0.06,tera,2026_01,2026-04-18 13:52
BUCIM,622147,1286538062,0.05,tera,2026_01,2026-04-18 13:52
SEKUR,108014,131457835,0.08,tera,2026_01,2026-04-18 13:52
MIATK,583427,313087979,0.19,tera,2026_01,2026-04-18 13:52
AKYHO,328424,223895870,0.15,tera,2026_01,2026-04-18 13:52
TCELL,213219,1622604373,0.01,tera,2026_01,2026-04-18 13:52
EUHOL,25866072,142999955,18.09,tera,2026_01,2026-04-18 13:52
HEKTS,4781248,3946474643,0.12,tera,2026_01,2026-04-18 13:52
FLAP,159836,93599986,0.17,tera,2026_01,2026-04-18 13:52
SNPAM,82501,19679871,0.42,tera,2026_01,2026-04-18 13:52
ODAS,2595469,1113798031,0.23,tera,2026_01,2026-04-18 13:52
KARSN,442007,827850973,0.05,tera,2026_01,2026-04-18 13:52
GOKNR,184733,178040711,0.1,tera,2026_01,2026-04-18 13:52
MOPAS,25965,57330000,0.05,tera,2026_01,2026-04-18 13:52
INFO,223984,767463337,0.03,tera,2026_01,2026-04-18 13:52
PRDGS,78098,110850000,0.07,tera,2026_01,2026-04-18 13:52
SILVR,317794,212818206,0.15,tera,2026_01,2026-04-18 13:52
REEDR,871370,632558010,0.14,tera,2026_01,2026-04-18 13:52
RNPOL,82044,16795000,0.49,tera,2026_01,2026-04-18 13:52
BNTAS,334214,170624998,0.2,tera,2026_01,2026-04-18 13:52
MHRGY,745170,310499991,0.24,tera,2026_01,2026-04-18 13:52
GSDDE,63183,106850751,0.06,tera,2026_01,2026-04-18 13:52
VAKFA,125823,224999701,0.06,tera,2026_01,2026-04-18 13:52
SLSHMV,60010,1553314,3.86,tera,2026_01,2026-04-18 13:52
ATAGY,115781,45670114,0.25,tera,2026_01,2026-04-18 13:52
EKGYO,713641,1925107366,0.04,tera,2026_01,2026-04-18 13:52
GMTAS,120022,298687813,0.04,tera,2026_01,2026-04-18 13:52
AYES,239750,86971609,0.28,tera,2026_01,2026-04-18 13:52
BRLSM,68245,108025075,0.06,tera,2026_01,2026-04-18 13:52
VESBE,100621,503578676,0.02,tera,2026_01,2026-04-18 13:52
BAYRK,146446,189751123,0.08,tera,2026_01,2026-04-18 13:52
NATEN,161203,309375000,0.05,tera,2026_01,2026-04-18 13:52
CEMTS,346728,233425986,0.15,tera,2026_01,2026-04-18 13:52
DMLKTG,70988,2576335943,0.0,tera,2026_01,2026-04-18 13:52
ISGYO,81304,531312439,0.02,tera,2026_01,2026-04-18 13:52
ETYAT,176888,18752248,0.94,tera,2026_01,2026-04-18 13:52
ALKIM,107744,182767821,0.06,tera,2026_01,2026-04-18 13:52
MNDRS,327359,222007982,0.15,tera,2026_01,2026-04-18 13:52
ESEN,935304,682499950,0.14,tera,2026_01,2026-04-18 13:52
ORGE,50918,41839996,0.12,tera,2026_01,2026-04-18 13:52
GUNDG,55121,18968972,0.29,tera,2026_01,2026-04-18 13:52
EPLAS,1053901,190491857,0.55,tera,2026_01,2026-04-18 13:52
AKCNS,104393,39359284,0.27,tera,2026_01,2026-04-18 13:52
MARTI,61134,590191701,0.01,tera,2026_01,2026-04-18 13:52
OYYAT,49103,91048322,0.05,tera,2026_01,2026-04-18 13:52
AYGAZ,548,98568807,0.0,tera,2026_01,2026-04-18 13:52
SURGY,41548,44745990,0.09,tera,2026_01,2026-04-18 13:52
BIMAS,25343,436214016,0.01,tera,2026_01,2026-04-18 13:52
BMSCH,133756,69277402,0.19,tera,2026_01,2026-04-18 13:52
MOGAN,124599,262635000,0.05,tera,2026_01,2026-04-18 13:52
CELHA,64231,146078935,0.04,tera,2026_01,2026-04-18 13:52
KLMSN,41109,30881197,0.13,tera,2026_01,2026-04-18 13:52
EGSER,339707,545751057,0.06,tera,2026_01,2026-04-18 13:52
BMSTL,56303,74772260,0.08,tera,2026_01,2026-04-18 13:52
KRPLS,111373,78486163,0.14,tera,2026_01,2026-04-18 13:52
KRDMD,429935,780216365,0.06,tera,2026_01,2026-04-18 13:52
OYLUM,91886,80937367,0.11,tera,2026_01,2026-04-18 13:52
ATLAS,26772,59999865,0.04,tera,2026_01,2026-04-18 13:52
HEDEF,187490,562499930,0.03,tera,2026_01,2026-04-18 13:52
CIMSA,54914,488404404,0.01,tera,2026_01,2026-04-18 13:52
OZATD,196424,13349933,1.47,tera,2026_01,2026-04-18 13:52
YONGA,29588,7195951,0.41,tera,2026_01,2026-04-18 13:52
OZRDN,87860,57107579,0.15,tera,2026_01,2026-04-18 13:52
GLBMD,71471,28880500,0.25,tera,2026_01,2026-04-18 13:52
YEOTK,48725,160933198,0.03,tera,2026_01,2026-04-18 13:52
TTKOM,124824,524999999,0.02,tera,2026_01,2026-04-18 13:52
ETILR,170610,156217454,0.11,tera,2026_01,2026-04-18 13:52
SNICA,405615,321688855,0.13,tera,2026_01,2026-04-18 13:52
SEKFK,239921,62311473,0.39,tera,2026_01,2026-04-18 13:52
ATEKS,19515,5441598,0.36,tera,2026_01,2026-04-18 13:52
RODRG,140280,16822352,0.83,tera,2026_01,2026-04-18 13:52
NTGAZ,31247,276000000,0.01,tera,2026_01,2026-04-18 13:52
KCHOL,139199,674052308,0.02,tera,2026_01,2026-04-18 13:52
GLRMK,28787,38760000,0.07,tera,2026_01,2026-04-18 13:52
ZERGY,62285,156799985,0.04,tera,2026_01,2026-04-18 13:52
ZEDUR,78578,69899992,0.11,tera,2026_01,2026-04-18 13:52
BIZIM,40604,27601626,0.15,tera,2026_01,2026-04-18 13:52
LIDFA,33606,458180545,0.01,tera,2026_01,2026-04-18 13:52
TSGYO,17286,266499982,0.01,tera,2026_01,2026-04-18 13:52
ELITE,40536,44650000,0.09,tera,2026_01,2026-04-18 13:52
YAYLA,27358,39874966,0.07,tera,2026_01,2026-04-18 13:52
BALSU,182044,278000000,0.07,tera,2026_01,2026-04-18 13:52
MEGAP,681128,234498757,0.29,tera,2026_01,2026-04-18 13:52
PKART,23176,11048497,0.21,tera,2026_01,2026-04-18 13:52
DMSAS,346906,199994510,0.17,tera,2026_01,2026-04-18 13:52
ISBIR,96427,14500244,0.67,tera,2026_01,2026-04-18 13:52
AHSGY,13629,184999889,0.01,tera,2026_01,2026-04-18 13:52
PENGD,279243,171069968,0.16,tera,2026_01,2026-04-18 13:52
NUGYO,180295,324943976,0.06,tera,2026_01,2026-04-18 13:52
KNFRT,1051836,131747000,0.8,tera,2026_01,2026-04-18 13:52
RUBNS,17203,42377765,0.04,tera,2026_01,2026-04-18 13:52
ULUUN,95287,290523352,0.03,tera,2026_01,2026-04-18 13:52
HATSN,22037,44299973,0.05,tera,2026_01,2026-04-18 13:52
ASELS,75444,1178597817,0.01,tera,2026_01,2026-04-18 13:52
FROTO,112116,625120847,0.02,tera,2026_01,2026-04-18 13:52
MSGYO,23415,169650150,0.01,tera,2026_01,2026-04-18 13:52
AKENR,43740,385189146,0.01,tera,2026_01,2026-04-18 13:52
PGSFIV,10004,1606913,0.62,tera,2026_01,2026-04-18 13:52
AKSUE,11561,56376184,0.02,tera,2026_01,2026-04-18 13:52
VESTL,31084,295447203,0.01,tera,2026_01,2026-04-18 13:52
PCILT,111661,45014183,0.25,tera,2026_01,2026-04-18 13:52
KTSKR,12578,14691795,0.09,tera,2026_01,2026-04-18 13:52
CRFSA,20035,18312793,0.11,tera,2026_01,2026-04-18 13:52
CRDFA,238677,74996853,0.32,tera,2026_01,2026-04-18 13:52
BIENY,80864,83144831,0.1,tera,2026_01,2026-04-18 13:52
YIGIT,87502,74999975,0.12,tera,2026_01,2026-04-18 13:52
EGCYH,8075,39900235,0.02,tera,2026_01,2026-04-18 13:52
ISFIN,28555,310154523,0.01,tera,2026_01,2026-04-18 13:52
MGROS,20926,96563547,0.02,tera,2026_01,2026-04-18 13:52
BAHKM,9086,23289000,0.04,tera,2026_01,2026-04-18 13:52
MEPET,6965,73940585,0.01,tera,2026_01,2026-04-18 13:52
CCOLA,29122,818085147,0.0,tera,2026_01,2026-04-18 13:52
SOKE,62218,126999996,0.05,tera,2026_01,2026-04-18 13:52
KLRHO,759435,341250000,0.22,tera,2026_01,2026-04-18 13:52
AVPGY,9392,100000000,0.01,tera,2026_01,2026-04-18 13:52
RGYAS,8118,105523000,0.01,tera,2026_01,2026-04-18 13:52
MARBL,14849,65226403,0.02,tera,2026_01,2026-04-18 13:52
ZGOLDF,6367,152040000,0.0,tera,2026_01,2026-04-18 13:52
PINSU,57750,101635846,0.06,tera,2026_01,2026-04-18 13:52
AVOD,82262,253604577,0.03,tera,2026_01,2026-04-18 13:52
ERBOS,25197,15899843,0.16,tera,2026_01,2026-04-18 13:52
DGNMO,40042,327634635,0.01,tera,2026_01,2026-04-18 13:52
EGCEY,4904,19749798,0.02,tera,2026_01,2026-04-18 13:52
ARENA,22490,66996461,0.03,tera,2026_01,2026-04-18 13:52
ORCAY,188339,149972352,0.13,tera,2026_01,2026-04-18 13:52
VERTU,11568,22000000,0.05,tera,2026_01,2026-04-18 13:52
ALFAS,24458,84639559,0.03,tera,2026_01,2026-04-18 13:52
TDGYO,43070,59914214,0.07,tera,2026_01,2026-04-18 13:52
DCTTR,384674,157328724,0.24,tera,2026_01,2026-04-18 13:52
DOAS,37318,97899975,0.04,tera,2026_01,2026-04-18 13:52
HKTM,15926,72747500,0.02,tera,2026_01,2026-04-18 13:52
BASCM,13350,49238593,0.03,tera,2026_01,2026-04-18 13:52
BRSAN,5607,35912460,0.02,tera,2026_01,2026-04-18 13:52
PETUN,38332,134673118,0.03,tera,2026_01,2026-04-18 13:52
PRKAB,48570,35225443,0.14,tera,2026_01,2026-04-18 13:52
QNBTR,9687,2571745911,0.0,tera,2026_01,2026-04-18 13:52
EKSUN,139329,171792833,0.08,tera,2026_01,2026-04-18 13:52
KARTN,11234,72781126,0.02,tera,2026_01,2026-04-18 13:52
ULUSE,14075,24000000,0.06,tera,2026_01,2026-04-18 13:52
DNISI,11435,59171727,0.02,tera,2026_01,2026-04-18 13:52
SEYKM,3077,151040901,0.0,tera,2026_01,2026-04-18 13:52
SAMAT,88972,103183797,0.09,tera,2026_01,2026-04-18 13:52
DGATE,4312,15227271,0.03,tera,2026_01,2026-04-18 13:52
AYEN,42817,55531320,0.08,tera,2026_01,2026-04-18 13:52
OTKAR,7395,33417145,0.02,tera,2026_01,2026-04-18 13:52
ERSU,23801,31755894,0.07,tera,2026_01,2026-04-18 13:52
SODSN,2400,45373261,0.01,tera,2026_01,2026-04-18 13:52
AKMGY,17685,21568998,0.08,tera,2026_01,2026-04-18 13:52
EUKYO,2943,19899963,0.01,tera,2026_01,2026-04-18 13:52
MEDTR,63162,24499999,0.26,tera,2026_01,2026-04-18 13:52
ONCSM,2406,10086000,0.02,tera,2026_01,2026-04-18 13:52
ASUZU,12640,41130807,0.03,tera,2026_01,2026-04-18 13:52
HTTBT,45779,82805422,0.06,tera,2026_01,2026-04-18 13:52
SUWEN,8286,365687500,0.0,tera,2026_01,2026-04-18 13:52
DEVA,6124,199971814,0.0,tera,2026_01,2026-04-18 13:52
OTTO,10302,5474438,0.19,tera,2026_01,2026-04-18 13:52
ATSYH,32604,7998869,0.41,tera,2026_01,2026-04-18 13:52
TKFEN,39477,230848007,0.02,tera,2026_01,2026-04-18 13:52
KRONT,4760,116892885,0.0,tera,2026_01,2026-04-18 13:52
MRSHL,1434,4212888,0.03,tera,2026_01,2026-04-18 13:52
PRZMA,2578,61941154,0.0,tera,2026_01,2026-04-18 13:52
PKENT,2808,23766169,0.01,tera,2026_01,2026-04-18 13:52
TRILC,36897,118499496,0.03,tera,2026_01,2026-04-18 13:52
NUHCM,4598,33135899,0.01,tera,2026_01,2026-04-18 13:52
KLSER,24492,109457566,0.02,tera,2026_01,2026-04-18 13:52
SANEL,48991,18112451,0.27,tera,2026_01,2026-04-18 13:52
TMSN,36760,44449988,0.08,tera,2026_01,2026-04-18 13:52
PAGYO,4228,57781202,0.01,tera,2026_01,2026-04-18 13:52
DIRIT,1121,10146501,0.01,tera,2026_01,2026-04-18 13:52
GLYHO,3752,1949290631,0.0,tera,2026_01,2026-04-18 13:52
CATES,31910,33050000,0.1,tera,2026_01,2026-04-18 13:52
TNZTP,10998,87496826,0.01,tera,2026_01,2026-04-18 13:52
KZGYO,158147,49999985,0.32,tera,2026_01,2026-04-18 13:52
PAMEL,2292,21533681,0.01,tera,2026_01,2026-04-18 13:52
ANGEN,131120,86440002,0.15,tera,2026_01,2026-04-18 13:52
BALAT,38669,13585960,0.28,tera,2026_01,2026-04-18 13:52
GRNYO,39947,37386059,0.11,tera,2026_01,2026-04-18 13:52
OZSUB,4230,42499126,0.01,tera,2026_01,2026-04-18 13:52
FORTE,7433,21999999,0.03,tera,2026_01,2026-04-18 13:52
KORDS,51999,65421451,0.08,tera,2026_01,2026-04-18 13:52
EMKEL,104160,149999456,0.07,tera,2026_01,2026-04-18 13:52
GLDTRF,1771,48100000,0.0,tera,2026_01,2026-04-18 13:52
BAKAB,10113,34985326,0.03,tera,2026_01,2026-04-18 13:52
QNBFK,906,843137646,0.0,tera,2026_01,2026-04-18 13:52
BFREN,6578,24586148,0.03,tera,2026_01,2026-04-18 13:52
BINBN,4282,17000000,0.03,tera,2026_01,2026-04-18 13:52
AYCES,367,1895369,0.02,tera,2026_01,2026-04-18 13:52
INTEM,194,9428747,0.0,tera,2026_01,2026-04-18 13:52
YAPRK,934,4214998,0.02,tera,2026_01,2026-04-18 13:52
LYDYE,139,1391287,0.01,tera,2026_01,2026-04-18 13:52
SONME,2110,4349319,0.05,tera,2026_01,2026-04-18 13:52
ZPBDLF,3408,8240000,0.04,tera,2026_01,2026-04-18 13:52
GOLTS,13935,12422783,0.11,tera,2026_01,2026-04-18 13:52
LYDHO,11306,197140910,0.01,tera,2026_01,2026-04-18 13:52
KENT,668,1191005,0.06,tera,2026_01,2026-04-18 13:52
INGRM,119,14969536,0.0,tera,2026_01,2026-04-18 13:52
TEZOL,8356,139835975,0.01,tera,2026_01,2026-04-18 13:52
CMENT,3318,56829666,0.01,tera,2026_01,2026-04-18 13:52
EMNIS,10550,3429235,0.31,tera,2026_01,2026-04-18 13:52
ALCAR,996,1721735,0.06,tera,2026_01,2026-04-18 13:52
ALCTL,1160,13543218,0.01,tera,2026_01,2026-04-18 13:52
BURVA,13,4723271,0.0,tera,2026_01,2026-04-18 13:52
YBTAS,35439,31526916,0.11,tera,2026_01,2026-04-18 13:52
MTRKS,2359,43633165,0.01,tera,2026_01,2026-04-18 13:52
ISGSY,34527,47378729,0.07,tera,2026_01,2026-04-18 13:52
CASA,103,4891517,0.0,tera,2026_01,2026-04-18 13:52
SAYAS,387,42530887,0.0,tera,2026_01,2026-04-18 13:52
KONYA,49,1646416,0.0,tera,2026_01,2026-04-18 13:52
EKIZ,1,8198720,0.0,tera,2026_01,2026-04-18 13:52
KUVVA,20021,24204585,0.08,tera,2026_01,2026-04-18 13:52
ASYAB,104479,477904801,0.02,tera,2026_01,2026-04-18 13:52
BRKSN,10917,62639942,0.02,tera,2026_01,2026-04-18 13:52
FENIS,63313,26080019,0.24,tera,2026_01,2026-04-18 13:52
LUKSK,772,27257202,0.0,tera,2026_01,2026-04-18 13:52
INVES,151065,37480000,0.4,tera,2026_01,2026-04-18 13:52
KRTEK,414,18914650,0.0,tera,2026_01,2026-04-18 13:52
ATAC,265951,103398067,0.26,tera,2026_01,2026-04-18 13:52
ARTOG,3023511,18578922,16.27,tera,2026_01,2026-04-18 13:52
PENTA,407542,181070136,0.23,tera,2026_01,2026-04-18 13:52
MARKA,30080,20752018,0.14,tera,2026_01,2026-04-18 13:52
SALIX,1000,4949230,0.02,tera,2026_01,2026-04-18 13:52
GENYH,872184,9999906,8.72,tera,2026_01,2026-04-18 13:52
AKSEL,17000,7100000,0.24,tera,2026_01,2026-04-18 13:52
CMBTN,267,1023000,0.03,tera,2026_01,2026-04-18 13:52
INTEK,32,5043584,0.0,tera,2026_01,2026-04-18 13:52
ORMA,51,3663265,0.0,tera,2026_01,2026-04-18 13:52
GEDIZ,16822,7163595,0.23,tera,2026_01,2026-04-18 13:52
MEMSA,26001,160110709,0.02,tera,2026_01,2026-04-18 13:52
KLSYN,87392,107854952,0.08,tera,2026_01,2026-04-18 13:52
CLKHO,104177,26183651,0.4,tera,2026_01,2026-04-18 13:52
ARTI,8075,9881683,0.08,tera,2026_01,2026-04-18 13:52
OBASE,1178,14924000,0.01,tera,2026_01,2026-04-18 13:52
ODINE,90400,52576848,0.17,tera,2026_01,2026-04-18 13:52
PRTAS,22205,21405233,0.1,tera,2026_01,2026-04-18 13:52
MENBA,58564,3496852,1.67,tera,2026_01,2026-04-18 13:52
EGCYO,2541,21986285,0.01,tera,2026_01,2026-04-18 13:52
BMEKS,62287,114192339,0.05,tera,2026_01,2026-04-18 13:52
KRATL,5047,17800000,0.03,tera,2026_01,2026-04-18 13:52
DOGUB,49,19821566,0.0,tera,2026_01,2026-04-18 13:52
ATPET,2002,11403497,0.02,tera,2026_01,2026-04-18 13:52
ENPRA,30144,15294299,0.2,tera,2026_01,2026-04-18 13:52
EGYO,116906,36676214,0.32,tera,2026_01,2026-04-18 13:52
ARBUL,3402,15459297,0.02,tera,2026_01,2026-04-18 13:52
MANGO,10002,37831688,0.03,tera,2026_01,2026-04-18 13:52
RANLO,10302,19850386,0.05,tera,2026_01,2026-04-18 13:52
CBSBO,4602,14692447,0.03,tera,2026_01,2026-04-18 13:52
DMISH,2700,22727060,0.01,tera,2026_01,2026-04-18 13:52
ERICO,1000,5214523,0.02,tera,2026_01,2026-04-18 13:52
MTRYO,41,39900000,0.0,tera,2026_01,2026-04-18 13:52
MAKIM,1945,42559998,0.0,tera,2026_01,2026-04-18 13:52
NIBAS,30,267767946,0.0,tera,2026_01,2026-04-18 13:52
TARAF,100,5035100,0.0,tera,2026_01,2026-04-18 13:52
AKPAZ,100,22489187,0.0,tera,2026_01,2026-04-18 13:52
KPHOL,1,4207498,0.0,tera,2026_01,2026-04-18 13:52
HITIT,1,4488204,0.0,tera,2026_01,2026-04-18 13:52
TUMTK,5,76370187,0.0,tera,2026_01,2026-04-18 13:52
TRNSK,1,25616249,0.0,tera,2026_01,2026-04-18 13:52
ESEMS,1,11202091,0.0,tera,2026_01,2026-04-18 13:52
LATEK,2,39499512,0.0,tera,2026_01,2026-04-18 13:52
ANELT,1,43199817,0.0,tera,2026_01,2026-04-18 13:52
FVORI,0,17564673,0.0,tera,2026_01,2026-04-18 13:52
UZEL,3945,26329793,0.01,tera,2026_01,2026-04-18 13:52
ARAT,104200,39867975,0.26,tera,2026_01,2026-04-18 13:52
BYSAN,10,16552134,0.0,tera,2026_01,2026-04-18 13:52
UKIM,5,2053621,0.0,tera,2026_01,2026-04-18 13:52
LIOYS,1810,31625013,0.01,tera,2026_01,2026-04-18 13:52
UNTAR,16434,29562129,0.06,tera,2026_01,2026-04-18 13:52
BASGZ,135855,174999999,0.08,tera,2026_01,2026-04-18 13:52
UMPAS,63819,19320590,0.33,tera,2026_01,2026-04-18 13:52
SUMAS,449,5433852,0.01,tera,2026_01,2026-04-18 13:52
KERVN,10101,588346973,0.0,tera,2026_01,2026-04-18 13:52
MRTGG,52001,14339249,0.36,tera,2026_01,2026-04-18 13:52
GOLDS,84803,192323946,0.04,tera,2026_01,2026-04-18 13:52
ZRGYO,10000,1173404997,0.0,tera,2026_01,2026-04-18 13:52
GNPWR,561725,21999996,2.55,tera,2026_01,2026-04-18 13:52
ARASE,375,49999991,0.0,tera,2026_01,2026-04-18 13:52
TABGD,18667,52499906,0.04,tera,2026_01,2026-04-18 13:52
MMCAS,152,12393964,0.0,tera,2026_01,2026-04-18 13:52
GESAN,38719,141759180,0.03,tera,2026_01,2026-04-18 13:52
CLEBI,3225,5490178,0.06,tera,2026_01,2026-04-18 13:52
SDTTR,2116,15990000,0.01,tera,2026_01,2026-04-18 13:52
VKFYO,21205,26473700,0.08,tera,2026_01,2026-04-18 13:52
SKYLP,17393,7159255,0.24,tera,2026_01,2026-04-18 13:52
ANELE,60019,151405542,0.04,tera,2026_01,2026-04-18 13:52
POLTK,23,1125000,0.0,tera,2026_01,2026-04-18 13:52
KSTUR,21,3952561,0.0,tera,2026_01,2026-04-18 13:52
TARKM,692,4999885,0.01,tera,2026_01,2026-04-18 13:52
KAPLM,548396,4563571,12.02,tera,2026_01,2026-04-18 13:52
KONKA,60240,89670000,0.07,tera,2026_01,2026-04-18 13:52
DESA,10,171107590,0.0,tera,2026_01,2026-04-18 13:52
MAALT,570,4763850,0.01,tera,2026_01,2026-04-18 13:52
UFUK,2860,46845974,0.01,tera,2026_01,2026-04-18 13:52
BRMEN,243,57566555,0.0,tera,2026_01,2026-04-18 13:52
COSMO,378,6494091,0.01,tera,2026_01,2026-04-18 13:52
TKNSA,455,100485379,0.0,tera,2026_01,2026-04-18 13:52
KMPUR,87459,132432524,0.07,tera,2026_01,2026-04-18 13:52
EGEEN,527,1137161,0.05,tera,2026_01,2026-04-18 13:52
LINK,8905,18231985,0.05,tera,2026_01,2026-04-18 13:52
KLYPV,33324,46334639,0.07,tera,2026_01,2026-04-18 13:52
AVTUR,323,43067999,0.0,tera,2026_01,2026-04-18 13:52
FMIZP,861,3497751,0.02,tera,2026_01,2026-04-18 13:52
BRYAT,71143,10264685,0.69,tera,2026_01,2026-04-18 13:52
BANVT,1277,36961044,0.0,tera,2026_01,2026-04-18 13:52
TTRAK,8852,24967458,0.04,tera,2026_01,2026-04-18 13:52
TLMAN,362,10300000,0.0,tera,2026_01,2026-04-18 13:52
EGGUB,32346,75862114,0.04,tera,2026_01,2026-04-18 13:52
VKING,44141,30932905,0.14,tera,2026_01,2026-04-18 13:52
ATAKP,3103,28224000,0.01,tera,2026_01,2026-04-18 13:52
TGSAS,717985,12348294,5.81,tera,2026_01,2026-04-18 13:52
GOODY,12,132804473,0.0,tera,2026_01,2026-04-18 13:52
ULAS,6565,25200172,0.03,tera,2026_01,2026-04-18 13:52
AFYON,42831,399992258,0.01,tera,2026_01,2026-04-18 13:52
AVHOL,3741,26047279,0.01,tera,2026_01,2026-04-18 13:52
DGGYO,30321,280709437,0.01,tera,2026_01,2026-04-18 13:52
ATATP,17092,18809999,0.09,tera,2026_01,2026-04-18 13:52
ENSRI,15,236333503,0.0,tera,2026_01,2026-04-18 13:52
BOSSA,268761,508724189,0.05,tera,2026_01,2026-04-18 13:52
EBEBK,253,40534692,0.0,tera,2026_01,2026-04-18 13:52
DOFRB,24105,45000000,0.05,tera,2026_01,2026-04-18 13:52
VAKKO,43,30789786,0.0,tera,2026_01,2026-04-18 13:52
IHAAS,40737,56031248,0.07,tera,2026_01,2026-04-18 13:52
LOGO,1710,74328248,0.0,tera,2026_01,2026-04-18 13:52
VRGYO,405592,597643904,0.07,tera,2026_01,2026-04-18 13:52
PARSN,53753,34033246,0.16,tera,2026_01,2026-04-18 13:52
DZGYO,156051,399777846,0.04,tera,2026_01,2026-04-18 13:52
DERIM,1117,40403770,0.0,tera,2026_01,2026-04-18 13:52
NTHOL,6254,485479112,0.0,tera,2026_01,2026-04-18 13:52
AVGYO,147516,111590302,0.13,tera,2026_01,2026-04-18 13:52
POLHO,57903,164140074,0.04,tera,2026_01,2026-04-18 13:52
VSNMD,14359,24000000,0.06,tera,2026_01,2026-04-18 13:52
GLCVY,13558,26400000,0.05,tera,2026_01,2026-04-18 13:52
EDIP,7300,36468204,0.02,tera,2026_01,2026-04-18 13:52
BRISA,2500,31247472,0.01,tera,2026_01,2026-04-18 13:52
BLUME,130312,174710134,0.07,tera,2026_01,2026-04-18 13:52
CUSAN,409,18500000,0.0,tera,2026_01,2026-04-18 13:52
KLNMA,315,91846864,0.0,tera,2026_01,2026-04-18 13:52
OYAYO,36686,19999941,0.18,tera,2026_01,2026-04-18 13:52
BVSAN,50606,13749998,0.37,tera,2026_01,2026-04-18 13:52
HRKET,13087,24000000,0.05,tera,2026_01,2026-04-18 13:52
KRDMA,33149,240300917,0.01,tera,2026_01,2026-04-18 13:52
SEGYO,240247,203388821,0.12,tera,2026_01,2026-04-18 13:52
MAKTK,2821,184370066,0.0,tera,2026_01,2026-04-18 13:52
KAREL,60596,329659497,0.02,tera,2026_01,2026-04-18 13:52
BJKAS,563830,1776089716,0.03,tera,2026_01,2026-04-18 13:52
AHGAZ,270718,659370871,0.04,tera,2026_01,2026-04-18 13:52
KFEIN,90591,150306170,0.06,tera,2026_01,2026-04-18 13:52
CONSE,50419,377854899,0.01,tera,2026_01,2026-04-18 13:52
KUTPO,4577,10524430,0.04,tera,2026_01,2026-04-18 13:52
AYDEM,1122,130000000,0.0,tera,2026_01,2026-04-18 13:52
BIGEN,194316,115500000,0.17,tera,2026_01,2026-04-18 13:52
JANTS,46500,207477849,0.02,tera,2026_01,2026-04-18 13:52
ICBCT,33138,216761845,0.02,tera,2026_01,2026-04-18 13:52
TBORG,1320,59392160,0.0,tera,2026_01,2026-04-18 13:52
FONET,158660,577082984,0.03,tera,2026_01,2026-04-18 13:52
MOBTL,21238,207999999,0.01,tera,2026_01,2026-04-18 13:52
SMART,8598,29737499,0.03,tera,2026_01,2026-04-18 13:52
ONRYT,-3830,19730000,-0.02,tera,2026_01,2026-04-18 13:52
METRO,152242,539989959,0.03,tera,2026_01,2026-04-18 13:52
BEYAZ,5661,42317352,0.01,tera,2026_01,2026-04-18 13:52
ACSEL,9633,8589113,0.11,tera,2026_01,2026-04-18 13:52
BIGCH,105056,73786589,0.14,tera,2026_01,2026-04-18 13:52
DESPC,876,16023700,0.01,tera,2026_01,2026-04-18 13:52
TRCAS,57,206252778,0.0,tera,2026_01,2026-04-18 13:52
EFOR,6900977,539999994,1.28,tera,2026_01,2026-04-18 13:52
GEDZA,423435,42983624,0.99,tera,2026_01,2026-04-18 13:52
PNLSN,429,34752383,0.0,tera,2026_01,2026-04-18 13:52
BLCYT,2252,49088907,0.0,tera,2026_01,2026-04-18 13:52
EKOS,392890,307199852,0.13,tera,2026_01,2026-04-18 13:52
SUNTK,17022,144433250,0.01,tera,2026_01,2026-04-18 13:52
ARCLK,36352,170054748,0.02,tera,2026_01,2026-04-18 13:52
SKYMD,20699,52499981,0.04,tera,2026_01,2026-04-18 13:52
AKFIS,-1531,66841328,-0.0,tera,2026_01,2026-04-18 13:52
OZYSR,26458,40488000,0.07,tera,2026_01,2026-04-18 13:52
OSMEN,82198,157750927,0.05,tera,2026_01,2026-04-18 13:52
FADE,48511,42347497,0.11,tera,2026_01,2026-04-18 13:52
DOKTA,62186,145872862,0.04,tera,2026_01,2026-04-18 13:52
THYAO,414541,739329751,0.06,tera,2026_01,2026-04-18 13:52
UNLU,95714,102181558,0.09,tera,2026_01,2026-04-18 13:52
RAYSG,2525,51947024,0.0,tera,2026_01,2026-04-18 13:52
NETAS,2733,31783484,0.01,tera,2026_01,2026-04-18 13:52
ARMGD,1409,54996000,0.0,tera,2026_01,2026-04-18 13:52
AGHOL,78415,1068828243,0.01,tera,2026_01,2026-04-18 13:52
SAHOL,104640,1142761094,0.01,tera,2026_01,2026-04-18 13:52
ISSEN,112020,107411517,0.1,tera,2026_01,2026-04-18 13:52
ARTMS,75478,24199999,0.31,tera,2026_01,2026-04-18 13:52
EGPRO,47232,175170570,0.03,tera,2026_01,2026-04-18 13:52
SANKO,11048,37499197,0.03,tera,2026_01,2026-04-18 13:52
GSDHO,632024,999994969,0.06,tera,2026_01,2026-04-18 13:52
GMSTRF,-10109,70300000,-0.01,tera,2026_01,2026-04-18 13:52
ERCB,58599,39113273,0.15,tera,2026_01,2026-04-18 13:52
KRDMB,7,118762110,0.0,tera,2026_01,2026-04-18 13:52
SRVGY,387983,806067999,0.05,tera,2026_01,2026-04-18 13:52
BEGYO,641025,277250000,0.23,tera,2026_01,2026-04-18 13:52
CEMZY,75470,124118690,0.06,tera,2026_01,2026-04-18 13:52
ALVES,-11451,862856920,-0.0,tera,2026_01,2026-04-18 13:52
ESCOM,216379,463831670,0.05,tera,2026_01,2026-04-18 13:52
BOBET,5731,113999998,0.01,tera,2026_01,2026-04-18 13:52
GARFA,515,138399778,0.0,tera,2026_01,2026-04-18 13:52
TURGG,292037,32042988,0.91,tera,2026_01,2026-04-18 13:52
BARMA,704393,67594701,1.04,tera,2026_01,2026-04-18 13:52
GIPTA,479079,51625912,0.93,tera,2026_01,2026-04-18 13:52
ANSGR,31320,1564416026,0.0,tera,2026_01,2026-04-18 13:52
SERNT,167393,113000000,0.15,tera,2026_01,2026-04-18 13:52
GWIND,781196,179165491,0.44,tera,2026_01,2026-04-18 13:52
KLGYO,6676,689399869,0.0,tera,2026_01,2026-04-18 13:52
SARKY,24355,999999671,0.0,tera,2026_01,2026-04-18 13:52
DUNYH,1852,36443197,0.01,tera,2026_01,2026-04-18 13:52
BIOEN,72777,197983419,0.04,tera,2026_01,2026-04-18 13:52
TUREX,146978,432000000,0.03,tera,2026_01,2026-04-18 13:52
ICUGS,167519,336250000,0.05,tera,2026_01,2026-04-18 13:52
VAKBN,240440,8046896130,0.0,tera,2026_01,2026-04-18 13:52
LIDER,2424604,279500000,0.87,tera,2026_01,2026-04-18 13:52
TMPOL,33043,11039990,0.3,tera,2026_01,2026-04-18 13:52
BYDNR,33681,20499984,0.16,tera,2026_01,2026-04-18 13:52
YATAS,-16685,94866488,-0.02,tera,2026_01,2026-04-18 13:52
PATEK,330527,293081892,0.11,tera,2026_01,2026-04-18 13:52
EUPWR,112938,199610525,0.06,tera,2026_01,2026-04-18 13:52
EUYO,123751,19932876,0.62,tera,2026_01,2026-04-18 13:52
OYAKC,145956,4656879380,0.0,tera,2026_01,2026-04-18 13:52
TRALT,747967,952271819,0.08,tera,2026_01,2026-04-18 13:52
ALTNY,25364,399889404,0.01,tera,2026_01,2026-04-18 13:52
ALKA,649446,330750000,0.2,tera,2026_01,2026-04-18 13:52
DAGI,26425,175301274,0.02,tera,2026_01,2026-04-18 13:52
BURCE,-46178,44422390,-0.1,tera,2026_01,2026-04-18 13:52
AKFYE,185620,551782160,0.03,tera,2026_01,2026-04-18 13:52
INVEO,90583,998999954,0.01,tera,2026_01,2026-04-18 13:52
ENDAE,61389,120211591,0.05,tera,2026_01,2026-04-18 13:52
IHLGM,1223898,986078000,0.12,tera,2026_01,2026-04-18 13:52
ARDYZ,45441,279551557,0.02,tera,2026_01,2026-04-18 13:52
OFSYM,41471,22749998,0.18,tera,2026_01,2026-04-18 13:52
ADGYO,261782,379654367,0.07,tera,2026_01,2026-04-18 13:52
PRKME,74557,53038641,0.14,tera,2026_01,2026-04-18 13:52
ASTOR,88851,366896261,0.02,tera,2026_01,2026-04-18 13:52
IDGYO,43673,119234999,0.04,tera,2026_01,2026-04-18 13:52
BRKVY,66152,13618361,0.49,tera,2026_01,2026-04-18 13:52
TRGYO,-59345,251573369,-0.02,tera,2026_01,2026-04-18 13:52
ENJSA,-53965,236211770,-0.02,tera,2026_01,2026-04-18 13:52
VBTYZ,110564,55935000,0.2,tera,2026_01,2026-04-18 13:52
MRGYO,1370936,1035439185,0.13,tera,2026_01,2026-04-18 13:52
LMKDC,4466,155929999,0.0,tera,2026_01,2026-04-18 13:52
MZHLD,331734,72215314,0.46,tera,2026_01,2026-04-18 13:52
BAGFS,85913,100042745,0.09,tera,2026_01,2026-04-18 13:52
AGYO,21,129036460,0.0,tera,2026_01,2026-04-18 13:52
ECILC,73324,210589603,0.03,tera,2026_01,2026-04-18 13:52
ANHYT,-60487,88457041,-0.07,tera,2026_01,2026-04-18 13:52
KBORU,42192,143999994,0.03,tera,2026_01,2026-04-18 13:52
AGESA,-79409,35829553,-0.22,tera,2026_01,2026-04-18 13:52
YUNSA,196255,202164056,0.1,tera,2026_01,2026-04-18 13:52
TUKAS,2465631,4499995929,0.05,tera,2026_01,2026-04-18 13:52
MERIT,8783,329748900,0.0,tera,2026_01,2026-04-18 13:52
IZMDC,295343,723225318,0.04,tera,2026_01,2026-04-18 13:52
LRSHO,1313202,724120946,0.18,tera,2026_01,2026-04-18 13:52
ECZYT,148,45880511,0.0,tera,2026_01,2026-04-18 13:52
ALKLC,7192484,45382467,15.85,tera,2026_01,2026-04-18 13:52
ASGYO,125987,165000000,0.08,tera,2026_01,2026-04-18 13:52
YESIL,44923,640699952,0.01,tera,2026_01,2026-04-18 13:52
ESCAR,877453,101933690,0.86,tera,2026_01,2026-04-18 13:52
AKSGY,-54731,1628451947,-0.0,tera,2026_01,2026-04-18 13:52
KIMMR,-53880,75000000,-0.07,tera,2026_01,2026-04-18 13:52
ISDMR,-51734,147623050,-0.04,tera,2026_01,2026-04-18 13:52
HURGZ,240540,220784167,0.11,tera,2026_01,2026-04-18 13:52
DURKN,37924,42500000,0.09,tera,2026_01,2026-04-18 13:52
MAGEN,362178,719512140,0.05,tera,2026_01,2026-04-18 13:52
EGEGY,122773,61200000,0.2,tera,2026_01,2026-04-18 13:52
SEGMN,10270,80999980,0.01,tera,2026_01,2026-04-18 13:52
SOKM,-34943,448708248,-0.01,tera,2026_01,2026-04-18 13:52
MACKO,-52298,41453550,-0.13,tera,2026_01,2026-04-18 13:52
OZKGY,8773242,363999945,2.41,tera,2026_01,2026-04-18 13:52
KRGYO,4342,275373393,0.0,tera,2026_01,2026-04-18 13:52
ISYAT,12257,152245569,0.01,tera,2026_01,2026-04-18 13:52
MNDTR,917970,910071938,0.1,tera,2026_01,2026-04-18 13:52
VKGYO,462679,1637202242,0.03,tera,2026_01,2026-04-18 13:52
GENIL,2021640,85937999,2.35,tera,2026_01,2026-04-18 13:52
PLTUR,45639,49500000,0.09,tera,2026_01,2026-04-18 13:52
BESLR,98802,658098036,0.02,tera,2026_01,2026-04-18 13:52
FORMT,5969889,1075744232,0.55,tera,2026_01,2026-04-18 13:52
MAVI,48549,576779312,0.01,tera,2026_01,2026-04-18 13:52
IEYHO,688320,541032947,0.13,tera,2026_01,2026-04-18 13:52
TCKRC,356422,70000000,0.51,tera,2026_01,2026-04-18 13:52
BINHO,2170511,488884390,0.44,tera,2026_01,2026-04-18 13:52
TSKB,240662,1516591673,0.02,tera,2026_01,2026-04-18 13:52
LILAK,60409,260252730,0.02,tera,2026_01,2026-04-18 13:52
PETKM,422600,1241736844,0.03,tera,2026_01,2026-04-18 13:52
TATGD,2845007,119284718,2.39,tera,2026_01,2026-04-18 13:52
IHEVA,437568,291631239,0.15,tera,2026_01,2026-04-18 13:52
AEFES,1292597,2028860053,0.06,tera,2026_01,2026-04-18 13:52
SELEC,-118749,124262097,-0.1,tera,2026_01,2026-04-18 13:52
DOFER,41895,19572500,0.21,tera,2026_01,2026-04-18 13:52
SISE,1402143,1814922730,0.08,tera,2026_01,2026-04-18 13:52
HUNER,165036,670137934,0.02,tera,2026_01,2026-04-18 13:52
TEKTU,839292,195639308,0.43,tera,2026_01,2026-04-18 13:52
ALARK,-47102,164975148,-0.03,tera,2026_01,2026-04-18 13:52
ALBRK,498704,1050739765,0.05,tera,2026_01,2026-04-18 13:52
SKTAS,1262757,332865443,0.38,tera,2026_01,2026-04-18 13:52
TRMET,-145059,174454588,-0.08,tera,2026_01,2026-04-18 13:52
IZINV,2735045,13540386,20.2,tera,2026_01,2026-04-18 13:52
MPARK,-42125,80869110,-0.05,tera,2026_01,2026-04-18 13:52
KRVGD,-13044,596159766,-0.0,tera,2026_01,2026-04-18 13:52
BULGS,456624,72499900,0.63,tera,2026_01,2026-04-18 13:52
GRSEL,630261,29650000,2.13,tera,2026_01,2026-04-18 13:52
IHLAS,878432,1396079076,0.06,tera,2026_01,2026-04-18 13:52
SAFKR,1763651,139427409,1.26,tera,2026_01,2026-04-18 13:52
EUREN,764024,1040132637,0.07,tera,2026_01,2026-04-18 13:52
KRSTL,826264,183664642,0.45,tera,2026_01,2026-04-18 13:52
MEGMT,88684,72749999,0.12,tera,2026_01,2026-04-18 13:52
HUBVC,875086,277189572,0.32,tera,2026_01,2026-04-18 13:52
BSOKE,995868,458486931,0.22,tera,2026_01,2026-04-18 13:52
BORSK,38443,279999879,0.01,tera,2026_01,2026-04-18 13:52
YYLGD,521227,369826200,0.14,tera,2026_01,2026-04-18 13:52
HATEK,465412,62998947,0.74,tera,2026_01,2026-04-18 13:52
DARDL,209683,1753442695,0.01,tera,2026_01,2026-04-18 13:52
TOASO,-107906,120585076,-0.09,tera,2026_01,2026-04-18 13:52
GZNMI,7405,40910271,0.02,tera,2026_01,2026-04-18 13:52
IHGZT,878614,570666228,0.15,tera,2026_01,2026-04-18 13:52
DERHL,389593,197281316,0.2,tera,2026_01,2026-04-18 13:52
ALGYO,1898326,989357377,0.19,tera,2026_01,2026-04-18 13:52
ENERY,125840,2420686786,0.01,tera,2026_01,2026-04-18 13:52
KTLEV,45008760,1288500000,3.49,tera,2026_01,2026-04-18 13:52
KLKIM,-286696,138383655,-0.21,tera,2026_01,2026-04-18 13:52
IZENR,313500,914537597,0.03,tera,2026_01,2026-04-18 13:52
FRIGO,617785,153667954,0.4,tera,2026_01,2026-04-18 13:52
OZGYO,317180,490916869,0.06,tera,2026_01,2026-04-18 13:52
GUBRF,-351442,85359737,-0.41,tera,2026_01,2026-04-18 13:52
ZOREN,1846573,2681244172,0.07,tera,2026_01,2026-04-18 13:52
GENTS,1237604,749958921,0.17,tera,2026_01,2026-04-18 13:52
KOCMT,-87493,581991187,-0.02,tera,2026_01,2026-04-18 13:52
HDFGS,628330,956974190,0.07,tera,2026_01,2026-04-18 13:52
TUCLK,-386060,230681400,-0.17,tera,2026_01,2026-04-18 13:52
KZBGY,231441,585996164,0.04,tera,2026_01,2026-04-18 13:52
DURDO,629,379703149,0.0,tera,2026_01,2026-04-18 13:52
BIGTK,10274,23395022,0.04,tera,2026_01,2026-04-18 13:52
PAPIL,695384,206247674,0.34,tera,2026_01,2026-04-18 13:52
MERCN,827731,74389005,1.11,tera,2026_01,2026-04-18 13:52
ARFYE,323583,47000000,0.69,tera,2026_01,2026-04-18 13:52
ZPLIBF,-757638,206760000,-0.37,tera,2026_01,2026-04-18 13:52
DOHOL,13814367,984706959,1.4,tera,2026_01,2026-04-18 13:52
GARAN,61893,2454854227,0.0,tera,2026_01,2026-04-18 13:52
ARSAN,306554,887344274,0.03,tera,2026_01,2026-04-18 13:52
MANAS,1580811,149942371,1.05,tera,2026_01,2026-04-18 13:52
CEOEM,90748,22232614,0.41,tera,2026_01,2026-04-18 13:52
HALKB,594652,6546422780,0.01,tera,2026_01,2026-04-18 13:52
PNSUT,2303723,128323851,1.8,tera,2026_01,2026-04-18 13:52
IZFAS,1299308,156001658,0.83,tera,2026_01,2026-04-18 13:52
YKBNK,1706578,4705235952,0.04,tera,2026_01,2026-04-18 13:52
DMRGD,1519633,1277294592,0.12,tera,2026_01,2026-04-18 13:52
AKGRT,-1099682,629007625,-0.17,tera,2026_01,2026-04-18 13:52
QUAGR,1075048,1771950000,0.06,tera,2026_01,2026-04-18 13:52
RYGYO,278538,770588057,0.04,tera,2026_01,2026-04-18 13:52
VAKFN,349047,2064378140,0.02,tera,2026_01,2026-04-18 13:52
TRHOL,818472,17635692,4.64,tera,2026_01,2026-04-18 13:52
PASEU,13867574,215295868,6.44,tera,2026_01,2026-04-18 13:52
GRTHO,979935,36745000,2.67,tera,2026_01,2026-04-18 13:52
PSGYO,3491457,2954231556,0.12,tera,2026_01,2026-04-18 13:52
CVKMD,26518277,461999787,5.74,tera,2026_01,2026-04-18 13:52
AKFGY,-36266,3457819315,-0.0,tera,2026_01,2026-04-18 13:52
SASA,14046647,25700421137,0.05,tera,2026_01,2026-04-18 13:52
ADEL,1720679,112043619,1.54,tera,2026_01,2026-04-18 13:52
DAPGM,2527365,928276145,0.27,tera,2026_01,2026-04-18 13:52
EYGYO,2417050,341859667,0.71,tera,2026_01,2026-04-18 13:52
ISCTR,3682794,8880196742,0.04,tera,2026_01,2026-04-18 13:52
AKBNK,113233,3059020211,0.0,tera,2026_01,2026-04-18 13:52
BTCIM,3579999,4046650979,0.09,tera,2026_01,2026-04-18 13:52
SMRVA,7087,28000000,0.03,tera,2026_01,2026-04-18 13:52
PAHOL,5671811,3999999979,0.14,tera,2026_01,2026-04-18 13:52
KUYAS,20094893,395658898,5.08,tera,2026_01,2026-04-18 13:52
EREGL,-11388425,3554238535,-0.32,tera,2026_01,2026-04-18 13:52
PEKGY,321167889,4685012615,6.86,tera,2026_01,2026-04-18 13:52
TEHOL,619878600,1967936441,31.5,tera,2026_01,2026-04-18 13:52
LYDHO,153463732,197140910,77.84,bulls,2026_01,2026-04-18 13:52
BTCIM,75682468,4046650979,1.87,bulls,2026_01,2026-04-18 13:52
SASA,48201885,25700421137,0.19,bulls,2026_01,2026-04-18 13:52
DMRGD,34207982,1277294592,2.68,bulls,2026_01,2026-04-18 13:52
BIGTK,15604860,23395022,66.7,bulls,2026_01,2026-04-18 13:52
CANTE,36650714,6026143802,0.61,bulls,2026_01,2026-04-18 13:52
PAHOL,29330539,3999999979,0.73,bulls,2026_01,2026-04-18 13:52
BSOKE,18242743,458486931,3.98,bulls,2026_01,2026-04-18 13:52
MIATK,25647576,313087979,8.19,bulls,2026_01,2026-04-18 13:52
TSPOR,12476094,3674526664,0.34,bulls,2026_01,2026-04-18 13:52
GRTHO,4139772,36745000,11.27,bulls,2026_01,2026-04-18 13:52
BYDNR,2839234,20499984,13.85,bulls,2026_01,2026-04-18 13:52
ECOGR,2736279,109980000,2.49,bulls,2026_01,2026-04-18 13:52
MNDTR,2756247,910071938,0.3,bulls,2026_01,2026-04-18 13:52
BULGS,5806540,72499900,8.01,bulls,2026_01,2026-04-18 13:52
ZGYO,2138037,84499889,2.53,bulls,2026_01,2026-04-18 13:52
KGYO,2875073,767895149,0.37,bulls,2026_01,2026-04-18 13:52
OBAMS,3251201,725750028,0.45,bulls,2026_01,2026-04-18 13:52
VKGYO,3084012,1637202242,0.19,bulls,2026_01,2026-04-18 13:52
KTLEV,3887365,1288500000,0.3,bulls,2026_01,2026-04-18 13:52
KUYAS,30721754,395658898,7.76,bulls,2026_01,2026-04-18 13:52
TRALT,4197000,952271819,0.44,bulls,2026_01,2026-04-18 13:52
ODAS,9688848,1113798031,0.87,bulls,2026_01,2026-04-18 13:52
ESCOM,3409013,463831670,0.73,bulls,2026_01,2026-04-18 13:52
ALVES,1599743,862856920,0.19,bulls,2026_01,2026-04-18 13:52
LKMNH,1736618,163262533,1.06,bulls,2026_01,2026-04-18 13:52
KONTR,4326774,936038763,0.46,bulls,2026_01,2026-04-18 13:52
SKBNK,1601505,2498879854,0.06,bulls,2026_01,2026-04-18 13:52
ALGYO,1643188,989357377,0.17,bulls,2026_01,2026-04-18 13:52
GLYHO,4088692,1949290631,0.21,bulls,2026_01,2026-04-18 13:52
AVOD,1403938,253604577,0.55,bulls,2026_01,2026-04-18 13:52
KLGYO,2393658,689399869,0.35,bulls,2026_01,2026-04-18 13:52
NIBAS,1356186,267767946,0.51,bulls,2026_01,2026-04-18 13:52
GSRAY,11745481,10123744690,0.12,bulls,2026_01,2026-04-18 13:52
PETKM,907395,1241736844,0.07,bulls,2026_01,2026-04-18 13:52
SRVGY,6586108,806067999,0.82,bulls,2026_01,2026-04-18 13:52
MERIT,940431,329748900,0.29,bulls,2026_01,2026-04-18 13:52
EGEGY,13640154,61200000,22.29,bulls,2026_01,2026-04-18 13:52
AZTEK,964157,279000000,0.35,bulls,2026_01,2026-04-18 13:52
AKCNS,1370852,39359284,3.48,bulls,2026_01,2026-04-18 13:52
INFO,1690820,767463337,0.22,bulls,2026_01,2026-04-18 13:52
FENER,952789,2772321026,0.03,bulls,2026_01,2026-04-18 13:52
ADESE,3225910,4687131701,0.07,bulls,2026_01,2026-04-18 13:52
YYAPI,3832497,1705025550,0.22,bulls,2026_01,2026-04-18 13:52
ALKIM,2151610,182767821,1.18,bulls,2026_01,2026-04-18 13:52
TEHOL,3013444,1967936441,0.15,bulls,2026_01,2026-04-18 13:52
RYGYO,1229936,770588057,0.16,bulls,2026_01,2026-04-18 13:52
ERCB,754494,39113273,1.93,bulls,2026_01,2026-04-18 13:52
ALARK,1027561,164975148,0.62,bulls,2026_01,2026-04-18 13:52
EFOR,5939469,539999994,1.1,bulls,2026_01,2026-04-18 13:52
IZFAS,621448,156001658,0.4,bulls,2026_01,2026-04-18 13:52
SNGYO,2132118,3607173097,0.06,bulls,2026_01,2026-04-18 13:52
MEYSU,487041,175000000,0.28,bulls,2026_01,2026-04-18 13:52
ASELS,1637685,1178597817,0.14,bulls,2026_01,2026-04-18 13:52
OSTIM,9527342,509984964,1.87,bulls,2026_01,2026-04-18 13:52
SELVA,1861450,747897737,0.25,bulls,2026_01,2026-04-18 13:52
METRO,524737,539989959,0.1,bulls,2026_01,2026-04-18 13:52
GMTAS,810291,298687813,0.27,bulls,2026_01,2026-04-18 13:52
FRIGO,1421990,153667954,0.93,bulls,2026_01,2026-04-18 13:52
BINHO,2120430,488884390,0.43,bulls,2026_01,2026-04-18 13:52
ESEN,407390,682499950,0.06,bulls,2026_01,2026-04-18 13:52
LINK,2667410,18231985,14.63,bulls,2026_01,2026-04-18 13:52
ATAKP,357146,28224000,1.27,bulls,2026_01,2026-04-18 13:52
KAYSE,471110,814062605,0.06,bulls,2026_01,2026-04-18 13:52
EUREN,1474111,1040132637,0.14,bulls,2026_01,2026-04-18 13:52
YKSLN,901162,197429570,0.46,bulls,2026_01,2026-04-18 13:52
HLGYO,2135195,1075198516,0.2,bulls,2026_01,2026-04-18 13:52
AKFYE,440791,551782160,0.08,bulls,2026_01,2026-04-18 13:52
TRILC,407899,118499496,0.34,bulls,2026_01,2026-04-18 13:52
BALSU,582425,278000000,0.21,bulls,2026_01,2026-04-18 13:52
MHRGY,422847,310499991,0.14,bulls,2026_01,2026-04-18 13:52
EKSUN,848554,171792833,0.49,bulls,2026_01,2026-04-18 13:52
DERHL,321597,197281316,0.16,bulls,2026_01,2026-04-18 13:52
SISE,1988775,1814922730,0.11,bulls,2026_01,2026-04-18 13:52
LILAK,379284,260252730,0.15,bulls,2026_01,2026-04-18 13:52
ULUUN,361825,290523352,0.12,bulls,2026_01,2026-04-18 13:52
DUNYH,15806336,36443197,43.37,bulls,2026_01,2026-04-18 13:52
PRDGS,388574,110850000,0.35,bulls,2026_01,2026-04-18 13:52
EKOS,664806,307199852,0.22,bulls,2026_01,2026-04-18 13:52
KOTON,397383,136599960,0.29,bulls,2026_01,2026-04-18 13:52
EUYO,460478,19932876,2.31,bulls,2026_01,2026-04-18 13:52
SMRTG,335169,664164672,0.05,bulls,2026_01,2026-04-18 13:52
BNTAS,1400258,170624998,0.82,bulls,2026_01,2026-04-18 13:52
MARKA,266833,20752018,1.29,bulls,2026_01,2026-04-18 13:52
IHEVA,431028,291631239,0.15,bulls,2026_01,2026-04-18 13:52
DMLKTG,369650,2576335943,0.01,bulls,2026_01,2026-04-18 13:52
NATEN,1064283,309375000,0.34,bulls,2026_01,2026-04-18 13:52
IMASM,2225575,622850499,0.36,bulls,2026_01,2026-04-18 13:52
LIDFA,262850,458180545,0.06,bulls,2026_01,2026-04-18 13:52
EUPWR,697098,199610525,0.35,bulls,2026_01,2026-04-18 13:52
LMKDC,214163,155929999,0.14,bulls,2026_01,2026-04-18 13:52
SEGMN,250059,80999980,0.31,bulls,2026_01,2026-04-18 13:52
DOFRB,189589,45000000,0.42,bulls,2026_01,2026-04-18 13:52
BORSK,1092663,279999879,0.39,bulls,2026_01,2026-04-18 13:52
SARKY,283489,999999671,0.03,bulls,2026_01,2026-04-18 13:52
ENJSA,380625,236211770,0.16,bulls,2026_01,2026-04-18 13:52
KRONT,502185,116892885,0.43,bulls,2026_01,2026-04-18 13:52
YUNSA,1743163,202164056,0.86,bulls,2026_01,2026-04-18 13:52
MERKO,350933,101104701,0.35,bulls,2026_01,2026-04-18 13:52
TCKRC,246371,70000000,0.35,bulls,2026_01,2026-04-18 13:52
BERA,344357,491816866,0.07,bulls,2026_01,2026-04-18 13:52
BIENY,442874,83144831,0.53,bulls,2026_01,2026-04-18 13:52
KLYPV,156960,46334639,0.34,bulls,2026_01,2026-04-18 13:52
THYAO,319893,739329751,0.04,bulls,2026_01,2026-04-18 13:52
EDATA,154816,160065396,0.1,bulls,2026_01,2026-04-18 13:52
NTGAZ,194359,276000000,0.07,bulls,2026_01,2026-04-18 13:52
MRGYO,1647947,1035439185,0.16,bulls,2026_01,2026-04-18 13:52
CRFSA,129346,18312793,0.71,bulls,2026_01,2026-04-18 13:52
SNICA,636433,321688855,0.2,bulls,2026_01,2026-04-18 13:52
PNSUT,340599,128323851,0.27,bulls,2026_01,2026-04-18 13:52
ARASE,148041,49999991,0.3,bulls,2026_01,2026-04-18 13:52
MMCAS,2202997,12393964,17.77,bulls,2026_01,2026-04-18 13:52
BEGYO,665471,277250000,0.24,bulls,2026_01,2026-04-18 13:52
MEKAG,508095,320319999,0.16,bulls,2026_01,2026-04-18 13:52
CVKMD,9202728,461999787,1.99,bulls,2026_01,2026-04-18 13:52
TCELL,480906,1622604373,0.03,bulls,2026_01,2026-04-18 13:52
PGSUS,444864,245068871,0.18,bulls,2026_01,2026-04-18 13:52
AKSEN,386033,638545796,0.06,bulls,2026_01,2026-04-18 13:52
KCAER,343955,496494775,0.07,bulls,2026_01,2026-04-18 13:52
ADGYO,428300,379654367,0.11,bulls,2026_01,2026-04-18 13:52
DITAS,105387,83407812,0.13,bulls,2026_01,2026-04-18 13:52
ALKA,844439,330750000,0.26,bulls,2026_01,2026-04-18 13:52
OBASE,99705,14924000,0.67,bulls,2026_01,2026-04-18 13:52
ANSGR,160060,1564416026,0.01,bulls,2026_01,2026-04-18 13:52
OFSYM,143358,22749998,0.63,bulls,2026_01,2026-04-18 13:52
BARMA,103877,67594701,0.15,bulls,2026_01,2026-04-18 13:52
MNDRS,1591159,222007982,0.72,bulls,2026_01,2026-04-18 13:52
ESCAR,158155,101933690,0.16,bulls,2026_01,2026-04-18 13:52
REEDR,678754,632558010,0.11,bulls,2026_01,2026-04-18 13:52
DAGI,258780,175301274,0.15,bulls,2026_01,2026-04-18 13:52
ICUGS,1052455,336250000,0.31,bulls,2026_01,2026-04-18 13:52
FRMPL,77871,39997696,0.19,bulls,2026_01,2026-04-18 13:52
HKTM,184228,72747500,0.25,bulls,2026_01,2026-04-18 13:52
UCAYM,77077,59996268,0.13,bulls,2026_01,2026-04-18 13:52
KAREL,1360512,329659497,0.41,bulls,2026_01,2026-04-18 13:52
KCHOL,331880,674052308,0.05,bulls,2026_01,2026-04-18 13:52
ADEL,103274,112043619,0.09,bulls,2026_01,2026-04-18 13:52
KLSYN,425942,107854952,0.39,bulls,2026_01,2026-04-18 13:52
TUREX,260938,432000000,0.06,bulls,2026_01,2026-04-18 13:52
RUZYE,14790245,267748491,5.52,bulls,2026_01,2026-04-18 13:52
AHGAZ,198552,659370871,0.03,bulls,2026_01,2026-04-18 13:52
TSGYO,337458,266499982,0.13,bulls,2026_01,2026-04-18 13:52
BURVA,215700,4723271,4.57,bulls,2026_01,2026-04-18 13:52
UNLU,158941,102181558,0.16,bulls,2026_01,2026-04-18 13:52
ALCTL,96132,13543218,0.71,bulls,2026_01,2026-04-18 13:52
MAKTK,804040,184370066,0.44,bulls,2026_01,2026-04-18 13:52
SEKUR,400317,131457835,0.3,bulls,2026_01,2026-04-18 13:52
BESLR,448563,658098036,0.07,bulls,2026_01,2026-04-18 13:52
AGROT,735099,843999770,0.09,bulls,2026_01,2026-04-18 13:52
TUPRS,338869,902334854,0.04,bulls,2026_01,2026-04-18 13:52
ALKLC,92180,45382467,0.2,bulls,2026_01,2026-04-18 13:52
TEKTU,871775,195639308,0.45,bulls,2026_01,2026-04-18 13:52
IHYAY,1932369,388124996,0.5,bulls,2026_01,2026-04-18 13:52
YEOTK,300013,160933198,0.19,bulls,2026_01,2026-04-18 13:52
TARKM,54860,4999885,1.1,bulls,2026_01,2026-04-18 13:52
ETILR,89084,156217454,0.06,bulls,2026_01,2026-04-18 13:52
OZKGY,1407696,363999945,0.39,bulls,2026_01,2026-04-18 13:52
MEPET,61041,73940585,0.08,bulls,2026_01,2026-04-18 13:52
BASCM,73984,49238593,0.15,bulls,2026_01,2026-04-18 13:52
DGNMO,202237,327634635,0.06,bulls,2026_01,2026-04-18 13:52
USAK,267101651,1218028690,21.93,bulls,2026_01,2026-04-18 13:52
SILVR,21481314,212818206,10.09,bulls,2026_01,2026-04-18 13:52
TEZOL,935867,139835975,0.67,bulls,2026_01,2026-04-18 13:52
SMRVA,48362,28000000,0.17,bulls,2026_01,2026-04-18 13:52
CRDFA,129704,74996853,0.17,bulls,2026_01,2026-04-18 13:52
IHLGM,1155013,986078000,0.12,bulls,2026_01,2026-04-18 13:52
TUCLK,874589,230681400,0.38,bulls,2026_01,2026-04-18 13:52
ONCSM,1130703,10086000,11.21,bulls,2026_01,2026-04-18 13:52
GUBRF,212227,85359737,0.25,bulls,2026_01,2026-04-18 13:52
ATATP,103426,18809999,0.55,bulls,2026_01,2026-04-18 13:52
MGROS,42290,96563547,0.04,bulls,2026_01,2026-04-18 13:52
CEOEM,62094,22232614,0.28,bulls,2026_01,2026-04-18 13:52
ARZUM,3705465,293999828,1.26,bulls,2026_01,2026-04-18 13:52
GIPTA,311001,51625912,0.6,bulls,2026_01,2026-04-18 13:52
SOKE,104761,126999996,0.08,bulls,2026_01,2026-04-18 13:52
ECILC,692676,210589603,0.33,bulls,2026_01,2026-04-18 13:52
ARTMS,69729,24199999,0.29,bulls,2026_01,2026-04-18 13:52
VAKFA,236352,224999701,0.11,bulls,2026_01,2026-04-18 13:52
MOGAN,222219,262635000,0.08,bulls,2026_01,2026-04-18 13:52
TMSN,47676,44449988,0.11,bulls,2026_01,2026-04-18 13:52
FORTE,47897,21999999,0.22,bulls,2026_01,2026-04-18 13:52
HURGZ,606420,220784167,0.27,bulls,2026_01,2026-04-18 13:52
MSGYO,270815,169650150,0.16,bulls,2026_01,2026-04-18 13:52
DYOBY,190422,186553687,0.1,bulls,2026_01,2026-04-18 13:52
DURDO,41216,379703149,0.01,bulls,2026_01,2026-04-18 13:52
GLRMK,59605,38760000,0.15,bulls,2026_01,2026-04-18 13:52
PRKAB,45757,35225443,0.13,bulls,2026_01,2026-04-18 13:52
BAGFS,2278844,100042745,2.28,bulls,2026_01,2026-04-18 13:52
POLHO,682275,164140074,0.42,bulls,2026_01,2026-04-18 13:52
BMSCH,152446,69277402,0.22,bulls,2026_01,2026-04-18 13:52
AKYHO,4452805,223895870,1.99,bulls,2026_01,2026-04-18 13:52
TNZTP,70903,87496826,0.08,bulls,2026_01,2026-04-18 13:52
OTKAR,39111,33417145,0.12,bulls,2026_01,2026-04-18 13:52
GLRYH,412956,599623814,0.07,bulls,2026_01,2026-04-18 13:52
BINBN,1708022,17000000,10.05,bulls,2026_01,2026-04-18 13:52
DOFER,74705,19572500,0.38,bulls,2026_01,2026-04-18 13:52
VANGD,42829,24374995,0.18,bulls,2026_01,2026-04-18 13:52
HATEK,73502,62998947,0.12,bulls,2026_01,2026-04-18 13:52
SEYKM,222080,151040901,0.15,bulls,2026_01,2026-04-18 13:52
AYES,155796,86971609,0.18,bulls,2026_01,2026-04-18 13:52
FZLGY,38023,398427439,0.01,bulls,2026_01,2026-04-18 13:52
MERCN,88856,74389005,0.12,bulls,2026_01,2026-04-18 13:52
ZEDUR,52218,69899992,0.07,bulls,2026_01,2026-04-18 13:52
BRKVY,65738,13618361,0.48,bulls,2026_01,2026-04-18 13:52
YIGIT,71034,74999975,0.09,bulls,2026_01,2026-04-18 13:52
BMSTL,180426,74772260,0.24,bulls,2026_01,2026-04-18 13:52
TAVHL,19678,213213415,0.01,bulls,2026_01,2026-04-18 13:52
SODSN,21436,45373261,0.05,bulls,2026_01,2026-04-18 13:52
TDGYO,71273,59914214,0.12,bulls,2026_01,2026-04-18 13:52
ARENA,45182,66996461,0.07,bulls,2026_01,2026-04-18 13:52
CEMAS,2067708,790994229,0.26,bulls,2026_01,2026-04-18 13:52
MEDTR,214362,24499999,0.87,bulls,2026_01,2026-04-18 13:52
MPARK,21459,80869110,0.03,bulls,2026_01,2026-04-18 13:52
NUGYO,93953,324943976,0.03,bulls,2026_01,2026-04-18 13:52
TOASO,145719,120585076,0.12,bulls,2026_01,2026-04-18 13:52
MARBL,132680,65226403,0.2,bulls,2026_01,2026-04-18 13:52
SAMAT,113670,103183797,0.11,bulls,2026_01,2026-04-18 13:52
ELITE,39834,44650000,0.09,bulls,2026_01,2026-04-18 13:52
HEDEF,312303,562499930,0.06,bulls,2026_01,2026-04-18 13:52
RODRG,14018,16822352,0.08,bulls,2026_01,2026-04-18 13:52
ALFAS,56999,84639559,0.07,bulls,2026_01,2026-04-18 13:52
OZRDN,267121,57107579,0.47,bulls,2026_01,2026-04-18 13:52
ARCLK,425234,170054748,0.25,bulls,2026_01,2026-04-18 13:52
POLTK,308,1125000,0.03,bulls,2026_01,2026-04-18 13:52
ENSRI,50630,236333503,0.02,bulls,2026_01,2026-04-18 13:52
VERTU,23181,22000000,0.11,bulls,2026_01,2026-04-18 13:52
MEGAP,121792,234498757,0.05,bulls,2026_01,2026-04-18 13:52
JANTS,400628,207477849,0.19,bulls,2026_01,2026-04-18 13:52
ISSEN,709378,107411517,0.66,bulls,2026_01,2026-04-18 13:52
MTRYO,89959,39900000,0.23,bulls,2026_01,2026-04-18 13:52
MTRKS,35457,43633165,0.08,bulls,2026_01,2026-04-18 13:52
HRKET,38980,24000000,0.16,bulls,2026_01,2026-04-18 13:52
VESTL,583361,295447203,0.2,bulls,2026_01,2026-04-18 13:52
KIMMR,22998,75000000,0.03,bulls,2026_01,2026-04-18 13:52
GOODY,84653,132804473,0.06,bulls,2026_01,2026-04-18 13:52
SKYLP,44737,7159255,0.62,bulls,2026_01,2026-04-18 13:52
SURGY,110295,44745990,0.25,bulls,2026_01,2026-04-18 13:52
PINSU,14964,101635846,0.01,bulls,2026_01,2026-04-18 13:52
GEDZA,25998,42983624,0.06,bulls,2026_01,2026-04-18 13:52
BURCE,3706024,44422390,8.34,bulls,2026_01,2026-04-18 13:52
EGCEY,29059,19749798,0.15,bulls,2026_01,2026-04-18 13:52
BIMAS,14405,436214016,0.0,bulls,2026_01,2026-04-18 13:52
VKFYO,10141,26473700,0.04,bulls,2026_01,2026-04-18 13:52
AVGYO,35731,111590302,0.03,bulls,2026_01,2026-04-18 13:52
AYGAZ,77069,98568807,0.08,bulls,2026_01,2026-04-18 13:52
INVES,7827,37480000,0.02,bulls,2026_01,2026-04-18 13:52
KOCMT,939850,581991187,0.16,bulls,2026_01,2026-04-18 13:52
KONKA,40093,89670000,0.04,bulls,2026_01,2026-04-18 13:52
TURGG,61894,32042988,0.19,bulls,2026_01,2026-04-18 13:52
GENIL,64471,85937999,0.08,bulls,2026_01,2026-04-18 13:52
BORLS,471800,308652686,0.15,bulls,2026_01,2026-04-18 13:52
BIOEN,106189,197983419,0.05,bulls,2026_01,2026-04-18 13:52
PGSFIV,5000,1606913,0.31,bulls,2026_01,2026-04-18 13:52
DIRIT,16437,10146501,0.16,bulls,2026_01,2026-04-18 13:52
OYLUM,31510,80937367,0.04,bulls,2026_01,2026-04-18 13:52
MACKO,11766,41453550,0.03,bulls,2026_01,2026-04-18 13:52
MAKIM,95398,42559998,0.22,bulls,2026_01,2026-04-18 13:52
HTTBT,15435,82805422,0.02,bulls,2026_01,2026-04-18 13:52
EGSER,172517,545751057,0.03,bulls,2026_01,2026-04-18 13:52
RYSAS,1591251,1504020937,0.11,bulls,2026_01,2026-04-18 13:52
AYEN,18471,55531320,0.03,bulls,2026_01,2026-04-18 13:52
GRNYO,4766,37386059,0.01,bulls,2026_01,2026-04-18 13:52
KAPLM,46912,4563571,1.03,bulls,2026_01,2026-04-18 13:52
GLBMD,10682,28880500,0.04,bulls,2026_01,2026-04-18 13:52
ATAGY,57950,45670114,0.13,bulls,2026_01,2026-04-18 13:52
OZSUB,22897,42499126,0.05,bulls,2026_01,2026-04-18 13:52
BRMEN,14643,57566555,0.03,bulls,2026_01,2026-04-18 13:52
ECZYT,7374,45880511,0.02,bulls,2026_01,2026-04-18 13:52
KORDS,59063,65421451,0.09,bulls,2026_01,2026-04-18 13:52
ASUZU,26116,41130807,0.06,bulls,2026_01,2026-04-18 13:52
KARTN,9921,72781126,0.01,bulls,2026_01,2026-04-18 13:52
PARSN,27613,34033246,0.08,bulls,2026_01,2026-04-18 13:52
AGESA,11930,35829553,0.03,bulls,2026_01,2026-04-18 13:52
TMPOL,83241,11039990,0.75,bulls,2026_01,2026-04-18 13:52
OZATD,52889,13349933,0.4,bulls,2026_01,2026-04-18 13:52
LYDYE,775502,1391287,55.74,bulls,2026_01,2026-04-18 13:52
ANELE,161590,151405542,0.11,bulls,2026_01,2026-04-18 13:52
KUTPO,2858,10524430,0.03,bulls,2026_01,2026-04-18 13:52
EKIZ,13888,8198720,0.17,bulls,2026_01,2026-04-18 13:52
EGEEN,2512,1137161,0.22,bulls,2026_01,2026-04-18 13:52
ORGE,43217,41839996,0.1,bulls,2026_01,2026-04-18 13:52
TTRAK,16762,24967458,0.07,bulls,2026_01,2026-04-18 13:52
MAALT,5160,4763850,0.11,bulls,2026_01,2026-04-18 13:52
CELHA,115078,146078935,0.08,bulls,2026_01,2026-04-18 13:52
OTTO,8622,5474438,0.16,bulls,2026_01,2026-04-18 13:52
CASA,17704,4891517,0.36,bulls,2026_01,2026-04-18 13:52
BEYAZ,63279,42317352,0.15,bulls,2026_01,2026-04-18 13:52
CMBTN,1897,1023000,0.19,bulls,2026_01,2026-04-18 13:52
VKING,4407,30932905,0.01,bulls,2026_01,2026-04-18 13:52
EMNIS,6766,3429235,0.2,bulls,2026_01,2026-04-18 13:52
ATEKS,2937,5441598,0.05,bulls,2026_01,2026-04-18 13:52
OYAYO,19923,19999941,0.1,bulls,2026_01,2026-04-18 13:52
KONYA,1267,1646416,0.08,bulls,2026_01,2026-04-18 13:52
RALYH,1435056,176324572,0.81,bulls,2026_01,2026-04-18 13:52
NETAS,56287,31783484,0.18,bulls,2026_01,2026-04-18 13:52
DSTKF,1017,82195267,0.0,bulls,2026_01,2026-04-18 13:52
NUHCM,4194,33135899,0.01,bulls,2026_01,2026-04-18 13:52
IZINV,89742,13540386,0.66,bulls,2026_01,2026-04-18 13:52
SDTTR,4846,15990000,0.03,bulls,2026_01,2026-04-18 13:52
INGRM,7303,14969536,0.05,bulls,2026_01,2026-04-18 13:52
YAPRK,678,4214998,0.02,bulls,2026_01,2026-04-18 13:52
PSDTC,7856,6599991,0.12,bulls,2026_01,2026-04-18 13:52
EUHOL,652141,142999955,0.46,bulls,2026_01,2026-04-18 13:52
FLAP,135558,93599986,0.14,bulls,2026_01,2026-04-18 13:52
KERVN,372238,588346973,0.06,bulls,2026_01,2026-04-18 13:52
INTEK,1023,5043584,0.02,bulls,2026_01,2026-04-18 13:52
YGGYO,339952,240625741,0.14,bulls,2026_01,2026-04-18 13:52
QNBTR,329,2571745911,0.0,bulls,2026_01,2026-04-18 13:52
INTEM,6267,9428747,0.07,bulls,2026_01,2026-04-18 13:52
BIGCH,54258,73786589,0.07,bulls,2026_01,2026-04-18 13:52
YBTAS,114315,31526916,0.36,bulls,2026_01,2026-04-18 13:52
KENT,676,1191005,0.06,bulls,2026_01,2026-04-18 13:52
ISBIR,6639,14500244,0.05,bulls,2026_01,2026-04-18 13:52
MRSHL,264,4212888,0.01,bulls,2026_01,2026-04-18 13:52
BRYAT,8334,10264685,0.08,bulls,2026_01,2026-04-18 13:52
COSMO,3483,6494091,0.05,bulls,2026_01,2026-04-18 13:52
CMENT,5195,56829666,0.01,bulls,2026_01,2026-04-18 13:52
KUVVA,459,24204585,0.0,bulls,2026_01,2026-04-18 13:52
PAGYO,66449,57781202,0.12,bulls,2026_01,2026-04-18 13:52
PENTA,94636,181070136,0.05,bulls,2026_01,2026-04-18 13:52
KSTUR,547,3952561,0.01,bulls,2026_01,2026-04-18 13:52
FMIZP,519,3497751,0.01,bulls,2026_01,2026-04-18 13:52
OYYAT,2008,91048322,0.0,bulls,2026_01,2026-04-18 13:52
ARTI,7140,9881683,0.07,bulls,2026_01,2026-04-18 13:52
ESEMS,1776,11202091,0.02,bulls,2026_01,2026-04-18 13:52
BMEKS,642762,114192339,0.56,bulls,2026_01,2026-04-18 13:52
MEMSA,1124782,160110709,0.7,bulls,2026_01,2026-04-18 13:52
MENBA,29530,3496852,0.84,bulls,2026_01,2026-04-18 13:52
BYSAN,37358,16552134,0.23,bulls,2026_01,2026-04-18 13:52
ATPET,48166,11403497,0.42,bulls,2026_01,2026-04-18 13:52
HITIT,10262,4488204,0.23,bulls,2026_01,2026-04-18 13:52
EGCYH,169802,39900235,0.43,bulls,2026_01,2026-04-18 13:52
METAL,2801,9024711,0.03,bulls,2026_01,2026-04-18 13:52
EGCYO,12969,21986285,0.06,bulls,2026_01,2026-04-18 13:52
ARTOG,57781,18578922,0.31,bulls,2026_01,2026-04-18 13:52
FENIS,75185,26080019,0.29,bulls,2026_01,2026-04-18 13:52
TRNSK,79491,25616249,0.31,bulls,2026_01,2026-04-18 13:52
DMISH,147469,22727060,0.65,bulls,2026_01,2026-04-18 13:52
CBSBO,2086,14692447,0.01,bulls,2026_01,2026-04-18 13:52
PRTAS,27783,21405233,0.13,bulls,2026_01,2026-04-18 13:52
TUMTK,8868,76370187,0.01,bulls,2026_01,2026-04-18 13:52
QNBFK,61628,843137646,0.01,bulls,2026_01,2026-04-18 13:52
EGYO,71088,36676214,0.19,bulls,2026_01,2026-04-18 13:52
UKIM,102,2053621,0.0,bulls,2026_01,2026-04-18 13:52
ULAS,50763,25200172,0.2,bulls,2026_01,2026-04-18 13:52
AKSEL,14367,7100000,0.2,bulls,2026_01,2026-04-18 13:52
UMPAS,503,19320590,0.0,bulls,2026_01,2026-04-18 13:52
RANLO,65918,19850386,0.33,bulls,2026_01,2026-04-18 13:52
UNTAR,32411,29562129,0.11,bulls,2026_01,2026-04-18 13:52
KPHOL,3022,4207498,0.07,bulls,2026_01,2026-04-18 13:52
UZEL,12615,26329793,0.05,bulls,2026_01,2026-04-18 13:52
KRATL,97811,17800000,0.55,bulls,2026_01,2026-04-18 13:52
ROYAL,41,17249999,0.0,bulls,2026_01,2026-04-18 13:52
MRTGG,20313,14339249,0.14,bulls,2026_01,2026-04-18 13:52
FVORI,63040,17564673,0.36,bulls,2026_01,2026-04-18 13:52
SALIX,45853,4949230,0.93,bulls,2026_01,2026-04-18 13:52
ARAT,48147,39867975,0.12,bulls,2026_01,2026-04-18 13:52
GEDIZ,179,7163595,0.0,bulls,2026_01,2026-04-18 13:52
ARBUL,69230,15459297,0.45,bulls,2026_01,2026-04-18 13:52
CLKHO,391480,26183651,1.5,bulls,2026_01,2026-04-18 13:52
LATEK,222006,39499512,0.56,bulls,2026_01,2026-04-18 13:52
GENYH,59176,9999906,0.59,bulls,2026_01,2026-04-18 13:52
ASYAB,1755636,477904801,0.37,bulls,2026_01,2026-04-18 13:52
LIOYS,20996,31625013,0.07,bulls,2026_01,2026-04-18 13:52
ZPBDLF,1767,8240000,0.02,bulls,2026_01,2026-04-18 13:52
ZPLIBF,4483,206760000,0.0,bulls,2026_01,2026-04-18 13:52
ATAC,284516,103398067,0.28,bulls,2026_01,2026-04-18 13:52
SKPLC,60469,13084995,0.46,bulls,2026_01,2026-04-18 13:52
APBDLF,0,14400000,0.0,bulls,2026_01,2026-04-18 13:52
ENPRA,4012,15294299,0.03,bulls,2026_01,2026-04-18 13:52
ANELT,53,43199817,0.0,bulls,2026_01,2026-04-18 13:52
ERICO,14504,5214523,0.28,bulls,2026_01,2026-04-18 13:52
GNPWR,102200,21999996,0.46,bulls,2026_01,2026-04-18 13:52
GOLDS,353109,192323946,0.18,bulls,2026_01,2026-04-18 13:52
MANGO,457379,37831688,1.21,bulls,2026_01,2026-04-18 13:52
SUMAS,2801,5433852,0.05,bulls,2026_01,2026-04-18 13:52
AKPAZ,19951,22489187,0.09,bulls,2026_01,2026-04-18 13:52
TARAF,7803,5035100,0.15,bulls,2026_01,2026-04-18 13:52
EBEBK,3752,40534692,0.01,bulls,2026_01,2026-04-18 13:52
GOLTS,2620,12422783,0.02,bulls,2026_01,2026-04-18 13:52
SANKO,60796,37499197,0.16,bulls,2026_01,2026-04-18 13:52
YONGA,5676,7195951,0.08,bulls,2026_01,2026-04-18 13:52
BIZIM,4736,27601626,0.02,bulls,2026_01,2026-04-18 13:52
BRLSM,161617,108025075,0.15,bulls,2026_01,2026-04-18 13:52
FADE,80768,42347497,0.19,bulls,2026_01,2026-04-18 13:52
ALCAR,1300,1721735,0.08,bulls,2026_01,2026-04-18 13:52
GLCVY,2001,26400000,0.01,bulls,2026_01,2026-04-18 13:52
TABGD,3023,52499906,0.01,bulls,2026_01,2026-04-18 13:52
AYCES,4615,1895369,0.24,bulls,2026_01,2026-04-18 13:52
VSNMD,39504,24000000,0.16,bulls,2026_01,2026-04-18 13:52
RAYSG,4395,51947024,0.01,bulls,2026_01,2026-04-18 13:52
LUKSK,3515,27257202,0.01,bulls,2026_01,2026-04-18 13:52
ULUSE,4212,24000000,0.02,bulls,2026_01,2026-04-18 13:52
AKMGY,33902,21568998,0.16,bulls,2026_01,2026-04-18 13:52
ORMA,5690,3663265,0.16,bulls,2026_01,2026-04-18 13:52
VAKKO,16021,30789786,0.05,bulls,2026_01,2026-04-18 13:52
CUSAN,12604,18500000,0.07,bulls,2026_01,2026-04-18 13:52
GMSTRF,21196,70300000,0.03,bulls,2026_01,2026-04-18 13:52
ACSEL,5872,8589113,0.07,bulls,2026_01,2026-04-18 13:52
SMART,84322,29737499,0.28,bulls,2026_01,2026-04-18 13:52
ERBOS,4020,15899843,0.03,bulls,2026_01,2026-04-18 13:52
BAKAB,9403,34985326,0.03,bulls,2026_01,2026-04-18 13:52
VERUS,5081,34499937,0.01,bulls,2026_01,2026-04-18 13:52
SEKFK,109874,62311473,0.18,bulls,2026_01,2026-04-18 13:52
AFYON,271747,399992258,0.07,bulls,2026_01,2026-04-18 13:52
ISFIN,66347,310154523,0.02,bulls,2026_01,2026-04-18 13:52
KLNMA,134680,91846864,0.15,bulls,2026_01,2026-04-18 13:52
LIDER,55467,279500000,0.02,bulls,2026_01,2026-04-18 13:52
DOGUB,3807,19821566,0.02,bulls,2026_01,2026-04-18 13:52
BASGZ,66096,174999999,0.04,bulls,2026_01,2026-04-18 13:52
BANVT,2496,36961044,0.01,bulls,2026_01,2026-04-18 13:52
ANGEN,99518,86440002,0.12,bulls,2026_01,2026-04-18 13:52
KZGYO,18269,49999985,0.04,bulls,2026_01,2026-04-18 13:52
PAMEL,12542,21533681,0.06,bulls,2026_01,2026-04-18 13:52
GARFA,21401,138399778,0.02,bulls,2026_01,2026-04-18 13:52
CLEBI,722,5490178,0.01,bulls,2026_01,2026-04-18 13:52
GOKNR,212565,178040711,0.12,bulls,2026_01,2026-04-18 13:52
KRSTL,34675,183664642,0.02,bulls,2026_01,2026-04-18 13:52
PNLSN,21386,34752383,0.06,bulls,2026_01,2026-04-18 13:52
SONME,1178,4349319,0.03,bulls,2026_01,2026-04-18 13:52
TLMAN,8439,10300000,0.08,bulls,2026_01,2026-04-18 13:52
BRISA,29138,31247472,0.09,bulls,2026_01,2026-04-18 13:52
YAYLA,16985,39874966,0.04,bulls,2026_01,2026-04-18 13:52
KRTEK,56501,18914650,0.3,bulls,2026_01,2026-04-18 13:52
CATES,5329,33050000,0.02,bulls,2026_01,2026-04-18 13:52
ISDMR,44642,147623050,0.03,bulls,2026_01,2026-04-18 13:52
BRKSN,69395,62639942,0.11,bulls,2026_01,2026-04-18 13:52
YGYO,762698,1310632851,0.06,bulls,2026_01,2026-04-18 13:52
PKART,6181,11048497,0.06,bulls,2026_01,2026-04-18 13:52
RNPOL,175029,16795000,1.04,bulls,2026_01,2026-04-18 13:52
LOGO,7046,74328248,0.01,bulls,2026_01,2026-04-18 13:52
YATAS,20680,94866488,0.02,bulls,2026_01,2026-04-18 13:52
DGGYO,10359,280709437,0.0,bulls,2026_01,2026-04-18 13:52
TATGD,59327,119284718,0.05,bulls,2026_01,2026-04-18 13:52
MAVI,67876,576779312,0.01,bulls,2026_01,2026-04-18 13:52
GATEG,99032,10559341,0.94,bulls,2026_01,2026-04-18 13:52
KNFRT,246607,131747000,0.19,bulls,2026_01,2026-04-18 13:52
PRZMA,16568,61941154,0.03,bulls,2026_01,2026-04-18 13:52
SKYMD,79787,52499981,0.15,bulls,2026_01,2026-04-18 13:52
ZGOLDF,2312,152040000,0.0,bulls,2026_01,2026-04-18 13:52
ETYAT,9260,18752248,0.05,bulls,2026_01,2026-04-18 13:52
SANEL,6247,18112451,0.03,bulls,2026_01,2026-04-18 13:52
PKENT,6955,23766169,0.03,bulls,2026_01,2026-04-18 13:52
ENDAE,124337,120211591,0.1,bulls,2026_01,2026-04-18 13:52
EYGYO,148349,341859667,0.04,bulls,2026_01,2026-04-18 13:52
PETUN,988796,134673118,0.73,bulls,2026_01,2026-04-18 13:52
ZRGYO,6486,1173404997,0.0,bulls,2026_01,2026-04-18 13:52
ATSYH,13130,7998869,0.16,bulls,2026_01,2026-04-18 13:52
SOKM,19663,448708248,0.0,bulls,2026_01,2026-04-18 13:52
MZHLD,15306,72215314,0.02,bulls,2026_01,2026-04-18 13:52
BFREN,23200,24586148,0.09,bulls,2026_01,2026-04-18 13:52
TGSAS,759077,12348294,6.15,bulls,2026_01,2026-04-18 13:52
KLMSN,4174,30881197,0.01,bulls,2026_01,2026-04-18 13:52
BRSAN,6949,35912460,0.02,bulls,2026_01,2026-04-18 13:52
CEMZY,19053,124118690,0.02,bulls,2026_01,2026-04-18 13:52
UFUK,39816192,46845974,84.99,bulls,2026_01,2026-04-18 13:52
ODINE,806,52576848,0.0,bulls,2026_01,2026-04-18 13:52
KLSER,70483,109457566,0.06,bulls,2026_01,2026-04-18 13:52
EUKYO,12293,19899963,0.06,bulls,2026_01,2026-04-18 13:52
MOPAS,30458,57330000,0.05,bulls,2026_01,2026-04-18 13:52
ANHYT,5315,88457041,0.01,bulls,2026_01,2026-04-18 13:52
SAYAS,39583,42530887,0.09,bulls,2026_01,2026-04-18 13:52
SAFKR,457455,139427409,0.33,bulls,2026_01,2026-04-18 13:52
HATSN,34720,44299973,0.08,bulls,2026_01,2026-04-18 13:52
TKNSA,126847,100485379,0.13,bulls,2026_01,2026-04-18 13:52
BLUME,460772,174710134,0.26,bulls,2026_01,2026-04-18 13:52
RGYAS,6264,105523000,0.01,bulls,2026_01,2026-04-18 13:52
KTSKR,64677,14691795,0.44,bulls,2026_01,2026-04-18 13:52
AVHOL,1859,26047279,0.01,bulls,2026_01,2026-04-18 13:52
KLKIM,37115,138383655,0.03,bulls,2026_01,2026-04-18 13:52
CONSE,364358,377854899,0.1,bulls,2026_01,2026-04-18 13:52
BOSSA,1164205,508724189,0.23,bulls,2026_01,2026-04-18 13:52
EDIP,7673,36468204,0.02,bulls,2026_01,2026-04-18 13:52
ATLAS,52928,59999865,0.09,bulls,2026_01,2026-04-18 13:52
ISMEN,513706,467723147,0.11,bulls,2026_01,2026-04-18 13:52
RUBNS,41387,42377765,0.1,bulls,2026_01,2026-04-18 13:52
AKSA,1286858,1503670642,0.09,bulls,2026_01,2026-04-18 13:52
VBTYZ,47977,55935000,0.09,bulls,2026_01,2026-04-18 13:52
TBORG,34087,59392160,0.06,bulls,2026_01,2026-04-18 13:52
GWIND,198116,179165491,0.11,bulls,2026_01,2026-04-18 13:52
DOKTA,13126,145872862,0.01,bulls,2026_01,2026-04-18 13:52
DNISI,8774,59171727,0.01,bulls,2026_01,2026-04-18 13:52
SUWEN,37745,365687500,0.01,bulls,2026_01,2026-04-18 13:52
HUBVC,973804,277189572,0.35,bulls,2026_01,2026-04-18 13:52
GLDTRF,7650,48100000,0.02,bulls,2026_01,2026-04-18 13:52
BALAT,596883,13585960,4.39,bulls,2026_01,2026-04-18 13:52
BAHKM,91556,23289000,0.39,bulls,2026_01,2026-04-18 13:52
DESPC,65302,16023700,0.41,bulls,2026_01,2026-04-18 13:52
GRSEL,42967,29650000,0.14,bulls,2026_01,2026-04-18 13:52
KRPLS,99126,78486163,0.13,bulls,2026_01,2026-04-18 13:52
MAGEN,187074,719512140,0.03,bulls,2026_01,2026-04-18 13:52
SUNTK,2876,144433250,0.0,bulls,2026_01,2026-04-18 13:52
NTHOL,223849,485479112,0.05,bulls,2026_01,2026-04-18 13:52
ISGYO,32841,531312439,0.01,bulls,2026_01,2026-04-18 13:52
ISYAT,194045,152245569,0.13,bulls,2026_01,2026-04-18 13:52
KRDMB,15610,118762110,0.01,bulls,2026_01,2026-04-18 13:52
PCILT,3417,45014183,0.01,bulls,2026_01,2026-04-18 13:52
EPLAS,208807,190491857,0.11,bulls,2026_01,2026-04-18 13:52
EGPRO,74827,175170570,0.04,bulls,2026_01,2026-04-18 13:52
AKGRT,216747,629007625,0.03,bulls,2026_01,2026-04-18 13:52
SNPAM,83497,19679871,0.42,bulls,2026_01,2026-04-18 13:52
VESBE,705599,503578676,0.14,bulls,2026_01,2026-04-18 13:52
PRKME,136039,53038641,0.26,bulls,2026_01,2026-04-18 13:52
DEVA,51760,199971814,0.03,bulls,2026_01,2026-04-18 13:52
MOBTL,44383,207999999,0.02,bulls,2026_01,2026-04-18 13:52
YESIL,2069281,640699952,0.32,bulls,2026_01,2026-04-18 13:52
KLRHO,4611314,341250000,1.35,bulls,2026_01,2026-04-18 13:52
DGATE,61768,15227271,0.41,bulls,2026_01,2026-04-18 13:52
KFEIN,107422,150306170,0.07,bulls,2026_01,2026-04-18 13:52
TRGYO,134462,251573369,0.05,bulls,2026_01,2026-04-18 13:52
ALBRK,780784,1050739765,0.07,bulls,2026_01,2026-04-18 13:52
GZNMI,13916,40910271,0.03,bulls,2026_01,2026-04-18 13:52
TRCAS,31716,206252778,0.02,bulls,2026_01,2026-04-18 13:52
ERSU,49303,31755894,0.16,bulls,2026_01,2026-04-18 13:52
KMPUR,71273,132432524,0.05,bulls,2026_01,2026-04-18 13:52
AYDEM,73474,130000000,0.06,bulls,2026_01,2026-04-18 13:52
GSDHO,915770,999994969,0.09,bulls,2026_01,2026-04-18 13:52
VRGYO,1363505,597643904,0.23,bulls,2026_01,2026-04-18 13:52
HOROZ,19574,24599986,0.08,bulls,2026_01,2026-04-18 13:52
ONRYT,9736,19730000,0.05,bulls,2026_01,2026-04-18 13:52
ICBCT,53879,216761845,0.02,bulls,2026_01,2026-04-18 13:52
PAPIL,198736,206247674,0.1,bulls,2026_01,2026-04-18 13:52
TRHOL,118007,17635692,0.67,bulls,2026_01,2026-04-18 13:52
GSDDE,111056,106850751,0.1,bulls,2026_01,2026-04-18 13:52
CCOLA,22107,818085147,0.0,bulls,2026_01,2026-04-18 13:52
BLCYT,106209,49088907,0.22,bulls,2026_01,2026-04-18 13:52
ISGSY,69196,47378729,0.15,bulls,2026_01,2026-04-18 13:52
EGGUB,953586,75862114,1.26,bulls,2026_01,2026-04-18 13:52
ALTNY,582370,399889404,0.15,bulls,2026_01,2026-04-18 13:52
DOAS,19566,97899975,0.02,bulls,2026_01,2026-04-18 13:52
BVSAN,40747,13749998,0.3,bulls,2026_01,2026-04-18 13:52
SERNT,479163,113000000,0.42,bulls,2026_01,2026-04-18 13:52
GEDIK,75444,983076856,0.01,bulls,2026_01,2026-04-18 13:52
ULKER,80739,338855989,0.02,bulls,2026_01,2026-04-18 13:52
AKFIS,59797,66841328,0.09,bulls,2026_01,2026-04-18 13:52
INVEO,278177,998999954,0.03,bulls,2026_01,2026-04-18 13:52
AGHOL,38560,1068828243,0.0,bulls,2026_01,2026-04-18 13:52
TKFEN,45891,230848007,0.02,bulls,2026_01,2026-04-18 13:52
TRMET,30845,174454588,0.02,bulls,2026_01,2026-04-18 13:52
AKSGY,450479,1628451947,0.03,bulls,2026_01,2026-04-18 13:52
CGCAM,122111,42000000,0.29,bulls,2026_01,2026-04-18 13:52
TRENJ,75820,97964682,0.08,bulls,2026_01,2026-04-18 13:52
GOZDE,438701,384992447,0.11,bulls,2026_01,2026-04-18 13:52
KRGYO,160865,275373393,0.06,bulls,2026_01,2026-04-18 13:52
RTALB,347165,432976722,0.08,bulls,2026_01,2026-04-18 13:52
IHGZT,57710201,570666228,10.11,bulls,2026_01,2026-04-18 13:52
ORCAY,348163,149972352,0.23,bulls,2026_01,2026-04-18 13:52
ENKAI,165495,874736059,0.02,bulls,2026_01,2026-04-18 13:52
DERIM,10094,40403770,0.02,bulls,2026_01,2026-04-18 13:52
KOPOL,675415,266319652,0.25,bulls,2026_01,2026-04-18 13:52
SELEC,23747,124262097,0.02,bulls,2026_01,2026-04-18 13:52
EGEPO,192743,200000000,0.1,bulls,2026_01,2026-04-18 13:52
SEGYO,402000,203388821,0.2,bulls,2026_01,2026-04-18 13:52
BIGEN,222315,115500000,0.19,bulls,2026_01,2026-04-18 13:52
DCTTR,811103,157328724,0.52,bulls,2026_01,2026-04-18 13:52
ARMGD,68138,54996000,0.12,bulls,2026_01,2026-04-18 13:52
AVTUR,256933,43067999,0.6,bulls,2026_01,2026-04-18 13:52
ZERGY,814196,156799985,0.52,bulls,2026_01,2026-04-18 13:52
PENGD,160283,171069968,0.09,bulls,2026_01,2026-04-18 13:52
KARSN,321859,827850973,0.04,bulls,2026_01,2026-04-18 13:52
DESA,285025,171107590,0.17,bulls,2026_01,2026-04-18 13:52
GUNDG,767401,18968972,4.05,bulls,2026_01,2026-04-18 13:52
IEYHO,312328,541032947,0.06,bulls,2026_01,2026-04-18 13:52
FROTO,178655,625120847,0.03,bulls,2026_01,2026-04-18 13:52
HUNER,826918,670137934,0.12,bulls,2026_01,2026-04-18 13:52
BOBET,285517,113999998,0.25,bulls,2026_01,2026-04-18 13:52
OYAKC,46450,4656879380,0.0,bulls,2026_01,2026-04-18 13:52
GESAN,128327,141759180,0.09,bulls,2026_01,2026-04-18 13:52
AVPGY,-14109,100000000,-0.01,bulls,2026_01,2026-04-18 13:52
AGYO,396930,129036460,0.31,bulls,2026_01,2026-04-18 13:52
SANFM,831732,225029995,0.37,bulls,2026_01,2026-04-18 13:52
BRKO,1330701,138199447,0.96,bulls,2026_01,2026-04-18 13:52
PLTUR,76644,49500000,0.15,bulls,2026_01,2026-04-18 13:52
IZENR,447438,914537597,0.05,bulls,2026_01,2026-04-18 13:52
CEMTS,571368,233425986,0.24,bulls,2026_01,2026-04-18 13:52
YYLGD,198353,369826200,0.05,bulls,2026_01,2026-04-18 13:52
ARDYZ,294752,279551557,0.11,bulls,2026_01,2026-04-18 13:52
DARDL,1399407,1753442695,0.08,bulls,2026_01,2026-04-18 13:52
DENGE,868234,525284797,0.17,bulls,2026_01,2026-04-18 13:52
OZYSR,244955,40488000,0.61,bulls,2026_01,2026-04-18 13:52
GARAN,149315,2454854227,0.01,bulls,2026_01,2026-04-18 13:52
OSMEN,321019,157750927,0.2,bulls,2026_01,2026-04-18 13:52
GEREL,860601,219036379,0.39,bulls,2026_01,2026-04-18 13:52
SKTAS,1390041,332865443,0.42,bulls,2026_01,2026-04-18 13:52
ZOREN,1573187,2681244172,0.06,bulls,2026_01,2026-04-18 13:52
MARTI,735018,590191701,0.12,bulls,2026_01,2026-04-18 13:52
IDGYO,35496,119234999,0.03,bulls,2026_01,2026-04-18 13:52
MEGMT,355908,72749999,0.49,bulls,2026_01,2026-04-18 13:52
AKSUE,77087,56376184,0.14,bulls,2026_01,2026-04-18 13:52
IHAAS,47406,56031248,0.08,bulls,2026_01,2026-04-18 13:52
DOHOL,-41819,984706959,-0.0,bulls,2026_01,2026-04-18 13:52
MANAS,783424,149942371,0.52,bulls,2026_01,2026-04-18 13:52
DURKN,100159,42500000,0.24,bulls,2026_01,2026-04-18 13:52
KRDMA,21546611,240300917,8.97,bulls,2026_01,2026-04-18 13:52
AHSGY,81381,184999889,0.04,bulls,2026_01,2026-04-18 13:52
ASTOR,2953257,366896261,0.8,bulls,2026_01,2026-04-18 13:52
AKENR,657386,385189146,0.17,bulls,2026_01,2026-04-18 13:52
TTKOM,-35526,524999999,-0.01,bulls,2026_01,2026-04-18 13:52
DMSAS,276006,199994510,0.14,bulls,2026_01,2026-04-18 13:52
DZGYO,487378,399777846,0.12,bulls,2026_01,2026-04-18 13:52
TUKAS,4525736,4499995929,0.1,bulls,2026_01,2026-04-18 13:52
BJKAS,1016323,1776089716,0.06,bulls,2026_01,2026-04-18 13:52
ARSAN,5195075,887344274,0.59,bulls,2026_01,2026-04-18 13:52
PASEU,-151306,215295868,-0.07,bulls,2026_01,2026-04-18 13:52
LRSHO,2124512,724120946,0.29,bulls,2026_01,2026-04-18 13:52
OZGYO,1574954,490916869,0.32,bulls,2026_01,2026-04-18 13:52
IZMDC,194059,723225318,0.03,bulls,2026_01,2026-04-18 13:52
ENTRA,424087,369383564,0.11,bulls,2026_01,2026-04-18 13:52
TATEN,-399472,347769724,-0.11,bulls,2026_01,2026-04-18 13:52
AKFGY,2534497,3457819315,0.07,bulls,2026_01,2026-04-18 13:52
KRVGD,74283,596159766,0.01,bulls,2026_01,2026-04-18 13:52
KBORU,2537191,143999994,1.76,bulls,2026_01,2026-04-18 13:52
VAKBN,-426892,8046896130,-0.01,bulls,2026_01,2026-04-18 13:52
BAYRK,145710,189751123,0.08,bulls,2026_01,2026-04-18 13:52
FONET,1292034,577082984,0.22,bulls,2026_01,2026-04-18 13:52
SAHOL,-798861,1142761094,-0.07,bulls,2026_01,2026-04-18 13:52
ENERY,154497,2420686786,0.01,bulls,2026_01,2026-04-18 13:52
BUCIM,1249911,1286538062,0.1,bulls,2026_01,2026-04-18 13:52
VAKFN,2305631,2064378140,0.11,bulls,2026_01,2026-04-18 13:52
INDES,31993,462749768,0.01,bulls,2026_01,2026-04-18 13:52
HEKTS,3812721,3946474643,0.1,bulls,2026_01,2026-04-18 13:52
CWENE,-497042,530758241,-0.09,bulls,2026_01,2026-04-18 13:52
KRDMD,333304,780216365,0.04,bulls,2026_01,2026-04-18 13:52
TSKB,-1347360,1516591673,-0.09,bulls,2026_01,2026-04-18 13:52
EMKEL,97297,149999456,0.06,bulls,2026_01,2026-04-18 13:52
KATMR,3181122,1980989998,0.16,bulls,2026_01,2026-04-18 13:52
ULUFA,310516,305352801,0.1,bulls,2026_01,2026-04-18 13:52
AKBNK,-510629,3059020211,-0.02,bulls,2026_01,2026-04-18 13:52
KZBGY,1060795,585996164,0.18,bulls,2026_01,2026-04-18 13:52
TERA,-126254,240888789,-0.05,bulls,2026_01,2026-04-18 13:52
TURSG,536851,7907296076,0.01,bulls,2026_01,2026-04-18 13:52
IHLAS,3012505,1396079076,0.22,bulls,2026_01,2026-04-18 13:52
HALKB,2853394,6546422780,0.04,bulls,2026_01,2026-04-18 13:52
GENTS,5257987,749958921,0.7,bulls,2026_01,2026-04-18 13:52
PEKGY,3165668,4685012615,0.07,bulls,2026_01,2026-04-18 13:52
ISKPL,2262937,724625736,0.31,bulls,2026_01,2026-04-18 13:52
ARFYE,671721,47000000,1.43,bulls,2026_01,2026-04-18 13:52
AEFES,-1084444,2028860053,-0.05,bulls,2026_01,2026-04-18 13:52
MARMR,404621,961218727,0.04,bulls,2026_01,2026-04-18 13:52
ASGYO,335543,165000000,0.2,bulls,2026_01,2026-04-18 13:52
HDFGS,4960228,956974190,0.52,bulls,2026_01,2026-04-18 13:52
YKBNK,-1792098,4705235952,-0.04,bulls,2026_01,2026-04-18 13:52
CIMSA,1167139,488404404,0.24,bulls,2026_01,2026-04-18 13:52
QUAGR,2624119,1771950000,0.15,bulls,2026_01,2026-04-18 13:52
EKGYO,-2432106,1925107366,-0.13,bulls,2026_01,2026-04-18 13:52
EREGL,783315,3554238535,0.02,bulls,2026_01,2026-04-18 13:52
PSGYO,64716995,2954231556,2.19,bulls,2026_01,2026-04-18 13:52
DAPGM,210308122,928276145,22.66,bulls,2026_01,2026-04-18 13:52
ISCTR,-3131445,8880196742,-0.04,bulls,2026_01,2026-04-18 13:52
PATEK,1046376,293081892,0.36,bulls,2026_01,2026-04-18 13:52
FORMT,180283968,1075744232,16.76,bulls,2026_01,2026-04-18 13:52
PAHOL,15538957,3999999979,0.39,pusula,2026_01,2026-04-18 13:52
BTCIM,5594661,4046650979,0.14,pusula,2026_01,2026-04-18 13:52
ALGYO,3531250,989357377,0.36,pusula,2026_01,2026-04-18 13:52
DENGE,6421491,525284797,1.22,pusula,2026_01,2026-04-18 13:52
CANTE,10968212,6026143802,0.18,pusula,2026_01,2026-04-18 13:52
SASA,11003627,25700421137,0.04,pusula,2026_01,2026-04-18 13:52
AKSEN,417491,638545796,0.07,pusula,2026_01,2026-04-18 13:52
KAYSE,2053244,814062605,0.25,pusula,2026_01,2026-04-18 13:52
FENER,2098912,2772321026,0.08,pusula,2026_01,2026-04-18 13:52
ALBRK,1081763,1050739765,0.1,pusula,2026_01,2026-04-18 13:52
KTLEV,2188703,1288500000,0.17,pusula,2026_01,2026-04-18 13:52
MEYSU,1016285,175000000,0.58,pusula,2026_01,2026-04-18 13:52
OBAMS,2076735,725750028,0.29,pusula,2026_01,2026-04-18 13:52
EKGYO,1281342,1925107366,0.07,pusula,2026_01,2026-04-18 13:52
ADESE,2428044,4687131701,0.05,pusula,2026_01,2026-04-18 13:52
IHLGM,1480455,986078000,0.15,pusula,2026_01,2026-04-18 13:52
MRGYO,2236925,1035439185,0.22,pusula,2026_01,2026-04-18 13:52
YYAPI,3621476,1705025550,0.21,pusula,2026_01,2026-04-18 13:52
ODAS,1115471,1113798031,0.1,pusula,2026_01,2026-04-18 13:52
ALVES,867309,862856920,0.1,pusula,2026_01,2026-04-18 13:52
EGEPO,684838,200000000,0.34,pusula,2026_01,2026-04-18 13:52
METRO,726361,539989959,0.13,pusula,2026_01,2026-04-18 13:52
BSOKE,1559956,458486931,0.34,pusula,2026_01,2026-04-18 13:52
VAKFN,3354790,2064378140,0.16,pusula,2026_01,2026-04-18 13:52
EPLAS,869362,190491857,0.46,pusula,2026_01,2026-04-18 13:52
CIMSA,127139,488404404,0.03,pusula,2026_01,2026-04-18 13:52
BARMA,656048,67594701,0.97,pusula,2026_01,2026-04-18 13:52
TURSG,554799,7907296076,0.01,pusula,2026_01,2026-04-18 13:52
DAPGM,1291009,928276145,0.14,pusula,2026_01,2026-04-18 13:52
USAK,983327,1218028690,0.08,pusula,2026_01,2026-04-18 13:52
ISKPL,1478621,724625736,0.2,pusula,2026_01,2026-04-18 13:52
AVOD,745262,253604577,0.29,pusula,2026_01,2026-04-18 13:52
MANAS,569869,149942371,0.38,pusula,2026_01,2026-04-18 13:52
ESEN,916267,682499950,0.13,pusula,2026_01,2026-04-18 13:52
AKBNK,734149,3059020211,0.02,pusula,2026_01,2026-04-18 13:52
ZOREN,4254694,2681244172,0.16,pusula,2026_01,2026-04-18 13:52
INFO,680608,767463337,0.09,pusula,2026_01,2026-04-18 13:52
SKBNK,379639,2498879854,0.02,pusula,2026_01,2026-04-18 13:52
SEGYO,309645,203388821,0.15,pusula,2026_01,2026-04-18 13:52
SANFM,732229,225029995,0.33,pusula,2026_01,2026-04-18 13:52
KLSYN,355816,107854952,0.33,pusula,2026_01,2026-04-18 13:52
SKYMD,514612,52499981,0.98,pusula,2026_01,2026-04-18 13:52
AGHOL,376599,1068828243,0.04,pusula,2026_01,2026-04-18 13:52
HATEK,306786,62998947,0.49,pusula,2026_01,2026-04-18 13:52
KRVGD,-137330,596159766,-0.02,pusula,2026_01,2026-04-18 13:52
BAYRK,557685,189751123,0.29,pusula,2026_01,2026-04-18 13:52
SARKY,245083,999999671,0.02,pusula,2026_01,2026-04-18 13:52
ALKA,455853,330750000,0.14,pusula,2026_01,2026-04-18 13:52
REEDR,738665,632558010,0.12,pusula,2026_01,2026-04-18 13:52
SMRTG,283655,664164672,0.04,pusula,2026_01,2026-04-18 13:52
KRGYO,531021,275373393,0.19,pusula,2026_01,2026-04-18 13:52
GLRYH,317020,599623814,0.05,pusula,2026_01,2026-04-18 13:52
MZHLD,274819,72215314,0.38,pusula,2026_01,2026-04-18 13:52
KBORU,325705,143999994,0.23,pusula,2026_01,2026-04-18 13:52
DITAS,217449,83407812,0.26,pusula,2026_01,2026-04-18 13:52
MTRKS,398248,43633165,0.91,pusula,2026_01,2026-04-18 13:52
TSGYO,395645,266499982,0.15,pusula,2026_01,2026-04-18 13:52
IHLAS,904428,1396079076,0.06,pusula,2026_01,2026-04-18 13:52
VAKFA,429467,224999701,0.19,pusula,2026_01,2026-04-18 13:52
HLGYO,1281983,1075198516,0.12,pusula,2026_01,2026-04-18 13:52
MARMR,1024273,961218727,0.11,pusula,2026_01,2026-04-18 13:52
EUPWR,292496,199610525,0.15,pusula,2026_01,2026-04-18 13:52
BORSK,684122,279999879,0.24,pusula,2026_01,2026-04-18 13:52
LIDFA,307163,458180545,0.07,pusula,2026_01,2026-04-18 13:52
VKGYO,994252,1637202242,0.06,pusula,2026_01,2026-04-18 13:52
OZYSR,279457,40488000,0.69,pusula,2026_01,2026-04-18 13:52
ARSAN,734614,887344274,0.08,pusula,2026_01,2026-04-18 13:52
CVKMD,282413,461999787,0.06,pusula,2026_01,2026-04-18 13:52
PRZMA,376569,61941154,0.61,pusula,2026_01,2026-04-18 13:52
BINHO,1073699,488884390,0.22,pusula,2026_01,2026-04-18 13:52
TATEN,1128794,347769724,0.32,pusula,2026_01,2026-04-18 13:52
ESCAR,391863,101933690,0.38,pusula,2026_01,2026-04-18 13:52
ARZUM,1310418,293999828,0.45,pusula,2026_01,2026-04-18 13:52
MAKTK,338547,184370066,0.18,pusula,2026_01,2026-04-18 13:52
IHYAY,687513,388124996,0.18,pusula,2026_01,2026-04-18 13:52
FZLGY,177781,398427439,0.04,pusula,2026_01,2026-04-18 13:52
ENTRA,133455,369383564,0.04,pusula,2026_01,2026-04-18 13:52
YAYLA,147887,39874966,0.37,pusula,2026_01,2026-04-18 13:52
TEHOL,847889,1967936441,0.04,pusula,2026_01,2026-04-18 13:52
IHEVA,1017150,291631239,0.35,pusula,2026_01,2026-04-18 13:52
KLKIM,79161,138383655,0.06,pusula,2026_01,2026-04-18 13:52
NTHOL,110775,485479112,0.02,pusula,2026_01,2026-04-18 13:52
DERHL,427258,197281316,0.22,pusula,2026_01,2026-04-18 13:52
TNZTP,116890,87496826,0.13,pusula,2026_01,2026-04-18 13:52
FLAP,418822,93599986,0.45,pusula,2026_01,2026-04-18 13:52
LRSHO,515976,724120946,0.07,pusula,2026_01,2026-04-18 13:52
BIGEN,691835,115500000,0.6,pusula,2026_01,2026-04-18 13:52
MAGEN,144128,719512140,0.02,pusula,2026_01,2026-04-18 13:52
YGYO,508255,1310632851,0.04,pusula,2026_01,2026-04-18 13:52
MEKAG,278298,320319999,0.09,pusula,2026_01,2026-04-18 13:52
SEKUR,434677,131457835,0.33,pusula,2026_01,2026-04-18 13:52
IMASM,1476805,622850499,0.24,pusula,2026_01,2026-04-18 13:52
ANELE,78716,151405542,0.05,pusula,2026_01,2026-04-18 13:52
GMTAS,102852,298687813,0.03,pusula,2026_01,2026-04-18 13:52
UCAYM,70430,59996268,0.12,pusula,2026_01,2026-04-18 13:52
AKFYE,109849,551782160,0.02,pusula,2026_01,2026-04-18 13:52
EGEGY,367857,61200000,0.6,pusula,2026_01,2026-04-18 13:52
ASGYO,299854,165000000,0.18,pusula,2026_01,2026-04-18 13:52
NATEN,255594,309375000,0.08,pusula,2026_01,2026-04-18 13:52
MOBTL,1367015,207999999,0.66,pusula,2026_01,2026-04-18 13:52
BORLS,136136,308652686,0.04,pusula,2026_01,2026-04-18 13:52
BIOEN,138875,197983419,0.07,pusula,2026_01,2026-04-18 13:52
OYAKC,213598,4656879380,0.0,pusula,2026_01,2026-04-18 13:52
KLSER,126309,109457566,0.12,pusula,2026_01,2026-04-18 13:52
QUAGR,1385193,1771950000,0.08,pusula,2026_01,2026-04-18 13:52
RYGYO,157177,770588057,0.02,pusula,2026_01,2026-04-18 13:52
MARBL,105024,65226403,0.16,pusula,2026_01,2026-04-18 13:52
MOPAS,177557,57330000,0.31,pusula,2026_01,2026-04-18 13:52
MARTI,790868,590191701,0.13,pusula,2026_01,2026-04-18 13:52
CWENE,277493,530758241,0.05,pusula,2026_01,2026-04-18 13:52
FRMPL,52572,39997696,0.13,pusula,2026_01,2026-04-18 13:52
EKSUN,322089,171792833,0.19,pusula,2026_01,2026-04-18 13:52
AKSA,940004,1503670642,0.06,pusula,2026_01,2026-04-18 13:52
YYLGD,271222,369826200,0.07,pusula,2026_01,2026-04-18 13:52
DAGI,350380,175301274,0.2,pusula,2026_01,2026-04-18 13:52
UNLU,70176,102181558,0.07,pusula,2026_01,2026-04-18 13:52
EUREN,546848,1040132637,0.05,pusula,2026_01,2026-04-18 13:52
KZBGY,438346,585996164,0.07,pusula,2026_01,2026-04-18 13:52
SURGY,69021,44745990,0.15,pusula,2026_01,2026-04-18 13:52
SNICA,381366,321688855,0.12,pusula,2026_01,2026-04-18 13:52
ISDMR,183383,147623050,0.12,pusula,2026_01,2026-04-18 13:52
HURGZ,223366,220784167,0.1,pusula,2026_01,2026-04-18 13:52
ADGYO,42866,379654367,0.01,pusula,2026_01,2026-04-18 13:52
LILAK,103268,260252730,0.04,pusula,2026_01,2026-04-18 13:52
GENIL,46993,85937999,0.05,pusula,2026_01,2026-04-18 13:52
SODSN,42768,45373261,0.09,pusula,2026_01,2026-04-18 13:52
AKHAN,37310,54700000,0.07,pusula,2026_01,2026-04-18 13:52
KFEIN,103890,150306170,0.07,pusula,2026_01,2026-04-18 13:52
KRPLS,86717,78486163,0.11,pusula,2026_01,2026-04-18 13:52
VRGYO,581206,597643904,0.1,pusula,2026_01,2026-04-18 13:52
KRSTL,107752,183664642,0.06,pusula,2026_01,2026-04-18 13:52
SAHOL,79692,1142761094,0.01,pusula,2026_01,2026-04-18 13:52
AHGAZ,206525,659370871,0.03,pusula,2026_01,2026-04-18 13:52
BIZIM,56253,27601626,0.2,pusula,2026_01,2026-04-18 13:52
GEREL,249987,219036379,0.11,pusula,2026_01,2026-04-18 13:52
TCELL,88826,1622604373,0.01,pusula,2026_01,2026-04-18 13:52
EUKYO,161797,19899963,0.81,pusula,2026_01,2026-04-18 13:52
CEMTS,117567,233425986,0.05,pusula,2026_01,2026-04-18 13:52
MIATK,344846,313087979,0.11,pusula,2026_01,2026-04-18 13:52
ZGYO,28766,84499889,0.03,pusula,2026_01,2026-04-18 13:52
TEZOL,199581,139835975,0.14,pusula,2026_01,2026-04-18 13:52
ATAGY,39862,45670114,0.09,pusula,2026_01,2026-04-18 13:52
ORCAY,426612,149972352,0.28,pusula,2026_01,2026-04-18 13:52
NETCD,25600,40000000,0.06,pusula,2026_01,2026-04-18 13:52
PRDGS,57004,110850000,0.05,pusula,2026_01,2026-04-18 13:52
DCTTR,209077,157328724,0.13,pusula,2026_01,2026-04-18 13:52
PNSUT,82711,128323851,0.06,pusula,2026_01,2026-04-18 13:52
MSGYO,600926,169650150,0.35,pusula,2026_01,2026-04-18 13:52
GOODY,201206,132804473,0.15,pusula,2026_01,2026-04-18 13:52
OZSUB,50543,42499126,0.12,pusula,2026_01,2026-04-18 13:52
EFOR,31917,539999994,0.01,pusula,2026_01,2026-04-18 13:52
QNBTR,23716,2571745911,0.0,pusula,2026_01,2026-04-18 13:52
AVTUR,38250,43067999,0.09,pusula,2026_01,2026-04-18 13:52
GESAN,122141,141759180,0.09,pusula,2026_01,2026-04-18 13:52
AKCNS,34142,39359284,0.09,pusula,2026_01,2026-04-18 13:52
KLMSN,76290,30881197,0.25,pusula,2026_01,2026-04-18 13:52
KARSN,507615,827850973,0.06,pusula,2026_01,2026-04-18 13:52
ASTOR,135370,366896261,0.04,pusula,2026_01,2026-04-18 13:52
CUSAN,31794,18500000,0.17,pusula,2026_01,2026-04-18 13:52
ISGSY,28777,47378729,0.06,pusula,2026_01,2026-04-18 13:52
BERA,113785,491816866,0.02,pusula,2026_01,2026-04-18 13:52
GSDDE,111406,106850751,0.1,pusula,2026_01,2026-04-18 13:52
TRILC,74222,118499496,0.06,pusula,2026_01,2026-04-18 13:52
ISGYO,17077,531312439,0.0,pusula,2026_01,2026-04-18 13:52
ARCLK,99406,170054748,0.06,pusula,2026_01,2026-04-18 13:52
EUHOL,39298,142999955,0.03,pusula,2026_01,2026-04-18 13:52
HATSN,57737,44299973,0.13,pusula,2026_01,2026-04-18 13:52
LIDER,51011,279500000,0.02,pusula,2026_01,2026-04-18 13:52
SAFKR,113575,139427409,0.08,pusula,2026_01,2026-04-18 13:52
EUYO,30162,19932876,0.15,pusula,2026_01,2026-04-18 13:52
ISYAT,160675,152245569,0.11,pusula,2026_01,2026-04-18 13:52
GLCVY,55955,26400000,0.21,pusula,2026_01,2026-04-18 13:52
GUBRF,17992,85359737,0.02,pusula,2026_01,2026-04-18 13:52
BRMEN,49981,57566555,0.09,pusula,2026_01,2026-04-18 13:52
NTGAZ,102531,276000000,0.04,pusula,2026_01,2026-04-18 13:52
BJKAS,217150,1776089716,0.01,pusula,2026_01,2026-04-18 13:52
ALFAS,66219,84639559,0.08,pusula,2026_01,2026-04-18 13:52
GSDHO,108771,999994969,0.01,pusula,2026_01,2026-04-18 13:52
MTRYO,60562,39900000,0.15,pusula,2026_01,2026-04-18 13:52
VESTL,108169,295447203,0.04,pusula,2026_01,2026-04-18 13:52
KRTEK,52190,18914650,0.28,pusula,2026_01,2026-04-18 13:52
KORDS,35793,65421451,0.05,pusula,2026_01,2026-04-18 13:52
OSMEN,70238,157750927,0.04,pusula,2026_01,2026-04-18 13:52
ARFYE,52044,47000000,0.11,pusula,2026_01,2026-04-18 13:52
HTTBT,33723,82805422,0.04,pusula,2026_01,2026-04-18 13:52
PKART,33049,11048497,0.3,pusula,2026_01,2026-04-18 13:52
RGYAS,15729,105523000,0.01,pusula,2026_01,2026-04-18 13:52
GEDIK,228756,983076856,0.02,pusula,2026_01,2026-04-18 13:52
SEYKM,484969,151040901,0.32,pusula,2026_01,2026-04-18 13:52
MEGAP,262327,234498757,0.11,pusula,2026_01,2026-04-18 13:52
MGROS,22037,96563547,0.02,pusula,2026_01,2026-04-18 13:52
BMSTL,153439,74772260,0.21,pusula,2026_01,2026-04-18 13:52
ELITE,65542,44650000,0.15,pusula,2026_01,2026-04-18 13:52
SUNTK,21673,144433250,0.02,pusula,2026_01,2026-04-18 13:52
INTEM,10450,9428747,0.11,pusula,2026_01,2026-04-18 13:52
OFSYM,26459,22749998,0.12,pusula,2026_01,2026-04-18 13:52
BULGS,89454,72499900,0.12,pusula,2026_01,2026-04-18 13:52
SOKE,118619,126999996,0.09,pusula,2026_01,2026-04-18 13:52
ENKAI,63747,874736059,0.01,pusula,2026_01,2026-04-18 13:52
OZKGY,41966,363999945,0.01,pusula,2026_01,2026-04-18 13:52
ATEKS,11895,5441598,0.22,pusula,2026_01,2026-04-18 13:52
GLRMK,30301,38760000,0.08,pusula,2026_01,2026-04-18 13:52
PCILT,20534,45014183,0.05,pusula,2026_01,2026-04-18 13:52
BRKVY,337251,13618361,2.48,pusula,2026_01,2026-04-18 13:52
GWIND,36663,179165491,0.02,pusula,2026_01,2026-04-18 13:52
AEFES,440722,2028860053,0.02,pusula,2026_01,2026-04-18 13:52
BNTAS,77126,170624998,0.05,pusula,2026_01,2026-04-18 13:52
PLTUR,842821,49500000,1.7,pusula,2026_01,2026-04-18 13:52
GRTHO,11722,36745000,0.03,pusula,2026_01,2026-04-18 13:52
KMPUR,89168,132432524,0.07,pusula,2026_01,2026-04-18 13:52
TURGG,118427,32042988,0.37,pusula,2026_01,2026-04-18 13:52
SAMAT,244532,103183797,0.24,pusula,2026_01,2026-04-18 13:52
FADE,306491,42347497,0.72,pusula,2026_01,2026-04-18 13:52
DOKTA,13476,145872862,0.01,pusula,2026_01,2026-04-18 13:52
ATAKP,19778,28224000,0.07,pusula,2026_01,2026-04-18 13:52
TCKRC,26559,70000000,0.04,pusula,2026_01,2026-04-18 13:52
OZATD,23093,13349933,0.17,pusula,2026_01,2026-04-18 13:52
KRONT,22768,116892885,0.02,pusula,2026_01,2026-04-18 13:52
AGESA,15427,35829553,0.04,pusula,2026_01,2026-04-18 13:52
VSNMD,34112,24000000,0.14,pusula,2026_01,2026-04-18 13:52
VERTU,32265,22000000,0.15,pusula,2026_01,2026-04-18 13:52
HKTM,65833,72747500,0.09,pusula,2026_01,2026-04-18 13:52
BUCIM,63959,1286538062,0.0,pusula,2026_01,2026-04-18 13:52
SKYLP,10880,7159255,0.15,pusula,2026_01,2026-04-18 13:52
OYAYO,26375,19999941,0.13,pusula,2026_01,2026-04-18 13:52
ISMEN,88785,467723147,0.02,pusula,2026_01,2026-04-18 13:52
DOFER,25169,19572500,0.13,pusula,2026_01,2026-04-18 13:52
YEOTK,72837,160933198,0.05,pusula,2026_01,2026-04-18 13:52
NETAS,10027,31783484,0.03,pusula,2026_01,2026-04-18 13:52
KARTN,21932,72781126,0.03,pusula,2026_01,2026-04-18 13:52
ENJSA,19203,236211770,0.01,pusula,2026_01,2026-04-18 13:52
ARASE,13981,49999991,0.03,pusula,2026_01,2026-04-18 13:52
ALKLC,36454,45382467,0.08,pusula,2026_01,2026-04-18 13:52
TKFEN,23991,230848007,0.01,pusula,2026_01,2026-04-18 13:52
BOSSA,24841,508724189,0.0,pusula,2026_01,2026-04-18 13:52
GRSEL,15137,29650000,0.05,pusula,2026_01,2026-04-18 13:52
MERCN,91186,74389005,0.12,pusula,2026_01,2026-04-18 13:52
LOGO,4859,74328248,0.01,pusula,2026_01,2026-04-18 13:52
TMSN,31099,44449988,0.07,pusula,2026_01,2026-04-18 13:52
EGGUB,7932,75862114,0.01,pusula,2026_01,2026-04-18 13:52
TTKOM,52178,524999999,0.01,pusula,2026_01,2026-04-18 13:52
VKING,20875,30932905,0.07,pusula,2026_01,2026-04-18 13:52
ULUSE,5351,24000000,0.02,pusula,2026_01,2026-04-18 13:52
AVHOL,10669,26047279,0.04,pusula,2026_01,2026-04-18 13:52
LYDHO,37777,197140910,0.02,pusula,2026_01,2026-04-18 13:52
MACKO,54039,41453550,0.13,pusula,2026_01,2026-04-18 13:52
VBTYZ,60848,55935000,0.11,pusula,2026_01,2026-04-18 13:52
CRDFA,81125,74996853,0.11,pusula,2026_01,2026-04-18 13:52
SUWEN,48183,365687500,0.01,pusula,2026_01,2026-04-18 13:52
SANEL,25992,18112451,0.14,pusula,2026_01,2026-04-18 13:52
KRDMB,14768,118762110,0.01,pusula,2026_01,2026-04-18 13:52
ECZYT,7846,45880511,0.02,pusula,2026_01,2026-04-18 13:52
AVPGY,19101,100000000,0.02,pusula,2026_01,2026-04-18 13:52
BALAT,105491,13585960,0.78,pusula,2026_01,2026-04-18 13:52
RAYSG,8902,51947024,0.02,pusula,2026_01,2026-04-18 13:52
ADEL,28329,112043619,0.03,pusula,2026_01,2026-04-18 13:52
ALARK,46824,164975148,0.03,pusula,2026_01,2026-04-18 13:52
VESBE,61357,503578676,0.01,pusula,2026_01,2026-04-18 13:52
BRLSM,127937,108025075,0.12,pusula,2026_01,2026-04-18 13:52
DGNMO,93040,327634635,0.03,pusula,2026_01,2026-04-18 13:52
MERIT,6226,329748900,0.0,pusula,2026_01,2026-04-18 13:52
GRNYO,12988,37386059,0.03,pusula,2026_01,2026-04-18 13:52
ISBIR,7525,14500244,0.05,pusula,2026_01,2026-04-18 13:52
ERSU,13592,31755894,0.04,pusula,2026_01,2026-04-18 13:52
OYYAT,20034,91048322,0.02,pusula,2026_01,2026-04-18 13:52
PENGD,95224,171069968,0.06,pusula,2026_01,2026-04-18 13:52
OTTO,6125,5474438,0.11,pusula,2026_01,2026-04-18 13:52
INVES,2043,37480000,0.01,pusula,2026_01,2026-04-18 13:52
DEVA,14702,199971814,0.01,pusula,2026_01,2026-04-18 13:52
AFYON,91936,399992258,0.02,pusula,2026_01,2026-04-18 13:52
PKENT,13032,23766169,0.05,pusula,2026_01,2026-04-18 13:52
AYGAZ,1697,98568807,0.0,pusula,2026_01,2026-04-18 13:52
VKFYO,21398,26473700,0.08,pusula,2026_01,2026-04-18 13:52
ULAS,30164,25200172,0.12,pusula,2026_01,2026-04-18 13:52
MMCAS,10432,12393964,0.08,pusula,2026_01,2026-04-18 13:52
PARSN,6285,34033246,0.02,pusula,2026_01,2026-04-18 13:52
BINBN,6304,17000000,0.04,pusula,2026_01,2026-04-18 13:52
TRGYO,10823,251573369,0.0,pusula,2026_01,2026-04-18 13:52
MEDTR,9900,24499999,0.04,pusula,2026_01,2026-04-18 13:52
GEDZA,13758,42983624,0.03,pusula,2026_01,2026-04-18 13:52
YAPRK,9004,4214998,0.21,pusula,2026_01,2026-04-18 13:52
CGCAM,42253,42000000,0.1,pusula,2026_01,2026-04-18 13:52
CEMZY,12399,124118690,0.01,pusula,2026_01,2026-04-18 13:52
GLDTRF,4309,48100000,0.01,pusula,2026_01,2026-04-18 13:52
BVSAN,13414,13749998,0.1,pusula,2026_01,2026-04-18 13:52
AYES,37462,86971609,0.04,pusula,2026_01,2026-04-18 13:52
VAKKO,7007,30789786,0.02,pusula,2026_01,2026-04-18 13:52
BRSAN,13500,35912460,0.04,pusula,2026_01,2026-04-18 13:52
BRYAT,5548,10264685,0.05,pusula,2026_01,2026-04-18 13:52
PSDTC,17906,6599991,0.27,pusula,2026_01,2026-04-18 13:52
KTSKR,30869,14691795,0.21,pusula,2026_01,2026-04-18 13:52
GLYHO,44479,1949290631,0.0,pusula,2026_01,2026-04-18 13:52
KNFRT,3271,131747000,0.0,pusula,2026_01,2026-04-18 13:52
KLNMA,40060,91846864,0.04,pusula,2026_01,2026-04-18 13:52
CRFSA,9009,18312793,0.05,pusula,2026_01,2026-04-18 13:52
BANVT,12029,36961044,0.03,pusula,2026_01,2026-04-18 13:52
SANKO,10996,37499197,0.03,pusula,2026_01,2026-04-18 13:52
SDTTR,14084,15990000,0.09,pusula,2026_01,2026-04-18 13:52
PAMEL,2691,21533681,0.01,pusula,2026_01,2026-04-18 13:52
BALSU,40378,278000000,0.01,pusula,2026_01,2026-04-18 13:52
TBORG,4251,59392160,0.01,pusula,2026_01,2026-04-18 13:52
MARKA,3247,20752018,0.02,pusula,2026_01,2026-04-18 13:52
KLRHO,498,341250000,0.0,pusula,2026_01,2026-04-18 13:52
KIMMR,968,75000000,0.0,pusula,2026_01,2026-04-18 13:52
DERIM,5976,40403770,0.01,pusula,2026_01,2026-04-18 13:52
ONCSM,7282,10086000,0.07,pusula,2026_01,2026-04-18 13:52
BURCE,12748,44422390,0.03,pusula,2026_01,2026-04-18 13:52
ALCAR,547,1721735,0.03,pusula,2026_01,2026-04-18 13:52
TTRAK,12606,24967458,0.05,pusula,2026_01,2026-04-18 13:52
AYCES,876,1895369,0.05,pusula,2026_01,2026-04-18 13:52
ARENA,25067,66996461,0.04,pusula,2026_01,2026-04-18 13:52
EGEEN,2000,1137161,0.18,pusula,2026_01,2026-04-18 13:52
BOBET,62525,113999998,0.05,pusula,2026_01,2026-04-18 13:52
TLMAN,12700,10300000,0.12,pusula,2026_01,2026-04-18 13:52
INTEK,1100,5043584,0.02,pusula,2026_01,2026-04-18 13:52
COSMO,308,6494091,0.0,pusula,2026_01,2026-04-18 13:52
NUHCM,2754,33135899,0.01,pusula,2026_01,2026-04-18 13:52
APMDLF,150,12300000,0.0,pusula,2026_01,2026-04-18 13:52
ZGOLDF,1843,152040000,0.0,pusula,2026_01,2026-04-18 13:52
VERUS,3199,34499937,0.01,pusula,2026_01,2026-04-18 13:52
YESIL,416301,640699952,0.06,pusula,2026_01,2026-04-18 13:52
IDGYO,24035,119234999,0.02,pusula,2026_01,2026-04-18 13:52
DIRIT,2661,10146501,0.03,pusula,2026_01,2026-04-18 13:52
POLTK,127,1125000,0.01,pusula,2026_01,2026-04-18 13:52
UFUK,4404,46845974,0.01,pusula,2026_01,2026-04-18 13:52
MRSHL,654,4212888,0.02,pusula,2026_01,2026-04-18 13:52
AKFIS,33657,66841328,0.05,pusula,2026_01,2026-04-18 13:52
SAYAS,12041,42530887,0.03,pusula,2026_01,2026-04-18 13:52
YONGA,7091,7195951,0.1,pusula,2026_01,2026-04-18 13:52
GOZDE,18639,384992447,0.0,pusula,2026_01,2026-04-18 13:52
SALIX,2,4949230,0.0,pusula,2026_01,2026-04-18 13:52
EGCYH,310,39900235,0.0,pusula,2026_01,2026-04-18 13:52
EGCYO,2,21986285,0.0,pusula,2026_01,2026-04-18 13:52
UKIM,5000,2053621,0.24,pusula,2026_01,2026-04-18 13:52
KERVN,494185,588346973,0.08,pusula,2026_01,2026-04-18 13:52
ARTI,1066,9881683,0.01,pusula,2026_01,2026-04-18 13:52
UMPAS,64227,19320590,0.33,pusula,2026_01,2026-04-18 13:52
CBSBO,500,14692447,0.0,pusula,2026_01,2026-04-18 13:52
UNTAR,10350,29562129,0.04,pusula,2026_01,2026-04-18 13:52
FENIS,1,26080019,0.0,pusula,2026_01,2026-04-18 13:52
ARTOG,1,18578922,0.0,pusula,2026_01,2026-04-18 13:52
UZEL,124850,26329793,0.47,pusula,2026_01,2026-04-18 13:52
FVORI,18039,17564673,0.1,pusula,2026_01,2026-04-18 13:52
ATPET,21670,11403497,0.19,pusula,2026_01,2026-04-18 13:52
EGYO,4500,36676214,0.01,pusula,2026_01,2026-04-18 13:52
GEDIZ,47787,7163595,0.67,pusula,2026_01,2026-04-18 13:52
MEMSA,14507,160110709,0.01,pusula,2026_01,2026-04-18 13:52
SKPLC,501,13084995,0.0,pusula,2026_01,2026-04-18 13:52
AKPAZ,35619,22489187,0.16,pusula,2026_01,2026-04-18 13:52
EKIZ,62,8198720,0.0,pusula,2026_01,2026-04-18 13:52
GENYH,19619,9999906,0.2,pusula,2026_01,2026-04-18 13:52
BMEKS,35284,114192339,0.03,pusula,2026_01,2026-04-18 13:52
DGGYO,2805,280709437,0.0,pusula,2026_01,2026-04-18 13:52
EMNIS,4826,3429235,0.14,pusula,2026_01,2026-04-18 13:52
CLKHO,12467,26183651,0.05,pusula,2026_01,2026-04-18 13:52
ANELT,19,43199817,0.0,pusula,2026_01,2026-04-18 13:52
ENPRA,8864,15294299,0.06,pusula,2026_01,2026-04-18 13:52
BASCM,920,49238593,0.0,pusula,2026_01,2026-04-18 13:52
MRTGG,14130,14339249,0.1,pusula,2026_01,2026-04-18 13:52
PRTAS,0,21405233,0.0,pusula,2026_01,2026-04-18 13:52
DMISH,2,22727060,0.0,pusula,2026_01,2026-04-18 13:52
GOLDS,302820,192323946,0.16,pusula,2026_01,2026-04-18 13:52
LATEK,12001,39499512,0.03,pusula,2026_01,2026-04-18 13:52
AKSEL,1,7100000,0.0,pusula,2026_01,2026-04-18 13:52
ASYAB,112752,477904801,0.02,pusula,2026_01,2026-04-18 13:52
ATAC,66667,103398067,0.06,pusula,2026_01,2026-04-18 13:52
LIOYS,7250,31625013,0.02,pusula,2026_01,2026-04-18 13:52
TRNSK,1000,25616249,0.0,pusula,2026_01,2026-04-18 13:52
ARAT,4858,39867975,0.01,pusula,2026_01,2026-04-18 13:52
BYSAN,18373,16552134,0.11,pusula,2026_01,2026-04-18 13:52
EGCEY,8162,19749798,0.04,pusula,2026_01,2026-04-18 13:52
TUMTK,8070,76370187,0.01,pusula,2026_01,2026-04-18 13:52
PAGYO,2908,57781202,0.01,pusula,2026_01,2026-04-18 13:52
LYDYE,18,1391287,0.0,pusula,2026_01,2026-04-18 13:52
KSTUR,79,3952561,0.0,pusula,2026_01,2026-04-18 13:52
DESA,13917,171107590,0.01,pusula,2026_01,2026-04-18 13:52
MAALT,697,4763850,0.01,pusula,2026_01,2026-04-18 13:52
TGSAS,775,12348294,0.01,pusula,2026_01,2026-04-18 13:52
KENT,294,1191005,0.02,pusula,2026_01,2026-04-18 13:52
ARMGD,691,54996000,0.0,pusula,2026_01,2026-04-18 13:52
OTKAR,6385,33417145,0.02,pusula,2026_01,2026-04-18 13:52
FMIZP,868,3497751,0.02,pusula,2026_01,2026-04-18 13:52
ORMA,1088,3663265,0.03,pusula,2026_01,2026-04-18 13:52
SUMAS,2160,5433852,0.04,pusula,2026_01,2026-04-18 13:52
AKMGY,8641,21568998,0.04,pusula,2026_01,2026-04-18 13:52
KONYA,355,1646416,0.02,pusula,2026_01,2026-04-18 13:52
ARDYZ,119670,279551557,0.04,pusula,2026_01,2026-04-18 13:52
ATSYH,3665,7998869,0.05,pusula,2026_01,2026-04-18 13:52
ODINE,924,52576848,0.0,pusula,2026_01,2026-04-18 13:52
PNLSN,6269,34752383,0.02,pusula,2026_01,2026-04-18 13:52
ZRGYO,401852,1173404997,0.03,pusula,2026_01,2026-04-18 13:52
CASA,2730,4891517,0.06,pusula,2026_01,2026-04-18 13:52
OBASE,2353,14924000,0.02,pusula,2026_01,2026-04-18 13:52
YGGYO,98,240625741,0.0,pusula,2026_01,2026-04-18 13:52
CMENT,2223,56829666,0.0,pusula,2026_01,2026-04-18 13:52
INGRM,937,14969536,0.01,pusula,2026_01,2026-04-18 13:52
PRKME,43152,53038641,0.08,pusula,2026_01,2026-04-18 13:52
BURVA,2389,4723271,0.05,pusula,2026_01,2026-04-18 13:52
BIGTK,3375,23395022,0.01,pusula,2026_01,2026-04-18 13:52
ASUZU,31578,41130807,0.08,pusula,2026_01,2026-04-18 13:52
INVEO,67998,998999954,0.01,pusula,2026_01,2026-04-18 13:52
SMART,30361,29737499,0.1,pusula,2026_01,2026-04-18 13:52
MNDRS,15978,222007982,0.01,pusula,2026_01,2026-04-18 13:52
DOGUB,310,19821566,0.0,pusula,2026_01,2026-04-18 13:52
AVGYO,42802,111590302,0.04,pusula,2026_01,2026-04-18 13:52
MAKIM,5679,42559998,0.01,pusula,2026_01,2026-04-18 13:52
BFREN,3494,24586148,0.01,pusula,2026_01,2026-04-18 13:52
CMBTN,1774,1023000,0.17,pusula,2026_01,2026-04-18 13:52
ATLAS,863,59999865,0.0,pusula,2026_01,2026-04-18 13:52
ERBOS,6464,15899843,0.04,pusula,2026_01,2026-04-18 13:52
YBTAS,24211,31526916,0.08,pusula,2026_01,2026-04-18 13:52
DMSAS,136767,199994510,0.07,pusula,2026_01,2026-04-18 13:52
TARKM,4793,4999885,0.1,pusula,2026_01,2026-04-18 13:52
MPARK,16784,80869110,0.02,pusula,2026_01,2026-04-18 13:52
CLEBI,1385,5490178,0.03,pusula,2026_01,2026-04-18 13:52
ANGEN,108111,86440002,0.13,pusula,2026_01,2026-04-18 13:52
ORGE,33651,41839996,0.08,pusula,2026_01,2026-04-18 13:52
RNPOL,26063,16795000,0.16,pusula,2026_01,2026-04-18 13:52
ZEDUR,27189,69899992,0.04,pusula,2026_01,2026-04-18 13:52
AKSUE,11453,56376184,0.02,pusula,2026_01,2026-04-18 13:52
TUPRS,159079,902334854,0.02,pusula,2026_01,2026-04-18 13:52
BASGZ,14751,174999999,0.01,pusula,2026_01,2026-04-18 13:52
ENSRI,11909,236333503,0.01,pusula,2026_01,2026-04-18 13:52
LUKSK,4765,27257202,0.02,pusula,2026_01,2026-04-18 13:52
TMPOL,9225,11039990,0.08,pusula,2026_01,2026-04-18 13:52
TABGD,4381,52499906,0.01,pusula,2026_01,2026-04-18 13:52
ATATP,25912,18809999,0.14,pusula,2026_01,2026-04-18 13:52
TRENJ,22163,97964682,0.02,pusula,2026_01,2026-04-18 13:52
ANHYT,12300,88457041,0.01,pusula,2026_01,2026-04-18 13:52
QNBFK,7349,843137646,0.0,pusula,2026_01,2026-04-18 13:52
DGATE,94174,15227271,0.62,pusula,2026_01,2026-04-18 13:52
IZINV,4180,13540386,0.03,pusula,2026_01,2026-04-18 13:52
PENTA,80109,181070136,0.04,pusula,2026_01,2026-04-18 13:52
SONME,2552,4349319,0.06,pusula,2026_01,2026-04-18 13:52
EBEBK,6918,40534692,0.02,pusula,2026_01,2026-04-18 13:52
FORTE,15384,21999999,0.07,pusula,2026_01,2026-04-18 13:52
DUNYH,46340,36443197,0.13,pusula,2026_01,2026-04-18 13:52
DOAS,27004,97899975,0.03,pusula,2026_01,2026-04-18 13:52
CATES,34247,33050000,0.1,pusula,2026_01,2026-04-18 13:52
RALYH,1508,176324572,0.0,pusula,2026_01,2026-04-18 13:52
ACSEL,3379,8589113,0.04,pusula,2026_01,2026-04-18 13:52
RODRG,51216,16822352,0.3,pusula,2026_01,2026-04-18 13:52
BRISA,3879,31247472,0.01,pusula,2026_01,2026-04-18 13:52
IHAAS,2917,56031248,0.01,pusula,2026_01,2026-04-18 13:52
KAPLM,4295,4563571,0.09,pusula,2026_01,2026-04-18 13:52
DNISI,53536,59171727,0.09,pusula,2026_01,2026-04-18 13:52
BIMAS,12915,436214016,0.0,pusula,2026_01,2026-04-18 13:52
KCHOL,58630,674052308,0.01,pusula,2026_01,2026-04-18 13:52
SEKFK,38299,62311473,0.06,pusula,2026_01,2026-04-18 13:52
SNPAM,4444,19679871,0.02,pusula,2026_01,2026-04-18 13:52
DOHOL,132761,984706959,0.01,pusula,2026_01,2026-04-18 13:52
GOLTS,10345,12422783,0.08,pusula,2026_01,2026-04-18 13:52
ENDAE,10064,120211591,0.01,pusula,2026_01,2026-04-18 13:52
KUVVA,5500,24204585,0.02,pusula,2026_01,2026-04-18 13:52
ARTMS,44122,24199999,0.18,pusula,2026_01,2026-04-18 13:52
GMSTRF,18522,70300000,0.03,pusula,2026_01,2026-04-18 13:52
BAGFS,88242,100042745,0.09,pusula,2026_01,2026-04-18 13:52
TRCAS,47953,206252778,0.02,pusula,2026_01,2026-04-18 13:52
KUTPO,12882,10524430,0.12,pusula,2026_01,2026-04-18 13:52
TKNSA,66223,100485379,0.07,pusula,2026_01,2026-04-18 13:52
ISFIN,33817,310154523,0.01,pusula,2026_01,2026-04-18 13:52
SMRVA,17867,28000000,0.06,pusula,2026_01,2026-04-18 13:52
DSTKF,3614,82195267,0.0,pusula,2026_01,2026-04-18 13:52
GARFA,55960,138399778,0.04,pusula,2026_01,2026-04-18 13:52
SKTAS,520706,332865443,0.16,pusula,2026_01,2026-04-18 13:52
LKMNH,751242,163262533,0.46,pusula,2026_01,2026-04-18 13:52
EMKEL,459935,149999456,0.31,pusula,2026_01,2026-04-18 13:52
ERCB,13858,39113273,0.04,pusula,2026_01,2026-04-18 13:52
ALCTL,3777,13543218,0.03,pusula,2026_01,2026-04-18 13:52
SELEC,20539,124262097,0.02,pusula,2026_01,2026-04-18 13:52
ANSGR,20730,1564416026,0.0,pusula,2026_01,2026-04-18 13:52
OZRDN,25754,57107579,0.05,pusula,2026_01,2026-04-18 13:52
ZPLIBF,400,206760000,0.0,pusula,2026_01,2026-04-18 13:52
ICBCT,64084,216761845,0.03,pusula,2026_01,2026-04-18 13:52
AYEN,75479,55531320,0.14,pusula,2026_01,2026-04-18 13:52
BRKSN,46047,62639942,0.07,pusula,2026_01,2026-04-18 13:52
GIPTA,25401,51625912,0.05,pusula,2026_01,2026-04-18 13:52
LMKDC,62002,155929999,0.04,pusula,2026_01,2026-04-18 13:52
DYOBY,174640,186553687,0.09,pusula,2026_01,2026-04-18 13:52
ULKER,28646,338855989,0.01,pusula,2026_01,2026-04-18 13:52
HRKET,94504,24000000,0.39,pusula,2026_01,2026-04-18 13:52
CCOLA,21215,818085147,0.0,pusula,2026_01,2026-04-18 13:52
HOROZ,12730,24599986,0.05,pusula,2026_01,2026-04-18 13:52
EGPRO,21639,175170570,0.01,pusula,2026_01,2026-04-18 13:52
DZGYO,43578,399777846,0.01,pusula,2026_01,2026-04-18 13:52
GATEG,3227,10559341,0.03,pusula,2026_01,2026-04-18 13:52
ULUUN,78534,290523352,0.03,pusula,2026_01,2026-04-18 13:52
OYLUM,43676,80937367,0.05,pusula,2026_01,2026-04-18 13:52
LINK,11484,18231985,0.06,pusula,2026_01,2026-04-18 13:52
MHRGY,312995,310499991,0.1,pusula,2026_01,2026-04-18 13:52
CELHA,100394,146078935,0.07,pusula,2026_01,2026-04-18 13:52
KOTON,59055,136599960,0.04,pusula,2026_01,2026-04-18 13:52
FONET,306902,577082984,0.05,pusula,2026_01,2026-04-18 13:52
ALKIM,37836,182767821,0.02,pusula,2026_01,2026-04-18 13:52
TRMET,27604,174454588,0.02,pusula,2026_01,2026-04-18 13:52
DOFRB,14203,45000000,0.03,pusula,2026_01,2026-04-18 13:52
BAHKM,5994,23289000,0.03,pusula,2026_01,2026-04-18 13:52
DMLKTG,1447032,2576335943,0.06,pusula,2026_01,2026-04-18 13:52
GZNMI,20512,40910271,0.05,pusula,2026_01,2026-04-18 13:52
MAVI,85490,576779312,0.01,pusula,2026_01,2026-04-18 13:52
DESPC,8422,16023700,0.05,pusula,2026_01,2026-04-18 13:52
KONKA,90746,89670000,0.1,pusula,2026_01,2026-04-18 13:52
BESLR,92670,658098036,0.01,pusula,2026_01,2026-04-18 13:52
AKENR,41501,385189146,0.01,pusula,2026_01,2026-04-18 13:52
ISSEN,157321,107411517,0.15,pusula,2026_01,2026-04-18 13:52
KZGYO,38328,49999985,0.08,pusula,2026_01,2026-04-18 13:52
ASELS,134368,1178597817,0.01,pusula,2026_01,2026-04-18 13:52
RYSAS,73750,1504020937,0.0,pusula,2026_01,2026-04-18 13:52
BIGCH,37044,73786589,0.05,pusula,2026_01,2026-04-18 13:52
GOKNR,113358,178040711,0.06,pusula,2026_01,2026-04-18 13:52
NIBAS,481235,267767946,0.18,pusula,2026_01,2026-04-18 13:52
AKYHO,1383547,223895870,0.62,pusula,2026_01,2026-04-18 13:52
ONRYT,76837,19730000,0.39,pusula,2026_01,2026-04-18 13:52
TRALT,811195,952271819,0.09,pusula,2026_01,2026-04-18 13:52
TATGD,63622,119284718,0.05,pusula,2026_01,2026-04-18 13:52
TAVHL,-9726,213213415,-0.0,pusula,2026_01,2026-04-18 13:52
JANTS,41863,207477849,0.02,pusula,2026_01,2026-04-18 13:52
MERKO,125192,101104701,0.12,pusula,2026_01,2026-04-18 13:52
RUBNS,13564,42377765,0.03,pusula,2026_01,2026-04-18 13:52
TDGYO,619504,59914214,1.03,pusula,2026_01,2026-04-18 13:52
BEYAZ,26708,42317352,0.06,pusula,2026_01,2026-04-18 13:52
EDIP,3729,36468204,0.01,pusula,2026_01,2026-04-18 13:52
YATAS,-14733,94866488,-0.02,pusula,2026_01,2026-04-18 13:52
GLBMD,15415,28880500,0.05,pusula,2026_01,2026-04-18 13:52
AKGRT,57930,629007625,0.01,pusula,2026_01,2026-04-18 13:52
ETYAT,33761,18752248,0.18,pusula,2026_01,2026-04-18 13:52
DURDO,999145,379703149,0.26,pusula,2026_01,2026-04-18 13:52
PRKAB,16426,35225443,0.05,pusula,2026_01,2026-04-18 13:52
FRIGO,693840,153667954,0.45,pusula,2026_01,2026-04-18 13:52
FROTO,168749,625120847,0.03,pusula,2026_01,2026-04-18 13:52
PINSU,52141,101635846,0.05,pusula,2026_01,2026-04-18 13:52
BIENY,94596,83144831,0.11,pusula,2026_01,2026-04-18 13:52
TRHOL,150356,17635692,0.85,pusula,2026_01,2026-04-18 13:52
KRDMA,32378,240300917,0.01,pusula,2026_01,2026-04-18 13:52
AGROT,665456,843999770,0.08,pusula,2026_01,2026-04-18 13:52
TSKB,41302,1516591673,0.0,pusula,2026_01,2026-04-18 13:52
MOGAN,129278,262635000,0.05,pusula,2026_01,2026-04-18 13:52
PETUN,205854,134673118,0.15,pusula,2026_01,2026-04-18 13:52
MEPET,15412,73940585,0.02,pusula,2026_01,2026-04-18 13:52
RUZYE,110002,267748491,0.04,pusula,2026_01,2026-04-18 13:52
NUGYO,75228,324943976,0.02,pusula,2026_01,2026-04-18 13:52
BLCYT,194224,49088907,0.4,pusula,2026_01,2026-04-18 13:52
ENERY,346485,2420686786,0.01,pusula,2026_01,2026-04-18 13:52
KOCMT,499412,581991187,0.09,pusula,2026_01,2026-04-18 13:52
BAKAB,5607,34985326,0.02,pusula,2026_01,2026-04-18 13:52
AZTEK,257730,279000000,0.09,pusula,2026_01,2026-04-18 13:52
YUNSA,2292462,202164056,1.13,pusula,2026_01,2026-04-18 13:52
YIGIT,257476,74999975,0.34,pusula,2026_01,2026-04-18 13:52
TOASO,35797,120585076,0.03,pusula,2026_01,2026-04-18 13:52
GUNDG,29762,18968972,0.16,pusula,2026_01,2026-04-18 13:52
AKSGY,272501,1628451947,0.02,pusula,2026_01,2026-04-18 13:52
AYDEM,19796,130000000,0.02,pusula,2026_01,2026-04-18 13:52
ETILR,106683,156217454,0.07,pusula,2026_01,2026-04-18 13:52
ULUFA,356225,305352801,0.12,pusula,2026_01,2026-04-18 13:52
YKSLN,142022,197429570,0.07,pusula,2026_01,2026-04-18 13:52
KAREL,187700,329659497,0.06,pusula,2026_01,2026-04-18 13:52
MNDTR,293115,910071938,0.03,pusula,2026_01,2026-04-18 13:52
BLUME,143035,174710134,0.08,pusula,2026_01,2026-04-18 13:52
SILVR,236975,212818206,0.11,pusula,2026_01,2026-04-18 13:52
SISE,586669,1814922730,0.03,pusula,2026_01,2026-04-18 13:52
OSTIM,190899,509984964,0.04,pusula,2026_01,2026-04-18 13:52
PGSUS,73847,245068871,0.03,pusula,2026_01,2026-04-18 13:52
RTALB,442316,432976722,0.1,pusula,2026_01,2026-04-18 13:52
BMSCH,42555,69277402,0.06,pusula,2026_01,2026-04-18 13:52
TUREX,278405,432000000,0.06,pusula,2026_01,2026-04-18 13:52
POLHO,28720,164140074,0.02,pusula,2026_01,2026-04-18 13:52
SOKM,138145,448708248,0.03,pusula,2026_01,2026-04-18 13:52
KGYO,4106328,767895149,0.53,pusula,2026_01,2026-04-18 13:52
AGYO,130102,129036460,0.1,pusula,2026_01,2026-04-18 13:52
GARAN,53333,2454854227,0.0,pusula,2026_01,2026-04-18 13:52
KLYPV,64127,46334639,0.14,pusula,2026_01,2026-04-18 13:52
HUNER,214371,670137934,0.03,pusula,2026_01,2026-04-18 13:52
CONSE,219637,377854899,0.06,pusula,2026_01,2026-04-18 13:52
IHGZT,162472,570666228,0.03,pusula,2026_01,2026-04-18 13:52
ICUGS,417637,336250000,0.12,pusula,2026_01,2026-04-18 13:52
KCAER,341641,496494775,0.07,pusula,2026_01,2026-04-18 13:52
BYDNR,134204,20499984,0.65,pusula,2026_01,2026-04-18 13:52
ECOGR,364877,109980000,0.33,pusula,2026_01,2026-04-18 13:52
ZERGY,181988,156799985,0.12,pusula,2026_01,2026-04-18 13:52
KRDMD,168046,780216365,0.02,pusula,2026_01,2026-04-18 13:52
TUCLK,871845,230681400,0.38,pusula,2026_01,2026-04-18 13:52
EREGL,839566,3554238535,0.02,pusula,2026_01,2026-04-18 13:52
HUBVC,722374,277189572,0.26,pusula,2026_01,2026-04-18 13:52
KATMR,1753435,1980989998,0.09,pusula,2026_01,2026-04-18 13:52
BEGYO,451773,277250000,0.16,pusula,2026_01,2026-04-18 13:52
PSGYO,4244239,2954231556,0.14,pusula,2026_01,2026-04-18 13:52
SERNT,263497,113000000,0.23,pusula,2026_01,2026-04-18 13:52
HALKB,351561,6546422780,0.01,pusula,2026_01,2026-04-18 13:52
IZMDC,619037,723225318,0.09,pusula,2026_01,2026-04-18 13:52
DURKN,21632,42500000,0.05,pusula,2026_01,2026-04-18 13:52
SNGYO,259155,3607173097,0.01,pusula,2026_01,2026-04-18 13:52
THYAO,150068,739329751,0.02,pusula,2026_01,2026-04-18 13:52
IEYHO,241180,541032947,0.04,pusula,2026_01,2026-04-18 13:52
SEGMN,11847,80999980,0.01,pusula,2026_01,2026-04-18 13:52
SRVGY,219169,806067999,0.03,pusula,2026_01,2026-04-18 13:52
PETKM,342864,1241736844,0.03,pusula,2026_01,2026-04-18 13:52
PAPIL,224041,206247674,0.11,pusula,2026_01,2026-04-18 13:52
IZENR,369512,914537597,0.04,pusula,2026_01,2026-04-18 13:52
INDES,98374,462749768,0.02,pusula,2026_01,2026-04-18 13:52
ECILC,95149,210589603,0.05,pusula,2026_01,2026-04-18 13:52
TEKTU,220274,195639308,0.11,pusula,2026_01,2026-04-18 13:52
CEMAS,426001,790994229,0.05,pusula,2026_01,2026-04-18 13:52
OZGYO,657046,490916869,0.13,pusula,2026_01,2026-04-18 13:52
PATEK,412842,293081892,0.14,pusula,2026_01,2026-04-18 13:52
MEGMT,285346,72749999,0.39,pusula,2026_01,2026-04-18 13:52
KLGYO,387004,689399869,0.06,pusula,2026_01,2026-04-18 13:52
ALTNY,424763,399889404,0.11,pusula,2026_01,2026-04-18 13:52
CEOEM,46664,22232614,0.21,pusula,2026_01,2026-04-18 13:52
EDATA,110723,160065396,0.07,pusula,2026_01,2026-04-18 13:52
ESCOM,87243,463831670,0.02,pusula,2026_01,2026-04-18 13:52
GENTS,607254,749958921,0.08,pusula,2026_01,2026-04-18 13:52
IZFAS,2867877,156001658,1.84,pusula,2026_01,2026-04-18 13:52
HDFGS,702030,956974190,0.07,pusula,2026_01,2026-04-18 13:52
TUKAS,2991540,4499995929,0.07,pusula,2026_01,2026-04-18 13:52
DARDL,604724,1753442695,0.03,pusula,2026_01,2026-04-18 13:52
YKBNK,179044,4705235952,0.0,pusula,2026_01,2026-04-18 13:52
HEDEF,447381,562499930,0.08,pusula,2026_01,2026-04-18 13:52
EKOS,1249067,307199852,0.41,pusula,2026_01,2026-04-18 13:52
VAKBN,1061751,8046896130,0.01,pusula,2026_01,2026-04-18 13:52
HEKTS,2979753,3946474643,0.08,pusula,2026_01,2026-04-18 13:52
BRKO,1044364,138199447,0.76,pusula,2026_01,2026-04-18 13:52
KONTR,1169905,936038763,0.12,pusula,2026_01,2026-04-18 13:52
SELVA,652080,747897737,0.09,pusula,2026_01,2026-04-18 13:52
KUYAS,541891,395658898,0.14,pusula,2026_01,2026-04-18 13:52
EGSER,323901,545751057,0.06,pusula,2026_01,2026-04-18 13:52
FORMT,575468,1075744232,0.05,pusula,2026_01,2026-04-18 13:52
AKFGY,415499,3457819315,0.01,pusula,2026_01,2026-04-18 13:52
AHSGY,48393,184999889,0.03,pusula,2026_01,2026-04-18 13:52
TERA,-772921,240888789,-0.32,pusula,2026_01,2026-04-18 13:52
KOPOL,3280685,266319652,1.23,pusula,2026_01,2026-04-18 13:52
PASEU,-364589,215295868,-0.17,pusula,2026_01,2026-04-18 13:52
VANGD,90671,24374995,0.37,pusula,2026_01,2026-04-18 13:52
DMRGD,729385,1277294592,0.06,pusula,2026_01,2026-04-18 13:52
ISCTR,495166,8880196742,0.01,pusula,2026_01,2026-04-18 13:52
GSRAY,2531358,10123744690,0.03,pusula,2026_01,2026-04-18 13:52
TSPOR,9285794,3674526664,0.25,pusula,2026_01,2026-04-18 13:52
PEKGY,5210601,4685012615,0.11,pusula,2026_01,2026-04-18 13:52
EYGYO,1669255,341859667,0.49,pusula,2026_01,2026-04-18 13:52
GENIL,131950442,1289069985,10.24,yabanci,2026_02,2026-04-18 13:53
CANTE,399279510,8608815637,4.64,yabanci,2026_02,2026-04-18 13:53
AKBNK,1671598848,3059320211,54.64,yabanci,2026_02,2026-04-18 13:53
KZBGY,92852822,1959999915,4.74,yabanci,2026_02,2026-04-18 13:53
AEFES,819520964,2028860053,40.39,yabanci,2026_02,2026-04-18 13:53
SASA,2931288538,25700419936,11.41,yabanci,2026_02,2026-04-18 13:53
MRGYO,35788360,1753202571,2.04,yabanci,2026_02,2026-04-18 13:53
TRALT,277440455,952269019,29.13,yabanci,2026_02,2026-04-18 13:53
ESCOM,28212141,463831670,6.08,yabanci,2026_02,2026-04-18 13:53
YKBNK,1623115131,4705620952,34.49,yabanci,2026_02,2026-04-18 13:53
FROTO,236158361,625119847,37.78,yabanci,2026_02,2026-04-18 13:53
DMRGD,25123483,1277294592,1.97,yabanci,2026_02,2026-04-18 13:53
USAK,29001474,2436064709,1.19,yabanci,2026_02,2026-04-18 13:53
RYSAS,870451536,1504020937,57.87,yabanci,2026_02,2026-04-18 13:53
ALVES,24881623,1159999780,2.14,yabanci,2026_02,2026-04-18 13:53
MAVI,193431616,576779312,33.54,yabanci,2026_02,2026-04-18 13:53
AKSA,265037992,1503650642,17.63,yabanci,2026_02,2026-04-18 13:53
BIGCH,13512564,368932945,3.66,yabanci,2026_02,2026-04-18 13:53
SARKY,65649226,999999671,6.56,yabanci,2026_02,2026-04-18 13:53
ASTOR,185043597,366896261,50.43,yabanci,2026_02,2026-04-18 13:53
TURSG,434125723,7907296076,5.49,yabanci,2026_02,2026-04-18 13:53
RYGYO,311158752,770588057,40.38,yabanci,2026_02,2026-04-18 13:53
IHGZT,13132769,570666228,2.3,yabanci,2026_02,2026-04-18 13:53
AGROT,38978141,843999770,4.62,yabanci,2026_02,2026-04-18 13:53
TSPOR,31180407,3674975174,0.85,yabanci,2026_02,2026-04-18 13:53
CCOLA,599444019,820001147,73.1,yabanci,2026_02,2026-04-18 13:53
ALBRK,204965548,1050739765,19.51,yabanci,2026_02,2026-04-18 13:53
KRDMA,23905521,240300917,9.95,yabanci,2026_02,2026-04-18 13:53
TUREX,14303903,432000000,3.31,yabanci,2026_02,2026-04-18 13:53
ENERY,266795840,2420687469,11.02,yabanci,2026_02,2026-04-18 13:53
ECOGR,8551740,110000000,7.77,yabanci,2026_02,2026-04-18 13:53
KUYAS,20687046,398957788,5.19,yabanci,2026_02,2026-04-18 13:53
DARDL,20337372,1753442695,1.16,yabanci,2026_02,2026-04-18 13:53
ARCLK,26977292,170054748,15.86,yabanci,2026_02,2026-04-18 13:53
KATMR,78184126,1980989998,3.95,yabanci,2026_02,2026-04-18 13:53
RNPOL,4000000,335900000,1.19,yabanci,2026_02,2026-04-18 13:53
ISDMR,27113084,147623050,18.37,yabanci,2026_02,2026-04-18 13:53
MOBTL,8792304,207999999,4.23,yabanci,2026_02,2026-04-18 13:53
SANFM,3408601,225029995,1.51,yabanci,2026_02,2026-04-18 13:53
ENSRI,12524978,236333503,5.3,yabanci,2026_02,2026-04-18 13:53
ENTRA,9072527,369383564,2.46,yabanci,2026_02,2026-04-18 13:53
SEGMN,7143575,80999980,8.82,yabanci,2026_02,2026-04-18 13:53
YYAPI,4048686,1705025550,0.24,yabanci,2026_02,2026-04-18 13:53
KGYO,3465774,767895148,0.45,yabanci,2026_02,2026-04-18 13:53
THYAO,156653612,739463453,21.18,yabanci,2026_02,2026-04-18 13:53
MAGEN,91395760,719512140,12.7,yabanci,2026_02,2026-04-18 13:53
SRVGY,67249902,812499687,8.28,yabanci,2026_02,2026-04-18 13:53
SOKM,155023054,448708248,34.55,yabanci,2026_02,2026-04-18 13:53
MIATK,12520191,313087979,4.0,yabanci,2026_02,2026-04-18 13:53
MPARK,34039776,80869110,42.09,yabanci,2026_02,2026-04-18 13:53
IHLGM,4140646,986078000,0.42,yabanci,2026_02,2026-04-18 13:53
KLGYO,8543623,689399869,1.24,yabanci,2026_02,2026-04-18 13:53
AGHOL,251750903,1068828243,23.55,yabanci,2026_02,2026-04-18 13:53
EGEGY,3300762,69140000,4.77,yabanci,2026_02,2026-04-18 13:53
VRGYO,30593829,597693904,5.12,yabanci,2026_02,2026-04-18 13:53
GUNDG,1504001,18968972,7.93,yabanci,2026_02,2026-04-18 13:53
MGROS,33042279,96563550,34.22,yabanci,2026_02,2026-04-18 13:53
ANSGR,149302066,1564416026,9.54,yabanci,2026_02,2026-04-18 13:53
KBORU,1902236,143999994,1.32,yabanci,2026_02,2026-04-18 13:53
MOPAS,1462169,57330000,2.55,yabanci,2026_02,2026-04-18 13:53
KLSYN,2201532,107854952,2.04,yabanci,2026_02,2026-04-18 13:53
ODINE,2806248,52810834,5.31,yabanci,2026_02,2026-04-18 13:53
ISSEN,1265660,107411517,1.18,yabanci,2026_02,2026-04-18 13:53
GMTAS,77056500,298687813,25.8,yabanci,2026_02,2026-04-18 13:53
PENGD,2579699,171069968,1.51,yabanci,2026_02,2026-04-18 13:53
GWIND,11822581,179165491,6.6,yabanci,2026_02,2026-04-18 13:53
IZFAS,2051941,156001658,1.32,yabanci,2026_02,2026-04-18 13:53
LYDHO,9529281,197140970,4.83,yabanci,2026_02,2026-04-18 13:53
REEDR,44679208,632419525,7.06,yabanci,2026_02,2026-04-18 13:53
TRMET,50681041,174483588,29.05,yabanci,2026_02,2026-04-18 13:53
BSOKE,32862429,458487038,7.17,yabanci,2026_02,2026-04-18 13:53
BNTAS,840729,170624998,0.49,yabanci,2026_02,2026-04-18 13:53
MARTI,831855,650112403,0.13,yabanci,2026_02,2026-04-18 13:53
TSGYO,811522,266499982,0.3,yabanci,2026_02,2026-04-18 13:53
GOKNR,6202889,178040711,3.48,yabanci,2026_02,2026-04-18 13:53
SKBNK,125657698,2498877855,5.03,yabanci,2026_02,2026-04-18 13:53
ESEN,38466862,682499950,5.64,yabanci,2026_02,2026-04-18 13:53
ETILR,837410,156217454,0.54,yabanci,2026_02,2026-04-18 13:53
NIBAS,700000,267767946,0.26,yabanci,2026_02,2026-04-18 13:53
KLKIM,9658385,138383655,6.98,yabanci,2026_02,2026-04-18 13:53
FZLGY,2736402,398427644,0.69,yabanci,2026_02,2026-04-18 13:53
AFYON,8354325,399992258,2.09,yabanci,2026_02,2026-04-18 13:53
ATATR,531000,280000000,0.19,yabanci,2026_02,2026-04-18 13:53
YIGIT,654871,74999975,0.87,yabanci,2026_02,2026-04-18 13:53
DCTTR,463058,157328724,0.29,yabanci,2026_02,2026-04-18 13:53
AKSUE,519498,56376184,0.92,yabanci,2026_02,2026-04-18 13:53
BLUME,1055625,174710134,0.6,yabanci,2026_02,2026-04-18 13:53
KARSN,22200790,827827039,2.68,yabanci,2026_02,2026-04-18 13:53
ANELE,909283,151405542,0.6,yabanci,2026_02,2026-04-18 13:53
GOODY,64991591,132804473,48.94,yabanci,2026_02,2026-04-18 13:53
IHYAY,1793890,388124996,0.46,yabanci,2026_02,2026-04-18 13:53
TABGD,22007129,52499906,41.92,yabanci,2026_02,2026-04-18 13:53
ICUGS,350000,336250000,0.1,yabanci,2026_02,2026-04-18 13:53
ONCSM,671895,10086000,6.66,yabanci,2026_02,2026-04-18 13:53
EGSER,849728,545751057,0.16,yabanci,2026_02,2026-04-18 13:53
MTRKS,487270,43633165,1.12,yabanci,2026_02,2026-04-18 13:53
AVGYO,330706,111590302,0.3,yabanci,2026_02,2026-04-18 13:53
DAGI,256077,175301274,0.15,yabanci,2026_02,2026-04-18 13:53
KRPLS,1065967,78486163,1.36,yabanci,2026_02,2026-04-18 13:53
SELVA,660381,747897737,0.09,yabanci,2026_02,2026-04-18 13:53
AVPGY,3522900,99999990,3.52,yabanci,2026_02,2026-04-18 13:53
ARFYE,236669,47000000,0.5,yabanci,2026_02,2026-04-18 13:53
CEMZY,306881,124119970,0.25,yabanci,2026_02,2026-04-18 13:53
PSGYO,26708533,2954231556,0.9,yabanci,2026_02,2026-04-18 13:53
MARMR,49006908,961218727,5.1,yabanci,2026_02,2026-04-18 13:53
PRKME,209727,53038641,0.4,yabanci,2026_02,2026-04-18 13:53
BIGTK,1711146,23834373,7.18,yabanci,2026_02,2026-04-18 13:53
LINK,1392340,18231985,7.64,yabanci,2026_02,2026-04-18 13:53
TTRAK,6806470,24967158,27.26,yabanci,2026_02,2026-04-18 13:53
KLMSN,168615,30881297,0.55,yabanci,2026_02,2026-04-18 13:53
ISGYO,39121695,531312439,7.36,yabanci,2026_02,2026-04-18 13:53
SAFKR,747421,139406162,0.54,yabanci,2026_02,2026-04-18 13:53
KAPLM,368597,4563571,8.08,yabanci,2026_02,2026-04-18 13:53
BARMA,578847,68130939,0.85,yabanci,2026_02,2026-04-18 13:53
BAHKM,217211,23289000,0.93,yabanci,2026_02,2026-04-18 13:53
DESPC,249063,16023700,1.55,yabanci,2026_02,2026-04-18 13:53
SEKUR,124797,131457835,0.09,yabanci,2026_02,2026-04-18 13:53
KAYSE,77600382,818951998,9.48,yabanci,2026_02,2026-04-18 13:53
FRIGO,150910,263258455,0.06,yabanci,2026_02,2026-04-18 13:53
ALKLC,4366350,45382467,9.62,yabanci,2026_02,2026-04-18 13:53
KTSKR,162041,14691795,1.1,yabanci,2026_02,2026-04-18 13:53
EBEBK,3979092,40534692,9.82,yabanci,2026_02,2026-04-18 13:53
KRTEK,347452,18914650,1.84,yabanci,2026_02,2026-04-18 13:53
EKSUN,121910,171792833,0.07,yabanci,2026_02,2026-04-18 13:53
OTTO,86483,5824438,1.48,yabanci,2026_02,2026-04-18 13:53
MSGYO,207669,169650150,0.12,yabanci,2026_02,2026-04-18 13:53
LIDER,21659811,279500000,7.75,yabanci,2026_02,2026-04-18 13:53
ZEDUR,76375,69899992,0.11,yabanci,2026_02,2026-04-18 13:53
BMSCH,74794,69277402,0.11,yabanci,2026_02,2026-04-18 13:53
AKCNS,3417385,39359284,8.68,yabanci,2026_02,2026-04-18 13:53
KORDS,2908638,65421451,4.45,yabanci,2026_02,2026-04-18 13:53
GENTS,2384107,749958921,0.32,yabanci,2026_02,2026-04-18 13:53
MARBL,80040,65226403,0.12,yabanci,2026_02,2026-04-18 13:53
AKSEN,23036381,638545796,3.61,yabanci,2026_02,2026-04-18 13:53
KNFRT,78487,131747000,0.06,yabanci,2026_02,2026-04-18 13:53
UFUK,944078,46845974,2.02,yabanci,2026_02,2026-04-18 13:53
BORSK,61659,279999879,0.02,yabanci,2026_02,2026-04-18 13:53
ALKA,85912,330750000,0.03,yabanci,2026_02,2026-04-18 13:53
RUZYE,1088176,267748491,0.41,yabanci,2026_02,2026-04-18 13:53
EGPRO,493204,175170570,0.28,yabanci,2026_02,2026-04-18 13:53
ISYAT,49331,152245569,0.03,yabanci,2026_02,2026-04-18 13:53
TMPOL,59694,11039990,0.54,yabanci,2026_02,2026-04-18 13:53
SEGYO,37255,203351321,0.02,yabanci,2026_02,2026-04-18 13:53
DSTKF,4686170,84533333,5.54,yabanci,2026_02,2026-04-18 13:53
AKHAN,33900,54700000,0.06,yabanci,2026_02,2026-04-18 13:53
AVHOL,33226,26047279,0.13,yabanci,2026_02,2026-04-18 13:53
YAYLA,42515,39874966,0.11,yabanci,2026_02,2026-04-18 13:53
OZSUB,65156,42499126,0.15,yabanci,2026_02,2026-04-18 13:53
HRKET,787868,24000000,3.28,yabanci,2026_02,2026-04-18 13:53
KONKA,54919,89670000,0.06,yabanci,2026_02,2026-04-18 13:53
CUSAN,27685,18500000,0.15,yabanci,2026_02,2026-04-18 13:53
VERTU,32275,22000000,0.15,yabanci,2026_02,2026-04-18 13:53
ZGYO,20215,84500000,0.02,yabanci,2026_02,2026-04-18 13:53
VAKFA,648780,224999701,0.29,yabanci,2026_02,2026-04-18 13:53
TGSAS,202890,12348294,1.64,yabanci,2026_02,2026-04-18 13:53
CRDFA,17457,74996857,0.02,yabanci,2026_02,2026-04-18 13:53
VKING,20670,30932905,0.07,yabanci,2026_02,2026-04-18 13:53
YESIL,14020,640699949,0.0,yabanci,2026_02,2026-04-18 13:53
IHLAS,14422859,1396079076,1.03,yabanci,2026_02,2026-04-18 13:53
ARDYZ,2967823,279551557,1.06,yabanci,2026_02,2026-04-18 13:53
MARKA,70746,20752018,0.34,yabanci,2026_02,2026-04-18 13:53
YAPRK,4782,4214998,0.11,yabanci,2026_02,2026-04-18 13:53
TRILC,750413,118499496,0.63,yabanci,2026_02,2026-04-18 13:53
DENGE,7156,525284797,0.0,yabanci,2026_02,2026-04-18 13:53
LYDYE,177409,1391287,12.75,yabanci,2026_02,2026-04-18 13:53
IMASM,31583900,622850499,5.07,yabanci,2026_02,2026-04-18 13:53
AHSGY,16035405,184999889,8.67,yabanci,2026_02,2026-04-18 13:53
BANVT,629,36961044,0.0,yabanci,2026_02,2026-04-18 13:53
INGRM,1186,14969536,0.01,yabanci,2026_02,2026-04-18 13:53
TARKM,2661,4999997,0.05,yabanci,2026_02,2026-04-18 13:53
CEMAS,6293979,790994229,0.8,yabanci,2026_02,2026-04-18 13:53
MENBA,4513,3496852,0.13,yabanci,2026_02,2026-04-18 13:53
TDGYO,398606,59898213,0.67,yabanci,2026_02,2026-04-18 13:53
KENT,0,1786507,0.0,yabanci,2026_02,2026-04-18 13:53
KERVN,0,588346973,0.0,yabanci,2026_02,2026-04-18 13:53
CMENT,1776,56829666,0.0,yabanci,2026_02,2026-04-18 13:53
GOLDS,222541,192323946,0.12,yabanci,2026_02,2026-04-18 13:53
ATEKS,4172,5441598,0.08,yabanci,2026_02,2026-04-18 13:53
GRNYO,130436,37386059,0.35,yabanci,2026_02,2026-04-18 13:53
KLNMA,57760,91846864,0.06,yabanci,2026_02,2026-04-18 13:53
ATPET,101,11403497,0.0,yabanci,2026_02,2026-04-18 13:53
ENPRA,70,15294299,0.0,yabanci,2026_02,2026-04-18 13:53
ARBUL,2300,15459297,0.01,yabanci,2026_02,2026-04-18 13:53
BRMEN,119040,57566555,0.21,yabanci,2026_02,2026-04-18 13:53
ORCAY,0,150197341,0.0,yabanci,2026_02,2026-04-18 13:53
ULAS,0,25200172,0.0,yabanci,2026_02,2026-04-18 13:53
UNTAR,1,29562129,0.0,yabanci,2026_02,2026-04-18 13:53
KRATL,5403,17800000,0.03,yabanci,2026_02,2026-04-18 13:53
OYAYO,16000,19999941,0.08,yabanci,2026_02,2026-04-18 13:53
OZRDN,5,57107579,0.0,yabanci,2026_02,2026-04-18 13:53
ERSU,0,31755894,0.0,yabanci,2026_02,2026-04-18 13:53
AKPAZ,352917,22488832,1.57,yabanci,2026_02,2026-04-18 13:53
DGGYO,7410,280709437,0.0,yabanci,2026_02,2026-04-18 13:53
PRZMA,60,61941150,0.0,yabanci,2026_02,2026-04-18 13:53
PSDTC,284,6599991,0.0,yabanci,2026_02,2026-04-18 13:53
BURVA,71327,4723271,1.51,yabanci,2026_02,2026-04-18 13:53
QNBFK,13,843137646,0.0,yabanci,2026_02,2026-04-18 13:53
QNBTR,31,2571745911,0.0,yabanci,2026_02,2026-04-18 13:53
EUHOL,325000,142999954,0.23,yabanci,2026_02,2026-04-18 13:53
ISBIR,3825,14520542,0.03,yabanci,2026_02,2026-04-18 13:53
FENIS,210000,26080019,0.81,yabanci,2026_02,2026-04-18 13:53
FLAP,1,93599985,0.0,yabanci,2026_02,2026-04-18 13:53
LIOYS,0,31625013,0.0,yabanci,2026_02,2026-04-18 13:53
AKMGY,2,21568998,0.0,yabanci,2026_02,2026-04-18 13:53
SANEL,1,18112451,0.0,yabanci,2026_02,2026-04-18 13:53
AKYHO,2,223895870,0.0,yabanci,2026_02,2026-04-18 13:53
CELHA,0,146124228,0.0,yabanci,2026_02,2026-04-18 13:53
MANGO,50001,37831688,0.13,yabanci,2026_02,2026-04-18 13:53
EGCYO,0,21986285,0.0,yabanci,2026_02,2026-04-18 13:53
ARTOG,220000,18578922,1.18,yabanci,2026_02,2026-04-18 13:53
SEYKM,1,151040901,0.0,yabanci,2026_02,2026-04-18 13:53
SILVR,9,212818206,0.0,yabanci,2026_02,2026-04-18 13:53
GEREL,9836,219036379,0.0,yabanci,2026_02,2026-04-18 13:53
SKYLP,0,7159255,0.0,yabanci,2026_02,2026-04-18 13:53
SNPAM,1,19679871,0.0,yabanci,2026_02,2026-04-18 13:53
GLDTRF,884,45850000,0.0,yabanci,2026_02,2026-04-18 13:53
SONME,0,4349319,0.0,yabanci,2026_02,2026-04-18 13:53
ARAT,600000,39867975,1.5,yabanci,2026_02,2026-04-18 13:53
MEGAP,1,234498757,0.0,yabanci,2026_02,2026-04-18 13:53
OYLUM,0,80937367,0.0,yabanci,2026_02,2026-04-18 13:53
MEMSA,0,160110709,0.0,yabanci,2026_02,2026-04-18 13:53
GLBMD,0,28880500,0.0,yabanci,2026_02,2026-04-18 13:53
TRHOL,13801,17635692,0.08,yabanci,2026_02,2026-04-18 13:53
DOGUB,0,19821566,0.0,yabanci,2026_02,2026-04-18 13:53
MRSHL,2,4212888,0.0,yabanci,2026_02,2026-04-18 13:53
YGYO,19379716,1310632851,1.48,yabanci,2026_02,2026-04-18 13:53
ACSEL,1,8589113,0.0,yabanci,2026_02,2026-04-18 13:53
KSTUR,406,3952560,0.01,yabanci,2026_02,2026-04-18 13:53
KONYA,50387,1646416,3.06,yabanci,2026_02,2026-04-18 13:53
BVSAN,3560,13749998,0.03,yabanci,2026_02,2026-04-18 13:53
POLTK,293077,1125000,26.05,yabanci,2026_02,2026-04-18 13:53
TBORG,155134,59392160,0.26,yabanci,2026_02,2026-04-18 13:53
CMBTN,1719,1023000,0.17,yabanci,2026_02,2026-04-18 13:53
CLEBI,219076,5490178,3.99,yabanci,2026_02,2026-04-18 13:53
MAKTK,44624,184370066,0.02,yabanci,2026_02,2026-04-18 13:53
BFREN,6202701,24586148,25.23,yabanci,2026_02,2026-04-18 13:53
SMART,87700,29737499,0.29,yabanci,2026_02,2026-04-18 13:53
DNISI,88,59171727,0.0,yabanci,2026_02,2026-04-18 13:53
MEPET,1309897,73940585,1.77,yabanci,2026_02,2026-04-18 13:53
EGEEN,104007,1137161,9.15,yabanci,2026_02,2026-04-18 13:53
INTEM,1536,9428747,0.02,yabanci,2026_02,2026-04-18 13:53
MEDTR,161539,24499999,0.66,yabanci,2026_02,2026-04-18 13:53
ARTMS,63377,24199999,0.26,yabanci,2026_02,2026-04-18 13:53
PINSU,172270,101635846,0.17,yabanci,2026_02,2026-04-18 13:53
BESLR,12577908,658098036,1.91,yabanci,2026_02,2026-04-18 13:53
BIOEN,14828630,197983418,7.49,yabanci,2026_02,2026-04-18 13:53
ERCB,793,39113273,0.0,yabanci,2026_02,2026-04-18 13:53
BRKVY,6528,13618361,0.05,yabanci,2026_02,2026-04-18 13:53
ADEL,2870,112043619,0.0,yabanci,2026_02,2026-04-18 13:53
MAALT,13225,4763850,0.28,yabanci,2026_02,2026-04-18 13:53
NUHCM,6468267,33163299,19.5,yabanci,2026_02,2026-04-18 13:53
ANGEN,305018,86440002,0.35,yabanci,2026_02,2026-04-18 13:53
BRYAT,408253,10264685,3.98,yabanci,2026_02,2026-04-18 13:53
LUKSK,2088,27257202,0.01,yabanci,2026_02,2026-04-18 13:53
KUTPO,67861,10524430,0.64,yabanci,2026_02,2026-04-18 13:53
EDATA,355700,160065395,0.22,yabanci,2026_02,2026-04-18 13:53
TUCLK,30007,253181400,0.01,yabanci,2026_02,2026-04-18 13:53
PKENT,35726,23766169,0.15,yabanci,2026_02,2026-04-18 13:53
ALCAR,6050,1721735,0.35,yabanci,2026_02,2026-04-18 13:53
ARENA,40935,66996461,0.06,yabanci,2026_02,2026-04-18 13:53
JANTS,3893123,207512786,1.88,yabanci,2026_02,2026-04-18 13:53
ULUSE,44425,24000000,0.19,yabanci,2026_02,2026-04-18 13:53
DUNYH,2456371,36443197,6.74,yabanci,2026_02,2026-04-18 13:53
SMRVA,2213118,28000000,7.9,yabanci,2026_02,2026-04-18 13:53
MZHLD,1,72215314,0.0,yabanci,2026_02,2026-04-18 13:53
PLTUR,331649,49500000,0.67,yabanci,2026_02,2026-04-18 13:53
DOFER,1828,20172500,0.01,yabanci,2026_02,2026-04-18 13:53
TATEN,4239801,347799724,1.22,yabanci,2026_02,2026-04-18 13:53
VSNMD,1125265,24000000,4.69,yabanci,2026_02,2026-04-18 13:53
AYCES,5802,1895369,0.31,yabanci,2026_02,2026-04-18 13:53
ORGE,7850454,41839996,18.76,yabanci,2026_02,2026-04-18 13:53
INVEO,412889,998999954,0.04,yabanci,2026_02,2026-04-18 13:53
ERBOS,313326,15899843,1.97,yabanci,2026_02,2026-04-18 13:53
AKENR,1841942,385189146,0.48,yabanci,2026_02,2026-04-18 13:53
SELEC,13143155,124262097,10.58,yabanci,2026_02,2026-04-18 13:53
NUGYO,11682533,324943976,3.6,yabanci,2026_02,2026-04-18 13:53
GIPTA,253704,51617863,0.49,yabanci,2026_02,2026-04-18 13:53
PKART,3425460,11048497,31.0,yabanci,2026_02,2026-04-18 13:53
TMSN,1993435,44449988,4.48,yabanci,2026_02,2026-04-18 13:53
HURGZ,198025,220784167,0.09,yabanci,2026_02,2026-04-18 13:53
KARTN,1202976,72781126,1.65,yabanci,2026_02,2026-04-18 13:53
GARFA,32977,138399778,0.02,yabanci,2026_02,2026-04-18 13:53
FORTE,9,21999999,0.0,yabanci,2026_02,2026-04-18 13:53
GOLTS,762059,12422783,6.13,yabanci,2026_02,2026-04-18 13:53
ELITE,2354,44650000,0.01,yabanci,2026_02,2026-04-18 13:53
GRTHO,6492166,36745000,17.67,yabanci,2026_02,2026-04-18 13:53
FMIZP,54566,3497641,1.56,yabanci,2026_02,2026-04-18 13:53
TLMAN,209877,10300000,2.04,yabanci,2026_02,2026-04-18 13:53
VERUS,12839001,34499937,37.21,yabanci,2026_02,2026-04-18 13:53
ALKIM,10235382,182767821,5.6,yabanci,2026_02,2026-04-18 13:53
BAYRK,886,189751123,0.0,yabanci,2026_02,2026-04-18 13:53
BASGZ,12652963,174999999,7.23,yabanci,2026_02,2026-04-18 13:53
ARASE,5708733,49999991,11.42,yabanci,2026_02,2026-04-18 13:53
ADGYO,772014,379654333,0.2,yabanci,2026_02,2026-04-18 13:53
CRFSA,1810071,18312793,9.88,yabanci,2026_02,2026-04-18 13:53
LRSHO,13648000,724120946,1.88,yabanci,2026_02,2026-04-18 13:53
YGGYO,11028523,240625741,4.58,yabanci,2026_02,2026-04-18 13:53
BMSTL,277585,74772261,0.37,yabanci,2026_02,2026-04-18 13:53
KLSER,5756861,109457566,5.26,yabanci,2026_02,2026-04-18 13:53
ATAKP,5099,28224000,0.02,yabanci,2026_02,2026-04-18 13:53
KRDMB,2916189,118762110,2.46,yabanci,2026_02,2026-04-18 13:53
PARSN,508547,34033246,1.49,yabanci,2026_02,2026-04-18 13:53
BORLS,14365880,308652686,4.65,yabanci,2026_02,2026-04-18 13:53
RAYSG,44038715,51947024,84.78,yabanci,2026_02,2026-04-18 13:53
SDTTR,484372,15990000,3.03,yabanci,2026_02,2026-04-18 13:53
KONTR,50059853,936038762,5.35,yabanci,2026_02,2026-04-18 13:53
UZEL,3054418,26329793,11.6,yabanci,2026_02,2026-04-18 13:53
INVES,2575498,37480000,6.87,yabanci,2026_02,2026-04-18 13:53
VAKFN,36380203,2064378140,1.76,yabanci,2026_02,2026-04-18 13:53
MEKAG,1,320319999,0.0,yabanci,2026_02,2026-04-18 13:53
AYEN,1510756,55531320,2.72,yabanci,2026_02,2026-04-18 13:53
BEYAZ,198060,42317352,0.47,yabanci,2026_02,2026-04-18 13:53
GRSEL,1849641,29650000,6.24,yabanci,2026_02,2026-04-18 13:53
EYGYO,0,362859667,0.0,yabanci,2026_02,2026-04-18 13:53
DMSAS,3654896,199994510,1.83,yabanci,2026_02,2026-04-18 13:53
PCILT,94278,45014182,0.21,yabanci,2026_02,2026-04-18 13:53
KOPOL,4099912,266319652,1.54,yabanci,2026_02,2026-04-18 13:53
PAGYO,2191411,57781202,3.79,yabanci,2026_02,2026-04-18 13:53
BRISA,2029671,31247472,6.5,yabanci,2026_02,2026-04-18 13:53
ICBCT,701153,216761845,0.32,yabanci,2026_02,2026-04-18 13:53
ONRYT,218667,19730000,1.11,yabanci,2026_02,2026-04-18 13:53
GZNMI,142487,40949825,0.35,yabanci,2026_02,2026-04-18 13:53
ATATP,1333152,18809999,7.09,yabanci,2026_02,2026-04-18 13:53
EDIP,125916,36468204,0.35,yabanci,2026_02,2026-04-18 13:53
AGYO,1,129036460,0.0,yabanci,2026_02,2026-04-18 13:53
NETAS,92661,31783484,0.29,yabanci,2026_02,2026-04-18 13:53
DZGYO,187819,399777846,0.05,yabanci,2026_02,2026-04-18 13:53
SANKO,659348,37499197,1.76,yabanci,2026_02,2026-04-18 13:53
DGATE,100241,15227271,0.66,yabanci,2026_02,2026-04-18 13:53
AVOD,393124,253604577,0.16,yabanci,2026_02,2026-04-18 13:53
AYGAZ,10151637,98568807,10.3,yabanci,2026_02,2026-04-18 13:53
BOSSA,7379,508724189,0.0,yabanci,2026_02,2026-04-18 13:53
OSMEN,192779,157750927,0.12,yabanci,2026_02,2026-04-18 13:53
SURGY,11233,44999990,0.02,yabanci,2026_02,2026-04-18 13:53
PAMEL,151312,21533681,0.7,yabanci,2026_02,2026-04-18 13:53
VAKKO,1970574,30788486,6.4,yabanci,2026_02,2026-04-18 13:53
DOFRB,2424,45000000,0.01,yabanci,2026_02,2026-04-18 13:53
ENDAE,215011,123506828,0.17,yabanci,2026_02,2026-04-18 13:53
HATEK,6585,62998947,0.01,yabanci,2026_02,2026-04-18 13:53
FENER,119259273,2772321468,4.3,yabanci,2026_02,2026-04-18 13:53
ASYAB,24964841,477899601,5.22,yabanci,2026_02,2026-04-18 13:53
PRKAB,265,35225443,0.0,yabanci,2026_02,2026-04-18 13:53
SUNTK,13632564,145280000,9.38,yabanci,2026_02,2026-04-18 13:53
OYYAT,6862152,91048322,7.54,yabanci,2026_02,2026-04-18 13:53
DOKTA,45904,145872862,0.03,yabanci,2026_02,2026-04-18 13:53
CEOEM,458925,22209658,2.07,yabanci,2026_02,2026-04-18 13:53
ISGSY,1151,47378729,0.0,yabanci,2026_02,2026-04-18 13:53
KMPUR,6096372,132432524,4.6,yabanci,2026_02,2026-04-18 13:53
BLCYT,6175,49088907,0.01,yabanci,2026_02,2026-04-18 13:53
BERA,51903526,491964370,10.55,yabanci,2026_02,2026-04-18 13:53
BRSAN,4087701,35912460,11.38,yabanci,2026_02,2026-04-18 13:53
BUCIM,45655707,1292638065,3.53,yabanci,2026_02,2026-04-18 13:53
ASGYO,836612,165000000,0.51,yabanci,2026_02,2026-04-18 13:53
ALCTL,31245,13543218,0.23,yabanci,2026_02,2026-04-18 13:53
EMKEL,399502,149999456,0.27,yabanci,2026_02,2026-04-18 13:53
OZATD,579933,13349988,4.34,yabanci,2026_02,2026-04-18 13:53
AYDEM,24965695,130000000,19.2,yabanci,2026_02,2026-04-18 13:53
BAKAB,327432,34985326,0.94,yabanci,2026_02,2026-04-18 13:53
POLHO,16287726,164140074,9.92,yabanci,2026_02,2026-04-18 13:53
DERIM,139258,40403770,0.34,yabanci,2026_02,2026-04-18 13:53
BIZIM,74632,27601626,0.27,yabanci,2026_02,2026-04-18 13:53
GLCVY,475189,26400000,1.8,yabanci,2026_02,2026-04-18 13:53
CATES,216214,33050000,0.65,yabanci,2026_02,2026-04-18 13:53
KRGYO,14621,275246747,0.01,yabanci,2026_02,2026-04-18 13:53
FADE,204219,42347497,0.48,yabanci,2026_02,2026-04-18 13:53
NATEN,2734395,309375000,0.88,yabanci,2026_02,2026-04-18 13:53
TKNSA,966828,100485379,0.96,yabanci,2026_02,2026-04-18 13:53
OBASE,114209,14924000,0.77,yabanci,2026_02,2026-04-18 13:53
OZYSR,84241,40488000,0.21,yabanci,2026_02,2026-04-18 13:53
ALTNY,14920727,399885115,3.73,yabanci,2026_02,2026-04-18 13:53
BEGYO,97915,290000000,0.03,yabanci,2026_02,2026-04-18 13:53
BINBN,9100026,17000000,53.53,yabanci,2026_02,2026-04-18 13:53
BRLSM,77379,108025075,0.07,yabanci,2026_02,2026-04-18 13:53
MERCN,5651838,74389005,7.6,yabanci,2026_02,2026-04-18 13:53
AGESA,20633622,35829553,57.59,yabanci,2026_02,2026-04-18 13:53
TURGG,4222,32042988,0.01,yabanci,2026_02,2026-04-18 13:53
EGGUB,764602,75862197,1.01,yabanci,2026_02,2026-04-18 13:53
KLYPV,2896019,46334639,6.25,yabanci,2026_02,2026-04-18 13:53
ARMGD,1118659,54996000,2.03,yabanci,2026_02,2026-04-18 13:53
SAYAS,99704,42530887,0.23,yabanci,2026_02,2026-04-18 13:53
DEVA,658755,199971824,0.33,yabanci,2026_02,2026-04-18 13:53
RTALB,149166,432976722,0.03,yabanci,2026_02,2026-04-18 13:53
ECZYT,1476733,45880511,3.22,yabanci,2026_02,2026-04-18 13:53
OFSYM,117504,22749998,0.52,yabanci,2026_02,2026-04-18 13:53
BOBET,1350108,113999998,1.18,yabanci,2026_02,2026-04-18 13:53
IHEVA,2929901,291631239,1.0,yabanci,2026_02,2026-04-18 13:53
GLRMK,2316900,38760000,5.98,yabanci,2026_02,2026-04-18 13:53
KRONT,2959662,116892885,2.53,yabanci,2026_02,2026-04-18 13:53
SUWEN,46744581,365687500,12.78,yabanci,2026_02,2026-04-18 13:53
BALSU,31979029,278000000,11.5,yabanci,2026_02,2026-04-18 13:53
ASUZU,2819164,41130807,6.85,yabanci,2026_02,2026-04-18 13:53
MEYSU,12496,175000000,0.01,yabanci,2026_02,2026-04-18 13:53
MERKO,25319,101104700,0.03,yabanci,2026_02,2026-04-18 13:53
TUKAS,179539897,4499995929,3.99,yabanci,2026_02,2026-04-18 13:53
HATSN,89463,44299964,0.2,yabanci,2026_02,2026-04-18 13:53
TEZOL,201647,139999972,0.14,yabanci,2026_02,2026-04-18 13:53
DOAS,20511255,97899975,20.95,yabanci,2026_02,2026-04-18 13:53
SKTAS,97263,332865443,0.03,yabanci,2026_02,2026-04-18 13:53
ALFAS,6159006,84639559,7.28,yabanci,2026_02,2026-04-18 13:53
TRENJ,11281645,98018735,11.51,yabanci,2026_02,2026-04-18 13:53
ENJSA,55637842,236209270,23.55,yabanci,2026_02,2026-04-18 13:53
OTKAR,5210222,33417145,15.59,yabanci,2026_02,2026-04-18 13:53
ANHYT,10113670,88457041,11.43,yabanci,2026_02,2026-04-18 13:53
YATAS,12798445,94866488,13.49,yabanci,2026_02,2026-04-18 13:53
KAREL,16732431,329659497,5.08,yabanci,2026_02,2026-04-18 13:53
RUBNS,64973,42377765,0.15,yabanci,2026_02,2026-04-18 13:53
KOCMT,410815,587485478,0.07,yabanci,2026_02,2026-04-18 13:53
DYOBY,514664,186553687,0.28,yabanci,2026_02,2026-04-18 13:53
BIENY,1986998,83144831,2.39,yabanci,2026_02,2026-04-18 13:53
HTTBT,15770030,82805422,19.04,yabanci,2026_02,2026-04-18 13:53
EUPWR,16468262,199610525,8.25,yabanci,2026_02,2026-04-18 13:53
BINHO,381781,488884380,0.08,yabanci,2026_02,2026-04-18 13:53
ARSAN,2277730,887344274,0.26,yabanci,2026_02,2026-04-18 13:53
EPLAS,2716278,190491857,1.43,yabanci,2026_02,2026-04-18 13:53
KOTON,531800,136599922,0.39,yabanci,2026_02,2026-04-18 13:53
LKMNH,2266143,163262533,1.39,yabanci,2026_02,2026-04-18 13:53
TAVHL,118449427,213213415,55.55,yabanci,2026_02,2026-04-18 13:53
OZGYO,5520831,490916869,1.12,yabanci,2026_02,2026-04-18 13:53
VBTYZ,82653,56160000,0.15,yabanci,2026_02,2026-04-18 13:53
MNDTR,749483737,910071938,82.35,yabanci,2026_02,2026-04-18 13:53
MEGMT,4378397,72749986,6.02,yabanci,2026_02,2026-04-18 13:53
HDFGS,497505,956974191,0.05,yabanci,2026_02,2026-04-18 13:53
GSDDE,480519,106850751,0.45,yabanci,2026_02,2026-04-18 13:53
ULUUN,3636287,290523352,1.25,yabanci,2026_02,2026-04-18 13:53
MERIT,1580759,329748900,0.48,yabanci,2026_02,2026-04-18 13:53
DURKN,110043,42500000,0.26,yabanci,2026_02,2026-04-18 13:53
VESTL,7224916,295447203,2.45,yabanci,2026_02,2026-04-18 13:53
PAPIL,543869,206247674,0.26,yabanci,2026_02,2026-04-18 13:53
TRCAS,5881668,206252778,2.85,yabanci,2026_02,2026-04-18 13:53
PNLSN,100014,34752383,0.29,yabanci,2026_02,2026-04-18 13:53
YEOTK,10025318,160933198,6.23,yabanci,2026_02,2026-04-18 13:53
KLRHO,57540331,341250000,16.86,yabanci,2026_02,2026-04-18 13:53
DITAS,715176,83407812,0.86,yabanci,2026_02,2026-04-18 13:53
DESA,21750997,171107590,12.71,yabanci,2026_02,2026-04-18 13:53
LMKDC,2826893,155929999,1.81,yabanci,2026_02,2026-04-18 13:53
OZKGY,24911233,363999945,6.84,yabanci,2026_02,2026-04-18 13:53
SOKE,1129017,126999996,0.89,yabanci,2026_02,2026-04-18 13:53
KFEIN,878480,150306170,0.58,yabanci,2026_02,2026-04-18 13:53
NTGAZ,5446350,276000000,1.97,yabanci,2026_02,2026-04-18 13:53
NTHOL,23073587,485479112,4.75,yabanci,2026_02,2026-04-18 13:53
PNSUT,337076,128323851,0.26,yabanci,2026_02,2026-04-18 13:53
RGYAS,51780706,105523000,49.07,yabanci,2026_02,2026-04-18 13:53
RALYH,14542674,176370972,8.25,yabanci,2026_02,2026-04-18 13:53
TOASO,25626071,120585076,21.25,yabanci,2026_02,2026-04-18 13:53
KZGYO,137473,49999978,0.27,yabanci,2026_02,2026-04-18 13:53
BURCE,3209326,44422390,7.22,yabanci,2026_02,2026-04-18 13:53
TEHOL,87888126,1967930261,4.47,yabanci,2026_02,2026-04-18 13:53
YYLGD,23261890,369826200,6.29,yabanci,2026_02,2026-04-18 13:53
MACKO,976790,41500000,2.35,yabanci,2026_02,2026-04-18 13:53
MAKIM,217548,42559998,0.51,yabanci,2026_02,2026-04-18 13:53
TCKRC,846066,70000000,1.21,yabanci,2026_02,2026-04-18 13:53
OBAMS,6360716,751078524,0.85,yabanci,2026_02,2026-04-18 13:53
CIMSA,37494249,488404404,7.68,yabanci,2026_02,2026-04-18 13:53
GUBRF,7933028,85359737,9.29,yabanci,2026_02,2026-04-18 13:53
CEMTS,3111579,233425986,1.33,yabanci,2026_02,2026-04-18 13:53
PATEK,14178044,293081892,4.84,yabanci,2026_02,2026-04-18 13:53
MANAS,209341,255704000,0.08,yabanci,2026_02,2026-04-18 13:53
TERA,21231114,240888789,8.81,yabanci,2026_02,2026-04-18 13:53
DGNMO,2054343,327634635,0.63,yabanci,2026_02,2026-04-18 13:53
BULGS,675000,72499900,0.93,yabanci,2026_02,2026-04-18 13:53
ZRGYO,79449424,1173404997,6.77,yabanci,2026_02,2026-04-18 13:53
BAGFS,3710086,100042745,3.71,yabanci,2026_02,2026-04-18 13:53
IEYHO,23473111,541032947,4.34,yabanci,2026_02,2026-04-18 13:53
KCHOL,261278376,674052308,38.76,yabanci,2026_02,2026-04-18 13:53
ECILC,11453947,210589603,5.44,yabanci,2026_02,2026-04-18 13:53
VESBE,30292791,503578676,6.02,yabanci,2026_02,2026-04-18 13:53
DERHL,49172,197281316,0.02,yabanci,2026_02,2026-04-18 13:53
PENTA,10935793,181070136,6.04,yabanci,2026_02,2026-04-18 13:53
UNLU,270062,102181558,0.26,yabanci,2026_02,2026-04-18 13:53
HEDEF,1856210,562499930,0.33,yabanci,2026_02,2026-04-18 13:53
TATGD,7990670,119286243,6.7,yabanci,2026_02,2026-04-18 13:53
LILAK,4606266,260252705,1.77,yabanci,2026_02,2026-04-18 13:53
TEKTU,1560529,195639311,0.8,yabanci,2026_02,2026-04-18 13:53
MOGAN,10909438,262635000,4.15,yabanci,2026_02,2026-04-18 13:53
ARZUM,398029,400949823,0.1,yabanci,2026_02,2026-04-18 13:53
PEKGY,394379358,4685233406,8.42,yabanci,2026_02,2026-04-18 13:53
AKFYE,146944455,551782160,26.63,yabanci,2026_02,2026-04-18 13:53
ISFIN,33926489,310154523,10.94,yabanci,2026_02,2026-04-18 13:53
GEDIK,240106,983076857,0.02,yabanci,2026_02,2026-04-18 13:53
INFO,7678577,767463337,1.0,yabanci,2026_02,2026-04-18 13:53
EGEPO,3771471,200000000,1.89,yabanci,2026_02,2026-04-18 13:53
METRO,569145,539989959,0.11,yabanci,2026_02,2026-04-18 13:53
YKSLN,442420,197429570,0.22,yabanci,2026_02,2026-04-18 13:53
PASEU,30575879,215295868,14.2,yabanci,2026_02,2026-04-18 13:53
KIMMR,3133990,75000000,4.18,yabanci,2026_02,2026-04-18 13:53
GESAN,10027565,141759180,7.07,yabanci,2026_02,2026-04-18 13:53
ODAS,79142490,1113798031,7.11,yabanci,2026_02,2026-04-18 13:53
ULKER,52937061,338855989,15.62,yabanci,2026_02,2026-04-18 13:53
PETUN,871347,134673118,0.65,yabanci,2026_02,2026-04-18 13:53
SNICA,1199199,321688855,0.37,yabanci,2026_02,2026-04-18 13:53
CONSE,3090189,377854899,0.82,yabanci,2026_02,2026-04-18 13:53
LOGO,21747081,74328248,29.26,yabanci,2026_02,2026-04-18 13:53
MNDRS,1362756,222007982,0.61,yabanci,2026_02,2026-04-18 13:53
AZTEK,195974,279000000,0.07,yabanci,2026_02,2026-04-18 13:53
DURDO,313871,379703149,0.08,yabanci,2026_02,2026-04-18 13:53
YUNSA,1163526,202164056,0.58,yabanci,2026_02,2026-04-18 13:53
VAKBN,179088513,8046896130,2.23,yabanci,2026_02,2026-04-18 13:53
SMRTG,49473515,664164672,7.45,yabanci,2026_02,2026-04-18 13:53
ALARK,13690777,165125148,8.29,yabanci,2026_02,2026-04-18 13:53
TRGYO,43291932,251573369,17.21,yabanci,2026_02,2026-04-18 13:53
EUREN,63784869,1040132637,6.13,yabanci,2026_02,2026-04-18 13:53
IHAAS,21953749,56031248,39.18,yabanci,2026_02,2026-04-18 13:53
ESCAR,23327980,101933690,22.89,yabanci,2026_02,2026-04-18 13:53
TNZTP,1773850,87499950,2.03,yabanci,2026_02,2026-04-18 13:53
IZMDC,38115893,723225318,5.27,yabanci,2026_02,2026-04-18 13:53
PGSUS,36473342,295068870,12.36,yabanci,2026_02,2026-04-18 13:53
OSTIM,3498296,510004637,0.69,yabanci,2026_02,2026-04-18 13:53
ALGYO,35713028,989338262,3.61,yabanci,2026_02,2026-04-18 13:53
ISKPL,43605936,724625736,6.02,yabanci,2026_02,2026-04-18 13:53
FONET,48825,577082984,0.01,yabanci,2026_02,2026-04-18 13:53
SNGYO,151631037,3607173097,4.2,yabanci,2026_02,2026-04-18 13:53
GOZDE,4506046,384991447,1.17,yabanci,2026_02,2026-04-18 13:53
GLRYH,7490769,599623814,1.25,yabanci,2026_02,2026-04-18 13:53
TKFEN,21269965,230848007,9.21,yabanci,2026_02,2026-04-18 13:53
ENKAI,215491924,874733059,24.64,yabanci,2026_02,2026-04-18 13:53
AKGRT,151736558,629007625,24.12,yabanci,2026_02,2026-04-18 13:53
DAPGM,90778259,928276145,9.78,yabanci,2026_02,2026-04-18 13:53
AHGAZ,68123436,659370871,10.33,yabanci,2026_02,2026-04-18 13:53
BIMAS,193095700,436214016,44.27,yabanci,2026_02,2026-04-18 13:53
ULUFA,2834344,305269391,0.93,yabanci,2026_02,2026-04-18 13:53
KRSTL,3520091,183664642,1.92,yabanci,2026_02,2026-04-18 13:53
DOHOL,216395877,984706978,21.98,yabanci,2026_02,2026-04-18 13:53
VKGYO,83386095,1637203242,5.09,yabanci,2026_02,2026-04-18 13:53
KCAER,63327365,496494775,12.75,yabanci,2026_02,2026-04-18 13:53
IZENR,60393629,914537597,6.6,yabanci,2026_02,2026-04-18 13:53
AKSGY,87154963,1628451947,5.35,yabanci,2026_02,2026-04-18 13:53
CVKMD,25378221,461999787,5.49,yabanci,2026_02,2026-04-18 13:53
CWENE,48908123,530758241,9.21,yabanci,2026_02,2026-04-18 13:53
PAHOL,336898,3999999979,0.01,yabanci,2026_02,2026-04-18 13:53
KRVGD,53465774,596159766,8.97,yabanci,2026_02,2026-04-18 13:53
HALKB,33293986,6546422780,0.51,yabanci,2026_02,2026-04-18 13:53
ISMEN,123893607,467723147,26.49,yabanci,2026_02,2026-04-18 13:53
AKFGY,141115791,3457819313,4.08,yabanci,2026_02,2026-04-18 13:53
KTLEV,77411081,1288500000,6.01,yabanci,2026_02,2026-04-18 13:53
GSDHO,104313001,999994969,10.43,yabanci,2026_02,2026-04-18 13:53
INDES,37623490,462749767,8.13,yabanci,2026_02,2026-04-18 13:53
HUNER,3300612,670137934,0.49,yabanci,2026_02,2026-04-18 13:53
HLGYO,31910961,1075198517,2.97,yabanci,2026_02,2026-04-18 13:53
TCELL,724302806,1622604373,44.64,yabanci,2026_02,2026-04-18 13:53
ASELS,594709756,1178597817,50.46,yabanci,2026_02,2026-04-18 13:53
EFOR,66907596,670679994,9.98,yabanci,2026_02,2026-04-18 13:53
ZOREN,260406841,2681244194,9.71,yabanci,2026_02,2026-04-18 13:53
FORMT,1734654,1029046010,0.17,yabanci,2026_02,2026-04-18 13:53
PETKM,99445326,1241729843,8.01,yabanci,2026_02,2026-04-18 13:53
TTKOM,203555221,524999999,38.77,yabanci,2026_02,2026-04-18 13:53
SISE,179177099,1814905642,9.87,yabanci,2026_02,2026-04-18 13:53
BJKAS,79989979,1776089716,4.5,yabanci,2026_02,2026-04-18 13:53
TUPRS,284716216,902334139,31.55,yabanci,2026_02,2026-04-18 13:53
LIDFA,3412330,458180545,0.74,yabanci,2026_02,2026-04-18 13:53
BTCIM,307624623,4052065429,7.59,yabanci,2026_02,2026-04-18 13:53
GARAN,172958057,2454957798,7.05,yabanci,2026_02,2026-04-18 13:53
SAHOL,336048268,1145847384,29.33,yabanci,2026_02,2026-04-18 13:53
HEKTS,348294654,3946424642,8.83,yabanci,2026_02,2026-04-18 13:53
KRDMD,75838015,780216365,9.72,yabanci,2026_02,2026-04-18 13:53
EKGYO,459869584,1925107366,23.89,yabanci,2026_02,2026-04-18 13:53
OYAKC,192795146,4656879379,4.14,yabanci,2026_02,2026-04-18 13:53
TSKB,282744789,1516591673,18.64,yabanci,2026_02,2026-04-18 13:53
QUAGR,113714804,1773200000,6.41,yabanci,2026_02,2026-04-18 13:53
GLYHO,254595108,1949290631,13.06,yabanci,2026_02,2026-04-18 13:53
EREGL,680405907,3554238535,19.14,yabanci,2026_02,2026-04-18 13:53
GSRAY,12509551,10123744690,0.12,yabanci,2026_02,2026-04-18 13:53
ADESE,448406433,4687131701,9.57,yabanci,2026_02,2026-04-18 13:53
ISCTR,2194903057,8880396856,24.72,yabanci,2026_02,2026-04-18 13:53
SASA,1783212691,25700419936,6.94,fon,2026_02,2026-04-18 13:53
GENIL,166721665,1289069985,12.93,fon,2026_02,2026-04-18 13:53
BTCIM,315397506,4052065429,7.78,fon,2026_02,2026-04-18 13:53
BIGCH,62797275,368932945,17.02,fon,2026_02,2026-04-18 13:53
HEKTS,235970562,3946424642,5.98,fon,2026_02,2026-04-18 13:53
GSRAY,44776602,10123744690,0.44,fon,2026_02,2026-04-18 13:53
CANTE,159520241,8608815637,1.85,fon,2026_02,2026-04-18 13:53
ADGYO,45638271,379654333,12.02,fon,2026_02,2026-04-18 13:53
KRDMD,112708436,780216365,14.45,fon,2026_02,2026-04-18 13:53
PETKM,123704132,1241729843,9.96,fon,2026_02,2026-04-18 13:53
ENERY,261170953,2420687469,10.79,fon,2026_02,2026-04-18 13:53
PEKGY,1254345192,4685233406,26.77,fon,2026_02,2026-04-18 13:53
PSGYO,271033661,2954231556,9.17,fon,2026_02,2026-04-18 13:53
TSPOR,64083726,3674975174,1.74,fon,2026_02,2026-04-18 13:53
KTLEV,152092677,1288500000,11.8,fon,2026_02,2026-04-18 13:53
TURSG,312973464,7907296076,3.96,fon,2026_02,2026-04-18 13:53
RTALB,25004889,432976722,5.78,fon,2026_02,2026-04-18 13:53
KRVGD,108757415,596159766,18.24,fon,2026_02,2026-04-18 13:53
MOGAN,16643943,262635000,6.34,fon,2026_02,2026-04-18 13:53
TEZOL,15946917,139999972,11.39,fon,2026_02,2026-04-18 13:53
SAHOL,169687139,1145847384,14.81,fon,2026_02,2026-04-18 13:53
HEDEF,310579738,562499930,55.21,fon,2026_02,2026-04-18 13:53
IZENR,28829958,914537597,3.15,fon,2026_02,2026-04-18 13:53
KONTR,27450078,936038762,2.93,fon,2026_02,2026-04-18 13:53
KGYO,86734466,767895148,11.3,fon,2026_02,2026-04-18 13:53
SOKE,10683056,126999996,8.41,fon,2026_02,2026-04-18 13:53
TCELL,106772453,1622604373,6.58,fon,2026_02,2026-04-18 13:53
EFOR,266497766,670679994,39.74,fon,2026_02,2026-04-18 13:53
TERA,93720928,240888789,38.91,fon,2026_02,2026-04-18 13:53
GSDHO,104871328,999994969,10.49,fon,2026_02,2026-04-18 13:53
KUYAS,63220539,398957788,15.85,fon,2026_02,2026-04-18 13:53
ALVES,14153358,1159999780,1.22,fon,2026_02,2026-04-18 13:53
EKGYO,272146520,1925107366,14.14,fon,2026_02,2026-04-18 13:53
ZERGY,7557281,156799985,4.82,fon,2026_02,2026-04-18 13:53
TSKB,90320467,1516591673,5.96,fon,2026_02,2026-04-18 13:53
ATATR,5259747,280000000,1.88,fon,2026_02,2026-04-18 13:53
ZGYO,34781618,84500000,41.16,fon,2026_02,2026-04-18 13:53
ASELS,55202596,1178597817,4.68,fon,2026_02,2026-04-18 13:53
ALARK,12700380,165125148,7.69,fon,2026_02,2026-04-18 13:53
KARSN,10346461,827827039,1.25,fon,2026_02,2026-04-18 13:53
MAGEN,415757711,719512140,57.78,fon,2026_02,2026-04-18 13:53
FONET,43034021,577082984,7.46,fon,2026_02,2026-04-18 13:53
TUPRS,55525938,902334139,6.15,fon,2026_02,2026-04-18 13:53
GUNDG,6256006,18968972,32.98,fon,2026_02,2026-04-18 13:53
ODINE,11730848,52810834,22.21,fon,2026_02,2026-04-18 13:53
CWENE,247451701,530758241,46.62,fon,2026_02,2026-04-18 13:53
AKHAN,3988734,54700000,7.29,fon,2026_02,2026-04-18 13:53
PASEU,70032274,215295868,32.53,fon,2026_02,2026-04-18 13:53
BSOKE,88579282,458487038,19.32,fon,2026_02,2026-04-18 13:53
KZBGY,6420913,1959999915,0.33,fon,2026_02,2026-04-18 13:53
MOPAS,29915855,57330000,52.18,fon,2026_02,2026-04-18 13:53
EGSER,13314084,545751057,2.44,fon,2026_02,2026-04-18 13:53
VKGYO,9820609,1637203242,0.6,fon,2026_02,2026-04-18 13:53
PGSUS,17242926,295068870,5.84,fon,2026_02,2026-04-18 13:53
RNPOL,3100000,335900000,0.92,fon,2026_02,2026-04-18 13:53
EDATA,25515192,160065395,15.94,fon,2026_02,2026-04-18 13:53
IHAAS,4920302,56031248,8.78,fon,2026_02,2026-04-18 13:53
YUNSA,4598923,202164056,2.27,fon,2026_02,2026-04-18 13:53
KCHOL,59159948,674052308,8.78,fon,2026_02,2026-04-18 13:53
MANAS,6936042,255704000,2.71,fon,2026_02,2026-04-18 13:53
ZTLRFF,2660985,3480000,76.47,fon,2026_02,2026-04-18 13:53
LRSHO,2640596,724120946,0.36,fon,2026_02,2026-04-18 13:53
CONSE,2491017,377854899,0.66,fon,2026_02,2026-04-18 13:53
AHGAZ,106598921,659370871,16.17,fon,2026_02,2026-04-18 13:53
AKSEN,15739854,638545796,2.46,fon,2026_02,2026-04-18 13:53
ULKER,13473516,338855989,3.98,fon,2026_02,2026-04-18 13:53
BRKO,2197881,138220828,1.59,fon,2026_02,2026-04-18 13:53
ALKLC,9236487,45382467,20.35,fon,2026_02,2026-04-18 13:53
DAGI,37770620,175301274,21.55,fon,2026_02,2026-04-18 13:53
GENTS,5173831,749958921,0.69,fon,2026_02,2026-04-18 13:53
BIGEN,2472044,115500000,2.14,fon,2026_02,2026-04-18 13:53
GESAN,19827099,141759180,13.99,fon,2026_02,2026-04-18 13:53
RUZYE,19564669,267748491,7.31,fon,2026_02,2026-04-18 13:53
BORSK,4515843,279999879,1.61,fon,2026_02,2026-04-18 13:53
CGCAM,7137577,42000000,16.99,fon,2026_02,2026-04-18 13:53
GWIND,19370645,179165491,10.81,fon,2026_02,2026-04-18 13:53
EMPAE,1651919,38000000,4.35,fon,2026_02,2026-04-18 13:53
BIMAS,23700561,436214016,5.43,fon,2026_02,2026-04-18 13:53
AHSGY,91856647,184999889,49.65,fon,2026_02,2026-04-18 13:53
KCAER,34461341,496494775,6.94,fon,2026_02,2026-04-18 13:53
NTGAZ,20309335,276000000,7.36,fon,2026_02,2026-04-18 13:53
AKCNS,5309347,39359284,13.49,fon,2026_02,2026-04-18 13:53
INDES,59898786,462749767,12.94,fon,2026_02,2026-04-18 13:53
DAPGM,116061504,928276145,12.5,fon,2026_02,2026-04-18 13:53
ASUZU,2455214,41130807,5.97,fon,2026_02,2026-04-18 13:53
GOZDE,14014574,384991447,3.64,fon,2026_02,2026-04-18 13:53
DCTTR,29211257,157328724,18.57,fon,2026_02,2026-04-18 13:53
AYDEM,5124857,130000000,3.94,fon,2026_02,2026-04-18 13:53
HTTBT,14568667,82805422,17.59,fon,2026_02,2026-04-18 13:53
ECILC,25353362,210589603,12.04,fon,2026_02,2026-04-18 13:53
GLRYH,49318523,599623814,8.22,fon,2026_02,2026-04-18 13:53
CRDFA,15954183,74996857,21.27,fon,2026_02,2026-04-18 13:53
DITAS,1350056,83407812,1.62,fon,2026_02,2026-04-18 13:53
OYAKC,54693357,4656879379,1.17,fon,2026_02,2026-04-18 13:53
ENSRI,122060530,236333503,51.65,fon,2026_02,2026-04-18 13:53
CVKMD,1358308,461999787,0.29,fon,2026_02,2026-04-18 13:53
ATAGY,8479339,45670114,18.57,fon,2026_02,2026-04-18 13:53
LIDER,172763939,279500000,61.81,fon,2026_02,2026-04-18 13:53
ECOGR,1608654,110000000,1.46,fon,2026_02,2026-04-18 13:53
ALKIM,15442608,182767821,8.45,fon,2026_02,2026-04-18 13:53
PETUN,4540580,134673118,3.37,fon,2026_02,2026-04-18 13:53
TRHOL,7581495,17635692,42.99,fon,2026_02,2026-04-18 13:53
TKFEN,12858557,230848007,5.57,fon,2026_02,2026-04-18 13:53
ZOREN,9047356,2681244194,0.34,fon,2026_02,2026-04-18 13:53
ERSU,920236,31755894,2.9,fon,2026_02,2026-04-18 13:53
OZYSR,1273233,40488000,3.14,fon,2026_02,2026-04-18 13:53
DEVA,2040381,199971824,1.02,fon,2026_02,2026-04-18 13:53
BNTAS,2784076,170624998,1.63,fon,2026_02,2026-04-18 13:53
KBORU,5981115,143999994,4.15,fon,2026_02,2026-04-18 13:53
ASGYO,8506839,165000000,5.16,fon,2026_02,2026-04-18 13:53
DYOBY,1891647,186553687,1.01,fon,2026_02,2026-04-18 13:53
NETCD,798535,40000000,2.0,fon,2026_02,2026-04-18 13:53
NTHOL,4298113,485479112,0.89,fon,2026_02,2026-04-18 13:53
PLTUR,1187186,49500000,2.4,fon,2026_02,2026-04-18 13:53
KRONT,7580661,116892885,6.49,fon,2026_02,2026-04-18 13:53
AKGRT,87623758,629007625,13.93,fon,2026_02,2026-04-18 13:53
TMPOL,6330565,11039990,57.34,fon,2026_02,2026-04-18 13:53
MEGMT,2578263,72749986,3.54,fon,2026_02,2026-04-18 13:53
ULUUN,36250847,290523352,12.48,fon,2026_02,2026-04-18 13:53
ULUFA,6416850,305269391,2.1,fon,2026_02,2026-04-18 13:53
DZGYO,3138296,399777846,0.79,fon,2026_02,2026-04-18 13:53
EGEPO,615305,200000000,0.31,fon,2026_02,2026-04-18 13:53
TATGD,4401068,119286243,3.69,fon,2026_02,2026-04-18 13:53
OBAMS,18909986,751078524,2.52,fon,2026_02,2026-04-18 13:53
KRSTL,4960732,183664642,2.7,fon,2026_02,2026-04-18 13:53
EUPWR,15304671,199610525,7.67,fon,2026_02,2026-04-18 13:53
OSMEN,1004897,157750927,0.64,fon,2026_02,2026-04-18 13:53
VAKFA,1125605,224999701,0.5,fon,2026_02,2026-04-18 13:53
YEOTK,4364362,160933198,2.71,fon,2026_02,2026-04-18 13:53
ENTRA,87857378,369383564,23.78,fon,2026_02,2026-04-18 13:53
EGPRO,1639174,175170570,0.94,fon,2026_02,2026-04-18 13:53
OZSUB,1747993,42499126,4.11,fon,2026_02,2026-04-18 13:53
KNFRT,885985,131747000,0.67,fon,2026_02,2026-04-18 13:53
BURVA,450041,4723271,9.53,fon,2026_02,2026-04-18 13:53
LILAK,164070573,260252705,63.04,fon,2026_02,2026-04-18 13:53
SMRTG,4407804,664164672,0.66,fon,2026_02,2026-04-18 13:53
USAK,1615707,2436064709,0.07,fon,2026_02,2026-04-18 13:53
PNLSN,15740964,34752383,45.29,fon,2026_02,2026-04-18 13:53
ALCTL,1502203,13543218,11.09,fon,2026_02,2026-04-18 13:53
RYSAS,18735931,1504020937,1.25,fon,2026_02,2026-04-18 13:53
KOCMT,5824920,587485478,0.99,fon,2026_02,2026-04-18 13:53
BALSU,102833616,278000000,36.99,fon,2026_02,2026-04-18 13:53
ISYAT,2969203,152245569,1.95,fon,2026_02,2026-04-18 13:53
MAKIM,6565332,42559998,15.43,fon,2026_02,2026-04-18 13:53
KRDMA,10210832,240300917,4.25,fon,2026_02,2026-04-18 13:53
RYGYO,4208094,770588057,0.55,fon,2026_02,2026-04-18 13:53
AGXAAC,2302527,36193521,6.36,fon,2026_02,2026-04-18 13:53
VAKFN,167560040,2064378140,8.12,fon,2026_02,2026-04-18 13:53
BASGZ,15802922,174999999,9.03,fon,2026_02,2026-04-18 13:53
BRKSN,1277829,62639942,2.04,fon,2026_02,2026-04-18 13:53
MNDTR,1254773,910071938,0.14,fon,2026_02,2026-04-18 13:53
CATES,1410041,33050000,4.27,fon,2026_02,2026-04-18 13:53
POLHO,14624894,164140074,8.91,fon,2026_02,2026-04-18 13:53
DESA,4704703,171107590,2.75,fon,2026_02,2026-04-18 13:53
GEDZA,407407,42983624,0.95,fon,2026_02,2026-04-18 13:53
ISGYO,28635598,531312439,5.39,fon,2026_02,2026-04-18 13:53
BMSCH,1892508,69277402,2.73,fon,2026_02,2026-04-18 13:53
GEDIK,69454807,983076857,7.07,fon,2026_02,2026-04-18 13:53
AGYO,1480891,129036460,1.15,fon,2026_02,2026-04-18 13:53
KIMMR,1925798,75000000,2.57,fon,2026_02,2026-04-18 13:53
AFYON,13491979,399992258,3.37,fon,2026_02,2026-04-18 13:53
AKSGY,92920474,1628451947,5.71,fon,2026_02,2026-04-18 13:53
YIGIT,568587,74999975,0.76,fon,2026_02,2026-04-18 13:53
BOBET,12317880,113999998,10.81,fon,2026_02,2026-04-18 13:53
ISMEN,36084352,467723147,7.71,fon,2026_02,2026-04-18 13:53
HLGYO,6389630,1075198517,0.59,fon,2026_02,2026-04-18 13:53
KFEIN,8592355,150306170,5.72,fon,2026_02,2026-04-18 13:53
BLUME,2927322,174710134,1.68,fon,2026_02,2026-04-18 13:53
SELVA,214995,747897737,0.03,fon,2026_02,2026-04-18 13:53
ISDMR,5125581,147623050,3.47,fon,2026_02,2026-04-18 13:53
VAKKO,3845901,30788486,12.49,fon,2026_02,2026-04-18 13:53
ZGOLDF,14133560,152040000,9.3,fon,2026_02,2026-04-18 13:53
OFSYM,600908,22749998,2.64,fon,2026_02,2026-04-18 13:53
TARKM,267389,4999997,5.35,fon,2026_02,2026-04-18 13:53
HRKET,1630098,24000000,6.79,fon,2026_02,2026-04-18 13:53
CEMTS,4172327,233425986,1.79,fon,2026_02,2026-04-18 13:53
PCILT,3044383,45014182,6.76,fon,2026_02,2026-04-18 13:53
ATAKP,8776361,28224000,31.1,fon,2026_02,2026-04-18 13:53
BANVT,319317,36961044,0.86,fon,2026_02,2026-04-18 13:53
FRIGO,225959,263258455,0.09,fon,2026_02,2026-04-18 13:53
PARSN,1585270,34033246,4.66,fon,2026_02,2026-04-18 13:53
AYES,1010636,87567109,1.15,fon,2026_02,2026-04-18 13:53
KTSKR,128914,14691795,0.88,fon,2026_02,2026-04-18 13:53
PINSU,984772,101635846,0.97,fon,2026_02,2026-04-18 13:53
LINK,529663,18231985,2.91,fon,2026_02,2026-04-18 13:53
BIENY,1956066,83144831,2.35,fon,2026_02,2026-04-18 13:53
GOLTS,736385,12422783,5.93,fon,2026_02,2026-04-18 13:53
KAYSE,20989482,818951998,2.56,fon,2026_02,2026-04-18 13:53
SMART,1483260,29737499,4.99,fon,2026_02,2026-04-18 13:53
REEDR,15059681,632419525,2.38,fon,2026_02,2026-04-18 13:53
CUSAN,851301,18500000,4.6,fon,2026_02,2026-04-18 13:53
MERCN,468087,74389005,0.63,fon,2026_02,2026-04-18 13:53
DUNYH,396204,36443197,1.09,fon,2026_02,2026-04-18 13:53
KLMSN,95264,30881297,0.31,fon,2026_02,2026-04-18 13:53
BINHO,174725,488884380,0.04,fon,2026_02,2026-04-18 13:53
BAGFS,8750723,100042745,8.75,fon,2026_02,2026-04-18 13:53
AYCES,110639,1895369,5.84,fon,2026_02,2026-04-18 13:53
ZRGYO,762358644,1173404997,64.97,fon,2026_02,2026-04-18 13:53
BULGS,432140,72499900,0.6,fon,2026_02,2026-04-18 13:53
ARFYE,288288,47000000,0.61,fon,2026_02,2026-04-18 13:53
YYLGD,75458196,369826200,20.4,fon,2026_02,2026-04-18 13:53
CRFSA,198422,18312793,1.08,fon,2026_02,2026-04-18 13:53
BINBN,754834,17000000,4.44,fon,2026_02,2026-04-18 13:53
BJKAS,50160344,1776089716,2.82,fon,2026_02,2026-04-18 13:53
TTRAK,2104845,24967158,8.43,fon,2026_02,2026-04-18 13:53
AVOD,210002,253604577,0.08,fon,2026_02,2026-04-18 13:53
KUTPO,200075,10524430,1.9,fon,2026_02,2026-04-18 13:53
ARMGD,11581295,54996000,21.06,fon,2026_02,2026-04-18 13:53
BESTE,52020,54578499,0.1,fon,2026_02,2026-04-18 13:53
FRMPL,144046,39997767,0.36,fon,2026_02,2026-04-18 13:53
ZPBDLF,4670308,8240000,56.68,fon,2026_02,2026-04-18 13:53
PAGYO,245530,57781202,0.42,fon,2026_02,2026-04-18 13:53
DOFRB,1099402,45000000,2.44,fon,2026_02,2026-04-18 13:53
NATEN,56390,309375000,0.02,fon,2026_02,2026-04-18 13:53
DENGE,87219,525284797,0.02,fon,2026_02,2026-04-18 13:53
DESPC,820251,16023700,5.12,fon,2026_02,2026-04-18 13:53
ONCSM,33361,10086000,0.33,fon,2026_02,2026-04-18 13:53
ARZUM,53176,400949823,0.01,fon,2026_02,2026-04-18 13:53
GEREL,715652,219036379,0.33,fon,2026_02,2026-04-18 13:53
BLCYT,118326,49088907,0.24,fon,2026_02,2026-04-18 13:53
KAPLM,30175,4563571,0.66,fon,2026_02,2026-04-18 13:53
YESIL,33107,640699949,0.01,fon,2026_02,2026-04-18 13:53
MMCAS,251241,12393964,2.03,fon,2026_02,2026-04-18 13:53
ARDYZ,25990363,279551557,9.3,fon,2026_02,2026-04-18 13:53
BRSAN,341518,35912460,0.95,fon,2026_02,2026-04-18 13:53
KLSER,69854,109457566,0.06,fon,2026_02,2026-04-18 13:53
MERKO,20000,101104700,0.02,fon,2026_02,2026-04-18 13:53
DURKN,19541,42500000,0.05,fon,2026_02,2026-04-18 13:53
APLIBF,3840195,58200000,6.6,fon,2026_02,2026-04-18 13:53
GOODY,666290,132804473,0.5,fon,2026_02,2026-04-18 13:53
OZATD,3327802,13349988,24.93,fon,2026_02,2026-04-18 13:53
IZFAS,47377435,156001658,30.37,fon,2026_02,2026-04-18 13:53
BAKAB,40209,34985326,0.11,fon,2026_02,2026-04-18 13:53
INTEM,313838,9428747,3.33,fon,2026_02,2026-04-18 13:53
YGGYO,127649,240625741,0.05,fon,2026_02,2026-04-18 13:53
SKTAS,13907,332865443,0.0,fon,2026_02,2026-04-18 13:53
ALKA,21174,330750000,0.01,fon,2026_02,2026-04-18 13:53
NUHCM,2623581,33163299,7.91,fon,2026_02,2026-04-18 13:53
VRGYO,784871,597693904,0.13,fon,2026_02,2026-04-18 13:53
IMASM,40745,622850499,0.01,fon,2026_02,2026-04-18 13:53
NUGYO,2121761,324943976,0.65,fon,2026_02,2026-04-18 13:53
SERNT,10450,113000000,0.01,fon,2026_02,2026-04-18 13:53
IHGZT,46789,570666228,0.01,fon,2026_02,2026-04-18 13:53
IHLGM,68310,986078000,0.01,fon,2026_02,2026-04-18 13:53
HKTM,7734,72747495,0.01,fon,2026_02,2026-04-18 13:53
RAYSG,11022,51947024,0.02,fon,2026_02,2026-04-18 13:53
KZGYO,124835,49999978,0.25,fon,2026_02,2026-04-18 13:53
YAPRK,5856,4214998,0.14,fon,2026_02,2026-04-18 13:53
KUVVA,1405000,24204585,5.8,fon,2026_02,2026-04-18 13:53
ETILR,4828,156217454,0.0,fon,2026_02,2026-04-18 13:53
BVSAN,79440,13749998,0.58,fon,2026_02,2026-04-18 13:53
OSTIM,53756215,510004637,10.54,fon,2026_02,2026-04-18 13:53
ISGLKF,3713844,113800000,3.26,fon,2026_02,2026-04-18 13:53
PRKME,4995,53038641,0.01,fon,2026_02,2026-04-18 13:53
MARBL,3990,65226403,0.01,fon,2026_02,2026-04-18 13:53
BRLSM,10977,108025075,0.01,fon,2026_02,2026-04-18 13:53
DNISI,2050,59171727,0.0,fon,2026_02,2026-04-18 13:53
FADE,17160,42347497,0.04,fon,2026_02,2026-04-18 13:53
LYDHO,8882923,197140970,4.51,fon,2026_02,2026-04-18 13:53
GIPTA,19210,51617863,0.04,fon,2026_02,2026-04-18 13:53
JANTS,7990,207512786,0.0,fon,2026_02,2026-04-18 13:53
IZMDC,2731799,723225318,0.38,fon,2026_02,2026-04-18 13:53
MEKAG,3147,320319999,0.0,fon,2026_02,2026-04-18 13:53
ICUGS,25126,336250000,0.01,fon,2026_02,2026-04-18 13:53
CEOEM,3579,22209658,0.02,fon,2026_02,2026-04-18 13:53
BOSSA,6732,508724189,0.0,fon,2026_02,2026-04-18 13:53
BEYAZ,1835,42317352,0.0,fon,2026_02,2026-04-18 13:53
VKING,910,30932905,0.0,fon,2026_02,2026-04-18 13:53
ANELE,2071,151405542,0.0,fon,2026_02,2026-04-18 13:53
MSGYO,878,169650150,0.0,fon,2026_02,2026-04-18 13:53
KRTEK,138397,18914650,0.73,fon,2026_02,2026-04-18 13:53
BRKVY,160615,13618361,1.18,fon,2026_02,2026-04-18 13:53
SANKO,579,37499197,0.0,fon,2026_02,2026-04-18 13:53
ARTMS,727065,24199999,3.0,fon,2026_02,2026-04-18 13:53
SAFKR,1105219,139406162,0.79,fon,2026_02,2026-04-18 13:53
PKENT,744,23766169,0.0,fon,2026_02,2026-04-18 13:53
KRGYO,5310,275246747,0.0,fon,2026_02,2026-04-18 13:53
EGEEN,457,1137161,0.04,fon,2026_02,2026-04-18 13:53
AVHOL,15780,26047279,0.06,fon,2026_02,2026-04-18 13:53
UFUK,1114438,46845974,2.38,fon,2026_02,2026-04-18 13:53
OTTO,447,5824438,0.01,fon,2026_02,2026-04-18 13:53
ISSEN,400341,107411517,0.37,fon,2026_02,2026-04-18 13:53
TDGYO,2514,59898213,0.0,fon,2026_02,2026-04-18 13:53
LUKSK,210,27257202,0.0,fon,2026_02,2026-04-18 13:53
ULUSE,225,24000000,0.0,fon,2026_02,2026-04-18 13:53
AKSUE,22241,56376184,0.04,fon,2026_02,2026-04-18 13:53
VERTU,1255,22000000,0.01,fon,2026_02,2026-04-18 13:53
DURDO,4329,379703149,0.0,fon,2026_02,2026-04-18 13:53
DERHL,4526,197281316,0.0,fon,2026_02,2026-04-18 13:53
DERIM,585,40403770,0.0,fon,2026_02,2026-04-18 13:53
ERBOS,3818700,15899843,24.02,fon,2026_02,2026-04-18 13:53
KARTN,727,72781126,0.0,fon,2026_02,2026-04-18 13:53
PAMEL,123,21533681,0.0,fon,2026_02,2026-04-18 13:53
SMRVA,1911,28000000,0.01,fon,2026_02,2026-04-18 13:53
ALCAR,123,1721735,0.01,fon,2026_02,2026-04-18 13:53
MAALT,128,4763850,0.0,fon,2026_02,2026-04-18 13:53
TGSAS,84602,12348294,0.69,fon,2026_02,2026-04-18 13:53
ENDAE,4229,123506828,0.0,fon,2026_02,2026-04-18 13:53
GSDDE,836770,106850751,0.78,fon,2026_02,2026-04-18 13:53
MARKA,16,20752018,0.0,fon,2026_02,2026-04-18 13:53
CMBTN,3006,1023000,0.29,fon,2026_02,2026-04-18 13:53
KONYA,32,1646416,0.0,fon,2026_02,2026-04-18 13:53
AVGYO,1,111590302,0.0,fon,2026_02,2026-04-18 13:53
ENPRA,4,15294299,0.0,fon,2026_02,2026-04-18 13:53
OPTLRF,330527,3000000,11.02,fon,2026_02,2026-04-18 13:53
DGGYO,1,280709437,0.0,fon,2026_02,2026-04-18 13:53
TLMAN,189669,10300000,1.84,fon,2026_02,2026-04-18 13:53
AKYHO,1,223895870,0.0,fon,2026_02,2026-04-18 13:53
GRNYO,3014682,37386059,8.06,fon,2026_02,2026-04-18 13:53
OZRDN,1,57107579,0.0,fon,2026_02,2026-04-18 13:53
SEYKM,1100000,151040901,0.73,fon,2026_02,2026-04-18 13:53
EUHOL,911013,142999954,0.64,fon,2026_02,2026-04-18 13:53
MHRGY,11427338,310499991,3.68,fon,2026_02,2026-04-18 13:53
AKMGY,677989,21568998,3.14,fon,2026_02,2026-04-18 13:53
QNBTR,2,2571745911,0.0,fon,2026_02,2026-04-18 13:53
DOGUB,682,19821566,0.0,fon,2026_02,2026-04-18 13:53
APBDLF,32794,14400000,0.23,fon,2026_02,2026-04-18 13:53
UZEL,15606,26329793,0.06,fon,2026_02,2026-04-18 13:53
FMIZP,2,3497641,0.0,fon,2026_02,2026-04-18 13:53
POLTK,29,1125000,0.0,fon,2026_02,2026-04-18 13:53
BFREN,768,24586148,0.0,fon,2026_02,2026-04-18 13:53
ONRYT,2105778,19730000,10.67,fon,2026_02,2026-04-18 13:53
BIGTK,142120,23834373,0.6,fon,2026_02,2026-04-18 13:53
TSGYO,1399083,266499982,0.52,fon,2026_02,2026-04-18 13:53
VERUS,233771,34499937,0.68,fon,2026_02,2026-04-18 13:53
DOKTA,795,145872862,0.0,fon,2026_02,2026-04-18 13:53
TURGG,22,32042988,0.0,fon,2026_02,2026-04-18 13:53
LYDYE,122900,1391287,8.83,fon,2026_02,2026-04-18 13:53
HATEK,35,62998947,0.0,fon,2026_02,2026-04-18 13:53
ANGEN,2748,86440002,0.0,fon,2026_02,2026-04-18 13:53
ZEDUR,1026,69899992,0.0,fon,2026_02,2026-04-18 13:53
INVES,3969094,37480000,10.59,fon,2026_02,2026-04-18 13:53
BIZIM,292142,27601626,1.06,fon,2026_02,2026-04-18 13:53
EDIP,40430,36468204,0.11,fon,2026_02,2026-04-18 13:53
ISGSY,424448,47378729,0.9,fon,2026_02,2026-04-18 13:53
VSNMD,1088,24000000,0.0,fon,2026_02,2026-04-18 13:53
EMKEL,5817,149999456,0.0,fon,2026_02,2026-04-18 13:53
CLEBI,17811,5490178,0.32,fon,2026_02,2026-04-18 13:53
HURGZ,6586,220784167,0.0,fon,2026_02,2026-04-18 13:53
ADEL,4008,112043619,0.0,fon,2026_02,2026-04-18 13:53
INGRM,69963,14969536,0.47,fon,2026_02,2026-04-18 13:53
PRKAB,2260,35225443,0.01,fon,2026_02,2026-04-18 13:53
METRO,22943,539989959,0.0,fon,2026_02,2026-04-18 13:53
DMSAS,2466,199994510,0.0,fon,2026_02,2026-04-18 13:53
TAVHL,13530924,213213415,6.35,fon,2026_02,2026-04-18 13:53
BMSTL,3954,74772261,0.01,fon,2026_02,2026-04-18 13:53
IHYAY,24463,388124996,0.01,fon,2026_02,2026-04-18 13:53
GATEG,47826,10570341,0.45,fon,2026_02,2026-04-18 13:53
BORLS,23554931,308652686,7.63,fon,2026_02,2026-04-18 13:53
BRYAT,20210,10264685,0.2,fon,2026_02,2026-04-18 13:53
SNICA,571673,321688855,0.18,fon,2026_02,2026-04-18 13:53
AYEN,122665,55531320,0.22,fon,2026_02,2026-04-18 13:53
YYAPI,789520,1705025550,0.05,fon,2026_02,2026-04-18 13:53
PKART,184191,11048497,1.67,fon,2026_02,2026-04-18 13:53
DOFER,661,20172500,0.0,fon,2026_02,2026-04-18 13:53
VANGD,1362986,24374995,5.59,fon,2026_02,2026-04-18 13:53
EGGUB,407588,75862197,0.54,fon,2026_02,2026-04-18 13:53
KRDMB,1175815,118762110,0.99,fon,2026_02,2026-04-18 13:53
NETAS,756993,31783484,2.38,fon,2026_02,2026-04-18 13:53
ALFAS,131190,84639559,0.15,fon,2026_02,2026-04-18 13:53
MARMR,55183,961218727,0.01,fon,2026_02,2026-04-18 13:53
AKFIS,8254439,66841328,12.35,fon,2026_02,2026-04-18 13:53
TCKRC,5815157,70000000,8.31,fon,2026_02,2026-04-18 13:53
HDFGS,45991,956974191,0.0,fon,2026_02,2026-04-18 13:53
SURGY,207054,44999990,0.46,fon,2026_02,2026-04-18 13:53
FORTE,1194030,21999999,5.43,fon,2026_02,2026-04-18 13:53
OYLUM,5350000,80937367,6.61,fon,2026_02,2026-04-18 13:53
BRISA,3314857,31247472,10.61,fon,2026_02,2026-04-18 13:53
MTRKS,2675598,43633165,6.13,fon,2026_02,2026-04-18 13:53
ICBCT,415003,216761845,0.19,fon,2026_02,2026-04-18 13:53
BURCE,1711,44422390,0.0,fon,2026_02,2026-04-18 13:53
ARENA,2845961,66996461,4.25,fon,2026_02,2026-04-18 13:53
EKSUN,1039498,171792833,0.61,fon,2026_02,2026-04-18 13:53
GUBRF,7458670,85359737,8.74,fon,2026_02,2026-04-18 13:53
ORGE,4350989,41839996,10.4,fon,2026_02,2026-04-18 13:53
DGATE,745766,15227271,4.9,fon,2026_02,2026-04-18 13:53
CEMAS,26985,790994229,0.0,fon,2026_02,2026-04-18 13:53
GRTHO,16568016,36745000,45.09,fon,2026_02,2026-04-18 13:53
GRSEL,9514570,29650000,32.09,fon,2026_02,2026-04-18 13:53
DOAS,1984733,97899975,2.03,fon,2026_02,2026-04-18 13:53
PAPIL,6445535,206247674,3.13,fon,2026_02,2026-04-18 13:53
KLRHO,205714193,341250000,60.28,fon,2026_02,2026-04-18 13:53
ARSAN,11530983,887344274,1.3,fon,2026_02,2026-04-18 13:53
SDTTR,2870036,15990000,17.95,fon,2026_02,2026-04-18 13:53
MAKTK,66217581,184370066,35.92,fon,2026_02,2026-04-18 13:53
VBTYZ,3297096,56160000,5.87,fon,2026_02,2026-04-18 13:53
EBEBK,5166810,40534692,12.75,fon,2026_02,2026-04-18 13:53
SELEC,21714815,124262097,17.48,fon,2026_02,2026-04-18 13:53
MEDTR,1151458,24499999,4.7,fon,2026_02,2026-04-18 13:53
AKENR,237181,385189146,0.06,fon,2026_02,2026-04-18 13:53
ELITE,484491,44650000,1.09,fon,2026_02,2026-04-18 13:53
OBASE,517438,14924000,3.47,fon,2026_02,2026-04-18 13:53
ECZYT,567136,45880511,1.24,fon,2026_02,2026-04-18 13:53
NPTLRF,1135926,1825000,62.24,fon,2026_02,2026-04-18 13:53
TMSN,1486749,44449988,3.34,fon,2026_02,2026-04-18 13:53
SAYAS,625908,42530887,1.47,fon,2026_02,2026-04-18 13:53
TBORG,844241,59392160,1.42,fon,2026_02,2026-04-18 13:53
PRDGS,300000,110850000,0.27,fon,2026_02,2026-04-18 13:53
GZNMI,17202028,40949825,42.01,fon,2026_02,2026-04-18 13:53
MOBTL,5624061,207999999,2.7,fon,2026_02,2026-04-18 13:53
ATATP,1136576,18809999,6.04,fon,2026_02,2026-04-18 13:53
SARKY,324713,999999671,0.03,fon,2026_02,2026-04-18 13:53
GMSTRF,24740734,73800000,33.52,fon,2026_02,2026-04-18 13:53
KORDS,1860908,65421451,2.84,fon,2026_02,2026-04-18 13:53
AZTEK,12800561,279000000,4.59,fon,2026_02,2026-04-18 13:53
ARASE,5919653,49999991,11.84,fon,2026_02,2026-04-18 13:53
FORMT,364394,1029046010,0.04,fon,2026_02,2026-04-18 13:53
OYYAT,8721135,91048322,9.58,fon,2026_02,2026-04-18 13:53
SISE,108288018,1814905642,5.97,fon,2026_02,2026-04-18 13:53
IHLAS,173187,1396079076,0.01,fon,2026_02,2026-04-18 13:53
VESTL,4530383,295447203,1.53,fon,2026_02,2026-04-18 13:53
IEYHO,161850264,541032947,29.92,fon,2026_02,2026-04-18 13:53
HATSN,3396742,44299964,7.67,fon,2026_02,2026-04-18 13:53
AGESA,4385429,35829553,12.24,fon,2026_02,2026-04-18 13:53
PENGD,503508,171069968,0.29,fon,2026_02,2026-04-18 13:53
CEMZY,49996280,124119970,40.28,fon,2026_02,2026-04-18 13:53
MACKO,2338761,41500000,5.64,fon,2026_02,2026-04-18 13:53
MNDRS,7760019,222007982,3.5,fon,2026_02,2026-04-18 13:53
SANFM,11139280,225029995,4.95,fon,2026_02,2026-04-18 13:53
TRGYO,9838665,251573369,3.91,fon,2026_02,2026-04-18 13:53
CIMSA,52670791,488404404,10.78,fon,2026_02,2026-04-18 13:53
AGROT,65618,843999770,0.01,fon,2026_02,2026-04-18 13:53
BEGYO,480479,290000000,0.17,fon,2026_02,2026-04-18 13:53
LKMNH,20422606,163262533,12.51,fon,2026_02,2026-04-18 13:53
TKNSA,10796302,100485379,10.74,fon,2026_02,2026-04-18 13:53
TRENJ,4406733,98018735,4.5,fon,2026_02,2026-04-18 13:53
EKOS,1001591,307199852,0.33,fon,2026_02,2026-04-18 13:53
GMTAS,6717955,298687813,2.25,fon,2026_02,2026-04-18 13:53
BAHKM,2393605,23289000,10.28,fon,2026_02,2026-04-18 13:53
PENTA,7075155,181070136,3.91,fon,2026_02,2026-04-18 13:53
HOROZ,5795243,24599986,23.56,fon,2026_02,2026-04-18 13:53
MEYSU,726462,175000000,0.42,fon,2026_02,2026-04-18 13:53
CCOLA,44400053,820001147,5.41,fon,2026_02,2026-04-18 13:53
BESLR,33903038,658098036,5.15,fon,2026_02,2026-04-18 13:53
ARCLK,11084475,170054748,6.52,fon,2026_02,2026-04-18 13:53
EPLAS,2275000,190491857,1.19,fon,2026_02,2026-04-18 13:53
SEGYO,103155,203351321,0.05,fon,2026_02,2026-04-18 13:53
MRGYO,1189631,1753202571,0.07,fon,2026_02,2026-04-18 13:53
KONKA,14952566,89670000,16.68,fon,2026_02,2026-04-18 13:53
TUREX,9615309,432000000,2.23,fon,2026_02,2026-04-18 13:53
TNZTP,19930648,87499950,22.78,fon,2026_02,2026-04-18 13:53
KLKIM,16400936,138383655,11.85,fon,2026_02,2026-04-18 13:53
PATEK,11567456,293081892,3.95,fon,2026_02,2026-04-18 13:53
ALGYO,72801276,989338262,7.36,fon,2026_02,2026-04-18 13:53
ENJSA,27300288,236209270,11.56,fon,2026_02,2026-04-18 13:53
KOPOL,5848356,266319652,2.2,fon,2026_02,2026-04-18 13:53
RALYH,48741291,176370972,27.64,fon,2026_02,2026-04-18 13:53
SRVGY,21686674,812499687,2.67,fon,2026_02,2026-04-18 13:53
AKFYE,54478145,551782160,9.87,fon,2026_02,2026-04-18 13:53
TRCAS,10448386,206252778,5.07,fon,2026_02,2026-04-18 13:53
OTKAR,3828690,33417145,11.46,fon,2026_02,2026-04-18 13:53
AYGAZ,5898463,98568807,5.98,fon,2026_02,2026-04-18 13:53
FZLGY,299562830,398427644,75.19,fon,2026_02,2026-04-18 13:53
UNLU,39105000,102181558,38.27,fon,2026_02,2026-04-18 13:53
YATAS,10147771,94866488,10.7,fon,2026_02,2026-04-18 13:53
ISFIN,22695287,310154523,7.32,fon,2026_02,2026-04-18 13:53
TUCLK,27318,253181400,0.01,fon,2026_02,2026-04-18 13:53
SUNTK,68899658,145280000,47.43,fon,2026_02,2026-04-18 13:53
KRPLS,303980,78486163,0.39,fon,2026_02,2026-04-18 13:53
THYAO,52405075,739463453,7.09,fon,2026_02,2026-04-18 13:53
TABGD,7757484,52499906,14.78,fon,2026_02,2026-04-18 13:53
SKYLP,1028927,7159255,14.37,fon,2026_02,2026-04-18 13:53
BAYRK,21235217,189751123,11.19,fon,2026_02,2026-04-18 13:53
AGHOL,347906829,1068828243,32.55,fon,2026_02,2026-04-18 13:53
MIATK,12922200,313087979,4.13,fon,2026_02,2026-04-18 13:53
VESBE,3035318,503578676,0.6,fon,2026_02,2026-04-18 13:53
PNSUT,844642,128323851,0.66,fon,2026_02,2026-04-18 13:53
TOASO,17328486,120585076,14.37,fon,2026_02,2026-04-18 13:53
OZGYO,6066,490916869,0.0,fon,2026_02,2026-04-18 13:53
LMKDC,26279824,155929999,16.85,fon,2026_02,2026-04-18 13:53
MGROS,10826008,96563550,11.21,fon,2026_02,2026-04-18 13:53
KAREL,99857551,329659497,30.29,fon,2026_02,2026-04-18 13:53
ANHYT,11166755,88457041,12.62,fon,2026_02,2026-04-18 13:53
LOGO,7595062,74328248,10.22,fon,2026_02,2026-04-18 13:53
KLSYN,385588,107854952,0.36,fon,2026_02,2026-04-18 13:53
MPARK,11318346,80869110,14.0,fon,2026_02,2026-04-18 13:53
YKSLN,132690,197429570,0.07,fon,2026_02,2026-04-18 13:53
ISKPL,120605718,724625736,16.64,fon,2026_02,2026-04-18 13:53
BIOEN,36422609,197983418,18.4,fon,2026_02,2026-04-18 13:53
SOKM,41385744,448708248,9.22,fon,2026_02,2026-04-18 13:53
GLRMK,4796571,38760000,12.38,fon,2026_02,2026-04-18 13:53
GLCVY,3549153,26400000,13.44,fon,2026_02,2026-04-18 13:53
EREGL,528222015,3554238535,14.86,fon,2026_02,2026-04-18 13:53
EGEGY,690198,69140000,1.0,fon,2026_02,2026-04-18 13:53
GOKNR,11503798,178040711,6.46,fon,2026_02,2026-04-18 13:53
TRMET,18548677,174483588,10.63,fon,2026_02,2026-04-18 13:53
INVEO,7527410,998999954,0.75,fon,2026_02,2026-04-18 13:53
GLDTRF,4712050,45850000,10.28,fon,2026_02,2026-04-18 13:53
RGYAS,6555645,105523000,6.21,fon,2026_02,2026-04-18 13:53
EYGYO,21866584,362859667,6.03,fon,2026_02,2026-04-18 13:53
SEGMN,31480,80999980,0.04,fon,2026_02,2026-04-18 13:53
KLYPV,8066429,46334639,17.41,fon,2026_02,2026-04-18 13:53
TRILC,19768625,118499496,16.68,fon,2026_02,2026-04-18 13:53
AVPGY,12483254,99999990,12.48,fon,2026_02,2026-04-18 13:53
BARMA,2660913,68130939,3.91,fon,2026_02,2026-04-18 13:53
ZPLIBF,122489546,190200000,64.4,fon,2026_02,2026-04-18 13:53
OZKGY,120358470,363999945,33.07,fon,2026_02,2026-04-18 13:53
KMPUR,20413591,132432524,15.41,fon,2026_02,2026-04-18 13:53
ODAS,52064224,1113798031,4.67,fon,2026_02,2026-04-18 13:53
KOTON,13791810,136599922,10.1,fon,2026_02,2026-04-18 13:53
ENKAI,38605033,874733059,4.41,fon,2026_02,2026-04-18 13:53
TTKOM,25792710,524999999,4.91,fon,2026_02,2026-04-18 13:53
TEKTU,30663,195639311,0.02,fon,2026_02,2026-04-18 13:53
ESCAR,13000926,101933690,12.75,fon,2026_02,2026-04-18 13:53
ERCB,3687815,39113273,9.43,fon,2026_02,2026-04-18 13:53
ASTOR,14964750,366896261,4.08,fon,2026_02,2026-04-18 13:53
MERIT,2349537,329748900,0.71,fon,2026_02,2026-04-18 13:53
BUCIM,38547179,1292638065,2.98,fon,2026_02,2026-04-18 13:53
DGNMO,16518025,327634635,5.04,fon,2026_02,2026-04-18 13:53
HUNER,149261,670137934,0.02,fon,2026_02,2026-04-18 13:53
QUAGR,308161417,1773200000,17.38,fon,2026_02,2026-04-18 13:53
SUWEN,101254109,365687500,27.69,fon,2026_02,2026-04-18 13:53
FENER,83209,2772321468,0.0,fon,2026_02,2026-04-18 13:53
ALTNY,66283544,399885115,16.58,fon,2026_02,2026-04-18 13:53
BERA,8623582,491964370,1.75,fon,2026_02,2026-04-18 13:53
LIDFA,43425991,458180545,9.48,fon,2026_02,2026-04-18 13:53
GARAN,116882602,2454957798,4.76,fon,2026_02,2026-04-18 13:53
KATMR,25386401,1980989998,1.28,fon,2026_02,2026-04-18 13:53
DARDL,15248314,1753442695,0.87,fon,2026_02,2026-04-18 13:53
MARTI,46093805,650112403,7.09,fon,2026_02,2026-04-18 13:53
AKSA,146166604,1503650642,9.72,fon,2026_02,2026-04-18 13:53
HALKB,82223258,6546422780,1.26,fon,2026_02,2026-04-18 13:53
UCAYM,89483,60000000,0.15,fon,2026_02,2026-04-18 13:53
ESCOM,32987026,463831670,7.11,fon,2026_02,2026-04-18 13:53
TUKAS,22901293,4499995929,0.51,fon,2026_02,2026-04-18 13:53
MAVI,81878546,576779312,14.2,fon,2026_02,2026-04-18 13:53
EUREN,45110543,1040132637,4.34,fon,2026_02,2026-04-18 13:53
SNGYO,266171488,3607173097,7.38,fon,2026_02,2026-04-18 13:53
PAHOL,37197160,3999999979,0.93,fon,2026_02,2026-04-18 13:53
TATEN,98725912,347799724,28.39,fon,2026_02,2026-04-18 13:53
SKBNK,37309622,2498877855,1.49,fon,2026_02,2026-04-18 13:53
INFO,260710689,767463337,33.97,fon,2026_02,2026-04-18 13:53
DOHOL,92702033,984706978,9.41,fon,2026_02,2026-04-18 13:53
VAKBN,103668105,8046896130,1.29,fon,2026_02,2026-04-18 13:53
GLYHO,375432571,1949290631,19.26,fon,2026_02,2026-04-18 13:53
FROTO,37722098,625119847,6.03,fon,2026_02,2026-04-18 13:53
KLGYO,94682809,689399869,13.73,fon,2026_02,2026-04-18 13:53
ANSGR,155057064,1564416026,9.91,fon,2026_02,2026-04-18 13:53
DSTKF,52559557,84533333,62.18,fon,2026_02,2026-04-18 13:53
AEFES,164066449,2028860053,8.09,fon,2026_02,2026-04-18 13:53
TRALT,58770059,952269019,6.17,fon,2026_02,2026-04-18 13:53
DMRGD,386114115,1277294592,30.23,fon,2026_02,2026-04-18 13:53
ESEN,1290016,682499950,0.19,fon,2026_02,2026-04-18 13:53
ALBRK,106362203,1050739765,10.12,fon,2026_02,2026-04-18 13:53
YKBNK,548968118,4705620952,11.67,fon,2026_02,2026-04-18 13:53
AKFGY,146814161,3457819313,4.25,fon,2026_02,2026-04-18 13:53
AKBNK,413336069,3059320211,13.51,fon,2026_02,2026-04-18 13:53
TEHOL,252917330,1967930261,12.85,fon,2026_02,2026-04-18 13:53
ISCTR,1273890579,8880396856,14.34,fon,2026_02,2026-04-18 13:53
ADESE,81111961,4687131701,1.73,fon,2026_02,2026-04-18 13:53
GENIL,147950201,1289069985,11.48,emeklilik,2026_02,2026-04-18 13:53
SASA,100974051,25700419936,0.39,emeklilik,2026_02,2026-04-18 13:53
BIGCH,62282945,368932945,16.88,emeklilik,2026_02,2026-04-18 13:53
KRDMD,244148773,780216365,31.29,emeklilik,2026_02,2026-04-18 13:53
AKFGY,523511148,3457819313,15.14,emeklilik,2026_02,2026-04-18 13:53
PSGYO,120618021,2954231556,4.08,emeklilik,2026_02,2026-04-18 13:53
CANTE,71384033,8608815637,0.83,emeklilik,2026_02,2026-04-18 13:53
EKGYO,478605090,1925107366,24.86,emeklilik,2026_02,2026-04-18 13:53
VAKBN,99398145,8046896130,1.24,emeklilik,2026_02,2026-04-18 13:53
TURSG,574735819,7907296076,7.27,emeklilik,2026_02,2026-04-18 13:53
EMPAE,10640000,38000000,28.0,emeklilik,2026_02,2026-04-18 13:53
TUPRS,66740620,902334139,7.4,emeklilik,2026_02,2026-04-18 13:53
TSPOR,22662499,3674975174,0.62,emeklilik,2026_02,2026-04-18 13:53
SNGYO,121329758,3607173097,3.36,emeklilik,2026_02,2026-04-18 13:53
DOHOL,233680667,984706978,23.73,emeklilik,2026_02,2026-04-18 13:53
TTKOM,57484523,524999999,10.95,emeklilik,2026_02,2026-04-18 13:53
OYAKC,63604817,4656879379,1.37,emeklilik,2026_02,2026-04-18 13:53
AKSGY,36867012,1628451947,2.26,emeklilik,2026_02,2026-04-18 13:53
TSKB,206610660,1516591673,13.62,emeklilik,2026_02,2026-04-18 13:53
KZBGY,7076476,1959999915,0.36,emeklilik,2026_02,2026-04-18 13:53
ISFIN,97309811,310154523,31.37,emeklilik,2026_02,2026-04-18 13:53
CIMSA,56495047,488404404,11.57,emeklilik,2026_02,2026-04-18 13:53
ENERY,9665639,2420687469,0.4,emeklilik,2026_02,2026-04-18 13:53
ANSGR,223400799,1564416026,14.28,emeklilik,2026_02,2026-04-18 13:53
ISMEN,46429990,467723147,9.93,emeklilik,2026_02,2026-04-18 13:53
ASELS,80402577,1178597817,6.82,emeklilik,2026_02,2026-04-18 13:53
KATMR,8000000,1980989998,0.4,emeklilik,2026_02,2026-04-18 13:53
ISGYO,152895921,531312439,28.78,emeklilik,2026_02,2026-04-18 13:53
GWIND,22147210,179165491,12.36,emeklilik,2026_02,2026-04-18 13:53
GARAN,78627022,2454957798,3.2,emeklilik,2026_02,2026-04-18 13:53
ALVES,2501000,1159999780,0.22,emeklilik,2026_02,2026-04-18 13:53
BALSU,32156276,278000000,11.57,emeklilik,2026_02,2026-04-18 13:53
SOKM,8388948,448708248,1.87,emeklilik,2026_02,2026-04-18 13:53
KCAER,27173783,496494775,5.47,emeklilik,2026_02,2026-04-18 13:53
BIMAS,40558899,436214016,9.3,emeklilik,2026_02,2026-04-18 13:53
KTLEV,13974803,1288500000,1.08,emeklilik,2026_02,2026-04-18 13:53
YUNSA,3761508,202164056,1.86,emeklilik,2026_02,2026-04-18 13:53
ATATR,1954435,280000000,0.7,emeklilik,2026_02,2026-04-18 13:53
KRVGD,115061283,596159766,19.3,emeklilik,2026_02,2026-04-18 13:53
INDES,28840946,462749767,6.23,emeklilik,2026_02,2026-04-18 13:53
LMKDC,30741151,155929999,19.71,emeklilik,2026_02,2026-04-18 13:53
ALTNY,22389774,399885115,5.6,emeklilik,2026_02,2026-04-18 13:53
GESAN,6298862,141759180,4.44,emeklilik,2026_02,2026-04-18 13:53
MANAS,3899878,255704000,1.53,emeklilik,2026_02,2026-04-18 13:53
HTTBT,15046275,82805422,18.17,emeklilik,2026_02,2026-04-18 13:53
KLKIM,6170775,138383655,4.46,emeklilik,2026_02,2026-04-18 13:53
EGPRO,2634739,175170570,1.5,emeklilik,2026_02,2026-04-18 13:53
ARASE,11269592,49999991,22.54,emeklilik,2026_02,2026-04-18 13:53
GUBRF,18226899,85359737,21.35,emeklilik,2026_02,2026-04-18 13:53
KARSN,2706238,827827039,0.33,emeklilik,2026_02,2026-04-18 13:53
CEMTS,1445263,233425986,0.62,emeklilik,2026_02,2026-04-18 13:53
ENJSA,55033145,236209270,23.3,emeklilik,2026_02,2026-04-18 13:53
AFYON,33266445,399992258,8.32,emeklilik,2026_02,2026-04-18 13:53
LOGO,7754720,74328248,10.43,emeklilik,2026_02,2026-04-18 13:53
AKHAN,512607,54700000,0.94,emeklilik,2026_02,2026-04-18 13:53
CWENE,3396380,530758241,0.64,emeklilik,2026_02,2026-04-18 13:53
NETCD,484000,40000000,1.21,emeklilik,2026_02,2026-04-18 13:53
NTGAZ,57275824,276000000,20.75,emeklilik,2026_02,2026-04-18 13:53
ODAS,43791514,1113798031,3.93,emeklilik,2026_02,2026-04-18 13:53
AKFYE,909581,551782160,0.16,emeklilik,2026_02,2026-04-18 13:53
ALCTL,1071443,13543218,7.91,emeklilik,2026_02,2026-04-18 13:53
CVKMD,450000,461999787,0.1,emeklilik,2026_02,2026-04-18 13:53
GRSEL,3052350,29650000,10.29,emeklilik,2026_02,2026-04-18 13:53
BASGZ,44584457,174999999,25.48,emeklilik,2026_02,2026-04-18 13:53
GOKNR,11379662,178040711,6.39,emeklilik,2026_02,2026-04-18 13:53
ZOREN,3728694,2681244194,0.14,emeklilik,2026_02,2026-04-18 13:53
EUPWR,12318465,199610525,6.17,emeklilik,2026_02,2026-04-18 13:53
KRDMA,6183071,240300917,2.57,emeklilik,2026_02,2026-04-18 13:53
AYDEM,3604814,130000000,2.77,emeklilik,2026_02,2026-04-18 13:53
BOBET,2758743,113999998,2.42,emeklilik,2026_02,2026-04-18 13:53
KLYPV,537093,46334639,1.16,emeklilik,2026_02,2026-04-18 13:53
FONET,14592064,577082984,2.53,emeklilik,2026_02,2026-04-18 13:53
EPLAS,2300000,190491857,1.21,emeklilik,2026_02,2026-04-18 13:53
MRGYO,364819,1753202571,0.02,emeklilik,2026_02,2026-04-18 13:53
AZTEK,8236663,279000000,2.95,emeklilik,2026_02,2026-04-18 13:53
DEVA,184500,199971824,0.09,emeklilik,2026_02,2026-04-18 13:53
TRGYO,8270132,251573369,3.29,emeklilik,2026_02,2026-04-18 13:53
ESEN,1440974,682499950,0.21,emeklilik,2026_02,2026-04-18 13:53
HUNER,1113428,670137934,0.17,emeklilik,2026_02,2026-04-18 13:53
BRISA,1669042,31247472,5.34,emeklilik,2026_02,2026-04-18 13:53
MAGEN,2177043,719512140,0.3,emeklilik,2026_02,2026-04-18 13:53
ZTLRFF,127000,3480000,3.65,emeklilik,2026_02,2026-04-18 13:53
SMRTG,2566279,664164672,0.39,emeklilik,2026_02,2026-04-18 13:53
MOGAN,815668,262635000,0.31,emeklilik,2026_02,2026-04-18 13:53
MOBTL,9774845,207999999,4.7,emeklilik,2026_02,2026-04-18 13:53
PAPIL,5921149,206247674,2.87,emeklilik,2026_02,2026-04-18 13:53
CATES,156350,33050000,0.47,emeklilik,2026_02,2026-04-18 13:53
TTRAK,1483782,24967158,5.94,emeklilik,2026_02,2026-04-18 13:53
ATATP,1215345,18809999,6.46,emeklilik,2026_02,2026-04-18 13:53
TRENJ,360568,98018735,0.37,emeklilik,2026_02,2026-04-18 13:53
VAKFA,1787488,224999701,0.79,emeklilik,2026_02,2026-04-18 13:53
CONSE,804252,377854899,0.21,emeklilik,2026_02,2026-04-18 13:53
TATEN,582093,347799724,0.17,emeklilik,2026_02,2026-04-18 13:53
KFEIN,5269962,150306170,3.51,emeklilik,2026_02,2026-04-18 13:53
ATAKP,2926007,28224000,10.37,emeklilik,2026_02,2026-04-18 13:53
FRIGO,88801,263258455,0.03,emeklilik,2026_02,2026-04-18 13:53
EDATA,3254244,160065395,2.03,emeklilik,2026_02,2026-04-18 13:53
EFOR,3245812,670679994,0.48,emeklilik,2026_02,2026-04-18 13:53
PAGYO,512715,57781202,0.89,emeklilik,2026_02,2026-04-18 13:53
YEOTK,960133,160933198,0.6,emeklilik,2026_02,2026-04-18 13:53
REEDR,18030551,632419525,2.85,emeklilik,2026_02,2026-04-18 13:53
NATEN,619772,309375000,0.2,emeklilik,2026_02,2026-04-18 13:53
OZSUB,570381,42499126,1.34,emeklilik,2026_02,2026-04-18 13:53
PENTA,4819717,181070136,2.66,emeklilik,2026_02,2026-04-18 13:53
TKFEN,405347,230848007,0.18,emeklilik,2026_02,2026-04-18 13:53
AVOD,90464,253604577,0.04,emeklilik,2026_02,2026-04-18 13:53
KORDS,232113,65421451,0.35,emeklilik,2026_02,2026-04-18 13:53
AKENR,382274,385189146,0.1,emeklilik,2026_02,2026-04-18 13:53
KRONT,5565576,116892885,4.76,emeklilik,2026_02,2026-04-18 13:53
MTRKS,3685329,43633165,8.45,emeklilik,2026_02,2026-04-18 13:53
DARDL,257246,1753442695,0.01,emeklilik,2026_02,2026-04-18 13:53
ORCAY,53723,150197341,0.04,emeklilik,2026_02,2026-04-18 13:53
EKSUN,61085,171792833,0.04,emeklilik,2026_02,2026-04-18 13:53
DMRGD,6727933,1277294592,0.53,emeklilik,2026_02,2026-04-18 13:53
ZRGYO,7646974,1173404997,0.65,emeklilik,2026_02,2026-04-18 13:53
SELVA,251151,747897737,0.03,emeklilik,2026_02,2026-04-18 13:53
ALGYO,252246,989338262,0.03,emeklilik,2026_02,2026-04-18 13:53
BIGEN,192859,115500000,0.17,emeklilik,2026_02,2026-04-18 13:53
KLGYO,2173851,689399869,0.32,emeklilik,2026_02,2026-04-18 13:53
ENDAE,183022,123506828,0.15,emeklilik,2026_02,2026-04-18 13:53
DESPC,1677608,16023700,10.47,emeklilik,2026_02,2026-04-18 13:53
SKTAS,775003,332865443,0.23,emeklilik,2026_02,2026-04-18 13:53
SMART,1193440,29737499,4.01,emeklilik,2026_02,2026-04-18 13:53
PENGD,47841,171069968,0.03,emeklilik,2026_02,2026-04-18 13:53
SRVGY,1382547,812499687,0.17,emeklilik,2026_02,2026-04-18 13:53
ECOGR,178364,110000000,0.16,emeklilik,2026_02,2026-04-18 13:53
HLGYO,209157,1075198517,0.02,emeklilik,2026_02,2026-04-18 13:53
VBTYZ,5043293,56160000,8.98,emeklilik,2026_02,2026-04-18 13:53
ARENA,3069858,66996461,4.58,emeklilik,2026_02,2026-04-18 13:53
KAREL,9312849,329659497,2.82,emeklilik,2026_02,2026-04-18 13:53
PNSUT,41718,128323851,0.03,emeklilik,2026_02,2026-04-18 13:53
OBASE,460588,14924000,3.09,emeklilik,2026_02,2026-04-18 13:53
RYGYO,155311,770588057,0.02,emeklilik,2026_02,2026-04-18 13:53
ZPBDLF,3470145,8240000,42.11,emeklilik,2026_02,2026-04-18 13:53
TATGD,79070,119286243,0.07,emeklilik,2026_02,2026-04-18 13:53
PETUN,34799,134673118,0.03,emeklilik,2026_02,2026-04-18 13:53
SOKE,33940,126999996,0.03,emeklilik,2026_02,2026-04-18 13:53
VESTL,15178476,295447203,5.14,emeklilik,2026_02,2026-04-18 13:53
PINSU,31201,101635846,0.03,emeklilik,2026_02,2026-04-18 13:53
ALFAS,122279,84639559,0.14,emeklilik,2026_02,2026-04-18 13:53
CEMZY,67107,124119970,0.05,emeklilik,2026_02,2026-04-18 13:53
BESLR,290624,658098036,0.04,emeklilik,2026_02,2026-04-18 13:53
ZEDUR,112944,69899992,0.16,emeklilik,2026_02,2026-04-18 13:53
ZGYO,15122,84500000,0.02,emeklilik,2026_02,2026-04-18 13:53
MERKO,28715,101104700,0.03,emeklilik,2026_02,2026-04-18 13:53
DGATE,1231394,15227271,8.09,emeklilik,2026_02,2026-04-18 13:53
OYLUM,23586,80937367,0.03,emeklilik,2026_02,2026-04-18 13:53
ULUUN,102340,290523352,0.04,emeklilik,2026_02,2026-04-18 13:53
AGESA,906703,35829553,2.53,emeklilik,2026_02,2026-04-18 13:53
GLYHO,34767121,1949290631,1.78,emeklilik,2026_02,2026-04-18 13:53
BORSK,97138,279999879,0.03,emeklilik,2026_02,2026-04-18 13:53
ARZUM,17419,400949823,0.0,emeklilik,2026_02,2026-04-18 13:53
AKSUE,86454,56376184,0.15,emeklilik,2026_02,2026-04-18 13:53
AKFIS,177717,66841328,0.27,emeklilik,2026_02,2026-04-18 13:53
GLCVY,156459,26400000,0.59,emeklilik,2026_02,2026-04-18 13:53
AYEN,64484,55531320,0.12,emeklilik,2026_02,2026-04-18 13:53
SEGMN,15820,80999980,0.02,emeklilik,2026_02,2026-04-18 13:53
DURKN,15088,42500000,0.04,emeklilik,2026_02,2026-04-18 13:53
KRSTL,60708,183664642,0.03,emeklilik,2026_02,2026-04-18 13:53
FADE,14701,42347497,0.03,emeklilik,2026_02,2026-04-18 13:53
FORTE,482349,21999999,2.19,emeklilik,2026_02,2026-04-18 13:53
ELITE,14110,44650000,0.03,emeklilik,2026_02,2026-04-18 13:53
GMTAS,14325,298687813,0.0,emeklilik,2026_02,2026-04-18 13:53
ALKLC,36903,45382467,0.08,emeklilik,2026_02,2026-04-18 13:53
YGGYO,48408,240625741,0.02,emeklilik,2026_02,2026-04-18 13:53
CRFSA,24262,18312793,0.13,emeklilik,2026_02,2026-04-18 13:53
VANGD,8502,24374995,0.03,emeklilik,2026_02,2026-04-18 13:53
ERSU,8360,31755894,0.03,emeklilik,2026_02,2026-04-18 13:53
ARMGD,186086,54996000,0.34,emeklilik,2026_02,2026-04-18 13:53
DCTTR,7353,157328724,0.0,emeklilik,2026_02,2026-04-18 13:53
ADGYO,22520,379654333,0.01,emeklilik,2026_02,2026-04-18 13:53
PKART,122037,11048497,1.1,emeklilik,2026_02,2026-04-18 13:53
KTSKR,4846,14691795,0.03,emeklilik,2026_02,2026-04-18 13:53
EGGUB,554786,75862197,0.73,emeklilik,2026_02,2026-04-18 13:53
KIMMR,3191,75000000,0.0,emeklilik,2026_02,2026-04-18 13:53
MOPAS,2914,57330000,0.01,emeklilik,2026_02,2026-04-18 13:53
NETAS,881548,31783484,2.77,emeklilik,2026_02,2026-04-18 13:53
GUNDG,3671,18968972,0.02,emeklilik,2026_02,2026-04-18 13:53
PAMEL,10789,21533681,0.05,emeklilik,2026_02,2026-04-18 13:53
MEPET,2108,73940585,0.0,emeklilik,2026_02,2026-04-18 13:53
OFSYM,8189,22749998,0.04,emeklilik,2026_02,2026-04-18 13:53
BIZIM,12872,27601626,0.05,emeklilik,2026_02,2026-04-18 13:53
SANKO,1036,37499197,0.0,emeklilik,2026_02,2026-04-18 13:53
TGSAS,595,12348294,0.0,emeklilik,2026_02,2026-04-18 13:53
LYDYE,1044,1391287,0.08,emeklilik,2026_02,2026-04-18 13:53
PSDTC,296,6599991,0.0,emeklilik,2026_02,2026-04-18 13:53
INTEM,126,9428747,0.0,emeklilik,2026_02,2026-04-18 13:53
PEKGY,1040713,4685233406,0.02,emeklilik,2026_02,2026-04-18 13:53
BRLSM,19308,108025075,0.02,emeklilik,2026_02,2026-04-18 13:53
BRSAN,10943,35912460,0.03,emeklilik,2026_02,2026-04-18 13:53
ISSEN,3,107411517,0.0,emeklilik,2026_02,2026-04-18 13:53
IZMDC,150000,723225318,0.02,emeklilik,2026_02,2026-04-18 13:53
JANTS,2,207512786,0.0,emeklilik,2026_02,2026-04-18 13:53
BRYAT,1103,10264685,0.01,emeklilik,2026_02,2026-04-18 13:53
AVGYO,16446,111590302,0.01,emeklilik,2026_02,2026-04-18 13:53
KARTN,1,72781126,0.0,emeklilik,2026_02,2026-04-18 13:53
QNBTR,2,2571745911,0.0,emeklilik,2026_02,2026-04-18 13:53
QUAGR,632605,1773200000,0.04,emeklilik,2026_02,2026-04-18 13:53
RALYH,88,176370972,0.0,emeklilik,2026_02,2026-04-18 13:53
APBDLF,12660402,14400000,87.92,emeklilik,2026_02,2026-04-18 13:53
APMDLF,1300000,12300000,10.57,emeklilik,2026_02,2026-04-18 13:53
RYSAS,9,1504020937,0.0,emeklilik,2026_02,2026-04-18 13:53
SAFKR,0,139406162,0.0,emeklilik,2026_02,2026-04-18 13:53
SANEL,2790,18112451,0.02,emeklilik,2026_02,2026-04-18 13:53
AHSGY,50595,184999889,0.03,emeklilik,2026_02,2026-04-18 13:53
KGYO,75796,767895148,0.01,emeklilik,2026_02,2026-04-18 13:53
ENPRA,4,15294299,0.0,emeklilik,2026_02,2026-04-18 13:53
SEGYO,49450,203351321,0.02,emeklilik,2026_02,2026-04-18 13:53
AKMGY,733,21568998,0.0,emeklilik,2026_02,2026-04-18 13:53
SKBNK,521724,2498877855,0.02,emeklilik,2026_02,2026-04-18 13:53
ERBOS,0,15899843,0.0,emeklilik,2026_02,2026-04-18 13:53
KLSER,47131,109457566,0.04,emeklilik,2026_02,2026-04-18 13:53
ERCB,1,39113273,0.0,emeklilik,2026_02,2026-04-18 13:53
KMPUR,57302,132432524,0.04,emeklilik,2026_02,2026-04-18 13:53
KONTR,827971,936038762,0.09,emeklilik,2026_02,2026-04-18 13:53
CLEBI,12,5490178,0.0,emeklilik,2026_02,2026-04-18 13:53
ESCAR,297284,101933690,0.29,emeklilik,2026_02,2026-04-18 13:53
KRGYO,53665,275246747,0.02,emeklilik,2026_02,2026-04-18 13:53
TDGYO,12777,59898213,0.02,emeklilik,2026_02,2026-04-18 13:53
TEZOL,1,139999972,0.0,emeklilik,2026_02,2026-04-18 13:53
ARTMS,18,24199999,0.0,emeklilik,2026_02,2026-04-18 13:53
EUREN,1,1040132637,0.0,emeklilik,2026_02,2026-04-18 13:53
TNZTP,171160,87499950,0.2,emeklilik,2026_02,2026-04-18 13:53
EYGYO,60053,362859667,0.02,emeklilik,2026_02,2026-04-18 13:53
BEGYO,67784,290000000,0.02,emeklilik,2026_02,2026-04-18 13:53
TSGYO,1582629,266499982,0.59,emeklilik,2026_02,2026-04-18 13:53
BERA,309,491964370,0.0,emeklilik,2026_02,2026-04-18 13:53
AGXAAC,33704632,36193521,93.12,emeklilik,2026_02,2026-04-18 13:53
KZGYO,12293,49999978,0.02,emeklilik,2026_02,2026-04-18 13:53
LIDER,250000,279500000,0.09,emeklilik,2026_02,2026-04-18 13:53
LILAK,140236,260252705,0.05,emeklilik,2026_02,2026-04-18 13:53
TURGG,5848,32042988,0.02,emeklilik,2026_02,2026-04-18 13:53
LINK,261604,18231985,1.43,emeklilik,2026_02,2026-04-18 13:53
AGYO,10296,129036460,0.01,emeklilik,2026_02,2026-04-18 13:53
UNLU,100000,102181558,0.1,emeklilik,2026_02,2026-04-18 13:53
UZEL,15000,26329793,0.06,emeklilik,2026_02,2026-04-18 13:53
FZLGY,63869,398427644,0.02,emeklilik,2026_02,2026-04-18 13:53
ASGYO,44198,165000000,0.03,emeklilik,2026_02,2026-04-18 13:53
GEDIK,3900000,983076857,0.4,emeklilik,2026_02,2026-04-18 13:53
ASUZU,17537,41130807,0.04,emeklilik,2026_02,2026-04-18 13:53
MEGMT,1000,72749986,0.0,emeklilik,2026_02,2026-04-18 13:53
VRGYO,151503,597693904,0.03,emeklilik,2026_02,2026-04-18 13:53
YAYLA,6585,39874966,0.02,emeklilik,2026_02,2026-04-18 13:53
DGGYO,4088,280709437,0.0,emeklilik,2026_02,2026-04-18 13:53
BINBN,341395,17000000,2.01,emeklilik,2026_02,2026-04-18 13:53
YIGIT,75400,74999975,0.1,emeklilik,2026_02,2026-04-18 13:53
MHRGY,75616,310499991,0.02,emeklilik,2026_02,2026-04-18 13:53
YYAPI,261490,1705025550,0.02,emeklilik,2026_02,2026-04-18 13:53
MNDTR,120000,910071938,0.01,emeklilik,2026_02,2026-04-18 13:53
DOFRB,845391,45000000,1.88,emeklilik,2026_02,2026-04-18 13:53
BINHO,357,488884380,0.0,emeklilik,2026_02,2026-04-18 13:53
GOODY,1699328,132804473,1.28,emeklilik,2026_02,2026-04-18 13:53
MSGYO,32262,169650150,0.02,emeklilik,2026_02,2026-04-18 13:53
ASYAB,7350000,477899601,1.54,emeklilik,2026_02,2026-04-18 13:53
GSDHO,1,999994969,0.0,emeklilik,2026_02,2026-04-18 13:53
DZGYO,23518,399777846,0.01,emeklilik,2026_02,2026-04-18 13:53
BLCYT,2,49088907,0.0,emeklilik,2026_02,2026-04-18 13:53
NTHOL,10001,485479112,0.0,emeklilik,2026_02,2026-04-18 13:53
NUGYO,45897,324943976,0.01,emeklilik,2026_02,2026-04-18 13:53
NUHCM,12448,33163299,0.04,emeklilik,2026_02,2026-04-18 13:53
ECZYT,1,45880511,0.0,emeklilik,2026_02,2026-04-18 13:53
HEKTS,3333910,3946424642,0.08,emeklilik,2026_02,2026-04-18 13:53
ATAGY,6897,45670114,0.02,emeklilik,2026_02,2026-04-18 13:53
EDIP,105545,36468204,0.29,emeklilik,2026_02,2026-04-18 13:53
ANELE,7841,151405542,0.01,emeklilik,2026_02,2026-04-18 13:53
HURGZ,2,220784167,0.0,emeklilik,2026_02,2026-04-18 13:53
ICBCT,1,216761845,0.0,emeklilik,2026_02,2026-04-18 13:53
IDGYO,25195,119234999,0.02,emeklilik,2026_02,2026-04-18 13:53
OTTO,5000,5824438,0.09,emeklilik,2026_02,2026-04-18 13:53
IEYHO,345,541032947,0.0,emeklilik,2026_02,2026-04-18 13:53
EGEEN,101,1137161,0.01,emeklilik,2026_02,2026-04-18 13:53
OZGYO,87893,490916869,0.02,emeklilik,2026_02,2026-04-18 13:53
INGRM,44461,14969536,0.3,emeklilik,2026_02,2026-04-18 13:53
OZYSR,247,40488000,0.0,emeklilik,2026_02,2026-04-18 13:53
EGEGY,16477,69140000,0.02,emeklilik,2026_02,2026-04-18 13:53
PAHOL,30462029,3999999979,0.76,emeklilik,2026_02,2026-04-18 13:53
INVEO,1184166,998999954,0.12,emeklilik,2026_02,2026-04-18 13:53
PASEU,217065,215295868,0.1,emeklilik,2026_02,2026-04-18 13:53
KOCMT,18324,587485478,0.0,emeklilik,2026_02,2026-04-18 13:53
BORLS,1,308652686,0.0,emeklilik,2026_02,2026-04-18 13:53
DESA,5,171107590,0.0,emeklilik,2026_02,2026-04-18 13:53
MARMR,1,961218727,0.0,emeklilik,2026_02,2026-04-18 13:53
KUYAS,62633,398957788,0.02,emeklilik,2026_02,2026-04-18 13:53
YATAS,7735851,94866488,8.15,emeklilik,2026_02,2026-04-18 13:53
KLSYN,27765,107854952,0.03,emeklilik,2026_02,2026-04-18 13:53
SURGY,34653,44999990,0.08,emeklilik,2026_02,2026-04-18 13:53
DSTKF,126888,84533333,0.15,emeklilik,2026_02,2026-04-18 13:53
PNLSN,196827,34752383,0.57,emeklilik,2026_02,2026-04-18 13:53
POLHO,582824,164140074,0.36,emeklilik,2026_02,2026-04-18 13:53
ARFYE,82146,47000000,0.17,emeklilik,2026_02,2026-04-18 13:53
BANVT,1216708,36961044,3.29,emeklilik,2026_02,2026-04-18 13:53
MERCN,41900,74389005,0.06,emeklilik,2026_02,2026-04-18 13:53
ULKER,6569610,338855989,1.94,emeklilik,2026_02,2026-04-18 13:53
AKCNS,5846626,39359284,14.85,emeklilik,2026_02,2026-04-18 13:53
TUREX,84198,432000000,0.02,emeklilik,2026_02,2026-04-18 13:53
GRTHO,261774,36745000,0.71,emeklilik,2026_02,2026-04-18 13:53
PARSN,364210,34033246,1.07,emeklilik,2026_02,2026-04-18 13:53
VAKKO,920469,30788486,2.99,emeklilik,2026_02,2026-04-18 13:53
ISGSY,778750,47378729,1.64,emeklilik,2026_02,2026-04-18 13:53
ISGLKF,109936073,113800000,96.6,emeklilik,2026_02,2026-04-18 13:53
PATEK,8152103,293081892,2.78,emeklilik,2026_02,2026-04-18 13:53
ONRYT,354016,19730000,1.79,emeklilik,2026_02,2026-04-18 13:53
ODINE,641506,52810834,1.21,emeklilik,2026_02,2026-04-18 13:53
HRKET,382904,24000000,1.6,emeklilik,2026_02,2026-04-18 13:53
HATSN,1357489,44299964,3.06,emeklilik,2026_02,2026-04-18 13:53
ORGE,2256871,41839996,5.39,emeklilik,2026_02,2026-04-18 13:53
HOROZ,879534,24599986,3.58,emeklilik,2026_02,2026-04-18 13:53
ALARK,9363320,165125148,5.67,emeklilik,2026_02,2026-04-18 13:53
KLRHO,407200,341250000,0.12,emeklilik,2026_02,2026-04-18 13:53
EBEBK,4965906,40534692,12.25,emeklilik,2026_02,2026-04-18 13:53
LKMNH,43564212,163262533,26.68,emeklilik,2026_02,2026-04-18 13:53
GMSTRF,12249416,73800000,16.6,emeklilik,2026_02,2026-04-18 13:53
FRMPL,9022,39997767,0.02,emeklilik,2026_02,2026-04-18 13:53
ULUFA,900786,305269391,0.3,emeklilik,2026_02,2026-04-18 13:53
ALKIM,3448343,182767821,1.89,emeklilik,2026_02,2026-04-18 13:53
ANHYT,5476300,88457041,6.19,emeklilik,2026_02,2026-04-18 13:53
SELEC,16166472,124262097,13.01,emeklilik,2026_02,2026-04-18 13:53
ECILC,10495,210589603,0.0,emeklilik,2026_02,2026-04-18 13:53
MEYSU,226651,175000000,0.13,emeklilik,2026_02,2026-04-18 13:53
TKNSA,317623,100485379,0.32,emeklilik,2026_02,2026-04-18 13:53
ISYAT,2982932,152245569,1.96,emeklilik,2026_02,2026-04-18 13:53
DOAS,3122452,97899975,3.19,emeklilik,2026_02,2026-04-18 13:53
SDTTR,819188,15990000,5.12,emeklilik,2026_02,2026-04-18 13:53
TBORG,648376,59392160,1.09,emeklilik,2026_02,2026-04-18 13:53
MACKO,986400,41500000,2.38,emeklilik,2026_02,2026-04-18 13:53
SUNTK,46809007,145280000,32.22,emeklilik,2026_02,2026-04-18 13:53
OYYAT,220502,91048322,0.24,emeklilik,2026_02,2026-04-18 13:53
VESBE,7004072,503578676,1.39,emeklilik,2026_02,2026-04-18 13:53
TRCAS,2,206252778,0.0,emeklilik,2026_02,2026-04-18 13:53
PLTUR,65000,49500000,0.13,emeklilik,2026_02,2026-04-18 13:53
KAYSE,2262706,818951998,0.28,emeklilik,2026_02,2026-04-18 13:53
GENTS,1600006,749958921,0.21,emeklilik,2026_02,2026-04-18 13:53
VKGYO,19778944,1637203242,1.21,emeklilik,2026_02,2026-04-18 13:53
IZENR,2098241,914537597,0.23,emeklilik,2026_02,2026-04-18 13:53
FENER,754025,2772321468,0.03,emeklilik,2026_02,2026-04-18 13:53
MIATK,11687293,313087979,3.73,emeklilik,2026_02,2026-04-18 13:53
ZERGY,5456250,156799985,3.48,emeklilik,2026_02,2026-04-18 13:53
AHGAZ,869964,659370871,0.13,emeklilik,2026_02,2026-04-18 13:53
BSOKE,2304654,458487038,0.5,emeklilik,2026_02,2026-04-18 13:53
ISDMR,1767199,147623050,1.2,emeklilik,2026_02,2026-04-18 13:53
ENTRA,8168499,369383564,2.21,emeklilik,2026_02,2026-04-18 13:53
YYLGD,7393250,369826200,2.0,emeklilik,2026_02,2026-04-18 13:53
MEDTR,2330418,24499999,9.51,emeklilik,2026_02,2026-04-18 13:53
RGYAS,4014478,105523000,3.8,emeklilik,2026_02,2026-04-18 13:53
ARSAN,1509134,887344274,0.17,emeklilik,2026_02,2026-04-18 13:53
BTCIM,19716632,4052065429,0.49,emeklilik,2026_02,2026-04-18 13:53
ZGOLDF,132966294,152040000,87.45,emeklilik,2026_02,2026-04-18 13:53
SARKY,247321,999999671,0.02,emeklilik,2026_02,2026-04-18 13:53
KCHOL,80381202,674052308,11.93,emeklilik,2026_02,2026-04-18 13:53
EREGL,167035878,3554238535,4.7,emeklilik,2026_02,2026-04-18 13:53
AKSEN,5105328,638545796,0.8,emeklilik,2026_02,2026-04-18 13:53
OPTLRF,410279,3000000,13.68,emeklilik,2026_02,2026-04-18 13:53
MGROS,18047041,96563550,18.69,emeklilik,2026_02,2026-04-18 13:53
AYGAZ,15794206,98568807,16.02,emeklilik,2026_02,2026-04-18 13:53
TABGD,8035381,52499906,15.31,emeklilik,2026_02,2026-04-18 13:53
OTKAR,3270288,33417145,9.79,emeklilik,2026_02,2026-04-18 13:53
DAPGM,126645,928276145,0.01,emeklilik,2026_02,2026-04-18 13:53
ARCLK,6581453,170054748,3.87,emeklilik,2026_02,2026-04-18 13:53
DGNMO,39651128,327634635,12.1,emeklilik,2026_02,2026-04-18 13:53
ENKAI,63939269,874733059,7.31,emeklilik,2026_02,2026-04-18 13:53
KOTON,922419,136599922,0.68,emeklilik,2026_02,2026-04-18 13:53
OBAMS,614645,751078524,0.08,emeklilik,2026_02,2026-04-18 13:53
ARDYZ,23372305,279551557,8.36,emeklilik,2026_02,2026-04-18 13:53
TCELL,100638475,1622604373,6.2,emeklilik,2026_02,2026-04-18 13:53
AGHOL,14878478,1068828243,1.39,emeklilik,2026_02,2026-04-18 13:53
MPARK,17975962,80869110,22.23,emeklilik,2026_02,2026-04-18 13:53
GLDTRF,26903867,45850000,58.68,emeklilik,2026_02,2026-04-18 13:53
SAHOL,156660670,1145847384,13.67,emeklilik,2026_02,2026-04-18 13:53
TRMET,19241509,174483588,11.03,emeklilik,2026_02,2026-04-18 13:53
SISE,32376128,1814905642,1.78,emeklilik,2026_02,2026-04-18 13:53
SUWEN,111763923,365687500,30.56,emeklilik,2026_02,2026-04-18 13:53
AVPGY,8379009,99999990,8.38,emeklilik,2026_02,2026-04-18 13:53
UCAYM,4185,60000000,0.01,emeklilik,2026_02,2026-04-18 13:53
TOASO,18723715,120585076,15.53,emeklilik,2026_02,2026-04-18 13:53
HALKB,10919882,6546422780,0.17,emeklilik,2026_02,2026-04-18 13:53
PETKM,12789629,1241729843,1.03,emeklilik,2026_02,2026-04-18 13:53
TAVHL,12208847,213213415,5.73,emeklilik,2026_02,2026-04-18 13:53
GLRMK,5864399,38760000,15.13,emeklilik,2026_02,2026-04-18 13:53
BIOEN,39503195,197983418,19.95,emeklilik,2026_02,2026-04-18 13:53
CCOLA,49357990,820001147,6.02,emeklilik,2026_02,2026-04-18 13:53
OZKGY,2912852,363999945,0.8,emeklilik,2026_02,2026-04-18 13:53
AKGRT,7608845,629007625,1.21,emeklilik,2026_02,2026-04-18 13:53
ALBRK,279807574,1050739765,26.63,emeklilik,2026_02,2026-04-18 13:53
PGSUS,8737415,295068870,2.96,emeklilik,2026_02,2026-04-18 13:53
TUKAS,9830320,4499995929,0.22,emeklilik,2026_02,2026-04-18 13:53
APLIBF,51129031,58200000,87.85,emeklilik,2026_02,2026-04-18 13:53
BUCIM,20962173,1292638065,1.62,emeklilik,2026_02,2026-04-18 13:53
ASTOR,7340849,366896261,2.0,emeklilik,2026_02,2026-04-18 13:53
MAVI,123345732,576779312,21.39,emeklilik,2026_02,2026-04-18 13:53
THYAO,58741354,739463453,7.94,emeklilik,2026_02,2026-04-18 13:53
AKSA,25344317,1503650642,1.69,emeklilik,2026_02,2026-04-18 13:53
FROTO,45055217,625119847,7.21,emeklilik,2026_02,2026-04-18 13:53
ZPLIBF,66275025,190200000,34.84,emeklilik,2026_02,2026-04-18 13:53
TRALT,41943200,952269019,4.4,emeklilik,2026_02,2026-04-18 13:53
AEFES,146402347,2028860053,7.22,emeklilik,2026_02,2026-04-18 13:53
ESCOM,66271025,463831670,14.29,emeklilik,2026_02,2026-04-18 13:53
YKBNK,294556923,4705620952,6.26,emeklilik,2026_02,2026-04-18 13:53
AKBNK,164514243,3059320211,5.38,emeklilik,2026_02,2026-04-18 13:53
ISCTR,731399620,8880396856,8.24,emeklilik,2026_02,2026-04-18 13:53
GENIL,30210319,1289069985,2.34,tera,2026_02,2026-04-18 13:53
TEHOL,631658287,1967930261,32.1,tera,2026_02,2026-04-18 13:53
EREGL,-679688,3554238535,-0.02,tera,2026_02,2026-04-18 13:53
DSTKF,15485621,84533333,18.32,tera,2026_02,2026-04-18 13:53
SELVA,16024641,747897737,2.14,tera,2026_02,2026-04-18 13:53
IEYHO,5051088,541032947,0.93,tera,2026_02,2026-04-18 13:53
CANTE,19684677,8608815637,0.23,tera,2026_02,2026-04-18 13:53
IZENR,3672513,914537597,0.4,tera,2026_02,2026-04-18 13:53
ODAS,5758398,1113798031,0.52,tera,2026_02,2026-04-18 13:53
ATATR,3110710,280000000,1.11,tera,2026_02,2026-04-18 13:53
ISKPL,236440381,724625736,32.63,tera,2026_02,2026-04-18 13:53
AKGRT,1294821,629007625,0.21,tera,2026_02,2026-04-18 13:53
MRGYO,3662437,1753202571,0.21,tera,2026_02,2026-04-18 13:53
RNPOL,2308897,335900000,0.69,tera,2026_02,2026-04-18 13:53
TURSG,2706295,7907296076,0.03,tera,2026_02,2026-04-18 13:53
CONSE,1418525,377854899,0.38,tera,2026_02,2026-04-18 13:53
EKGYO,2044346,1925107366,0.11,tera,2026_02,2026-04-18 13:53
BJKAS,1745489,1776089716,0.1,tera,2026_02,2026-04-18 13:53
MARMR,1744057,961218727,0.18,tera,2026_02,2026-04-18 13:53
SEYKM,1100671,151040901,0.73,tera,2026_02,2026-04-18 13:53
SEKFK,1298309,62311473,2.08,tera,2026_02,2026-04-18 13:53
KLGYO,1041485,689399869,0.15,tera,2026_02,2026-04-18 13:53
MANAS,2599357,255704000,1.02,tera,2026_02,2026-04-18 13:53
TKFEN,1054011,230848007,0.46,tera,2026_02,2026-04-18 13:53
AKFGY,934707,3457819313,0.03,tera,2026_02,2026-04-18 13:53
OBAMS,1444609,751078524,0.19,tera,2026_02,2026-04-18 13:53
ZPLIBF,34698,190200000,0.02,tera,2026_02,2026-04-18 13:53
USAK,1663720,2436064709,0.07,tera,2026_02,2026-04-18 13:53
IHYAY,1087131,388124996,0.28,tera,2026_02,2026-04-18 13:53
ESEN,1659236,682499950,0.24,tera,2026_02,2026-04-18 13:53
KLYPV,719150,46334639,1.55,tera,2026_02,2026-04-18 13:53
SANFM,1036888,225029995,0.46,tera,2026_02,2026-04-18 13:53
ALVES,623364,1159999780,0.05,tera,2026_02,2026-04-18 13:53
KZBGY,839939,1959999915,0.04,tera,2026_02,2026-04-18 13:53
KRDMA,625629,240300917,0.26,tera,2026_02,2026-04-18 13:53
EUREN,1337123,1040132637,0.13,tera,2026_02,2026-04-18 13:53
GUBRF,218855,85359737,0.26,tera,2026_02,2026-04-18 13:53
TUCLK,173252,253181400,0.07,tera,2026_02,2026-04-18 13:53
CIMSA,610593,488404404,0.13,tera,2026_02,2026-04-18 13:53
MEKAG,80930465,320319999,25.27,tera,2026_02,2026-04-18 13:53
ISSEN,596194,107411517,0.56,tera,2026_02,2026-04-18 13:53
THYAO,873104,739463453,0.12,tera,2026_02,2026-04-18 13:53
TUKAS,2915644,4499995929,0.06,tera,2026_02,2026-04-18 13:53
TATGD,3266464,119286243,2.74,tera,2026_02,2026-04-18 13:53
HEDEF,544532,562499930,0.1,tera,2026_02,2026-04-18 13:53
ALARK,271762,165125148,0.16,tera,2026_02,2026-04-18 13:53
KUYAS,20403363,398957788,5.11,tera,2026_02,2026-04-18 13:53
GARAN,368313,2454957798,0.02,tera,2026_02,2026-04-18 13:53
ENKAI,518683,874733059,0.06,tera,2026_02,2026-04-18 13:53
AKFIS,293192,66841328,0.44,tera,2026_02,2026-04-18 13:53
KLKIM,6654,138383655,0.0,tera,2026_02,2026-04-18 13:53
ALGYO,2188245,989338262,0.22,tera,2026_02,2026-04-18 13:53
AVOD,367652,253604577,0.14,tera,2026_02,2026-04-18 13:53
VRGYO,651630,597693904,0.11,tera,2026_02,2026-04-18 13:53
KRDMD,674584,780216365,0.09,tera,2026_02,2026-04-18 13:53
ALKLC,7435177,45382467,16.38,tera,2026_02,2026-04-18 13:53
MHRGY,968887,310499991,0.31,tera,2026_02,2026-04-18 13:53
FROTO,334929,625119847,0.05,tera,2026_02,2026-04-18 13:53
IMASM,992115,622850499,0.16,tera,2026_02,2026-04-18 13:53
ULIFTV,210000,2079060,10.1,tera,2026_02,2026-04-18 13:53
ASTOR,295733,366896261,0.08,tera,2026_02,2026-04-18 13:53
KAYSE,350619,818951998,0.04,tera,2026_02,2026-04-18 13:53
EKOS,595057,307199852,0.19,tera,2026_02,2026-04-18 13:53
NETCD,198389,40000000,0.5,tera,2026_02,2026-04-18 13:53
BINHO,2366738,488884380,0.48,tera,2026_02,2026-04-18 13:53
KOCMT,104963,587485478,0.02,tera,2026_02,2026-04-18 13:53
OZYSR,216436,40488000,0.53,tera,2026_02,2026-04-18 13:53
KLSYN,259679,107854952,0.24,tera,2026_02,2026-04-18 13:53
TUREX,317811,432000000,0.07,tera,2026_02,2026-04-18 13:53
SLSHRV,170035,4174820,4.07,tera,2026_02,2026-04-18 13:53
PENGD,435398,171069968,0.25,tera,2026_02,2026-04-18 13:53
GCBFOV,154963,1823378,8.5,tera,2026_02,2026-04-18 13:53
QUAGR,1226350,1773200000,0.07,tera,2026_02,2026-04-18 13:53
ARZUM,1147003,400949823,0.29,tera,2026_02,2026-04-18 13:53
PATEK,479863,293081892,0.16,tera,2026_02,2026-04-18 13:53
EGSER,485596,545751057,0.09,tera,2026_02,2026-04-18 13:53
IHGZT,1019982,570666228,0.18,tera,2026_02,2026-04-18 13:53
PGSUS,426190,295068870,0.14,tera,2026_02,2026-04-18 13:53
EDATA,850085,160065395,0.53,tera,2026_02,2026-04-18 13:53
SISLLV,130053,2303411,5.65,tera,2026_02,2026-04-18 13:53
SOKM,94677,448708248,0.02,tera,2026_02,2026-04-18 13:53
ASELS,204281,1178597817,0.02,tera,2026_02,2026-04-18 13:53
BISKNV,128166,1361562,9.41,tera,2026_02,2026-04-18 13:53
BOBET,133396,113999998,0.12,tera,2026_02,2026-04-18 13:53
PAHOL,5798581,3999999979,0.14,tera,2026_02,2026-04-18 13:53
TUPRS,463352,902334139,0.05,tera,2026_02,2026-04-18 13:53
TRMET,-22548,174483588,-0.01,tera,2026_02,2026-04-18 13:53
SELEC,236,124262097,0.0,tera,2026_02,2026-04-18 13:53
BRKO,2583902,138220828,1.87,tera,2026_02,2026-04-18 13:53
ALKA,765893,330750000,0.23,tera,2026_02,2026-04-18 13:53
MIATK,697929,313087979,0.22,tera,2026_02,2026-04-18 13:53
TNZTP,121606,87499950,0.14,tera,2026_02,2026-04-18 13:53
BEGYO,750469,290000000,0.26,tera,2026_02,2026-04-18 13:53
SYIBPV,107000,3489951,3.07,tera,2026_02,2026-04-18 13:53
ENJSA,42052,236209270,0.02,tera,2026_02,2026-04-18 13:53
SURGY,136514,44999990,0.3,tera,2026_02,2026-04-18 13:53
ISDMR,43068,147623050,0.03,tera,2026_02,2026-04-18 13:53
OYYAT,141317,91048322,0.16,tera,2026_02,2026-04-18 13:53
MZHLD,419653,72215314,0.58,tera,2026_02,2026-04-18 13:53
HUNER,251776,670137934,0.04,tera,2026_02,2026-04-18 13:53
AKSEN,7640172,638545796,1.2,tera,2026_02,2026-04-18 13:53
AKSGY,30270,1628451947,0.0,tera,2026_02,2026-04-18 13:53
DCTTR,469249,157328724,0.3,tera,2026_02,2026-04-18 13:53
ANHYT,18113,88457041,0.02,tera,2026_02,2026-04-18 13:53
EPLAS,1127906,190491857,0.59,tera,2026_02,2026-04-18 13:53
MACKO,19896,41500000,0.05,tera,2026_02,2026-04-18 13:53
TOASO,-38029,120585076,-0.03,tera,2026_02,2026-04-18 13:53
JANTS,115189,207512786,0.06,tera,2026_02,2026-04-18 13:53
NTHOL,74574,485479112,0.02,tera,2026_02,2026-04-18 13:53
BULGS,521124,72499900,0.72,tera,2026_02,2026-04-18 13:53
BORSK,99060,279999879,0.04,tera,2026_02,2026-04-18 13:53
PRKME,133082,53038641,0.25,tera,2026_02,2026-04-18 13:53
BURCE,10827,44422390,0.02,tera,2026_02,2026-04-18 13:53
MEYSU,336120,175000000,0.19,tera,2026_02,2026-04-18 13:53
KIMMR,689,75000000,0.0,tera,2026_02,2026-04-18 13:53
GLCVY,67873,26400000,0.26,tera,2026_02,2026-04-18 13:53
KBORU,96134,143999994,0.07,tera,2026_02,2026-04-18 13:53
ESCOM,268651,463831670,0.06,tera,2026_02,2026-04-18 13:53
ECOGR,459431,110000000,0.42,tera,2026_02,2026-04-18 13:53
TKSMBV,50000,2142503,2.33,tera,2026_02,2026-04-18 13:53
IVIVPV,50000,2834181,1.76,tera,2026_02,2026-04-18 13:53
TDGYO,92978,59898213,0.16,tera,2026_02,2026-04-18 13:53
BESTE,45859,54578499,0.08,tera,2026_02,2026-04-18 13:53
ADGYO,307530,379654333,0.08,tera,2026_02,2026-04-18 13:53
TOSKLV,44015,1343308,3.28,tera,2026_02,2026-04-18 13:53
SARKY,68090,999999671,0.01,tera,2026_02,2026-04-18 13:53
INVEO,134218,998999954,0.01,tera,2026_02,2026-04-18 13:53
IHEVA,479239,291631239,0.16,tera,2026_02,2026-04-18 13:53
ATSGWV,40003,1722226,2.32,tera,2026_02,2026-04-18 13:53
PGSFQV,40002,4582805,0.87,tera,2026_02,2026-04-18 13:53
IVIVJV,40000,6745287,0.59,tera,2026_02,2026-04-18 13:53
MNDTR,957618,910071938,0.11,tera,2026_02,2026-04-18 13:53
ARTMS,114616,24199999,0.47,tera,2026_02,2026-04-18 13:53
PRDGS,115855,110850000,0.1,tera,2026_02,2026-04-18 13:53
YESIL,82590,640699949,0.01,tera,2026_02,2026-04-18 13:53
MPARK,-5527,80869110,-0.01,tera,2026_02,2026-04-18 13:53
ALTNY,60858,399885115,0.02,tera,2026_02,2026-04-18 13:53
AKHAN,35145,54700000,0.06,tera,2026_02,2026-04-18 13:53
BIENY,115531,83144831,0.14,tera,2026_02,2026-04-18 13:53
OYLUM,126260,80937367,0.16,tera,2026_02,2026-04-18 13:53
OTKAR,41380,33417145,0.12,tera,2026_02,2026-04-18 13:53
ULAS,39554,25200172,0.16,tera,2026_02,2026-04-18 13:53
BIMAS,58210,436214016,0.01,tera,2026_02,2026-04-18 13:53
BRKVY,97854,13618361,0.72,tera,2026_02,2026-04-18 13:53
KHSEZV,30001,2230151,1.35,tera,2026_02,2026-04-18 13:53
EDSMBV,30000,1057428,2.84,tera,2026_02,2026-04-18 13:53
RYSAS,302283,1504020937,0.02,tera,2026_02,2026-04-18 13:53
AGESA,-50750,35829553,-0.14,tera,2026_02,2026-04-18 13:53
DOGUB,27245,19821566,0.14,tera,2026_02,2026-04-18 13:53
GRNYO,66446,37386059,0.18,tera,2026_02,2026-04-18 13:53
SMRTG,21041789,664164672,3.17,tera,2026_02,2026-04-18 13:53
TRGYO,-33473,251573369,-0.01,tera,2026_02,2026-04-18 13:53
DZGYO,181050,399777846,0.05,tera,2026_02,2026-04-18 13:53
KUTPO,27003,10524430,0.26,tera,2026_02,2026-04-18 13:53
AXSLTV,22000,1962319,1.12,tera,2026_02,2026-04-18 13:53
YATAS,4658,94866488,0.0,tera,2026_02,2026-04-18 13:53
PRZMA,23540,61941150,0.04,tera,2026_02,2026-04-18 13:53
EGPRO,67231,175170570,0.04,tera,2026_02,2026-04-18 13:53
ZGYO,464698,84500000,0.55,tera,2026_02,2026-04-18 13:53
EDIP,26988,36468204,0.07,tera,2026_02,2026-04-18 13:53
DERIM,20717,40403770,0.05,tera,2026_02,2026-04-18 13:53
ALKIM,126532,182767821,0.07,tera,2026_02,2026-04-18 13:53
NETAS,21484,31783484,0.07,tera,2026_02,2026-04-18 13:53
POLHO,76634,164140074,0.05,tera,2026_02,2026-04-18 13:53
BRLSM,86456,108025075,0.08,tera,2026_02,2026-04-18 13:53
MEPET,25001,73940585,0.03,tera,2026_02,2026-04-18 13:53
DOAS,54956,97899975,0.06,tera,2026_02,2026-04-18 13:53
IHAAS,57131,56031248,0.1,tera,2026_02,2026-04-18 13:53
YAPRK,16846,4214998,0.4,tera,2026_02,2026-04-18 13:53
GMSTRF,5657,73800000,0.01,tera,2026_02,2026-04-18 13:53
HURGZ,255790,220784167,0.12,tera,2026_02,2026-04-18 13:53
SAMAT,103906,103183797,0.1,tera,2026_02,2026-04-18 13:53
TMPOL,47848,11039990,0.43,tera,2026_02,2026-04-18 13:53
GZNMI,22208,40949825,0.05,tera,2026_02,2026-04-18 13:53
OYAKC,160628,4656879379,0.0,tera,2026_02,2026-04-18 13:53
ADEL,1735336,112043619,1.55,tera,2026_02,2026-04-18 13:53
ERCB,72390,39113273,0.19,tera,2026_02,2026-04-18 13:53
BIGCH,118793,368932945,0.03,tera,2026_02,2026-04-18 13:53
OTTO,23460,5824438,0.4,tera,2026_02,2026-04-18 13:53
GLBMD,83563,28880500,0.29,tera,2026_02,2026-04-18 13:53
EMPAE,11892,38000000,0.03,tera,2026_02,2026-04-18 13:53
RALYH,11132834,176370972,6.31,tera,2026_02,2026-04-18 13:53
KRTEK,12146,18914650,0.06,tera,2026_02,2026-04-18 13:53
OSMEN,93237,157750927,0.06,tera,2026_02,2026-04-18 13:53
KUVVA,31021,24204585,0.13,tera,2026_02,2026-04-18 13:53
PETUN,49332,134673118,0.04,tera,2026_02,2026-04-18 13:53
ALFAS,34473,84639559,0.04,tera,2026_02,2026-04-18 13:53
IVIVIV,10000,5185579,0.19,tera,2026_02,2026-04-18 13:53
MAGEN,372178,719512140,0.05,tera,2026_02,2026-04-18 13:53
DMSAS,356105,199994510,0.18,tera,2026_02,2026-04-18 13:53
BRKSN,20067,62639942,0.03,tera,2026_02,2026-04-18 13:53
AHSGY,22704,184999889,0.01,tera,2026_02,2026-04-18 13:53
UNLU,104220,102181558,0.1,tera,2026_02,2026-04-18 13:53
SMART,16961,29737499,0.06,tera,2026_02,2026-04-18 13:53
MOGAN,132847,262635000,0.05,tera,2026_02,2026-04-18 13:53
ECZYT,7668,45880511,0.02,tera,2026_02,2026-04-18 13:53
SNPAM,90001,19679871,0.46,tera,2026_02,2026-04-18 13:53
ONRYT,3223,19730000,0.02,tera,2026_02,2026-04-18 13:53
DOFER,48464,20172500,0.24,tera,2026_02,2026-04-18 13:53
AVHOL,10302,26047279,0.04,tera,2026_02,2026-04-18 13:53
TCKRC,362262,70000000,0.52,tera,2026_02,2026-04-18 13:53
KTLEV,45014492,1288500000,3.49,tera,2026_02,2026-04-18 13:53
HKTM,21576,72747495,0.03,tera,2026_02,2026-04-18 13:53
ARENA,27935,66996461,0.04,tera,2026_02,2026-04-18 13:53
DGNMO,45021,327634635,0.01,tera,2026_02,2026-04-18 13:53
BESLR,103711,658098036,0.02,tera,2026_02,2026-04-18 13:53
SANEL,53730,18112451,0.3,tera,2026_02,2026-04-18 13:53
KLSER,29101,109457566,0.03,tera,2026_02,2026-04-18 13:53
DMISH,7128,41526838,0.02,tera,2026_02,2026-04-18 13:53
DUNYH,6232,36443197,0.02,tera,2026_02,2026-04-18 13:53
PNLSN,4420,34752383,0.01,tera,2026_02,2026-04-18 13:53
PAMEL,6263,21533681,0.03,tera,2026_02,2026-04-18 13:53
OZKGY,8777193,363999945,2.41,tera,2026_02,2026-04-18 13:53
KRDMB,3607,118762110,0.0,tera,2026_02,2026-04-18 13:53
SUNTK,20317,145280000,0.01,tera,2026_02,2026-04-18 13:53
LOGO,4950,74328248,0.01,tera,2026_02,2026-04-18 13:53
AYES,242904,87567109,0.28,tera,2026_02,2026-04-18 13:53
HTTBT,48488,82805422,0.06,tera,2026_02,2026-04-18 13:53
FORTE,10126,21999999,0.05,tera,2026_02,2026-04-18 13:53
KLNMA,2985,91846864,0.0,tera,2026_02,2026-04-18 13:53
LYDHO,13677,197140970,0.01,tera,2026_02,2026-04-18 13:53
EMNIS,12880,3429235,0.38,tera,2026_02,2026-04-18 13:53
COSMO,2689,6494091,0.04,tera,2026_02,2026-04-18 13:53
KARSN,444161,827827039,0.05,tera,2026_02,2026-04-18 13:53
PARSN,55863,34033246,0.16,tera,2026_02,2026-04-18 13:53
CUSAN,2405,18500000,0.01,tera,2026_02,2026-04-18 13:53
CEMZY,77463,124119970,0.06,tera,2026_02,2026-04-18 13:53
DNISI,13322,59171727,0.02,tera,2026_02,2026-04-18 13:53
TTRAK,10698,24967158,0.04,tera,2026_02,2026-04-18 13:53
ICBCT,34838,216761845,0.02,tera,2026_02,2026-04-18 13:53
BYDNR,35350,22999984,0.15,tera,2026_02,2026-04-18 13:53
YIGIT,89143,74999975,0.12,tera,2026_02,2026-04-18 13:53
AYGAZ,2115,98568807,0.0,tera,2026_02,2026-04-18 13:53
ISGSY,36076,47378729,0.08,tera,2026_02,2026-04-18 13:53
GARFA,2055,138399778,0.0,tera,2026_02,2026-04-18 13:53
OZSUB,5530,42499126,0.01,tera,2026_02,2026-04-18 13:53
PSDTC,1254,6599991,0.02,tera,2026_02,2026-04-18 13:53
ALCAR,2193,1721735,0.13,tera,2026_02,2026-04-18 13:53
PENTA,408712,181070136,0.23,tera,2026_02,2026-04-18 13:53
LINK,10062,18231985,0.06,tera,2026_02,2026-04-18 13:53
TBORG,2390,59392160,0.0,tera,2026_02,2026-04-18 13:53
EUKYO,3943,19899963,0.02,tera,2026_02,2026-04-18 13:53
KFEIN,91486,150306170,0.06,tera,2026_02,2026-04-18 13:53
ZGOLDF,7175,152040000,0.0,tera,2026_02,2026-04-18 13:53
VAKKO,793,30788486,0.0,tera,2026_02,2026-04-18 13:53
MARKA,30811,20752018,0.15,tera,2026_02,2026-04-18 13:53
AYDEM,1820,130000000,0.0,tera,2026_02,2026-04-18 13:53
GOLTS,14548,12422783,0.12,tera,2026_02,2026-04-18 13:53
INTEM,798,9428747,0.01,tera,2026_02,2026-04-18 13:53
HRKET,13662,24000000,0.06,tera,2026_02,2026-04-18 13:53
MERIT,9302,329748900,0.0,tera,2026_02,2026-04-18 13:53
BEYAZ,6168,42317352,0.01,tera,2026_02,2026-04-18 13:53
AFYON,43336,399992258,0.01,tera,2026_02,2026-04-18 13:53
ZRGYO,10402,1173404997,0.0,tera,2026_02,2026-04-18 13:53
TRCAS,457,206252778,0.0,tera,2026_02,2026-04-18 13:53
TARKM,1045,4999997,0.02,tera,2026_02,2026-04-18 13:53
EKSUN,139675,171792833,0.08,tera,2026_02,2026-04-18 13:53
MAKTK,3160,184370066,0.0,tera,2026_02,2026-04-18 13:53
EGGUB,32670,75862197,0.04,tera,2026_02,2026-04-18 13:53
ZPBDLF,3708,8240000,0.04,tera,2026_02,2026-04-18 13:53
ODINE,90683,52810834,0.17,tera,2026_02,2026-04-18 13:53
MAALT,845,4763850,0.02,tera,2026_02,2026-04-18 13:53
EFOR,6901225,670679994,1.03,tera,2026_02,2026-04-18 13:53
TRILC,37121,118499496,0.03,tera,2026_02,2026-04-18 13:53
DESPC,1086,16023700,0.01,tera,2026_02,2026-04-18 13:53
SODSN,2600,45429261,0.01,tera,2026_02,2026-04-18 13:53
TGSAS,718177,12348294,5.82,tera,2026_02,2026-04-18 13:53
IZINV,2735230,13540386,20.2,tera,2026_02,2026-04-18 13:53
VSNMD,14534,24000000,0.06,tera,2026_02,2026-04-18 13:53
AKMGY,17850,21568998,0.08,tera,2026_02,2026-04-18 13:53
NIBAS,189,267767946,0.0,tera,2026_02,2026-04-18 13:53
ORMA,201,3663265,0.01,tera,2026_02,2026-04-18 13:53
UFUK,3002,46845974,0.01,tera,2026_02,2026-04-18 13:53
YGGYO,130,240625741,0.0,tera,2026_02,2026-04-18 13:53
GLDTRF,1866,45850000,0.0,tera,2026_02,2026-04-18 13:53
SAYAS,459,42530887,0.0,tera,2026_02,2026-04-18 13:53
BURVA,62,4723271,0.0,tera,2026_02,2026-04-18 13:53
INVES,151107,37480000,0.4,tera,2026_02,2026-04-18 13:53
KSTUR,62,3952560,0.0,tera,2026_02,2026-04-18 13:53
INGRM,149,14969536,0.0,tera,2026_02,2026-04-18 13:53
QNBFK,935,843137646,0.0,tera,2026_02,2026-04-18 13:53
FMIZP,878,3497641,0.03,tera,2026_02,2026-04-18 13:53
KONYA,59,1646416,0.0,tera,2026_02,2026-04-18 13:53
POLTK,33,1125000,0.0,tera,2026_02,2026-04-18 13:53
BASGZ,135859,174999999,0.08,tera,2026_02,2026-04-18 13:53
TLMAN,363,10300000,0.0,tera,2026_02,2026-04-18 13:53
CMBTN,268,1023000,0.03,tera,2026_02,2026-04-18 13:53
GOODY,12,132804473,0.0,tera,2026_02,2026-04-18 13:53
ENSRI,15,236333503,0.0,tera,2026_02,2026-04-18 13:53
KRATL,5047,17800000,0.03,tera,2026_02,2026-04-18 13:53
AKSEL,17000,7100000,0.24,tera,2026_02,2026-04-18 13:53
TRNSK,1,25616249,0.0,tera,2026_02,2026-04-18 13:53
AGYO,21,129036460,0.0,tera,2026_02,2026-04-18 13:53
BRMEN,243,57566555,0.0,tera,2026_02,2026-04-18 13:53
ARTOG,3023511,18578922,16.27,tera,2026_02,2026-04-18 13:53
TUMTK,5,76370187,0.0,tera,2026_02,2026-04-18 13:53
ALCTL,1160,13543218,0.01,tera,2026_02,2026-04-18 13:53
ANELT,1,43199817,0.0,tera,2026_02,2026-04-18 13:53
ERICO,1000,5214523,0.02,tera,2026_02,2026-04-18 13:53
AKPAZ,100,22488832,0.0,tera,2026_02,2026-04-18 13:53
UKIM,5,2053621,0.0,tera,2026_02,2026-04-18 13:53
ESEMS,1,11202091,0.0,tera,2026_02,2026-04-18 13:53
DOKTA,62186,145872862,0.04,tera,2026_02,2026-04-18 13:53
UNTAR,16434,29562129,0.06,tera,2026_02,2026-04-18 13:53
LATEK,2,39499512,0.0,tera,2026_02,2026-04-18 13:53
UZEL,3945,26329793,0.01,tera,2026_02,2026-04-18 13:53
BYSAN,10,16552134,0.0,tera,2026_02,2026-04-18 13:53
LIOYS,1810,31625013,0.01,tera,2026_02,2026-04-18 13:53
ASYAB,104479,477899601,0.02,tera,2026_02,2026-04-18 13:53
LUKSK,772,27257202,0.0,tera,2026_02,2026-04-18 13:53
FENIS,63313,26080019,0.24,tera,2026_02,2026-04-18 13:53
YBTAS,35439,31595793,0.11,tera,2026_02,2026-04-18 13:53
INTEK,32,5043584,0.0,tera,2026_02,2026-04-18 13:53
YGYO,9313952,1310632851,0.71,tera,2026_02,2026-04-18 13:53
PRTAS,22205,21405233,0.1,tera,2026_02,2026-04-18 13:53
CATES,31910,33050000,0.1,tera,2026_02,2026-04-18 13:53
CBSBO,4602,14692447,0.03,tera,2026_02,2026-04-18 13:53
MAKIM,1945,42559998,0.0,tera,2026_02,2026-04-18 13:53
ATAC,265951,103398067,0.26,tera,2026_02,2026-04-18 13:53
RANLO,10302,19850386,0.05,tera,2026_02,2026-04-18 13:53
MANGO,10002,37831688,0.03,tera,2026_02,2026-04-18 13:53
SALIX,1000,4949230,0.02,tera,2026_02,2026-04-18 13:53
FVORI,0,17564673,0.0,tera,2026_02,2026-04-18 13:53
MEMSA,26001,160110709,0.02,tera,2026_02,2026-04-18 13:53
MENBA,58564,3496852,1.67,tera,2026_02,2026-04-18 13:53
CLKHO,104177,26183651,0.4,tera,2026_02,2026-04-18 13:53
GEDIZ,16822,7163595,0.23,tera,2026_02,2026-04-18 13:53
ATPET,2002,11403497,0.02,tera,2026_02,2026-04-18 13:53
GENYH,872184,9999906,8.72,tera,2026_02,2026-04-18 13:53
EGCEY,4904,19749798,0.02,tera,2026_02,2026-04-18 13:53
EGCYH,8075,39900235,0.02,tera,2026_02,2026-04-18 13:53
EGCYO,2541,21986285,0.01,tera,2026_02,2026-04-18 13:53
ATSYH,32604,7998869,0.41,tera,2026_02,2026-04-18 13:53
SONME,2110,4349319,0.05,tera,2026_02,2026-04-18 13:53
SUMAS,449,5434738,0.01,tera,2026_02,2026-04-18 13:53
MRTGG,52001,14339249,0.36,tera,2026_02,2026-04-18 13:53
MTRKS,2359,43633165,0.01,tera,2026_02,2026-04-18 13:53
TARAF,100,5033275,0.0,tera,2026_02,2026-04-18 13:53
MTRYO,41,39900000,0.0,tera,2026_02,2026-04-18 13:53
KERVN,10101,588346973,0.0,tera,2026_02,2026-04-18 13:53
GNPWR,561725,21999996,2.55,tera,2026_02,2026-04-18 13:53
GOLDS,84803,192323946,0.04,tera,2026_02,2026-04-18 13:53
BMEKS,62287,114192339,0.05,tera,2026_02,2026-04-18 13:53
AVGYO,147516,111590302,0.13,tera,2026_02,2026-04-18 13:53
OBASE,1178,14924000,0.01,tera,2026_02,2026-04-18 13:53
EGYO,116906,36676214,0.32,tera,2026_02,2026-04-18 13:53
ARASE,375,49999991,0.0,tera,2026_02,2026-04-18 13:53
ARAT,104200,39867975,0.26,tera,2026_02,2026-04-18 13:53
DESA,10,171107590,0.0,tera,2026_02,2026-04-18 13:53
KMPUR,87459,132432524,0.07,tera,2026_02,2026-04-18 13:53
HITIT,1,4488204,0.0,tera,2026_02,2026-04-18 13:53
VERUS,0,34499937,0.0,tera,2026_02,2026-04-18 13:53
ARBUL,3402,15459297,0.02,tera,2026_02,2026-04-18 13:53
KPHOL,1,4207498,0.0,tera,2026_02,2026-04-18 13:53
LYDYE,138,1391287,0.01,tera,2026_02,2026-04-18 13:53
CASA,102,4894317,0.0,tera,2026_02,2026-04-18 13:53
ANGEN,131116,86440002,0.15,tera,2026_02,2026-04-18 13:53
TABGD,18654,52499906,0.04,tera,2026_02,2026-04-18 13:53
KAPLM,548381,4563571,12.02,tera,2026_02,2026-04-18 13:53
DIRIT,1093,10150123,0.01,tera,2026_02,2026-04-18 13:53
BLCYT,2189,49088907,0.0,tera,2026_02,2026-04-18 13:53
AYCES,295,1895369,0.02,tera,2026_02,2026-04-18 13:53
ONCSM,2294,10086000,0.02,tera,2026_02,2026-04-18 13:53
EGEEN,399,1137161,0.04,tera,2026_02,2026-04-18 13:53
AVTUR,174,43067999,0.0,tera,2026_02,2026-04-18 13:53
MMCAS,2,12393964,0.0,tera,2026_02,2026-04-18 13:53
BFREN,6417,24586148,0.03,tera,2026_02,2026-04-18 13:53
KENT,485,1786507,0.03,tera,2026_02,2026-04-18 13:53
BASCM,13160,49238593,0.03,tera,2026_02,2026-04-18 13:53
NUHCM,4338,33163299,0.01,tera,2026_02,2026-04-18 13:53
BANVT,994,36961044,0.0,tera,2026_02,2026-04-18 13:53
KARTN,10890,72781126,0.01,tera,2026_02,2026-04-18 13:53
CMENT,2912,56829666,0.01,tera,2026_02,2026-04-18 13:53
BVSAN,50175,13749998,0.36,tera,2026_02,2026-04-18 13:53
CLEBI,2787,5490178,0.05,tera,2026_02,2026-04-18 13:53
ARMGD,904,54996000,0.0,tera,2026_02,2026-04-18 13:53
ULUSE,13533,24000000,0.06,tera,2026_02,2026-04-18 13:53
DURDO,30,379703149,0.0,tera,2026_02,2026-04-18 13:53
SKYLP,16793,7159255,0.23,tera,2026_02,2026-04-18 13:53
BIGTK,9669,23834373,0.04,tera,2026_02,2026-04-18 13:53
ATAKP,2187,28224000,0.01,tera,2026_02,2026-04-18 13:53
MRSHL,488,4212888,0.01,tera,2026_02,2026-04-18 13:53
GMTAS,119070,298687813,0.04,tera,2026_02,2026-04-18 13:53
KRPLS,110374,78486163,0.14,tera,2026_02,2026-04-18 13:53
ARTI,7075,9881683,0.07,tera,2026_02,2026-04-18 13:53
DMLKTG,69896,2517503921,0.0,tera,2026_02,2026-04-18 13:53
MARBL,13721,65226403,0.02,tera,2026_02,2026-04-18 13:53
ISFIN,27355,310154523,0.01,tera,2026_02,2026-04-18 13:53
PKENT,1542,23766169,0.01,tera,2026_02,2026-04-18 13:53
ISBIR,95149,14520542,0.66,tera,2026_02,2026-04-18 13:53
SUWEN,6956,365687500,0.0,tera,2026_02,2026-04-18 13:53
DOFRB,22716,45000000,0.05,tera,2026_02,2026-04-18 13:53
BRISA,1000,31247472,0.0,tera,2026_02,2026-04-18 13:53
DEVA,4624,199971824,0.0,tera,2026_02,2026-04-18 13:53
BALAT,37169,13585960,0.27,tera,2026_02,2026-04-18 13:53
DGATE,2811,15227271,0.02,tera,2026_02,2026-04-18 13:53
DGGYO,28820,280709437,0.01,tera,2026_02,2026-04-18 13:53
SDTTR,587,15990000,0.0,tera,2026_02,2026-04-18 13:53
SMRVA,5456,28000000,0.02,tera,2026_02,2026-04-18 13:53
ARDYZ,43681,279551557,0.02,tera,2026_02,2026-04-18 13:53
BMSCH,131893,69277402,0.19,tera,2026_02,2026-04-18 13:53
ENPRA,28144,15294299,0.18,tera,2026_02,2026-04-18 13:53
QNBTR,7558,2571745911,0.0,tera,2026_02,2026-04-18 13:53
RAYSG,159,51947024,0.0,tera,2026_02,2026-04-18 13:53
BINBN,1568,17000000,0.01,tera,2026_02,2026-04-18 13:53
ERBOS,22463,15899843,0.14,tera,2026_02,2026-04-18 13:53
DURKN,34888,42500000,0.08,tera,2026_02,2026-04-18 13:53
VERTU,8510,22000000,0.04,tera,2026_02,2026-04-18 13:53
BIOEN,69608,197983418,0.04,tera,2026_02,2026-04-18 13:53
KORDS,48798,65421451,0.07,tera,2026_02,2026-04-18 13:53
EMKEL,100354,149999456,0.07,tera,2026_02,2026-04-18 13:53
ERSU,19901,31755894,0.06,tera,2026_02,2026-04-18 13:53
KRGYO,270,275246747,0.0,tera,2026_02,2026-04-18 13:53
PAGYO,25,57781202,0.0,tera,2026_02,2026-04-18 13:53
AVPGY,5172,99999990,0.01,tera,2026_02,2026-04-18 13:53
SEGYO,235966,203351321,0.12,tera,2026_02,2026-04-18 13:53
GRTHO,975605,36745000,2.66,tera,2026_02,2026-04-18 13:53
TEZOL,3977,139999972,0.0,tera,2026_02,2026-04-18 13:53
ENERY,121429,2420687469,0.01,tera,2026_02,2026-04-18 13:53
KTSKR,7834,14691795,0.05,tera,2026_02,2026-04-18 13:53
KRONT,10,116892885,0.0,tera,2026_02,2026-04-18 13:53
SLSHMV,55032,2334535,2.36,tera,2026_02,2026-04-18 13:53
YEOTK,43488,160933198,0.03,tera,2026_02,2026-04-18 13:53
CEMTS,341228,233425986,0.15,tera,2026_02,2026-04-18 13:53
PLTUR,39939,49500000,0.08,tera,2026_02,2026-04-18 13:53
PINSU,51988,101635846,0.05,tera,2026_02,2026-04-18 13:53
KLRHO,753385,341250000,0.22,tera,2026_02,2026-04-18 13:53
BRSAN,-474,35912460,-0.0,tera,2026_02,2026-04-18 13:53
SEGMN,4178,80999980,0.01,tera,2026_02,2026-04-18 13:53
PRKAB,41857,35225443,0.12,tera,2026_02,2026-04-18 13:53
ASUZU,5739,41130807,0.01,tera,2026_02,2026-04-18 13:53
TATEN,1459452,347799724,0.42,tera,2026_02,2026-04-18 13:53
TURGG,284465,32042988,0.89,tera,2026_02,2026-04-18 13:53
ACSEL,1738,8589113,0.02,tera,2026_02,2026-04-18 13:53
ISYAT,4008,152245569,0.0,tera,2026_02,2026-04-18 13:53
DAGI,18128,175301274,0.01,tera,2026_02,2026-04-18 13:53
BAHKM,785,23289000,0.0,tera,2026_02,2026-04-18 13:53
VESTL,22449,295447203,0.01,tera,2026_02,2026-04-18 13:53
CRFSA,11399,18312793,0.06,tera,2026_02,2026-04-18 13:53
HATSN,13256,44299964,0.03,tera,2026_02,2026-04-18 13:53
BAKAB,1055,34985326,0.0,tera,2026_02,2026-04-18 13:53
GLRMK,19469,38760000,0.05,tera,2026_02,2026-04-18 13:53
GEDZA,413883,42983624,0.96,tera,2026_02,2026-04-18 13:53
AKSUE,1914,56376184,0.0,tera,2026_02,2026-04-18 13:53
GESAN,28802,141759180,0.02,tera,2026_02,2026-04-18 13:53
TMSN,26787,44449988,0.06,tera,2026_02,2026-04-18 13:53
SANKO,1009,37499197,0.0,tera,2026_02,2026-04-18 13:53
BIZIM,30404,27601626,0.11,tera,2026_02,2026-04-18 13:53
RUBNS,6927,42377765,0.02,tera,2026_02,2026-04-18 13:53
SOKE,51705,126999996,0.04,tera,2026_02,2026-04-18 13:53
MAVI,37978,576779312,0.01,tera,2026_02,2026-04-18 13:53
ANELE,49404,151405542,0.03,tera,2026_02,2026-04-18 13:53
BOSSA,258112,508724189,0.05,tera,2026_02,2026-04-18 13:53
LIDFA,22940,458180545,0.01,tera,2026_02,2026-04-18 13:53
MSGYO,12635,169650150,0.01,tera,2026_02,2026-04-18 13:53
BRYAT,60053,10264685,0.59,tera,2026_02,2026-04-18 13:53
VKFYO,9944,26473700,0.04,tera,2026_02,2026-04-18 13:53
CEOEM,79279,22209658,0.36,tera,2026_02,2026-04-18 13:53
DAPGM,2515213,928276145,0.27,tera,2026_02,2026-04-18 13:53
RYGYO,266239,770588057,0.03,tera,2026_02,2026-04-18 13:53
KONKA,47145,89670000,0.05,tera,2026_02,2026-04-18 13:53
ATATP,3727,18809999,0.02,tera,2026_02,2026-04-18 13:53
FONET,144896,577082984,0.03,tera,2026_02,2026-04-18 13:53
ELITE,26322,44650000,0.06,tera,2026_02,2026-04-18 13:53
BALSU,167822,278000000,0.06,tera,2026_02,2026-04-18 13:53
FADE,33509,42347497,0.08,tera,2026_02,2026-04-18 13:53
OZATD,181417,13349988,1.36,tera,2026_02,2026-04-18 13:53
OYAYO,20786,19999941,0.1,tera,2026_02,2026-04-18 13:53
BLUME,113516,174710134,0.06,tera,2026_02,2026-04-18 13:53
TSGYO,486,266499982,0.0,tera,2026_02,2026-04-18 13:53
AYEN,25817,55531320,0.05,tera,2026_02,2026-04-18 13:53
HLGYO,954536,1075198517,0.09,tera,2026_02,2026-04-18 13:53
MOBTL,3742,207999999,0.0,tera,2026_02,2026-04-18 13:53
GOZDE,2374001,384991447,0.62,tera,2026_02,2026-04-18 13:53
ZEDUR,60628,69899992,0.09,tera,2026_02,2026-04-18 13:53
MEDTR,43975,24499999,0.18,tera,2026_02,2026-04-18 13:53
AHGAZ,250883,659370871,0.04,tera,2026_02,2026-04-18 13:53
ULUUN,75402,290523352,0.03,tera,2026_02,2026-04-18 13:53
SKYMD,529,52499981,0.0,tera,2026_02,2026-04-18 13:53
PKART,2928,11048497,0.03,tera,2026_02,2026-04-18 13:53
KLMSN,20209,30881297,0.07,tera,2026_02,2026-04-18 13:53
BORLS,345045,308652686,0.11,tera,2026_02,2026-04-18 13:53
MARTI,39452,650112403,0.01,tera,2026_02,2026-04-18 13:53
YONGA,7674,7198435,0.11,tera,2026_02,2026-04-18 13:53
AKENR,21597,385189146,0.01,tera,2026_02,2026-04-18 13:53
ARCLK,14050,170054748,0.01,tera,2026_02,2026-04-18 13:53
FZLGY,170549,398427644,0.04,tera,2026_02,2026-04-18 13:53
UMPAS,40119,19421124,0.21,tera,2026_02,2026-04-18 13:53
SNICA,381727,321688855,0.12,tera,2026_02,2026-04-18 13:53
EYGYO,2393071,362859667,0.66,tera,2026_02,2026-04-18 13:53
IZMDC,270813,723225318,0.04,tera,2026_02,2026-04-18 13:53
NUGYO,155752,324943976,0.05,tera,2026_02,2026-04-18 13:53
ORGE,25917,41839996,0.06,tera,2026_02,2026-04-18 13:53
YAYLA,2000,39874966,0.01,tera,2026_02,2026-04-18 13:53
RODRG,114770,16822352,0.68,tera,2026_02,2026-04-18 13:53
ATLAS,1109,59999865,0.0,tera,2026_02,2026-04-18 13:53
FRIGO,589458,263258455,0.22,tera,2026_02,2026-04-18 13:53
VKING,15073,30932905,0.05,tera,2026_02,2026-04-18 13:53
GRSEL,601049,29650000,2.03,tera,2026_02,2026-04-18 13:53
CRDFA,209263,74996857,0.28,tera,2026_02,2026-04-18 13:53
BMSTL,25743,74772261,0.03,tera,2026_02,2026-04-18 13:53
MOPAS,-4791,57330000,-0.01,tera,2026_02,2026-04-18 13:53
IDGYO,12766,119234999,0.01,tera,2026_02,2026-04-18 13:53
ARFYE,289454,47000000,0.62,tera,2026_02,2026-04-18 13:53
VANGD,2245611,24374995,9.21,tera,2026_02,2026-04-18 13:53
NTGAZ,-5381,276000000,-0.0,tera,2026_02,2026-04-18 13:53
KRVGD,-50078,596159766,-0.01,tera,2026_02,2026-04-18 13:53
HATEK,427807,62998947,0.68,tera,2026_02,2026-04-18 13:53
AKFYE,147819,551782160,0.03,tera,2026_02,2026-04-18 13:53
ZERGY,24330,156799985,0.02,tera,2026_02,2026-04-18 13:53
LRSHO,1273303,724120946,0.18,tera,2026_02,2026-04-18 13:53
OFSYM,982,22749998,0.0,tera,2026_02,2026-04-18 13:53
GOKNR,144049,178040711,0.08,tera,2026_02,2026-04-18 13:53
MEGAP,639421,234498757,0.27,tera,2026_02,2026-04-18 13:53
MGROS,-20796,96563550,-0.02,tera,2026_02,2026-04-18 13:53
ANSGR,-10585,1564416026,-0.0,tera,2026_02,2026-04-18 13:53
HUBVC,831615,277189572,0.3,tera,2026_02,2026-04-18 13:53
EUPWR,69100,199610525,0.03,tera,2026_02,2026-04-18 13:53
ICUGS,123589,336250000,0.04,tera,2026_02,2026-04-18 13:53
BAGFS,41208,100042745,0.04,tera,2026_02,2026-04-18 13:53
TEKTU,792293,195639311,0.4,tera,2026_02,2026-04-18 13:53
VESBE,53121,503578676,0.01,tera,2026_02,2026-04-18 13:53
BUCIM,574202,1292638065,0.04,tera,2026_02,2026-04-18 13:53
DENGE,983866,525284797,0.19,tera,2026_02,2026-04-18 13:53
CVKMD,26469807,461999787,5.73,tera,2026_02,2026-04-18 13:53
AGHOL,29694,1068828243,0.0,tera,2026_02,2026-04-18 13:53
OZRDN,38087,57107579,0.07,tera,2026_02,2026-04-18 13:53
CELHA,14192,146124228,0.01,tera,2026_02,2026-04-18 13:53
ENDAE,10992,123506828,0.01,tera,2026_02,2026-04-18 13:53
EUYO,73049,19932875,0.37,tera,2026_02,2026-04-18 13:53
MNDRS,275673,222007982,0.12,tera,2026_02,2026-04-18 13:53
KONTR,4967093,936038762,0.53,tera,2026_02,2026-04-18 13:53
SISE,1348844,1814905642,0.07,tera,2026_02,2026-04-18 13:53
GWIND,725918,179165491,0.41,tera,2026_02,2026-04-18 13:53
NATEN,104160,309375000,0.03,tera,2026_02,2026-04-18 13:53
ECILC,14351,210589603,0.01,tera,2026_02,2026-04-18 13:53
VAKFA,66508,224999701,0.03,tera,2026_02,2026-04-18 13:53
MEGMT,28374,72749986,0.04,tera,2026_02,2026-04-18 13:53
GSDDE,2713,106850751,0.0,tera,2026_02,2026-04-18 13:53
HDFGS,567624,956974191,0.06,tera,2026_02,2026-04-18 13:53
AKCNS,43378,39359284,0.11,tera,2026_02,2026-04-18 13:53
BIGEN,132736,115500000,0.11,tera,2026_02,2026-04-18 13:53
VKGYO,400346,1637203242,0.02,tera,2026_02,2026-04-18 13:53
GIPTA,414828,51617863,0.8,tera,2026_02,2026-04-18 13:53
EBEBK,-64133,40534692,-0.16,tera,2026_02,2026-04-18 13:53
PCILT,46661,45014182,0.1,tera,2026_02,2026-04-18 13:53
SRVGY,318970,812499687,0.04,tera,2026_02,2026-04-18 13:53
ASGYO,54549,165000000,0.03,tera,2026_02,2026-04-18 13:53
SERNT,93926,113000000,0.08,tera,2026_02,2026-04-18 13:53
INDES,244538,462749767,0.05,tera,2026_02,2026-04-18 13:53
ENTRA,431882,369383564,0.12,tera,2026_02,2026-04-18 13:53
VBTYZ,33183,56160000,0.06,tera,2026_02,2026-04-18 13:53
KAREL,-20205,329659497,-0.01,tera,2026_02,2026-04-18 13:53
BAYRK,55734,189751123,0.03,tera,2026_02,2026-04-18 13:53
GUNDG,-37708,18968972,-0.2,tera,2026_02,2026-04-18 13:53
TKNSA,-92544,100485379,-0.09,tera,2026_02,2026-04-18 13:53
IHLAS,782370,1396079076,0.06,tera,2026_02,2026-04-18 13:53
TRHOL,719886,17635692,4.08,tera,2026_02,2026-04-18 13:53
UCAYM,177139,60000000,0.3,tera,2026_02,2026-04-18 13:53
ULUFA,644141,305269391,0.21,tera,2026_02,2026-04-18 13:53
DYOBY,4991,186553687,0.0,tera,2026_02,2026-04-18 13:53
VAKFN,243434,2064378140,0.01,tera,2026_02,2026-04-18 13:53
EGEGY,15506,69140000,0.02,tera,2026_02,2026-04-18 13:53
SEKUR,54,131457835,0.0,tera,2026_02,2026-04-18 13:53
ALBRK,390029,1050739765,0.04,tera,2026_02,2026-04-18 13:53
ATAGY,2797,45670114,0.01,tera,2026_02,2026-04-18 13:53
ISGYO,-31937,531312439,-0.01,tera,2026_02,2026-04-18 13:53
AGROT,1448519,843999770,0.17,tera,2026_02,2026-04-18 13:53
PAPIL,579045,206247674,0.28,tera,2026_02,2026-04-18 13:53
AKSA,177669,1503650642,0.01,tera,2026_02,2026-04-18 13:53
IZFAS,1180766,156001658,0.76,tera,2026_02,2026-04-18 13:53
DARDL,90943,1753442695,0.01,tera,2026_02,2026-04-18 13:53
CGCAM,50883,42000000,0.12,tera,2026_02,2026-04-18 13:53
ORCAY,68367,150197341,0.05,tera,2026_02,2026-04-18 13:53
ETILR,46524,156217454,0.03,tera,2026_02,2026-04-18 13:53
HOROZ,30724,24599986,0.12,tera,2026_02,2026-04-18 13:53
DITAS,104880,83407812,0.13,tera,2026_02,2026-04-18 13:53
GLRYH,11687,599623814,0.0,tera,2026_02,2026-04-18 13:53
BERA,49142,491964370,0.01,tera,2026_02,2026-04-18 13:53
LKMNH,4910,163262533,0.0,tera,2026_02,2026-04-18 13:53
METRO,15254,539989959,0.0,tera,2026_02,2026-04-18 13:53
MERKO,74198,101104700,0.07,tera,2026_02,2026-04-18 13:53
YKSLN,31525,197429570,0.02,tera,2026_02,2026-04-18 13:53
LMKDC,-137605,155929999,-0.09,tera,2026_02,2026-04-18 13:53
FLAP,16778,93599985,0.02,tera,2026_02,2026-04-18 13:53
TCELL,67921,1622604373,0.0,tera,2026_02,2026-04-18 13:53
KZGYO,10183,49999978,0.02,tera,2026_02,2026-04-18 13:53
FRMPL,13891,39997767,0.03,tera,2026_02,2026-04-18 13:53
SILVR,164808,212818206,0.08,tera,2026_02,2026-04-18 13:53
BNTAS,178433,170624998,0.1,tera,2026_02,2026-04-18 13:53
ETYAT,20196,17735341,0.11,tera,2026_02,2026-04-18 13:53
TAVHL,-24057,213213415,-0.01,tera,2026_02,2026-04-18 13:53
LILAK,-98084,260252705,-0.04,tera,2026_02,2026-04-18 13:53
BSOKE,837141,458487038,0.18,tera,2026_02,2026-04-18 13:53
TTKOM,-34351,524999999,-0.01,tera,2026_02,2026-04-18 13:53
YUNSA,36379,202164056,0.02,tera,2026_02,2026-04-18 13:53
TSKB,79201,1516591673,0.01,tera,2026_02,2026-04-18 13:53
LIDER,2259129,279500000,0.81,tera,2026_02,2026-04-18 13:53
ULKER,33644,338855989,0.01,tera,2026_02,2026-04-18 13:53
CCOLA,-144836,820001147,-0.02,tera,2026_02,2026-04-18 13:53
GEDIK,422200,983076857,0.04,tera,2026_02,2026-04-18 13:53
PEKGY,320982676,4685233406,6.85,tera,2026_02,2026-04-18 13:53
RUZYE,1381503,267748491,0.52,tera,2026_02,2026-04-18 13:53
IHLGM,999048,986078000,0.1,tera,2026_02,2026-04-18 13:53
DOHOL,13585223,984706978,1.38,tera,2026_02,2026-04-18 13:53
RTALB,623884,432976722,0.14,tera,2026_02,2026-04-18 13:53
OSTIM,866070,510004637,0.17,tera,2026_02,2026-04-18 13:53
VAKBN,26,8046896130,0.0,tera,2026_02,2026-04-18 13:53
ARSAN,61591,887344274,0.01,tera,2026_02,2026-04-18 13:53
GLYHO,-243040,1949290631,-0.01,tera,2026_02,2026-04-18 13:53
ESCAR,619778,101933690,0.61,tera,2026_02,2026-04-18 13:53
OZGYO,44323,490916869,0.01,tera,2026_02,2026-04-18 13:53
AKYHO,51196,223895870,0.02,tera,2026_02,2026-04-18 13:53
BARMA,405392,68130939,0.6,tera,2026_02,2026-04-18 13:53
INFO,-81712,767463337,-0.01,tera,2026_02,2026-04-18 13:53
REEDR,563131,632419525,0.09,tera,2026_02,2026-04-18 13:53
GSDHO,317185,999994969,0.03,tera,2026_02,2026-04-18 13:53
KNFRT,723888,131747000,0.55,tera,2026_02,2026-04-18 13:53
HALKB,256788,6546422780,0.0,tera,2026_02,2026-04-18 13:53
SNGYO,109285,3607173097,0.0,tera,2026_02,2026-04-18 13:53
KGYO,253746,767895148,0.03,tera,2026_02,2026-04-18 13:53
RGYAS,-343464,105523000,-0.33,tera,2026_02,2026-04-18 13:53
DERHL,33992,197281316,0.02,tera,2026_02,2026-04-18 13:53
CEMAS,316221,790994229,0.04,tera,2026_02,2026-04-18 13:53
HEKTS,4386170,3946424642,0.11,tera,2026_02,2026-04-18 13:53
PETKM,-50192,1241729843,-0.0,tera,2026_02,2026-04-18 13:53
KATMR,2658400,1980989998,0.13,tera,2026_02,2026-04-18 13:53
DMRGD,988817,1277294592,0.08,tera,2026_02,2026-04-18 13:53
TRALT,214564,952269019,0.02,tera,2026_02,2026-04-18 13:53
TRENJ,6574,98018735,0.01,tera,2026_02,2026-04-18 13:53
KRSTL,287736,183664642,0.16,tera,2026_02,2026-04-18 13:53
KCAER,774122,496494775,0.16,tera,2026_02,2026-04-18 13:53
KOTON,34508,136599922,0.03,tera,2026_02,2026-04-18 13:53
GEREL,476298,219036379,0.22,tera,2026_02,2026-04-18 13:53
AKBNK,-471281,3059320211,-0.02,tera,2026_02,2026-04-18 13:53
AZTEK,240549,279000000,0.09,tera,2026_02,2026-04-18 13:53
SAFKR,1163722,139406162,0.83,tera,2026_02,2026-04-18 13:53
GATEG,2888618,10570341,27.33,tera,2026_02,2026-04-18 13:53
MERCN,54257,74389005,0.07,tera,2026_02,2026-04-18 13:53
EGEPO,405317,200000000,0.2,tera,2026_02,2026-04-18 13:53
GENTS,440181,749958921,0.06,tera,2026_02,2026-04-18 13:53
ISMEN,-233462,467723147,-0.05,tera,2026_02,2026-04-18 13:53
YYLGD,-306963,369826200,-0.08,tera,2026_02,2026-04-18 13:53
EUHOL,25006092,142999954,17.49,tera,2026_02,2026-04-18 13:53
PNSUT,1401372,128323851,1.09,tera,2026_02,2026-04-18 13:53
PSGYO,2477399,2954231556,0.08,tera,2026_02,2026-04-18 13:53
SKTAS,224078,332865443,0.07,tera,2026_02,2026-04-18 13:53
KCHOL,-1059966,674052308,-0.16,tera,2026_02,2026-04-18 13:53
ZOREN,646028,2681244194,0.02,tera,2026_02,2026-04-18 13:53
KOPOL,115861,266319652,0.04,tera,2026_02,2026-04-18 13:53
SAHOL,-1486943,1145847384,-0.13,tera,2026_02,2026-04-18 13:53
AEFES,-476776,2028860053,-0.02,tera,2026_02,2026-04-18 13:53
SKBNK,7663794,2498877855,0.31,tera,2026_02,2026-04-18 13:53
FENER,436399,2772321468,0.02,tera,2026_02,2026-04-18 13:53
BTCIM,1621463,4052065429,0.04,tera,2026_02,2026-04-18 13:53
CWENE,271576,530758241,0.05,tera,2026_02,2026-04-18 13:53
YYAPI,261381,1705025550,0.02,tera,2026_02,2026-04-18 13:53
FORMT,3565402,1029046010,0.35,tera,2026_02,2026-04-18 13:53
TERA,65034182,240888789,27.0,tera,2026_02,2026-04-18 13:53
SASA,10910541,25700419936,0.04,tera,2026_02,2026-04-18 13:53
YKBNK,-1678425,4705620952,-0.04,tera,2026_02,2026-04-18 13:53
TSPOR,7631794,3674975174,0.21,tera,2026_02,2026-04-18 13:53
PASEU,9203710,215295868,4.27,tera,2026_02,2026-04-18 13:53
ISCTR,-1148691,8880396856,-0.01,tera,2026_02,2026-04-18 13:53
GSRAY,46252544,10123744690,0.46,tera,2026_02,2026-04-18 13:53
ADESE,15028362,4687131701,0.32,tera,2026_02,2026-04-18 13:53
USAK,534316565,2436064709,21.93,bulls,2026_02,2026-04-18 13:53
EFOR,71356856,670679994,10.64,bulls,2026_02,2026-04-18 13:53
CANTE,51484565,8608815637,0.6,bulls,2026_02,2026-04-18 13:53
DMRGD,48564511,1277294592,3.8,bulls,2026_02,2026-04-18 13:53
KZBGY,10270478,1959999915,0.52,bulls,2026_02,2026-04-18 13:53
IHLGM,10037289,986078000,1.02,bulls,2026_02,2026-04-18 13:53
TSPOR,20676514,3674975174,0.56,bulls,2026_02,2026-04-18 13:53
KOPOL,7662841,266319652,2.88,bulls,2026_02,2026-04-18 13:53
SAHOL,6086739,1145847384,0.53,bulls,2026_02,2026-04-18 13:53
ISCTR,3307887,8880396856,0.04,bulls,2026_02,2026-04-18 13:53
SISE,8349751,1814905642,0.46,bulls,2026_02,2026-04-18 13:53
MRGYO,7013835,1753202571,0.4,bulls,2026_02,2026-04-18 13:53
AVOD,5377992,253604577,2.12,bulls,2026_02,2026-04-18 13:53
YKBNK,1523823,4705620952,0.03,bulls,2026_02,2026-04-18 13:53
CWENE,2491293,530758241,0.47,bulls,2026_02,2026-04-18 13:53
BYDNR,5475348,22999984,23.81,bulls,2026_02,2026-04-18 13:53
OBAMS,5886385,751078524,0.78,bulls,2026_02,2026-04-18 13:53
RNPOL,2754881,335900000,0.82,bulls,2026_02,2026-04-18 13:53
CONSE,2816520,377854899,0.75,bulls,2026_02,2026-04-18 13:53
ADESE,5662574,4687131701,0.12,bulls,2026_02,2026-04-18 13:53
BSOKE,20598635,458487038,4.49,bulls,2026_02,2026-04-18 13:53
GENIL,2351694,1289069985,0.18,bulls,2026_02,2026-04-18 13:53
TSKB,766255,1516591673,0.05,bulls,2026_02,2026-04-18 13:53
HALKB,4846866,6546422780,0.07,bulls,2026_02,2026-04-18 13:53
ATATR,1622516,280000000,0.58,bulls,2026_02,2026-04-18 13:53
MANAS,2077358,255704000,0.81,bulls,2026_02,2026-04-18 13:53
ICUGS,2327258,336250000,0.69,bulls,2026_02,2026-04-18 13:53
ENTRA,1639652,369383564,0.44,bulls,2026_02,2026-04-18 13:53
SEGMN,1437296,80999980,1.77,bulls,2026_02,2026-04-18 13:53
ISKPL,3384364,724625736,0.47,bulls,2026_02,2026-04-18 13:53
AKBNK,608305,3059320211,0.02,bulls,2026_02,2026-04-18 13:53
CVKMD,10284057,461999787,2.23,bulls,2026_02,2026-04-18 13:53
MOGAN,1270234,262635000,0.48,bulls,2026_02,2026-04-18 13:53
ARZUM,4745931,400949823,1.18,bulls,2026_02,2026-04-18 13:53
BUCIM,2249579,1292638065,0.17,bulls,2026_02,2026-04-18 13:53
THYAO,1305767,739463453,0.18,bulls,2026_02,2026-04-18 13:53
MARMR,1387079,961218727,0.14,bulls,2026_02,2026-04-18 13:53
ESCOM,4370806,463831670,0.94,bulls,2026_02,2026-04-18 13:53
KTLEV,4760030,1288500000,0.37,bulls,2026_02,2026-04-18 13:53
EREGL,1564261,3554238535,0.04,bulls,2026_02,2026-04-18 13:53
KLGYO,3129031,689399869,0.45,bulls,2026_02,2026-04-18 13:53
PEKGY,3884831,4685233406,0.08,bulls,2026_02,2026-04-18 13:53
MEYSU,1196869,175000000,0.68,bulls,2026_02,2026-04-18 13:53
TATEN,288235,347799724,0.08,bulls,2026_02,2026-04-18 13:53
SEKUR,1073061,131457835,0.82,bulls,2026_02,2026-04-18 13:53
OYAKC,702883,4656879379,0.02,bulls,2026_02,2026-04-18 13:53
SELVA,2420220,747897737,0.32,bulls,2026_02,2026-04-18 13:53
AKHAN,552553,54700000,1.01,bulls,2026_02,2026-04-18 13:53
PGSUS,981408,295068870,0.33,bulls,2026_02,2026-04-18 13:53
EDATA,682722,160065395,0.43,bulls,2026_02,2026-04-18 13:53
TEHOL,3538932,1967930261,0.18,bulls,2026_02,2026-04-18 13:53
MMCAS,2722934,12393964,21.97,bulls,2026_02,2026-04-18 13:53
BIGTK,16067975,23834373,67.42,bulls,2026_02,2026-04-18 13:53
KLRHO,5066444,341250000,1.48,bulls,2026_02,2026-04-18 13:53
HUNER,1270671,670137934,0.19,bulls,2026_02,2026-04-18 13:53
AEFES,-645529,2028860053,-0.03,bulls,2026_02,2026-04-18 13:53
EMPAE,421246,38000000,1.11,bulls,2026_02,2026-04-18 13:53
MIATK,26038981,313087979,8.32,bulls,2026_02,2026-04-18 13:53
ARSAN,5544268,887344274,0.62,bulls,2026_02,2026-04-18 13:53
ULUUN,706556,290523352,0.24,bulls,2026_02,2026-04-18 13:53
KBORU,2878756,143999994,2.0,bulls,2026_02,2026-04-18 13:53
EUHOL,960874,142999954,0.67,bulls,2026_02,2026-04-18 13:53
ANSGR,450505,1564416026,0.03,bulls,2026_02,2026-04-18 13:53
PENTA,383120,181070136,0.21,bulls,2026_02,2026-04-18 13:53
PAPIL,480892,206247674,0.23,bulls,2026_02,2026-04-18 13:53
BIGCH,335776,368932945,0.09,bulls,2026_02,2026-04-18 13:53
ORCAY,625517,150197341,0.42,bulls,2026_02,2026-04-18 13:53
SRVGY,6857913,812499687,0.84,bulls,2026_02,2026-04-18 13:53
DURKN,342281,42500000,0.81,bulls,2026_02,2026-04-18 13:53
AKSA,1526884,1503650642,0.1,bulls,2026_02,2026-04-18 13:53
LRSHO,2360945,724120946,0.33,bulls,2026_02,2026-04-18 13:53
PASEU,84240,215295868,0.04,bulls,2026_02,2026-04-18 13:53
HDFGS,5193085,956974191,0.54,bulls,2026_02,2026-04-18 13:53
LMKDC,423547,155929999,0.27,bulls,2026_02,2026-04-18 13:53
CRDFA,334609,74996857,0.45,bulls,2026_02,2026-04-18 13:53
INDES,234019,462749767,0.05,bulls,2026_02,2026-04-18 13:53
SANFM,1028558,225029995,0.46,bulls,2026_02,2026-04-18 13:53
EKOS,854630,307199852,0.28,bulls,2026_02,2026-04-18 13:53
GSDHO,1104197,999994969,0.11,bulls,2026_02,2026-04-18 13:53
AKFIS,246939,66841328,0.37,bulls,2026_02,2026-04-18 13:53
EYGYO,334808,362859667,0.09,bulls,2026_02,2026-04-18 13:53
LIDER,231862,279500000,0.08,bulls,2026_02,2026-04-18 13:53
VAKBN,-251688,8046896130,-0.0,bulls,2026_02,2026-04-18 13:53
IZMDC,368204,723225318,0.05,bulls,2026_02,2026-04-18 13:53
TTKOM,135895,524999999,0.03,bulls,2026_02,2026-04-18 13:53
ALBRK,950618,1050739765,0.09,bulls,2026_02,2026-04-18 13:53
BORSK,1260755,279999879,0.45,bulls,2026_02,2026-04-18 13:53
TUKAS,4692682,4499995929,0.1,bulls,2026_02,2026-04-18 13:53
AKENR,821190,385189146,0.21,bulls,2026_02,2026-04-18 13:53
RUZYE,14952084,267748491,5.58,bulls,2026_02,2026-04-18 13:53
TCKRC,399638,70000000,0.57,bulls,2026_02,2026-04-18 13:53
UCAYM,222656,60000000,0.37,bulls,2026_02,2026-04-18 13:53
MARTI,876303,650112403,0.13,bulls,2026_02,2026-04-18 13:53
ALTNY,722810,399885115,0.18,bulls,2026_02,2026-04-18 13:53
RUBNS,179703,42377765,0.42,bulls,2026_02,2026-04-18 13:53
SILVR,21613253,212818206,10.16,bulls,2026_02,2026-04-18 13:53
KAYSE,597133,818951998,0.07,bulls,2026_02,2026-04-18 13:53
ESCAR,277462,101933690,0.27,bulls,2026_02,2026-04-18 13:53
MEKAG,623059,320319999,0.19,bulls,2026_02,2026-04-18 13:53
EGEGY,13752727,69140000,19.89,bulls,2026_02,2026-04-18 13:53
LKMNH,1848024,163262533,1.13,bulls,2026_02,2026-04-18 13:53
HUBVC,1081896,277189572,0.39,bulls,2026_02,2026-04-18 13:53
ETILR,196929,156217454,0.13,bulls,2026_02,2026-04-18 13:53
PCILT,106103,45014182,0.24,bulls,2026_02,2026-04-18 13:53
REEDR,779119,632419525,0.12,bulls,2026_02,2026-04-18 13:53
GWIND,297931,179165491,0.17,bulls,2026_02,2026-04-18 13:53
IZFAS,721091,156001658,0.46,bulls,2026_02,2026-04-18 13:53
AHSGY,177077,184999889,0.1,bulls,2026_02,2026-04-18 13:53
TUREX,354824,432000000,0.08,bulls,2026_02,2026-04-18 13:53
AGHOL,129777,1068828243,0.01,bulls,2026_02,2026-04-18 13:53
NTHOL,314600,485479112,0.06,bulls,2026_02,2026-04-18 13:53
ENDAE,215083,123506828,0.17,bulls,2026_02,2026-04-18 13:53
GESAN,215073,141759180,0.15,bulls,2026_02,2026-04-18 13:53
KRONT,584648,116892885,0.5,bulls,2026_02,2026-04-18 13:53
AVPGY,67692,99999990,0.07,bulls,2026_02,2026-04-18 13:53
LIDFA,342561,458180545,0.07,bulls,2026_02,2026-04-18 13:53
OBASE,178817,14924000,1.2,bulls,2026_02,2026-04-18 13:53
KLYPV,235686,46334639,0.51,bulls,2026_02,2026-04-18 13:53
NETCD,77031,40000000,0.19,bulls,2026_02,2026-04-18 13:53
TKSMBV,76433,2142503,3.57,bulls,2026_02,2026-04-18 13:53
HATEK,148153,62998947,0.24,bulls,2026_02,2026-04-18 13:53
ELITE,110850,44650000,0.25,bulls,2026_02,2026-04-18 13:53
ADEL,172711,112043619,0.15,bulls,2026_02,2026-04-18 13:53
KCHOL,401030,674052308,0.06,bulls,2026_02,2026-04-18 13:53
FADE,149907,42347497,0.35,bulls,2026_02,2026-04-18 13:53
BIOEN,175131,197983418,0.09,bulls,2026_02,2026-04-18 13:53
KUYAS,30789894,398957788,7.72,bulls,2026_02,2026-04-18 13:53
ONCSM,1196982,10086000,11.87,bulls,2026_02,2026-04-18 13:53
TERA,-61918,240888789,-0.03,bulls,2026_02,2026-04-18 13:53
BRLSM,222745,108025075,0.21,bulls,2026_02,2026-04-18 13:53
PNLSN,82385,34752383,0.24,bulls,2026_02,2026-04-18 13:53
MARBL,193384,65226403,0.3,bulls,2026_02,2026-04-18 13:53
TNZTP,127913,87499950,0.15,bulls,2026_02,2026-04-18 13:53
ERSU,105821,31755894,0.33,bulls,2026_02,2026-04-18 13:53
LYDHO,153519609,197140970,77.87,bulls,2026_02,2026-04-18 13:53
SMART,138474,29737499,0.47,bulls,2026_02,2026-04-18 13:53
ATSGWV,54100,1722226,3.14,bulls,2026_02,2026-04-18 13:53
IHEVA,485114,291631239,0.17,bulls,2026_02,2026-04-18 13:53
MEPET,114661,73940585,0.16,bulls,2026_02,2026-04-18 13:53
AKSGY,501836,1628451947,0.03,bulls,2026_02,2026-04-18 13:53
DESA,335966,171107590,0.2,bulls,2026_02,2026-04-18 13:53
ULIFTV,50000,2079060,2.4,bulls,2026_02,2026-04-18 13:53
BAYRK,194888,189751123,0.1,bulls,2026_02,2026-04-18 13:53
CEMZY,67366,124119970,0.05,bulls,2026_02,2026-04-18 13:53
MAVI,114613,576779312,0.02,bulls,2026_02,2026-04-18 13:53
TUCLK,920387,253181400,0.36,bulls,2026_02,2026-04-18 13:53
SUWEN,83524,365687500,0.02,bulls,2026_02,2026-04-18 13:53
GEDZA,71069,42983624,0.17,bulls,2026_02,2026-04-18 13:53
GEDIZ,42966,7163595,0.6,bulls,2026_02,2026-04-18 13:53
PENGD,201310,171069968,0.12,bulls,2026_02,2026-04-18 13:53
ISGSY,105901,47378729,0.22,bulls,2026_02,2026-04-18 13:53
TURSG,572461,7907296076,0.01,bulls,2026_02,2026-04-18 13:53
OZSUB,58012,42499126,0.14,bulls,2026_02,2026-04-18 13:53
INVEO,312949,998999954,0.03,bulls,2026_02,2026-04-18 13:53
PAGYO,101112,57781202,0.17,bulls,2026_02,2026-04-18 13:53
PLTUR,109936,49500000,0.22,bulls,2026_02,2026-04-18 13:53
CRFSA,161734,18312793,0.88,bulls,2026_02,2026-04-18 13:53
PRKAB,77226,35225443,0.22,bulls,2026_02,2026-04-18 13:53
ISDMR,76056,147623050,0.05,bulls,2026_02,2026-04-18 13:53
EGPRO,104846,175170570,0.06,bulls,2026_02,2026-04-18 13:53
BISKNV,30008,1361562,2.2,bulls,2026_02,2026-04-18 13:53
AKGRT,246496,629007625,0.04,bulls,2026_02,2026-04-18 13:53
KRDMB,44773,118762110,0.04,bulls,2026_02,2026-04-18 13:53
MAKTK,832480,184370066,0.45,bulls,2026_02,2026-04-18 13:53
ULAS,78240,25200172,0.31,bulls,2026_02,2026-04-18 13:53
KIMMR,49184,75000000,0.07,bulls,2026_02,2026-04-18 13:53
DURDO,67329,379703149,0.02,bulls,2026_02,2026-04-18 13:53
GOZDE,464583,384991447,0.12,bulls,2026_02,2026-04-18 13:53
OZATD,78350,13349988,0.59,bulls,2026_02,2026-04-18 13:53
MNDTR,2780939,910071938,0.31,bulls,2026_02,2026-04-18 13:53
KTSKR,89353,14691795,0.61,bulls,2026_02,2026-04-18 13:53
PNSUT,364001,128323851,0.28,bulls,2026_02,2026-04-18 13:53
ONRYT,32862,19730000,0.17,bulls,2026_02,2026-04-18 13:53
GOKNR,234837,178040711,0.13,bulls,2026_02,2026-04-18 13:53
MSGYO,292330,169650150,0.17,bulls,2026_02,2026-04-18 13:53
ISYAT,215340,152245569,0.14,bulls,2026_02,2026-04-18 13:53
ASUZU,47132,41130807,0.11,bulls,2026_02,2026-04-18 13:53
AGYO,417358,129036460,0.32,bulls,2026_02,2026-04-18 13:53
SKYMD,99807,52499981,0.19,bulls,2026_02,2026-04-18 13:53
SISLLV,20002,2303411,0.87,bulls,2026_02,2026-04-18 13:53
PGSFQV,20000,4582805,0.44,bulls,2026_02,2026-04-18 13:53
DSTKF,20883,84533333,0.02,bulls,2026_02,2026-04-18 13:53
GUBRF,231592,85359737,0.27,bulls,2026_02,2026-04-18 13:53
SDTTR,23578,15990000,0.15,bulls,2026_02,2026-04-18 13:53
MERCN,107539,74389005,0.14,bulls,2026_02,2026-04-18 13:53
GLBMD,28482,28880500,0.1,bulls,2026_02,2026-04-18 13:53
BESTE,17717,54578499,0.03,bulls,2026_02,2026-04-18 13:53
BRSAN,24651,35912460,0.07,bulls,2026_02,2026-04-18 13:53
BEYAZ,80670,42317352,0.19,bulls,2026_02,2026-04-18 13:53
VBTYZ,65275,56160000,0.12,bulls,2026_02,2026-04-18 13:53
KLKIM,53417,138383655,0.04,bulls,2026_02,2026-04-18 13:53
GEREL,875936,219036379,0.4,bulls,2026_02,2026-04-18 13:53
BRMEN,29350,57566555,0.05,bulls,2026_02,2026-04-18 13:53
VERTU,37351,22000000,0.17,bulls,2026_02,2026-04-18 13:53
VESBE,719731,503578676,0.14,bulls,2026_02,2026-04-18 13:53
TUPRS,352188,902334139,0.04,bulls,2026_02,2026-04-18 13:53
KLMSN,16967,30881297,0.05,bulls,2026_02,2026-04-18 13:53
ISSEN,722118,107411517,0.67,bulls,2026_02,2026-04-18 13:53
HATSN,47221,44299964,0.11,bulls,2026_02,2026-04-18 13:53
AYES,168039,87567109,0.19,bulls,2026_02,2026-04-18 13:53
TURGG,73965,32042988,0.23,bulls,2026_02,2026-04-18 13:53
EDIP,19553,36468204,0.05,bulls,2026_02,2026-04-18 13:53
DOKTA,24933,145872862,0.02,bulls,2026_02,2026-04-18 13:53
ARTMS,81417,24199999,0.34,bulls,2026_02,2026-04-18 13:53
TRHOL,129664,17635692,0.74,bulls,2026_02,2026-04-18 13:53
SOKM,31067,448708248,0.01,bulls,2026_02,2026-04-18 13:53
OYYAT,13060,91048322,0.01,bulls,2026_02,2026-04-18 13:53
FZLGY,48975,398427644,0.01,bulls,2026_02,2026-04-18 13:53
ZRGYO,17165,1173404997,0.0,bulls,2026_02,2026-04-18 13:53
RAYSG,15041,51947024,0.03,bulls,2026_02,2026-04-18 13:53
KUTPO,13243,10524430,0.13,bulls,2026_02,2026-04-18 13:53
TKNSA,137109,100485379,0.14,bulls,2026_02,2026-04-18 13:53
HOROZ,29816,24599986,0.12,bulls,2026_02,2026-04-18 13:53
TOSKLV,10000,1343308,0.74,bulls,2026_02,2026-04-18 13:53
AHGAZ,208103,659370871,0.03,bulls,2026_02,2026-04-18 13:53
DERHL,331100,197281316,0.17,bulls,2026_02,2026-04-18 13:53
AVTUR,265888,43067999,0.62,bulls,2026_02,2026-04-18 13:53
VKFYO,19072,26473700,0.07,bulls,2026_02,2026-04-18 13:53
GSDDE,119833,106850751,0.11,bulls,2026_02,2026-04-18 13:53
DOAS,28148,97899975,0.03,bulls,2026_02,2026-04-18 13:53
VAKKO,24265,30788486,0.08,bulls,2026_02,2026-04-18 13:53
ISMEN,521511,467723147,0.11,bulls,2026_02,2026-04-18 13:53
PKENT,14068,23766169,0.06,bulls,2026_02,2026-04-18 13:53
DUNYH,15813326,36443197,43.39,bulls,2026_02,2026-04-18 13:53
BIENY,449795,83144831,0.54,bulls,2026_02,2026-04-18 13:53
EKIZ,20802,8198720,0.25,bulls,2026_02,2026-04-18 13:53
KFEIN,113760,150306170,0.08,bulls,2026_02,2026-04-18 13:53
KONKA,46348,89670000,0.05,bulls,2026_02,2026-04-18 13:53
BASCM,80152,49238593,0.16,bulls,2026_02,2026-04-18 13:53
ANGEN,105648,86440002,0.12,bulls,2026_02,2026-04-18 13:53
KGYO,2881164,767895148,0.38,bulls,2026_02,2026-04-18 13:53
BRKVY,71688,13618361,0.53,bulls,2026_02,2026-04-18 13:53
ATLAS,58807,59999865,0.1,bulls,2026_02,2026-04-18 13:53
VSNMD,45293,24000000,0.19,bulls,2026_02,2026-04-18 13:53
BFREN,28972,24586148,0.12,bulls,2026_02,2026-04-18 13:53
OYLUM,37212,80937367,0.05,bulls,2026_02,2026-04-18 13:53
SURGY,115567,44999990,0.26,bulls,2026_02,2026-04-18 13:53
YAYLA,21925,39874966,0.05,bulls,2026_02,2026-04-18 13:53
KAPLM,51608,4563571,1.13,bulls,2026_02,2026-04-18 13:53
LOGO,11687,74328248,0.02,bulls,2026_02,2026-04-18 13:53
BLCYT,110809,49088907,0.23,bulls,2026_02,2026-04-18 13:53
GRNYO,8526,37386059,0.02,bulls,2026_02,2026-04-18 13:53
TBORG,37736,59392160,0.06,bulls,2026_02,2026-04-18 13:53
DGGYO,13735,280709437,0.0,bulls,2026_02,2026-04-18 13:53
INVES,11138,37480000,0.03,bulls,2026_02,2026-04-18 13:53
TABGD,6278,52499906,0.01,bulls,2026_02,2026-04-18 13:53
HTTBT,18586,82805422,0.02,bulls,2026_02,2026-04-18 13:53
SONME,4250,4349319,0.1,bulls,2026_02,2026-04-18 13:53
SUNTK,5777,145280000,0.0,bulls,2026_02,2026-04-18 13:53
TRGYO,137342,251573369,0.05,bulls,2026_02,2026-04-18 13:53
BVSAN,43506,13749998,0.32,bulls,2026_02,2026-04-18 13:53
KRSTL,37329,183664642,0.02,bulls,2026_02,2026-04-18 13:53
MZHLD,17948,72215314,0.02,bulls,2026_02,2026-04-18 13:53
GIPTA,313498,51617863,0.61,bulls,2026_02,2026-04-18 13:53
MEDTR,216824,24499999,0.88,bulls,2026_02,2026-04-18 13:53
TMSN,50112,44449988,0.11,bulls,2026_02,2026-04-18 13:53
ECZYT,9670,45880511,0.02,bulls,2026_02,2026-04-18 13:53
CCOLA,24166,820001147,0.0,bulls,2026_02,2026-04-18 13:53
ARAT,50147,39867975,0.13,bulls,2026_02,2026-04-18 13:53
AKSUE,79039,56376184,0.14,bulls,2026_02,2026-04-18 13:53
PRZMA,18365,61941150,0.03,bulls,2026_02,2026-04-18 13:53
ODINE,2449,52810834,0.0,bulls,2026_02,2026-04-18 13:53
ERBOS,5535,15899843,0.03,bulls,2026_02,2026-04-18 13:53
TLMAN,9939,10300000,0.1,bulls,2026_02,2026-04-18 13:53
APMDLF,1500,12300000,0.01,bulls,2026_02,2026-04-18 13:53
AYCES,6090,1895369,0.32,bulls,2026_02,2026-04-18 13:53
AKMGY,35273,21568998,0.16,bulls,2026_02,2026-04-18 13:53
KLSER,71546,109457566,0.07,bulls,2026_02,2026-04-18 13:53
KUVVA,1459,24204585,0.01,bulls,2026_02,2026-04-18 13:53
ARTI,8105,9881683,0.08,bulls,2026_02,2026-04-18 13:53
IZINV,90692,13540386,0.67,bulls,2026_02,2026-04-18 13:53
SANEL,7171,18112451,0.04,bulls,2026_02,2026-04-18 13:53
FMIZP,1384,3497641,0.04,bulls,2026_02,2026-04-18 13:53
MEGAP,122647,234498757,0.05,bulls,2026_02,2026-04-18 13:53
GOLTS,3391,12422783,0.03,bulls,2026_02,2026-04-18 13:53
RALYH,1435794,176370972,0.81,bulls,2026_02,2026-04-18 13:53
ACSEL,6589,8589113,0.08,bulls,2026_02,2026-04-18 13:53
TTRAK,17478,24967158,0.07,bulls,2026_02,2026-04-18 13:53
CMENT,5887,56829666,0.01,bulls,2026_02,2026-04-18 13:53
DNISI,9369,59171727,0.02,bulls,2026_02,2026-04-18 13:53
KCAER,344531,496494775,0.07,bulls,2026_02,2026-04-18 13:53
TMPOL,83814,11039990,0.76,bulls,2026_02,2026-04-18 13:53
ARENA,45726,66996461,0.07,bulls,2026_02,2026-04-18 13:53
EUKYO,12822,19899963,0.06,bulls,2026_02,2026-04-18 13:53
SKYLP,45261,7159255,0.63,bulls,2026_02,2026-04-18 13:53
PAMEL,13046,21533681,0.06,bulls,2026_02,2026-04-18 13:53
LYDYE,775943,1391287,55.77,bulls,2026_02,2026-04-18 13:53
CLEBI,1089,5490178,0.02,bulls,2026_02,2026-04-18 13:53
INTEM,6610,9428747,0.07,bulls,2026_02,2026-04-18 13:53
BRYAT,8609,10264685,0.08,bulls,2026_02,2026-04-18 13:53
ISBIR,6900,14520542,0.05,bulls,2026_02,2026-04-18 13:53
ORMA,5914,3663265,0.16,bulls,2026_02,2026-04-18 13:53
YBTAS,114536,31595793,0.36,bulls,2026_02,2026-04-18 13:53
VERUS,5261,34499937,0.02,bulls,2026_02,2026-04-18 13:53
EBEBK,3879,40534692,0.01,bulls,2026_02,2026-04-18 13:53
KONYA,1367,1646416,0.08,bulls,2026_02,2026-04-18 13:53
CUSAN,12694,18500000,0.07,bulls,2026_02,2026-04-18 13:53
ALCAR,1322,1721735,0.08,bulls,2026_02,2026-04-18 13:53
ANELT,72,43199817,0.0,bulls,2026_02,2026-04-18 13:53
SANKO,60803,37499197,0.16,bulls,2026_02,2026-04-18 13:53
YONGA,5681,7198435,0.08,bulls,2026_02,2026-04-18 13:53
GNPWR,102200,21999996,0.46,bulls,2026_02,2026-04-18 13:53
ATPET,48166,11403497,0.42,bulls,2026_02,2026-04-18 13:53
UASAXV,1000,3246564,0.03,bulls,2026_02,2026-04-18 13:53
UKIM,102,2053621,0.0,bulls,2026_02,2026-04-18 13:53
AVHOL,1859,26047279,0.01,bulls,2026_02,2026-04-18 13:53
EGCEY,29059,19749798,0.15,bulls,2026_02,2026-04-18 13:53
UMPAS,503,19421124,0.0,bulls,2026_02,2026-04-18 13:53
UZEL,12615,26329793,0.05,bulls,2026_02,2026-04-18 13:53
EGCYH,169802,39900235,0.43,bulls,2026_02,2026-04-18 13:53
MANGO,457379,37831688,1.21,bulls,2026_02,2026-04-18 13:53
SKPLC,60469,13084995,0.46,bulls,2026_02,2026-04-18 13:53
EGCYO,12969,21986285,0.06,bulls,2026_02,2026-04-18 13:53
AKSEL,14367,7100000,0.2,bulls,2026_02,2026-04-18 13:53
EGYO,71088,36676214,0.19,bulls,2026_02,2026-04-18 13:53
KPHOL,3022,4207498,0.07,bulls,2026_02,2026-04-18 13:53
SUMAS,2801,5434738,0.05,bulls,2026_02,2026-04-18 13:53
KRATL,97811,17800000,0.55,bulls,2026_02,2026-04-18 13:53
MEMSA,1124782,160110709,0.7,bulls,2026_02,2026-04-18 13:53
ZPBDLF,1767,8240000,0.02,bulls,2026_02,2026-04-18 13:53
ZPLIBF,4483,190200000,0.0,bulls,2026_02,2026-04-18 13:53
FVORI,63040,17564673,0.36,bulls,2026_02,2026-04-18 13:53
TARAF,7803,5033275,0.16,bulls,2026_02,2026-04-18 13:53
METAL,2801,9024711,0.03,bulls,2026_02,2026-04-18 13:53
ARTOG,57781,18578922,0.31,bulls,2026_02,2026-04-18 13:53
ARBUL,69230,15459297,0.45,bulls,2026_02,2026-04-18 13:53
HITIT,10262,4488204,0.23,bulls,2026_02,2026-04-18 13:53
AKPAZ,19951,22488832,0.09,bulls,2026_02,2026-04-18 13:53
BYSAN,37358,16552134,0.23,bulls,2026_02,2026-04-18 13:53
KMIDIV,0,1334859,0.0,bulls,2026_02,2026-04-18 13:53
GENYH,59176,9999906,0.59,bulls,2026_02,2026-04-18 13:53
QNBFK,61628,843137646,0.01,bulls,2026_02,2026-04-18 13:53
MRTGG,20313,14339249,0.14,bulls,2026_02,2026-04-18 13:53
RANLO,65918,19850386,0.33,bulls,2026_02,2026-04-18 13:53
ASYAB,1755636,477899601,0.37,bulls,2026_02,2026-04-18 13:53
ROYAL,41,17249999,0.0,bulls,2026_02,2026-04-18 13:53
TYIJWV,0,2822382,0.0,bulls,2026_02,2026-04-18 13:53
LIOYS,20996,31625013,0.07,bulls,2026_02,2026-04-18 13:53
DESPC,65302,16023700,0.41,bulls,2026_02,2026-04-18 13:53
TUMTK,8868,76370187,0.01,bulls,2026_02,2026-04-18 13:53
SALIX,45853,4949230,0.93,bulls,2026_02,2026-04-18 13:53
LATEK,222006,39499512,0.56,bulls,2026_02,2026-04-18 13:53
KSTUR,528,3952560,0.01,bulls,2026_02,2026-04-18 13:53
EGEEN,2475,1137161,0.22,bulls,2026_02,2026-04-18 13:53
ULUSE,4173,24000000,0.02,bulls,2026_02,2026-04-18 13:53
TAVHL,19625,213213415,0.01,bulls,2026_02,2026-04-18 13:53
GARFA,21336,138399778,0.02,bulls,2026_02,2026-04-18 13:53
SAYAS,39516,42530887,0.09,bulls,2026_02,2026-04-18 13:53
BASGZ,66027,174999999,0.04,bulls,2026_02,2026-04-18 13:53
MRSHL,188,4212888,0.0,bulls,2026_02,2026-04-18 13:53
POLTK,209,1125000,0.02,bulls,2026_02,2026-04-18 13:53
GLCVY,1883,26400000,0.01,bulls,2026_02,2026-04-18 13:53
INTEK,892,5043584,0.02,bulls,2026_02,2026-04-18 13:53
CASA,17565,4894317,0.36,bulls,2026_02,2026-04-18 13:53
BAKAB,9258,34985326,0.03,bulls,2026_02,2026-04-18 13:53
KENT,527,1786507,0.03,bulls,2026_02,2026-04-18 13:53
NUHCM,4041,33163299,0.01,bulls,2026_02,2026-04-18 13:53
BANVT,2333,36961044,0.01,bulls,2026_02,2026-04-18 13:53
QNBTR,165,2571745911,0.0,bulls,2026_02,2026-04-18 13:53
PSDTC,7642,6599991,0.12,bulls,2026_02,2026-04-18 13:53
EPLAS,208586,190491857,0.11,bulls,2026_02,2026-04-18 13:53
KRPLS,98893,78486163,0.13,bulls,2026_02,2026-04-18 13:53
CMBTN,1655,1023000,0.16,bulls,2026_02,2026-04-18 13:53
MAALT,4899,4763850,0.1,bulls,2026_02,2026-04-18 13:53
COSMO,3204,6494091,0.05,bulls,2026_02,2026-04-18 13:53
ATSYH,12777,7998869,0.16,bulls,2026_02,2026-04-18 13:53
ERICO,14103,5214523,0.27,bulls,2026_02,2026-04-18 13:53
DIRIT,16004,10150123,0.16,bulls,2026_02,2026-04-18 13:53
CGCAM,121671,42000000,0.29,bulls,2026_02,2026-04-18 13:53
INGRM,6812,14969536,0.05,bulls,2026_02,2026-04-18 13:53
KLNMA,134180,91846864,0.15,bulls,2026_02,2026-04-18 13:53
CLKHO,390980,26183651,1.49,bulls,2026_02,2026-04-18 13:53
ATAC,284016,103398067,0.27,bulls,2026_02,2026-04-18 13:53
ESEMS,1076,11202091,0.01,bulls,2026_02,2026-04-18 13:53
MENBA,28830,3496852,0.82,bulls,2026_02,2026-04-18 13:53
BMEKS,642062,114192339,0.56,bulls,2026_02,2026-04-18 13:53
KRGYO,160110,275246747,0.06,bulls,2026_02,2026-04-18 13:53
DMISH,146669,41526838,0.35,bulls,2026_02,2026-04-18 13:53
CATES,4520,33050000,0.01,bulls,2026_02,2026-04-18 13:53
ATAGY,57130,45670114,0.13,bulls,2026_02,2026-04-18 13:53
OYAYO,19039,19999941,0.1,bulls,2026_02,2026-04-18 13:53
GOLDS,352220,192323946,0.18,bulls,2026_02,2026-04-18 13:53
DOGUB,2886,19821566,0.01,bulls,2026_02,2026-04-18 13:53
ALCTL,95144,13543218,0.7,bulls,2026_02,2026-04-18 13:53
ISGLKF,-1000,113800000,-0.0,bulls,2026_02,2026-04-18 13:53
YATAS,19625,94866488,0.02,bulls,2026_02,2026-04-18 13:53
KARTN,8854,72781126,0.01,bulls,2026_02,2026-04-18 13:53
BRKSN,68323,62639942,0.11,bulls,2026_02,2026-04-18 13:53
ATEKS,1835,5441598,0.03,bulls,2026_02,2026-04-18 13:53
FENIS,74076,26080019,0.28,bulls,2026_02,2026-04-18 13:53
MAKIM,94249,42559998,0.22,bulls,2026_02,2026-04-18 13:53
BRISA,27931,31247472,0.09,bulls,2026_02,2026-04-18 13:53
ANHYT,4054,88457041,0.0,bulls,2026_02,2026-04-18 13:53
EMNIS,5491,3429235,0.16,bulls,2026_02,2026-04-18 13:53
ENPRA,2683,15294299,0.02,bulls,2026_02,2026-04-18 13:53
VKING,3074,30932905,0.01,bulls,2026_02,2026-04-18 13:53
TRNSK,78141,25616249,0.31,bulls,2026_02,2026-04-18 13:53
CEOEM,60723,22209658,0.27,bulls,2026_02,2026-04-18 13:53
DERIM,8703,40403770,0.02,bulls,2026_02,2026-04-18 13:53
MOPAS,28793,57330000,0.05,bulls,2026_02,2026-04-18 13:53
BIZIM,2991,27601626,0.01,bulls,2026_02,2026-04-18 13:53
ATATP,101645,18809999,0.54,bulls,2026_02,2026-04-18 13:53
PKART,4293,11048497,0.04,bulls,2026_02,2026-04-18 13:53
CBSBO,86,14692447,0.0,bulls,2026_02,2026-04-18 13:53
RGYAS,4203,105523000,0.0,bulls,2026_02,2026-04-18 13:53
ETYAT,7169,17735341,0.04,bulls,2026_02,2026-04-18 13:53
ISFIN,63979,310154523,0.02,bulls,2026_02,2026-04-18 13:53
LUKSK,1004,27257202,0.0,bulls,2026_02,2026-04-18 13:53
DOFER,71982,20172500,0.36,bulls,2026_02,2026-04-18 13:53
METRO,522010,539989959,0.1,bulls,2026_02,2026-04-18 13:53
GMSTRF,18393,73800000,0.02,bulls,2026_02,2026-04-18 13:53
GRSEL,40076,29650000,0.14,bulls,2026_02,2026-04-18 13:53
KORDS,56155,65421451,0.09,bulls,2026_02,2026-04-18 13:53
GMTAS,807195,298687813,0.27,bulls,2026_02,2026-04-18 13:53
NUGYO,90826,324943976,0.03,bulls,2026_02,2026-04-18 13:53
PARSN,24349,34033246,0.07,bulls,2026_02,2026-04-18 13:53
MACKO,8481,41500000,0.02,bulls,2026_02,2026-04-18 13:53
MOBTL,40929,207999999,0.02,bulls,2026_02,2026-04-18 13:53
SNPAM,80015,19679871,0.41,bulls,2026_02,2026-04-18 13:53
PRTAS,24183,21405233,0.11,bulls,2026_02,2026-04-18 13:53
FRMPL,74254,39997767,0.19,bulls,2026_02,2026-04-18 13:53
ICBCT,50229,216761845,0.02,bulls,2026_02,2026-04-18 13:53
UNTAR,28711,29562129,0.1,bulls,2026_02,2026-04-18 13:53
OTTO,4873,5824438,0.08,bulls,2026_02,2026-04-18 13:53
AGESA,8171,35829553,0.02,bulls,2026_02,2026-04-18 13:53
YIGIT,67251,74999975,0.09,bulls,2026_02,2026-04-18 13:53
YGYO,758898,1310632851,0.06,bulls,2026_02,2026-04-18 13:53
YAPRK,-3179,4214998,-0.08,bulls,2026_02,2026-04-18 13:53
MTRKS,31317,43633165,0.07,bulls,2026_02,2026-04-18 13:53
FORTE,43712,21999999,0.2,bulls,2026_02,2026-04-18 13:53
KMPUR,67061,132432524,0.05,bulls,2026_02,2026-04-18 13:53
MAGEN,182535,719512140,0.03,bulls,2026_02,2026-04-18 13:53
GZNMI,9280,40949825,0.02,bulls,2026_02,2026-04-18 13:53
DEVA,46817,199971824,0.02,bulls,2026_02,2026-04-18 13:53
SAMAT,108344,103183797,0.11,bulls,2026_02,2026-04-18 13:53
ISGYO,27267,531312439,0.01,bulls,2026_02,2026-04-18 13:53
MERKO,345287,101104700,0.34,bulls,2026_02,2026-04-18 13:53
KZGYO,12478,49999978,0.02,bulls,2026_02,2026-04-18 13:53
TGSAS,753093,12348294,6.1,bulls,2026_02,2026-04-18 13:53
KRTEK,50349,18914650,0.27,bulls,2026_02,2026-04-18 13:53
GOODY,78253,132804473,0.06,bulls,2026_02,2026-04-18 13:53
AYGAZ,70415,98568807,0.07,bulls,2026_02,2026-04-18 13:53
BOSSA,1157488,508724189,0.23,bulls,2026_02,2026-04-18 13:53
KARSN,314944,827827039,0.04,bulls,2026_02,2026-04-18 13:53
RODRG,6982,16822352,0.04,bulls,2026_02,2026-04-18 13:53
NETAS,48670,31783484,0.15,bulls,2026_02,2026-04-18 13:53
GLRYH,405325,599623814,0.07,bulls,2026_02,2026-04-18 13:53
MTRYO,82116,39900000,0.21,bulls,2026_02,2026-04-18 13:53
DOFRB,181656,45000000,0.4,bulls,2026_02,2026-04-18 13:53
PINSU,6759,101635846,0.01,bulls,2026_02,2026-04-18 13:53
VANGD,34577,24374995,0.14,bulls,2026_02,2026-04-18 13:53
TOASO,137027,120585076,0.11,bulls,2026_02,2026-04-18 13:53
ORGE,34331,41839996,0.08,bulls,2026_02,2026-04-18 13:53
ADGYO,419078,379654333,0.11,bulls,2026_02,2026-04-18 13:53
GEDIK,65403,983076857,0.01,bulls,2026_02,2026-04-18 13:53
TATGD,49136,119286243,0.04,bulls,2026_02,2026-04-18 13:53
IZENR,437172,914537597,0.05,bulls,2026_02,2026-04-18 13:53
BIMAS,3913,436214016,0.0,bulls,2026_02,2026-04-18 13:53
POLHO,671370,164140074,0.41,bulls,2026_02,2026-04-18 13:53
ZGOLDF,-8848,152040000,-0.01,bulls,2026_02,2026-04-18 13:53
ECILC,680907,210589603,0.32,bulls,2026_02,2026-04-18 13:53
BURVA,203464,4723271,4.31,bulls,2026_02,2026-04-18 13:53
TRMET,18533,174483588,0.01,bulls,2026_02,2026-04-18 13:53
AYEN,6074,55531320,0.01,bulls,2026_02,2026-04-18 13:53
BESLR,435792,658098036,0.07,bulls,2026_02,2026-04-18 13:53
SELEC,10711,124262097,0.01,bulls,2026_02,2026-04-18 13:53
ALFAS,43698,84639559,0.05,bulls,2026_02,2026-04-18 13:53
BURCE,3692716,44422390,8.31,bulls,2026_02,2026-04-18 13:53
GLRMK,46180,38760000,0.12,bulls,2026_02,2026-04-18 13:53
UNLU,144599,102181558,0.14,bulls,2026_02,2026-04-18 13:53
IEYHO,297589,541032947,0.06,bulls,2026_02,2026-04-18 13:53
SMRTG,320215,664164672,0.05,bulls,2026_02,2026-04-18 13:53
TRCAS,15564,206252778,0.01,bulls,2026_02,2026-04-18 13:53
ATAKP,340289,28224000,1.21,bulls,2026_02,2026-04-18 13:53
MPARK,4576,80869110,0.01,bulls,2026_02,2026-04-18 13:53
AYDEM,56147,130000000,0.04,bulls,2026_02,2026-04-18 13:53
DZGYO,469346,399777846,0.12,bulls,2026_02,2026-04-18 13:53
KNFRT,228325,131747000,0.17,bulls,2026_02,2026-04-18 13:53
EMKEL,78350,149999456,0.05,bulls,2026_02,2026-04-18 13:53
SODSN,2468,45429261,0.01,bulls,2026_02,2026-04-18 13:53
YEOTK,280734,160933198,0.17,bulls,2026_02,2026-04-18 13:53
YGGYO,319952,240625741,0.13,bulls,2026_02,2026-04-18 13:53
EGSER,152067,545751057,0.03,bulls,2026_02,2026-04-18 13:53
IHAAS,26834,56031248,0.05,bulls,2026_02,2026-04-18 13:53
ALKLC,71300,45382467,0.16,bulls,2026_02,2026-04-18 13:53
SEKFK,87587,62311473,0.14,bulls,2026_02,2026-04-18 13:53
BIGEN,198914,115500000,0.17,bulls,2026_02,2026-04-18 13:53
OTKAR,14755,33417145,0.04,bulls,2026_02,2026-04-18 13:53
IDGYO,11120,119234999,0.01,bulls,2026_02,2026-04-18 13:53
KOCMT,915466,587485478,0.16,bulls,2026_02,2026-04-18 13:53
ENSRI,26132,236333503,0.01,bulls,2026_02,2026-04-18 13:53
KRVGD,49494,596159766,0.01,bulls,2026_02,2026-04-18 13:53
DGATE,36413,15227271,0.24,bulls,2026_02,2026-04-18 13:53
ZEDUR,25158,69899992,0.04,bulls,2026_02,2026-04-18 13:53
GLDTRF,-19685,45850000,-0.04,bulls,2026_02,2026-04-18 13:53
SOKE,75880,126999996,0.06,bulls,2026_02,2026-04-18 13:53
SMRVA,18553,28000000,0.07,bulls,2026_02,2026-04-18 13:53
HRKET,8266,24000000,0.03,bulls,2026_02,2026-04-18 13:53
BAGFS,2247603,100042745,2.25,bulls,2026_02,2026-04-18 13:53
EGEPO,160716,200000000,0.08,bulls,2026_02,2026-04-18 13:53
AVGYO,2461,111590302,0.0,bulls,2026_02,2026-04-18 13:53
CELHA,81328,146124228,0.06,bulls,2026_02,2026-04-18 13:53
KLSYN,390681,107854952,0.36,bulls,2026_02,2026-04-18 13:53
DYOBY,154330,186553687,0.08,bulls,2026_02,2026-04-18 13:53
ARASE,111889,49999991,0.22,bulls,2026_02,2026-04-18 13:53
BOBET,249081,113999998,0.22,bulls,2026_02,2026-04-18 13:53
DGNMO,164631,327634635,0.05,bulls,2026_02,2026-04-18 13:53
AFYON,233967,399992258,0.06,bulls,2026_02,2026-04-18 13:53
OZGYO,1537062,490916869,0.31,bulls,2026_02,2026-04-18 13:53
ULKER,42286,338855989,0.01,bulls,2026_02,2026-04-18 13:53
NTGAZ,155643,276000000,0.06,bulls,2026_02,2026-04-18 13:53
TRENJ,36682,98018735,0.04,bulls,2026_02,2026-04-18 13:53
EGGUB,914297,75862197,1.21,bulls,2026_02,2026-04-18 13:53
FONET,1252623,577082984,0.22,bulls,2026_02,2026-04-18 13:53
OZRDN,227107,57107579,0.4,bulls,2026_02,2026-04-18 13:53
RTALB,306473,432976722,0.07,bulls,2026_02,2026-04-18 13:53
BMSCH,111138,69277402,0.16,bulls,2026_02,2026-04-18 13:53
FROTO,136321,625119847,0.02,bulls,2026_02,2026-04-18 13:53
MGROS,-1882,96563550,-0.0,bulls,2026_02,2026-04-18 13:53
BLUME,415131,174710134,0.24,bulls,2026_02,2026-04-18 13:53
GATEG,53064,10570341,0.5,bulls,2026_02,2026-04-18 13:53
ASGYO,288810,165000000,0.18,bulls,2026_02,2026-04-18 13:53
YYLGD,150346,369826200,0.04,bulls,2026_02,2026-04-18 13:53
SNICA,588242,321688855,0.18,bulls,2026_02,2026-04-18 13:53
TARKM,5367,4999997,0.11,bulls,2026_02,2026-04-18 13:53
OZYSR,194638,40488000,0.48,bulls,2026_02,2026-04-18 13:53
TDGYO,20382,59898213,0.03,bulls,2026_02,2026-04-18 13:53
ERCB,703047,39113273,1.8,bulls,2026_02,2026-04-18 13:53
BMSTL,128580,74772261,0.17,bulls,2026_02,2026-04-18 13:53
BINBN,1656008,17000000,9.74,bulls,2026_02,2026-04-18 13:53
HKTM,129971,72747495,0.18,bulls,2026_02,2026-04-18 13:53
SEYKM,167781,151040901,0.11,bulls,2026_02,2026-04-18 13:53
ZOREN,1512068,2681244194,0.06,bulls,2026_02,2026-04-18 13:53
ARMGD,6305,54996000,0.01,bulls,2026_02,2026-04-18 13:53
PETUN,925380,134673118,0.69,bulls,2026_02,2026-04-18 13:53
EKSUN,784031,171792833,0.46,bulls,2026_02,2026-04-18 13:53
IMASM,2159928,622850499,0.35,bulls,2026_02,2026-04-18 13:53
VAKFA,170389,224999701,0.08,bulls,2026_02,2026-04-18 13:53
BAHKM,24258,23289000,0.1,bulls,2026_02,2026-04-18 13:53
SAFKR,387460,139406162,0.28,bulls,2026_02,2026-04-18 13:53
UFUK,39745374,46845974,84.84,bulls,2026_02,2026-04-18 13:53
BARMA,30408,68130939,0.04,bulls,2026_02,2026-04-18 13:53
EUREN,1392486,1040132637,0.13,bulls,2026_02,2026-04-18 13:53
TSGYO,255053,266499982,0.1,bulls,2026_02,2026-04-18 13:53
RYGYO,1144908,770588057,0.15,bulls,2026_02,2026-04-18 13:53
ENERY,68938,2420687469,0.0,bulls,2026_02,2026-04-18 13:53
MNDRS,1504767,222007982,0.68,bulls,2026_02,2026-04-18 13:53
BERA,257355,491964370,0.05,bulls,2026_02,2026-04-18 13:53
KAREL,1272916,329659497,0.39,bulls,2026_02,2026-04-18 13:53
AKFGY,2442652,3457819313,0.07,bulls,2026_02,2026-04-18 13:53
AKYHO,4359928,223895870,1.95,bulls,2026_02,2026-04-18 13:53
OFSYM,50409,22749998,0.22,bulls,2026_02,2026-04-18 13:53
BRKO,1236334,138220828,0.89,bulls,2026_02,2026-04-18 13:53
SEGYO,307418,203351321,0.15,bulls,2026_02,2026-04-18 13:53
NATEN,969645,309375000,0.31,bulls,2026_02,2026-04-18 13:53
PRKME,41135,53038641,0.08,bulls,2026_02,2026-04-18 13:53
DOHOL,-139074,984706978,-0.01,bulls,2026_02,2026-04-18 13:53
ARDYZ,196426,279551557,0.07,bulls,2026_02,2026-04-18 13:53
BORLS,370908,308652686,0.12,bulls,2026_02,2026-04-18 13:53
DITAS,3781,83407812,0.0,bulls,2026_02,2026-04-18 13:53
EUPWR,593317,199610525,0.3,bulls,2026_02,2026-04-18 13:53
BALAT,489679,13585960,3.6,bulls,2026_02,2026-04-18 13:53
LILAK,271511,260252705,0.1,bulls,2026_02,2026-04-18 13:53
VESTL,474163,295447203,0.16,bulls,2026_02,2026-04-18 13:53
AGROT,625213,843999770,0.07,bulls,2026_02,2026-04-18 13:53
TKFEN,-64147,230848007,-0.03,bulls,2026_02,2026-04-18 13:53
QUAGR,2513784,1773200000,0.14,bulls,2026_02,2026-04-18 13:53
DAGI,145212,175301274,0.08,bulls,2026_02,2026-04-18 13:53
FLAP,21890,93599985,0.02,bulls,2026_02,2026-04-18 13:53
ANELE,44799,151405542,0.03,bulls,2026_02,2026-04-18 13:53
TEKTU,752832,195639311,0.38,bulls,2026_02,2026-04-18 13:53
ARFYE,546473,47000000,1.16,bulls,2026_02,2026-04-18 13:53
ALKA,716014,330750000,0.22,bulls,2026_02,2026-04-18 13:53
HEDEF,183473,562499930,0.03,bulls,2026_02,2026-04-18 13:53
PRDGS,257042,110850000,0.23,bulls,2026_02,2026-04-18 13:53
IHYAY,1800372,388124996,0.46,bulls,2026_02,2026-04-18 13:53
VRGYO,1231350,597693904,0.21,bulls,2026_02,2026-04-18 13:53
ULUFA,177461,305269391,0.06,bulls,2026_02,2026-04-18 13:53
JANTS,263277,207512786,0.13,bulls,2026_02,2026-04-18 13:53
EUYO,322153,19932875,1.62,bulls,2026_02,2026-04-18 13:53
MARKA,121189,20752018,0.58,bulls,2026_02,2026-04-18 13:53
ESEN,259668,682499950,0.04,bulls,2026_02,2026-04-18 13:53
SARKY,134706,999999671,0.01,bulls,2026_02,2026-04-18 13:53
FENER,803054,2772321468,0.03,bulls,2026_02,2026-04-18 13:53
GARAN,-802,2454957798,-0.0,bulls,2026_02,2026-04-18 13:53
DMSAS,124775,199994510,0.06,bulls,2026_02,2026-04-18 13:53
TRILC,251017,118499496,0.21,bulls,2026_02,2026-04-18 13:53
DMLKTG,212076,2517503921,0.01,bulls,2026_02,2026-04-18 13:53
YESIL,1909629,640699949,0.3,bulls,2026_02,2026-04-18 13:53
DCTTR,644882,157328724,0.41,bulls,2026_02,2026-04-18 13:53
GRTHO,3972002,36745000,10.81,bulls,2026_02,2026-04-18 13:53
KOTON,228964,136599922,0.17,bulls,2026_02,2026-04-18 13:53
BJKAS,845033,1776089716,0.05,bulls,2026_02,2026-04-18 13:53
MEGMT,175617,72749986,0.24,bulls,2026_02,2026-04-18 13:53
OSMEN,140080,157750927,0.09,bulls,2026_02,2026-04-18 13:53
BALSU,397145,278000000,0.14,bulls,2026_02,2026-04-18 13:53
PATEK,850538,293081892,0.29,bulls,2026_02,2026-04-18 13:53
OZKGY,1209316,363999945,0.33,bulls,2026_02,2026-04-18 13:53
CEMTS,368640,233425986,0.16,bulls,2026_02,2026-04-18 13:53
ARCLK,222136,170054748,0.13,bulls,2026_02,2026-04-18 13:53
CEMAS,1860704,790994229,0.24,bulls,2026_02,2026-04-18 13:53
KERVN,162238,588346973,0.03,bulls,2026_02,2026-04-18 13:53
SERNT,261234,113000000,0.23,bulls,2026_02,2026-04-18 13:53
MHRGY,194011,310499991,0.06,bulls,2026_02,2026-04-18 13:53
DENGE,638981,525284797,0.12,bulls,2026_02,2026-04-18 13:53
ENKAI,-67964,874733059,-0.01,bulls,2026_02,2026-04-18 13:53
IHLAS,2778072,1396079076,0.2,bulls,2026_02,2026-04-18 13:53
BNTAS,1161593,170624998,0.68,bulls,2026_02,2026-04-18 13:53
AKFYE,201379,551782160,0.04,bulls,2026_02,2026-04-18 13:53
YKSLN,648803,197429570,0.33,bulls,2026_02,2026-04-18 13:53
DARDL,1137416,1753442695,0.06,bulls,2026_02,2026-04-18 13:53
ODAS,9424804,1113798031,0.85,bulls,2026_02,2026-04-18 13:53
BULGS,5524452,72499900,7.62,bulls,2026_02,2026-04-18 13:53
FRIGO,1134608,263258455,0.43,bulls,2026_02,2026-04-18 13:53
AKSEN,65215,638545796,0.01,bulls,2026_02,2026-04-18 13:53
MERIT,610248,329748900,0.19,bulls,2026_02,2026-04-18 13:53
TCELL,148836,1622604373,0.01,bulls,2026_02,2026-04-18 13:53
HURGZ,243445,220784167,0.11,bulls,2026_02,2026-04-18 13:53
ZERGY,446865,156799985,0.28,bulls,2026_02,2026-04-18 13:53
SKTAS,968526,332865443,0.29,bulls,2026_02,2026-04-18 13:53
ALVES,1172994,1159999780,0.1,bulls,2026_02,2026-04-18 13:53
ENJSA,-60648,236209270,-0.03,bulls,2026_02,2026-04-18 13:53
BEGYO,170246,290000000,0.06,bulls,2026_02,2026-04-18 13:53
BINHO,1616608,488884380,0.33,bulls,2026_02,2026-04-18 13:53
ALKIM,1629062,182767821,0.89,bulls,2026_02,2026-04-18 13:53
TEZOL,382728,139999972,0.27,bulls,2026_02,2026-04-18 13:53
SNGYO,1562569,3607173097,0.04,bulls,2026_02,2026-04-18 13:53
EKGYO,-3030661,1925107366,-0.16,bulls,2026_02,2026-04-18 13:53
LINK,2037544,18231985,11.18,bulls,2026_02,2026-04-18 13:53
ASELS,1006075,1178597817,0.09,bulls,2026_02,2026-04-18 13:53
HLGYO,1497204,1075198517,0.14,bulls,2026_02,2026-04-18 13:53
OSTIM,8888363,510004637,1.74,bulls,2026_02,2026-04-18 13:53
ALARK,380961,165125148,0.23,bulls,2026_02,2026-04-18 13:53
YUNSA,1083934,202164056,0.54,bulls,2026_02,2026-04-18 13:53
GUNDG,83216,18968972,0.44,bulls,2026_02,2026-04-18 13:53
SKBNK,855002,2498877855,0.03,bulls,2026_02,2026-04-18 13:53
IHGZT,56930280,570666228,9.98,bulls,2026_02,2026-04-18 13:53
AKCNS,576129,39359284,1.46,bulls,2026_02,2026-04-18 13:53
VAKFN,1506122,2064378140,0.07,bulls,2026_02,2026-04-18 13:53
CIMSA,318550,488404404,0.07,bulls,2026_02,2026-04-18 13:53
AZTEK,108568,279000000,0.04,bulls,2026_02,2026-04-18 13:53
ALGYO,749988,989338262,0.08,bulls,2026_02,2026-04-18 13:53
HEKTS,2880807,3946424642,0.07,bulls,2026_02,2026-04-18 13:53
PETKM,-32686,1241729843,-0.0,bulls,2026_02,2026-04-18 13:53
KATMR,2166681,1980989998,0.11,bulls,2026_02,2026-04-18 13:53
RYSAS,575264,1504020937,0.04,bulls,2026_02,2026-04-18 13:53
NIBAS,247051,267767946,0.09,bulls,2026_02,2026-04-18 13:53
ECOGR,1536198,110000000,1.4,bulls,2026_02,2026-04-18 13:53
INFO,451024,767463337,0.06,bulls,2026_02,2026-04-18 13:53
KRDMD,-911301,780216365,-0.12,bulls,2026_02,2026-04-18 13:53
YYAPI,2522348,1705025550,0.15,bulls,2026_02,2026-04-18 13:53
VKGYO,1728691,1637203242,0.11,bulls,2026_02,2026-04-18 13:53
ZGYO,690234,84500000,0.82,bulls,2026_02,2026-04-18 13:53
ASTOR,923965,366896261,0.25,bulls,2026_02,2026-04-18 13:53
PAHOL,27113378,3999999979,0.68,bulls,2026_02,2026-04-18 13:53
GSRAY,9086532,10123744690,0.09,bulls,2026_02,2026-04-18 13:53
GLYHO,1332178,1949290631,0.07,bulls,2026_02,2026-04-18 13:53
GENTS,2499840,749958921,0.33,bulls,2026_02,2026-04-18 13:53
TRALT,1145683,952269019,0.12,bulls,2026_02,2026-04-18 13:53
KONTR,464314,936038762,0.05,bulls,2026_02,2026-04-18 13:53
KRDMA,17130894,240300917,7.13,bulls,2026_02,2026-04-18 13:53
DAPGM,203930050,928276145,21.97,bulls,2026_02,2026-04-18 13:53
PSGYO,47342766,2954231556,1.6,bulls,2026_02,2026-04-18 13:53
SASA,19092198,25700419936,0.07,bulls,2026_02,2026-04-18 13:53
BTCIM,19387405,4052065429,0.48,bulls,2026_02,2026-04-18 13:53
FORMT,100842218,1029046010,9.8,bulls,2026_02,2026-04-18 13:53
ALVES,76320609,1159999780,6.58,pusula,2026_02,2026-04-18 13:53
GENIL,18959640,1289069985,1.47,pusula,2026_02,2026-04-18 13:53
PEKGY,23222141,4685233406,0.5,pusula,2026_02,2026-04-18 13:53
ADESE,11716069,4687131701,0.25,pusula,2026_02,2026-04-18 13:53
ZOREN,12769781,2681244194,0.48,pusula,2026_02,2026-04-18 13:53
KOPOL,8260371,266319652,3.1,pusula,2026_02,2026-04-18 13:53
PCILT,4724787,45014182,10.5,pusula,2026_02,2026-04-18 13:53
PAHOL,19911409,3999999979,0.5,pusula,2026_02,2026-04-18 13:53
KUYAS,3872828,398957788,0.97,pusula,2026_02,2026-04-18 13:53
KTLEV,5024907,1288500000,0.39,pusula,2026_02,2026-04-18 13:53
TERA,1968670,240888789,0.82,pusula,2026_02,2026-04-18 13:53
USAK,2730016,2436064709,0.11,pusula,2026_02,2026-04-18 13:53
EUREN,2239508,1040132637,0.22,pusula,2026_02,2026-04-18 13:53
KZBGY,2059501,1959999915,0.11,pusula,2026_02,2026-04-18 13:53
EYGYO,3046241,362859667,0.84,pusula,2026_02,2026-04-18 13:53
GUNDG,1381679,18968972,7.28,pusula,2026_02,2026-04-18 13:53
PASEU,958122,215295868,0.45,pusula,2026_02,2026-04-18 13:53
HEDEF,1648858,562499930,0.29,pusula,2026_02,2026-04-18 13:53
OZGYO,1792302,490916869,0.37,pusula,2026_02,2026-04-18 13:53
AVOD,1870809,253604577,0.74,pusula,2026_02,2026-04-18 13:53
ODAS,2233842,1113798031,0.2,pusula,2026_02,2026-04-18 13:53
RNPOL,1089696,335900000,0.32,pusula,2026_02,2026-04-18 13:53
MRGYO,3250056,1753202571,0.19,pusula,2026_02,2026-04-18 13:53
TUKAS,3986058,4499995929,0.09,pusula,2026_02,2026-04-18 13:53
HLGYO,2276189,1075198517,0.21,pusula,2026_02,2026-04-18 13:53
ARSAN,1716661,887344274,0.19,pusula,2026_02,2026-04-18 13:53
KLSYN,1209859,107854952,1.12,pusula,2026_02,2026-04-18 13:53
ATATR,851602,280000000,0.3,pusula,2026_02,2026-04-18 13:53
SANFM,1491498,225029995,0.66,pusula,2026_02,2026-04-18 13:53
KBORU,1005848,143999994,0.7,pusula,2026_02,2026-04-18 13:53
MOPAS,731476,57330000,1.28,pusula,2026_02,2026-04-18 13:53
MARMR,1573014,961218727,0.16,pusula,2026_02,2026-04-18 13:53
IZFAS,3386291,156001658,2.17,pusula,2026_02,2026-04-18 13:53
YYLGD,770613,369826200,0.21,pusula,2026_02,2026-04-18 13:53
VESBE,502482,503578676,0.1,pusula,2026_02,2026-04-18 13:53
TYIJWV,435844,2822382,15.44,pusula,2026_02,2026-04-18 13:53
FONET,742359,577082984,0.13,pusula,2026_02,2026-04-18 13:53
MARTI,1194586,650112403,0.18,pusula,2026_02,2026-04-18 13:53
MANAS,973019,255704000,0.38,pusula,2026_02,2026-04-18 13:53
IHLAS,1285418,1396079076,0.09,pusula,2026_02,2026-04-18 13:53
ARFYE,411072,47000000,0.87,pusula,2026_02,2026-04-18 13:53
SAMAT,600013,103183797,0.58,pusula,2026_02,2026-04-18 13:53
ECOGR,710798,110000000,0.65,pusula,2026_02,2026-04-18 13:53
BESTE,322318,54578499,0.59,pusula,2026_02,2026-04-18 13:53
NTGAZ,422492,276000000,0.15,pusula,2026_02,2026-04-18 13:53
MERCN,403949,74389005,0.54,pusula,2026_02,2026-04-18 13:53
MEGMT,588918,72749986,0.81,pusula,2026_02,2026-04-18 13:53
ODINE,302199,52810834,0.57,pusula,2026_02,2026-04-18 13:53
CVKMD,562171,461999787,0.12,pusula,2026_02,2026-04-18 13:53
MTRKS,676628,43633165,1.55,pusula,2026_02,2026-04-18 13:53
MEYSU,1293312,175000000,0.74,pusula,2026_02,2026-04-18 13:53
BORLS,395976,308652686,0.13,pusula,2026_02,2026-04-18 13:53
HDFGS,950439,956974191,0.1,pusula,2026_02,2026-04-18 13:53
IHGZT,391130,570666228,0.07,pusula,2026_02,2026-04-18 13:53
AKFYE,334017,551782160,0.06,pusula,2026_02,2026-04-18 13:53
DMRGD,948119,1277294592,0.07,pusula,2026_02,2026-04-18 13:53
KOCMT,717249,587485478,0.12,pusula,2026_02,2026-04-18 13:53
CEMZY,219206,124119970,0.18,pusula,2026_02,2026-04-18 13:53
PETKM,543265,1241729843,0.04,pusula,2026_02,2026-04-18 13:53
ISKPL,1673960,724625736,0.23,pusula,2026_02,2026-04-18 13:53
KRVGD,56884,596159766,0.01,pusula,2026_02,2026-04-18 13:53
METRO,917791,539989959,0.17,pusula,2026_02,2026-04-18 13:53
TSKB,231217,1516591673,0.02,pusula,2026_02,2026-04-18 13:53
ENTRA,320709,369383564,0.09,pusula,2026_02,2026-04-18 13:53
HURGZ,403969,220784167,0.18,pusula,2026_02,2026-04-18 13:53
DARDL,773079,1753442695,0.04,pusula,2026_02,2026-04-18 13:53
SILVR,405022,212818206,0.19,pusula,2026_02,2026-04-18 13:53
ZEDUR,190066,69899992,0.27,pusula,2026_02,2026-04-18 13:53
KRDMB,173361,118762110,0.15,pusula,2026_02,2026-04-18 13:53
SKTAS,676626,332865443,0.2,pusula,2026_02,2026-04-18 13:53
CONSE,374199,377854899,0.1,pusula,2026_02,2026-04-18 13:53
AKHAN,191258,54700000,0.35,pusula,2026_02,2026-04-18 13:53
OSTIM,344331,510004637,0.07,pusula,2026_02,2026-04-18 13:53
ZERGY,334605,156799985,0.21,pusula,2026_02,2026-04-18 13:53
KCAER,492051,496494775,0.1,pusula,2026_02,2026-04-18 13:53
PGSUS,217251,295068870,0.07,pusula,2026_02,2026-04-18 13:53
ALGYO,3652374,989338262,0.37,pusula,2026_02,2026-04-18 13:53
YESIL,536867,640699949,0.08,pusula,2026_02,2026-04-18 13:53
BNTAS,193350,170624998,0.11,pusula,2026_02,2026-04-18 13:53
IHEVA,1130650,291631239,0.39,pusula,2026_02,2026-04-18 13:53
FRIGO,804119,263258455,0.31,pusula,2026_02,2026-04-18 13:53
NUGYO,177846,324943976,0.05,pusula,2026_02,2026-04-18 13:53
ASGYO,398034,165000000,0.24,pusula,2026_02,2026-04-18 13:53
FZLGY,275542,398427644,0.07,pusula,2026_02,2026-04-18 13:53
BARMA,751001,68130939,1.1,pusula,2026_02,2026-04-18 13:53
AHGAZ,301321,659370871,0.05,pusula,2026_02,2026-04-18 13:53
BERA,206211,491964370,0.04,pusula,2026_02,2026-04-18 13:53
MOGAN,219992,262635000,0.08,pusula,2026_02,2026-04-18 13:53
OZYSR,368100,40488000,0.91,pusula,2026_02,2026-04-18 13:53
BIGCH,125167,368932945,0.03,pusula,2026_02,2026-04-18 13:53
DURKN,109509,42500000,0.26,pusula,2026_02,2026-04-18 13:53
ENDAE,92901,123506828,0.08,pusula,2026_02,2026-04-18 13:53
FRMPL,132515,39997767,0.33,pusula,2026_02,2026-04-18 13:53
AKGRT,135310,629007625,0.02,pusula,2026_02,2026-04-18 13:53
KLGYO,463899,689399869,0.07,pusula,2026_02,2026-04-18 13:53
RTALB,518236,432976722,0.12,pusula,2026_02,2026-04-18 13:53
AKFIS,108615,66841328,0.16,pusula,2026_02,2026-04-18 13:53
TUREX,352664,432000000,0.08,pusula,2026_02,2026-04-18 13:53
KRPLS,158234,78486163,0.2,pusula,2026_02,2026-04-18 13:53
CGCAM,112544,42000000,0.27,pusula,2026_02,2026-04-18 13:53
ZGYO,97103,84500000,0.11,pusula,2026_02,2026-04-18 13:53
YAYLA,214229,39874966,0.54,pusula,2026_02,2026-04-18 13:53
GRNYO,76581,37386059,0.2,pusula,2026_02,2026-04-18 13:53
ASTOR,197061,366896261,0.05,pusula,2026_02,2026-04-18 13:53
GENTS,666720,749958921,0.09,pusula,2026_02,2026-04-18 13:53
ADGYO,100773,379654333,0.03,pusula,2026_02,2026-04-18 13:53
DYOBY,232054,186553687,0.12,pusula,2026_02,2026-04-18 13:53
GEREL,307131,219036379,0.14,pusula,2026_02,2026-04-18 13:53
AKSA,996780,1503650642,0.07,pusula,2026_02,2026-04-18 13:53
BJKAS,272652,1776089716,0.02,pusula,2026_02,2026-04-18 13:53
PNSUT,137872,128323851,0.11,pusula,2026_02,2026-04-18 13:53
BEYAZ,80818,42317352,0.19,pusula,2026_02,2026-04-18 13:53
CEOEM,100198,22209658,0.45,pusula,2026_02,2026-04-18 13:53
MERKO,177876,101104700,0.18,pusula,2026_02,2026-04-18 13:53
YAPRK,59243,4214998,1.41,pusula,2026_02,2026-04-18 13:53
HUNER,262956,670137934,0.04,pusula,2026_02,2026-04-18 13:53
RYGYO,204989,770588057,0.03,pusula,2026_02,2026-04-18 13:53
MPARK,61955,80869110,0.08,pusula,2026_02,2026-04-18 13:53
INDES,143519,462749767,0.03,pusula,2026_02,2026-04-18 13:53
FORMT,619951,1029046010,0.06,pusula,2026_02,2026-04-18 13:53
KATMR,1797806,1980989998,0.09,pusula,2026_02,2026-04-18 13:53
SKYLP,54725,7159255,0.76,pusula,2026_02,2026-04-18 13:53
BOSSA,68329,508724189,0.01,pusula,2026_02,2026-04-18 13:53
BALSU,83119,278000000,0.03,pusula,2026_02,2026-04-18 13:53
AKENR,83326,385189146,0.02,pusula,2026_02,2026-04-18 13:53
AYES,78563,87567109,0.09,pusula,2026_02,2026-04-18 13:53
VESTL,148540,295447203,0.05,pusula,2026_02,2026-04-18 13:53
IVIVNV,39999,4034925,0.99,pusula,2026_02,2026-04-18 13:53
YKSLN,181512,197429570,0.09,pusula,2026_02,2026-04-18 13:53
PNLSN,45637,34752383,0.13,pusula,2026_02,2026-04-18 13:53
CEMTS,156848,233425986,0.07,pusula,2026_02,2026-04-18 13:53
UNLU,106933,102181558,0.1,pusula,2026_02,2026-04-18 13:53
SNGYO,293991,3607173097,0.01,pusula,2026_02,2026-04-18 13:53
ERCB,47636,39113273,0.12,pusula,2026_02,2026-04-18 13:53
SRVGY,252242,812499687,0.03,pusula,2026_02,2026-04-18 13:53
ADEL,60281,112043619,0.05,pusula,2026_02,2026-04-18 13:53
BESLR,124435,658098036,0.02,pusula,2026_02,2026-04-18 13:53
SNICA,411317,321688855,0.13,pusula,2026_02,2026-04-18 13:53
LYDHO,64436,197140970,0.03,pusula,2026_02,2026-04-18 13:53
CCOLA,46658,820001147,0.01,pusula,2026_02,2026-04-18 13:53
GZNMI,45886,40949825,0.11,pusula,2026_02,2026-04-18 13:53
KNFRT,28619,131747000,0.02,pusula,2026_02,2026-04-18 13:53
MHRGY,337607,310499991,0.11,pusula,2026_02,2026-04-18 13:53
ZRGYO,425331,1173404997,0.04,pusula,2026_02,2026-04-18 13:53
MARBL,127227,65226403,0.2,pusula,2026_02,2026-04-18 13:53
KAREL,209849,329659497,0.06,pusula,2026_02,2026-04-18 13:53
EBEBK,28639,40534692,0.07,pusula,2026_02,2026-04-18 13:53
LILAK,124694,260252705,0.05,pusula,2026_02,2026-04-18 13:53
BIMAS,33551,436214016,0.01,pusula,2026_02,2026-04-18 13:53
CIMSA,147101,488404404,0.03,pusula,2026_02,2026-04-18 13:53
KRDMA,51441,240300917,0.02,pusula,2026_02,2026-04-18 13:53
ANSGR,39162,1564416026,0.0,pusula,2026_02,2026-04-18 13:53
GEDZA,32037,42983624,0.07,pusula,2026_02,2026-04-18 13:53
GWIND,54891,179165491,0.03,pusula,2026_02,2026-04-18 13:53
ISSEN,175535,107411517,0.16,pusula,2026_02,2026-04-18 13:53
BOBET,80587,113999998,0.07,pusula,2026_02,2026-04-18 13:53
ELITE,83554,44650000,0.19,pusula,2026_02,2026-04-18 13:53
MEGAP,279516,234498757,0.12,pusula,2026_02,2026-04-18 13:53
YATAS,1776,94866488,0.0,pusula,2026_02,2026-04-18 13:53
PENGD,111649,171069968,0.07,pusula,2026_02,2026-04-18 13:53
HRKET,110584,24000000,0.46,pusula,2026_02,2026-04-18 13:53
PARSN,21769,34033246,0.06,pusula,2026_02,2026-04-18 13:53
LIDFA,322378,458180545,0.07,pusula,2026_02,2026-04-18 13:53
OBASE,17366,14924000,0.12,pusula,2026_02,2026-04-18 13:53
SAFKR,128562,139406162,0.09,pusula,2026_02,2026-04-18 13:53
KONKA,105494,89670000,0.12,pusula,2026_02,2026-04-18 13:53
OYLUM,58302,80937367,0.07,pusula,2026_02,2026-04-18 13:53
ANGEN,122442,86440002,0.14,pusula,2026_02,2026-04-18 13:53
FROTO,182539,625119847,0.03,pusula,2026_02,2026-04-18 13:53
EGSER,336700,545751057,0.06,pusula,2026_02,2026-04-18 13:53
SUNTK,34311,145280000,0.02,pusula,2026_02,2026-04-18 13:53
ULUFA,368733,305269391,0.12,pusula,2026_02,2026-04-18 13:53
GOODY,213663,132804473,0.16,pusula,2026_02,2026-04-18 13:53
EKSUN,334222,171792833,0.19,pusula,2026_02,2026-04-18 13:53
RODRG,63334,16822352,0.38,pusula,2026_02,2026-04-18 13:53
AKYHO,1395376,223895870,0.62,pusula,2026_02,2026-04-18 13:53
RALYH,13240,176370972,0.01,pusula,2026_02,2026-04-18 13:53
VKFYO,33050,26473700,0.12,pusula,2026_02,2026-04-18 13:53
BIENY,105779,83144831,0.13,pusula,2026_02,2026-04-18 13:53
MERIT,16775,329748900,0.01,pusula,2026_02,2026-04-18 13:53
GRTHO,22105,36745000,0.06,pusula,2026_02,2026-04-18 13:53
LINK,20985,18231985,0.12,pusula,2026_02,2026-04-18 13:53
OZATD,32566,13349988,0.24,pusula,2026_02,2026-04-18 13:53
ARENA,34322,66996461,0.05,pusula,2026_02,2026-04-18 13:53
AKSUE,20631,56376184,0.04,pusula,2026_02,2026-04-18 13:53
MAKTK,347651,184370066,0.19,pusula,2026_02,2026-04-18 13:53
PINSU,61221,101635846,0.06,pusula,2026_02,2026-04-18 13:53
RYSAS,82789,1504020937,0.01,pusula,2026_02,2026-04-18 13:53
ICBCT,73099,216761845,0.03,pusula,2026_02,2026-04-18 13:53
SODSN,51368,45429261,0.11,pusula,2026_02,2026-04-18 13:53
OTKAR,14736,33417145,0.04,pusula,2026_02,2026-04-18 13:53
EGPRO,29853,175170570,0.02,pusula,2026_02,2026-04-18 13:53
ENERY,354670,2420687469,0.01,pusula,2026_02,2026-04-18 13:53
OYAYO,33831,19999941,0.17,pusula,2026_02,2026-04-18 13:53
EMPAE,7415,38000000,0.02,pusula,2026_02,2026-04-18 13:53
ALKIM,45162,182767821,0.02,pusula,2026_02,2026-04-18 13:53
ATATP,33205,18809999,0.18,pusula,2026_02,2026-04-18 13:53
DOFRB,21158,45000000,0.05,pusula,2026_02,2026-04-18 13:53
ATLAS,6606,59999865,0.01,pusula,2026_02,2026-04-18 13:53
CATES,39800,33050000,0.12,pusula,2026_02,2026-04-18 13:53
OZKGY,46905,363999945,0.01,pusula,2026_02,2026-04-18 13:53
RUBNS,18224,42377765,0.04,pusula,2026_02,2026-04-18 13:53
DOAS,31584,97899975,0.03,pusula,2026_02,2026-04-18 13:53
LOGO,9342,74328248,0.01,pusula,2026_02,2026-04-18 13:53
PENTA,84385,181070136,0.05,pusula,2026_02,2026-04-18 13:53
DESA,18173,171107590,0.01,pusula,2026_02,2026-04-18 13:53
DGGYO,6556,280709437,0.0,pusula,2026_02,2026-04-18 13:53
MAKIM,9165,42559998,0.02,pusula,2026_02,2026-04-18 13:53
TTRAK,16074,24967158,0.06,pusula,2026_02,2026-04-18 13:53
AFYON,95369,399992258,0.02,pusula,2026_02,2026-04-18 13:53
MARKA,6676,20752018,0.03,pusula,2026_02,2026-04-18 13:53
GRSEL,18326,29650000,0.06,pusula,2026_02,2026-04-18 13:53
EUHOL,42362,142999954,0.03,pusula,2026_02,2026-04-18 13:53
OYYAT,23071,91048322,0.03,pusula,2026_02,2026-04-18 13:53
TKFEN,26970,230848007,0.01,pusula,2026_02,2026-04-18 13:53
BALAT,108269,13585960,0.8,pusula,2026_02,2026-04-18 13:53
ISBIR,10201,14520542,0.07,pusula,2026_02,2026-04-18 13:53
JANTS,44323,207512786,0.02,pusula,2026_02,2026-04-18 13:53
ENJSA,21540,236209270,0.01,pusula,2026_02,2026-04-18 13:53
LIDER,53149,279500000,0.02,pusula,2026_02,2026-04-18 13:53
BMSTL,155576,74772261,0.21,pusula,2026_02,2026-04-18 13:53
BLUME,145161,174710134,0.08,pusula,2026_02,2026-04-18 13:53
QNBTR,25776,2571745911,0.0,pusula,2026_02,2026-04-18 13:53
EUKYO,163826,19899963,0.82,pusula,2026_02,2026-04-18 13:53
MTRYO,62557,39900000,0.16,pusula,2026_02,2026-04-18 13:53
IZINV,6133,13540386,0.05,pusula,2026_02,2026-04-18 13:53
KERVN,496057,588346973,0.08,pusula,2026_02,2026-04-18 13:53
DZGYO,45446,399777846,0.01,pusula,2026_02,2026-04-18 13:53
BRSAN,15265,35912460,0.04,pusula,2026_02,2026-04-18 13:53
TABGD,6100,52499906,0.01,pusula,2026_02,2026-04-18 13:53
YUNSA,2294093,202164056,1.13,pusula,2026_02,2026-04-18 13:53
BURCE,14295,44422390,0.03,pusula,2026_02,2026-04-18 13:53
BAHKM,7443,23289000,0.03,pusula,2026_02,2026-04-18 13:53
KUVVA,6788,24204585,0.03,pusula,2026_02,2026-04-18 13:53
ATSYH,4931,7998869,0.06,pusula,2026_02,2026-04-18 13:53
DUNYH,47467,36443197,0.13,pusula,2026_02,2026-04-18 13:53
FORTE,16371,21999999,0.07,pusula,2026_02,2026-04-18 13:53
TBORG,5043,59392160,0.01,pusula,2026_02,2026-04-18 13:53
CRFSA,9791,18312793,0.05,pusula,2026_02,2026-04-18 13:53
COSMO,1051,6494091,0.02,pusula,2026_02,2026-04-18 13:53
BFREN,4227,24586148,0.02,pusula,2026_02,2026-04-18 13:53
BRMEN,50561,57566555,0.09,pusula,2026_02,2026-04-18 13:53
ECZYT,8407,45880511,0.02,pusula,2026_02,2026-04-18 13:53
GMSTRF,19031,73800000,0.03,pusula,2026_02,2026-04-18 13:53
DGATE,94682,15227271,0.62,pusula,2026_02,2026-04-18 13:53
AVGYO,43278,111590302,0.04,pusula,2026_02,2026-04-18 13:53
BAKAB,6070,34985326,0.02,pusula,2026_02,2026-04-18 13:53
PRKAB,16811,35225443,0.05,pusula,2026_02,2026-04-18 13:53
CASA,3093,4894317,0.06,pusula,2026_02,2026-04-18 13:53
MAALT,1052,4763850,0.02,pusula,2026_02,2026-04-18 13:53
ERBOS,6797,15899843,0.04,pusula,2026_02,2026-04-18 13:53
KENT,576,1786507,0.03,pusula,2026_02,2026-04-18 13:53
ZGOLDF,2122,152040000,0.0,pusula,2026_02,2026-04-18 13:53
TUPRS,159357,902334139,0.02,pusula,2026_02,2026-04-18 13:53
BASCM,1181,49238593,0.0,pusula,2026_02,2026-04-18 13:53
KZGYO,38570,49999978,0.08,pusula,2026_02,2026-04-18 13:53
AYCES,1079,1895369,0.06,pusula,2026_02,2026-04-18 13:53
BRISA,4066,31247472,0.01,pusula,2026_02,2026-04-18 13:53
GOZDE,18746,384991447,0.0,pusula,2026_02,2026-04-18 13:53
SONME,2654,4349319,0.06,pusula,2026_02,2026-04-18 13:53
INGRM,1035,14969536,0.01,pusula,2026_02,2026-04-18 13:53
ENSRI,11982,236333503,0.01,pusula,2026_02,2026-04-18 13:53
CLEBI,1457,5490178,0.03,pusula,2026_02,2026-04-18 13:53
SUMAS,2210,5434738,0.04,pusula,2026_02,2026-04-18 13:53
EMNIS,4874,3429235,0.14,pusula,2026_02,2026-04-18 13:53
MRSHL,674,4212888,0.02,pusula,2026_02,2026-04-18 13:53
EGEEN,2018,1137161,0.18,pusula,2026_02,2026-04-18 13:53
CMENT,2241,56829666,0.0,pusula,2026_02,2026-04-18 13:53
ORMA,1102,3663265,0.03,pusula,2026_02,2026-04-18 13:53
POLTK,137,1125000,0.01,pusula,2026_02,2026-04-18 13:53
DMISH,5,41526838,0.0,pusula,2026_02,2026-04-18 13:53
MEPET,15414,73940585,0.02,pusula,2026_02,2026-04-18 13:53
AAIDZV,1,1778964,0.0,pusula,2026_02,2026-04-18 13:53
MRTGG,14130,14339249,0.1,pusula,2026_02,2026-04-18 13:53
FENIS,1,26080019,0.0,pusula,2026_02,2026-04-18 13:53
UKIM,5000,2053621,0.24,pusula,2026_02,2026-04-18 13:53
LIOYS,7250,31625013,0.02,pusula,2026_02,2026-04-18 13:53
UMPAS,64227,19421124,0.33,pusula,2026_02,2026-04-18 13:53
PRTAS,0,21405233,0.0,pusula,2026_02,2026-04-18 13:53
UNTAR,10350,29562129,0.04,pusula,2026_02,2026-04-18 13:53
EGYO,4500,36676214,0.01,pusula,2026_02,2026-04-18 13:53
EKIZ,62,8198720,0.0,pusula,2026_02,2026-04-18 13:53
UZEL,124850,26329793,0.47,pusula,2026_02,2026-04-18 13:53
LYDYE,18,1391287,0.0,pusula,2026_02,2026-04-18 13:53
AKSEL,1,7100000,0.0,pusula,2026_02,2026-04-18 13:53
CBSBO,500,14692447,0.0,pusula,2026_02,2026-04-18 13:53
ASYAB,112752,477899601,0.02,pusula,2026_02,2026-04-18 13:53
ATAC,66667,103398067,0.06,pusula,2026_02,2026-04-18 13:53
YGYO,508255,1310632851,0.04,pusula,2026_02,2026-04-18 13:53
FVORI,18039,17564673,0.1,pusula,2026_02,2026-04-18 13:53
APMDLF,150,12300000,0.0,pusula,2026_02,2026-04-18 13:53
SALIX,2,4949230,0.0,pusula,2026_02,2026-04-18 13:53
GATEG,3227,10570341,0.03,pusula,2026_02,2026-04-18 13:53
ARTOG,1,18578922,0.0,pusula,2026_02,2026-04-18 13:53
ENPRA,8864,15294299,0.06,pusula,2026_02,2026-04-18 13:53
SKPLC,501,13084995,0.0,pusula,2026_02,2026-04-18 13:53
BMEKS,35284,114192339,0.03,pusula,2026_02,2026-04-18 13:53
MEMSA,14507,160110709,0.01,pusula,2026_02,2026-04-18 13:53
GENYH,19619,9999906,0.2,pusula,2026_02,2026-04-18 13:53
PAGYO,2908,57781202,0.01,pusula,2026_02,2026-04-18 13:53
ATPET,21670,11403497,0.19,pusula,2026_02,2026-04-18 13:53
KSTUR,79,3952560,0.0,pusula,2026_02,2026-04-18 13:53
EGCEY,8162,19749798,0.04,pusula,2026_02,2026-04-18 13:53
GOLDS,302820,192323946,0.16,pusula,2026_02,2026-04-18 13:53
EGCYH,310,39900235,0.0,pusula,2026_02,2026-04-18 13:53
EGCYO,2,21986285,0.0,pusula,2026_02,2026-04-18 13:53
LATEK,12001,39499512,0.03,pusula,2026_02,2026-04-18 13:53
BYSAN,18373,16552134,0.11,pusula,2026_02,2026-04-18 13:53
TRNSK,1000,25616249,0.0,pusula,2026_02,2026-04-18 13:53
CLKHO,12467,26183651,0.05,pusula,2026_02,2026-04-18 13:53
AKPAZ,35619,22488832,0.16,pusula,2026_02,2026-04-18 13:53
TUMTK,8070,76370187,0.01,pusula,2026_02,2026-04-18 13:53
UFUK,4402,46845974,0.01,pusula,2026_02,2026-04-18 13:53
CMBTN,1771,1023000,0.17,pusula,2026_02,2026-04-18 13:53
KONYA,348,1646416,0.02,pusula,2026_02,2026-04-18 13:53
YGGYO,91,240625741,0.0,pusula,2026_02,2026-04-18 13:53
KLNMA,40050,91846864,0.04,pusula,2026_02,2026-04-18 13:53
AKMGY,8629,21568998,0.04,pusula,2026_02,2026-04-18 13:53
ANELT,1,43199817,0.0,pusula,2026_02,2026-04-18 13:53
ARMGD,662,54996000,0.0,pusula,2026_02,2026-04-18 13:53
NUHCM,2708,33163299,0.01,pusula,2026_02,2026-04-18 13:53
LUKSK,4708,27257202,0.02,pusula,2026_02,2026-04-18 13:53
KLRHO,435,341250000,0.0,pusula,2026_02,2026-04-18 13:53
ALCTL,3703,13543218,0.03,pusula,2026_02,2026-04-18 13:53
TGSAS,691,12348294,0.01,pusula,2026_02,2026-04-18 13:53
TRMET,27519,174483588,0.02,pusula,2026_02,2026-04-18 13:53
DIRIT,2570,10150123,0.03,pusula,2026_02,2026-04-18 13:53
SAYAS,11948,42530887,0.03,pusula,2026_02,2026-04-18 13:53
PAMEL,2584,21533681,0.01,pusula,2026_02,2026-04-18 13:53
ALCAR,438,1721735,0.03,pusula,2026_02,2026-04-18 13:53
ICUGS,417494,336250000,0.12,pusula,2026_02,2026-04-18 13:53
OTTO,5981,5824438,0.1,pusula,2026_02,2026-04-18 13:53
DOGUB,129,19821566,0.0,pusula,2026_02,2026-04-18 13:53
TCKRC,26314,70000000,0.04,pusula,2026_02,2026-04-18 13:53
ZPLIBF,150,190200000,0.0,pusula,2026_02,2026-04-18 13:53
FMIZP,611,3497641,0.02,pusula,2026_02,2026-04-18 13:53
INTEK,831,5043584,0.02,pusula,2026_02,2026-04-18 13:53
KTSKR,30574,14691795,0.21,pusula,2026_02,2026-04-18 13:53
KAPLM,3924,4563571,0.09,pusula,2026_02,2026-04-18 13:53
TOASO,35417,120585076,0.03,pusula,2026_02,2026-04-18 13:53
ACSEL,2971,8589113,0.03,pusula,2026_02,2026-04-18 13:53
YONGA,6682,7198435,0.09,pusula,2026_02,2026-04-18 13:53
EDIP,3281,36468204,0.01,pusula,2026_02,2026-04-18 13:53
QNBFK,6889,843137646,0.0,pusula,2026_02,2026-04-18 13:53
EGGUB,7423,75862197,0.01,pusula,2026_02,2026-04-18 13:53
YBTAS,23692,31595793,0.07,pusula,2026_02,2026-04-18 13:53
MNDRS,15457,222007982,0.01,pusula,2026_02,2026-04-18 13:53
IHAAS,2380,56031248,0.0,pusula,2026_02,2026-04-18 13:53
GLDTRF,3772,45850000,0.01,pusula,2026_02,2026-04-18 13:53
KUTPO,12309,10524430,0.12,pusula,2026_02,2026-04-18 13:53
ERSU,13015,31755894,0.04,pusula,2026_02,2026-04-18 13:53
INTEM,9859,9428747,0.1,pusula,2026_02,2026-04-18 13:53
TRGYO,10125,251573369,0.0,pusula,2026_02,2026-04-18 13:53
GLRMK,29599,38760000,0.08,pusula,2026_02,2026-04-18 13:53
BRYAT,4821,10264685,0.05,pusula,2026_02,2026-04-18 13:53
ATAKP,18959,28224000,0.07,pusula,2026_02,2026-04-18 13:53
KIMMR,128,75000000,0.0,pusula,2026_02,2026-04-18 13:53
VERUS,2274,34499937,0.01,pusula,2026_02,2026-04-18 13:53
SEYKM,484043,151040901,0.32,pusula,2026_02,2026-04-18 13:53
AYGAZ,769,98568807,0.0,pusula,2026_02,2026-04-18 13:53
RAYSG,7949,51947024,0.02,pusula,2026_02,2026-04-18 13:53
ORGE,32690,41839996,0.08,pusula,2026_02,2026-04-18 13:53
ARTI,101,9881683,0.0,pusula,2026_02,2026-04-18 13:53
GLBMD,14335,28880500,0.05,pusula,2026_02,2026-04-18 13:53
KARTN,20738,72781126,0.03,pusula,2026_02,2026-04-18 13:53
BANVT,10827,36961044,0.03,pusula,2026_02,2026-04-18 13:53
CRDFA,79833,74996857,0.11,pusula,2026_02,2026-04-18 13:53
EUYO,28868,19932875,0.14,pusula,2026_02,2026-04-18 13:53
BIGTK,1820,23834373,0.01,pusula,2026_02,2026-04-18 13:53
SELEC,18935,124262097,0.02,pusula,2026_02,2026-04-18 13:53
GIPTA,23793,51617863,0.05,pusula,2026_02,2026-04-18 13:53
TRCAS,46335,206252778,0.02,pusula,2026_02,2026-04-18 13:53
PSDTC,16192,6599991,0.25,pusula,2026_02,2026-04-18 13:53
ISFIN,32074,310154523,0.01,pusula,2026_02,2026-04-18 13:53
ULKER,26896,338855989,0.01,pusula,2026_02,2026-04-18 13:53
TARKM,2981,4999997,0.06,pusula,2026_02,2026-04-18 13:53
LKMNH,749409,163262533,0.46,pusula,2026_02,2026-04-18 13:53
SANKO,9142,37499197,0.02,pusula,2026_02,2026-04-18 13:53
ISYAT,158774,152245569,0.1,pusula,2026_02,2026-04-18 13:53
INVES,67,37480000,0.0,pusula,2026_02,2026-04-18 13:53
BRKSN,44067,62639942,0.07,pusula,2026_02,2026-04-18 13:53
ARAT,2858,39867975,0.01,pusula,2026_02,2026-04-18 13:53
SDTTR,12034,15990000,0.08,pusula,2026_02,2026-04-18 13:53
ONCSM,5220,10086000,0.05,pusula,2026_02,2026-04-18 13:53
BURVA,321,4723271,0.01,pusula,2026_02,2026-04-18 13:53
TTKOM,50073,524999999,0.01,pusula,2026_02,2026-04-18 13:53
SMRVA,15685,28000000,0.06,pusula,2026_02,2026-04-18 13:53
BINBN,4091,17000000,0.02,pusula,2026_02,2026-04-18 13:53
DAGI,348059,175301274,0.2,pusula,2026_02,2026-04-18 13:53
MMCAS,8110,12393964,0.07,pusula,2026_02,2026-04-18 13:53
GUBRF,15647,85359737,0.02,pusula,2026_02,2026-04-18 13:53
PKENT,10568,23766169,0.04,pusula,2026_02,2026-04-18 13:53
DESPC,5887,16023700,0.04,pusula,2026_02,2026-04-18 13:53
AVTUR,35633,43067999,0.08,pusula,2026_02,2026-04-18 13:53
VKING,18188,30932905,0.06,pusula,2026_02,2026-04-18 13:53
BYDNR,131231,22999984,0.57,pusula,2026_02,2026-04-18 13:53
AHSGY,45404,184999889,0.02,pusula,2026_02,2026-04-18 13:53
IDGYO,20982,119234999,0.02,pusula,2026_02,2026-04-18 13:53
AYEN,72397,55531320,0.13,pusula,2026_02,2026-04-18 13:53
NETAS,6818,31783484,0.02,pusula,2026_02,2026-04-18 13:53
ULUSE,2082,24000000,0.01,pusula,2026_02,2026-04-18 13:53
AKSGY,269146,1628451947,0.02,pusula,2026_02,2026-04-18 13:53
OFSYM,23050,22749998,0.1,pusula,2026_02,2026-04-18 13:53
TRHOL,146927,17635692,0.83,pusula,2026_02,2026-04-18 13:53
AVPGY,15644,99999990,0.02,pusula,2026_02,2026-04-18 13:53
DEVA,10985,199971824,0.01,pusula,2026_02,2026-04-18 13:53
PETUN,202101,134673118,0.15,pusula,2026_02,2026-04-18 13:53
SNPAM,479,19679871,0.0,pusula,2026_02,2026-04-18 13:53
AGYO,126127,129036460,0.1,pusula,2026_02,2026-04-18 13:53
ARTMS,40141,24199999,0.17,pusula,2026_02,2026-04-18 13:53
AVHOL,6531,26047279,0.03,pusula,2026_02,2026-04-18 13:53
TLMAN,8561,10300000,0.08,pusula,2026_02,2026-04-18 13:53
DERIM,1825,40403770,0.0,pusula,2026_02,2026-04-18 13:53
INVEO,63789,998999954,0.01,pusula,2026_02,2026-04-18 13:53
BMSCH,38091,69277402,0.05,pusula,2026_02,2026-04-18 13:53
PRKME,38669,53038641,0.07,pusula,2026_02,2026-04-18 13:53
TRILC,69298,118499496,0.06,pusula,2026_02,2026-04-18 13:53
BAGFS,83273,100042745,0.08,pusula,2026_02,2026-04-18 13:53
BVSAN,8228,13749998,0.06,pusula,2026_02,2026-04-18 13:53
ETYAT,28451,17735341,0.16,pusula,2026_02,2026-04-18 13:53
VAKKO,1515,30788486,0.0,pusula,2026_02,2026-04-18 13:53
GARAN,47527,2454957798,0.0,pusula,2026_02,2026-04-18 13:53
SMART,24396,29737499,0.08,pusula,2026_02,2026-04-18 13:53
ALFAS,60025,84639559,0.07,pusula,2026_02,2026-04-18 13:53
ASUZU,25185,41130807,0.06,pusula,2026_02,2026-04-18 13:53
MEDTR,3439,24499999,0.01,pusula,2026_02,2026-04-18 13:53
SANEL,19271,18112451,0.11,pusula,2026_02,2026-04-18 13:53
TMPOL,2359,11039990,0.02,pusula,2026_02,2026-04-18 13:53
AGESA,8365,35829553,0.02,pusula,2026_02,2026-04-18 13:53
FADE,299414,42347497,0.71,pusula,2026_02,2026-04-18 13:53
BUCIM,56727,1292638065,0.0,pusula,2026_02,2026-04-18 13:53
POLHO,21229,164140074,0.01,pusula,2026_02,2026-04-18 13:53
ANHYT,4641,88457041,0.01,pusula,2026_02,2026-04-18 13:53
GOLTS,2582,12422783,0.02,pusula,2026_02,2026-04-18 13:53
BRKVY,329416,13618361,2.42,pusula,2026_02,2026-04-18 13:53
ARASE,5550,49999991,0.01,pusula,2026_02,2026-04-18 13:53
DGNMO,84595,327634635,0.03,pusula,2026_02,2026-04-18 13:53
DOKTA,5017,145872862,0.0,pusula,2026_02,2026-04-18 13:53
ULAS,21575,25200172,0.09,pusula,2026_02,2026-04-18 13:53
KFEIN,95062,150306170,0.06,pusula,2026_02,2026-04-18 13:53
DMSAS,127795,199994510,0.06,pusula,2026_02,2026-04-18 13:53
OSMEN,61221,157750927,0.04,pusula,2026_02,2026-04-18 13:53
SEGMN,2790,80999980,0.0,pusula,2026_02,2026-04-18 13:53
ATEKS,2319,5441598,0.04,pusula,2026_02,2026-04-18 13:53
OZRDN,16137,57107579,0.03,pusula,2026_02,2026-04-18 13:53
UCAYM,60735,60000000,0.1,pusula,2026_02,2026-04-18 13:53
HOROZ,2833,24599986,0.01,pusula,2026_02,2026-04-18 13:53
ALARK,36687,165125148,0.02,pusula,2026_02,2026-04-18 13:53
ISGYO,6625,531312439,0.0,pusula,2026_02,2026-04-18 13:53
MSGYO,590473,169650150,0.35,pusula,2026_02,2026-04-18 13:53
KGYO,4095583,767895148,0.53,pusula,2026_02,2026-04-18 13:53
BASGZ,3869,174999999,0.0,pusula,2026_02,2026-04-18 13:53
KCHOL,47404,674052308,0.01,pusula,2026_02,2026-04-18 13:53
KOTON,47772,136599922,0.03,pusula,2026_02,2026-04-18 13:53
VSNMD,22484,24000000,0.09,pusula,2026_02,2026-04-18 13:53
AYDEM,8074,130000000,0.01,pusula,2026_02,2026-04-18 13:53
ESEN,904465,682499950,0.13,pusula,2026_02,2026-04-18 13:53
TRENJ,10088,98018735,0.01,pusula,2026_02,2026-04-18 13:53
SEKFK,26104,62311473,0.04,pusula,2026_02,2026-04-18 13:53
VANGD,78209,24374995,0.32,pusula,2026_02,2026-04-18 13:53
BRLSM,115005,108025075,0.11,pusula,2026_02,2026-04-18 13:53
THYAO,137087,739463453,0.02,pusula,2026_02,2026-04-18 13:53
ASELS,121216,1178597817,0.01,pusula,2026_02,2026-04-18 13:53
YEOTK,59326,160933198,0.04,pusula,2026_02,2026-04-18 13:53
RGYAS,2210,105523000,0.0,pusula,2026_02,2026-04-18 13:53
GSDHO,95192,999994969,0.01,pusula,2026_02,2026-04-18 13:53
KRTEK,38341,18914650,0.2,pusula,2026_02,2026-04-18 13:53
ALKLC,22571,45382467,0.05,pusula,2026_02,2026-04-18 13:53
MGROS,8018,96563550,0.01,pusula,2026_02,2026-04-18 13:53
GEDIK,214589,983076857,0.02,pusula,2026_02,2026-04-18 13:53
LMKDC,47778,155929999,0.03,pusula,2026_02,2026-04-18 13:53
GLCVY,41653,26400000,0.16,pusula,2026_02,2026-04-18 13:53
HKTM,51114,72747495,0.07,pusula,2026_02,2026-04-18 13:53
NETCD,10459,40000000,0.03,pusula,2026_02,2026-04-18 13:53
TMSN,15925,44449988,0.04,pusula,2026_02,2026-04-18 13:53
PKART,17849,11048497,0.16,pusula,2026_02,2026-04-18 13:53
KRONT,7447,116892885,0.01,pusula,2026_02,2026-04-18 13:53
DOFER,9730,20172500,0.05,pusula,2026_02,2026-04-18 13:53
DNISI,37542,59171727,0.06,pusula,2026_02,2026-04-18 13:53
VBTYZ,44721,56160000,0.08,pusula,2026_02,2026-04-18 13:53
ISMEN,71644,467723147,0.02,pusula,2026_02,2026-04-18 13:53
MACKO,36842,41500000,0.09,pusula,2026_02,2026-04-18 13:53
DSTKF,-13606,84533333,-0.02,pusula,2026_02,2026-04-18 13:53
EGEGY,350342,69140000,0.51,pusula,2026_02,2026-04-18 13:53
HTTBT,15335,82805422,0.02,pusula,2026_02,2026-04-18 13:53
GSDDE,92718,106850751,0.09,pusula,2026_02,2026-04-18 13:53
EFOR,12954,670679994,0.0,pusula,2026_02,2026-04-18 13:53
KORDS,16148,65421451,0.02,pusula,2026_02,2026-04-18 13:53
ALKA,435301,330750000,0.13,pusula,2026_02,2026-04-18 13:53
GLYHO,23733,1949290631,0.0,pusula,2026_02,2026-04-18 13:53
ULUUN,57325,290523352,0.02,pusula,2026_02,2026-04-18 13:53
ISGSY,7019,47378729,0.01,pusula,2026_02,2026-04-18 13:53
VERTU,10491,22000000,0.05,pusula,2026_02,2026-04-18 13:53
AKCNS,11483,39359284,0.03,pusula,2026_02,2026-04-18 13:53
ARDYZ,96551,279551557,0.03,pusula,2026_02,2026-04-18 13:53
TKNSA,42754,100485379,0.04,pusula,2026_02,2026-04-18 13:53
TEKTU,196775,195639311,0.1,pusula,2026_02,2026-04-18 13:53
GOKNR,88367,178040711,0.05,pusula,2026_02,2026-04-18 13:53
SERNT,238479,113000000,0.21,pusula,2026_02,2026-04-18 13:53
SUWEN,23042,365687500,0.01,pusula,2026_02,2026-04-18 13:53
BIZIM,31001,27601626,0.11,pusula,2026_02,2026-04-18 13:53
CUSAN,6255,18500000,0.03,pusula,2026_02,2026-04-18 13:53
ESCOM,60947,463831670,0.01,pusula,2026_02,2026-04-18 13:53
KLMSN,49058,30881297,0.16,pusula,2026_02,2026-04-18 13:53
KLYPV,36826,46334639,0.08,pusula,2026_02,2026-04-18 13:53
ATAGY,11903,45670114,0.03,pusula,2026_02,2026-04-18 13:53
TAVHL,-37979,213213415,-0.02,pusula,2026_02,2026-04-18 13:53
KMPUR,60573,132432524,0.05,pusula,2026_02,2026-04-18 13:53
TNZTP,87552,87499950,0.1,pusula,2026_02,2026-04-18 13:53
KLSER,96650,109457566,0.09,pusula,2026_02,2026-04-18 13:53
ETILR,75882,156217454,0.05,pusula,2026_02,2026-04-18 13:53
PRDGS,25889,110850000,0.02,pusula,2026_02,2026-04-18 13:53
ONRYT,44876,19730000,0.23,pusula,2026_02,2026-04-18 13:53
MAVI,51381,576779312,0.01,pusula,2026_02,2026-04-18 13:53
GESAN,87913,141759180,0.06,pusula,2026_02,2026-04-18 13:53
ISDMR,149013,147623050,0.1,pusula,2026_02,2026-04-18 13:53
KLKIM,44777,138383655,0.03,pusula,2026_02,2026-04-18 13:53
TEZOL,165187,139999972,0.12,pusula,2026_02,2026-04-18 13:53
DOHOL,98123,984706978,0.01,pusula,2026_02,2026-04-18 13:53
BLCYT,159495,49088907,0.32,pusula,2026_02,2026-04-18 13:53
HATSN,22773,44299964,0.05,pusula,2026_02,2026-04-18 13:53
ANELE,43627,151405542,0.03,pusula,2026_02,2026-04-18 13:53
RUZYE,74906,267748491,0.03,pusula,2026_02,2026-04-18 13:53
BULGS,53578,72499900,0.07,pusula,2026_02,2026-04-18 13:53
MNDTR,257106,910071938,0.03,pusula,2026_02,2026-04-18 13:53
OZSUB,13155,42499126,0.03,pusula,2026_02,2026-04-18 13:53
SURGY,30877,44999990,0.07,pusula,2026_02,2026-04-18 13:53
SOKE,78891,126999996,0.06,pusula,2026_02,2026-04-18 13:53
HALKB,311698,6546422780,0.0,pusula,2026_02,2026-04-18 13:53
TCELL,46641,1622604373,0.0,pusula,2026_02,2026-04-18 13:53
EDATA,68054,160065395,0.04,pusula,2026_02,2026-04-18 13:53
GEDIZ,5000,7163595,0.07,pusula,2026_02,2026-04-18 13:53
TATGD,20166,119286243,0.02,pusula,2026_02,2026-04-18 13:53
AGROT,620652,843999770,0.07,pusula,2026_02,2026-04-18 13:53
VRGYO,536386,597693904,0.09,pusula,2026_02,2026-04-18 13:53
SOKM,93065,448708248,0.02,pusula,2026_02,2026-04-18 13:53
PLTUR,797364,49500000,1.61,pusula,2026_02,2026-04-18 13:53
MIATK,298747,313087979,0.1,pusula,2026_02,2026-04-18 13:53
BIOEN,92772,197983418,0.05,pusula,2026_02,2026-04-18 13:53
AZTEK,209865,279000000,0.08,pusula,2026_02,2026-04-18 13:53
IEYHO,193304,541032947,0.04,pusula,2026_02,2026-04-18 13:53
GARFA,7849,138399778,0.01,pusula,2026_02,2026-04-18 13:53
ECILC,46550,210589603,0.02,pusula,2026_02,2026-04-18 13:53
KONTR,1120954,936038762,0.12,pusula,2026_02,2026-04-18 13:53
PAPIL,174684,206247674,0.08,pusula,2026_02,2026-04-18 13:53
PATEK,359514,293081892,0.12,pusula,2026_02,2026-04-18 13:53
MZHLD,220328,72215314,0.31,pusula,2026_02,2026-04-18 13:53
GMTAS,46178,298687813,0.02,pusula,2026_02,2026-04-18 13:53
NATEN,190114,309375000,0.06,pusula,2026_02,2026-04-18 13:53
DCTTR,142402,157328724,0.09,pusula,2026_02,2026-04-18 13:53
OYAKC,146739,4656879379,0.0,pusula,2026_02,2026-04-18 13:53
CEMAS,355048,790994229,0.04,pusula,2026_02,2026-04-18 13:53
YIGIT,184515,74999975,0.25,pusula,2026_02,2026-04-18 13:53
ARCLK,24807,170054748,0.01,pusula,2026_02,2026-04-18 13:53
BEGYO,374489,290000000,0.13,pusula,2026_02,2026-04-18 13:53
CELHA,22993,146124228,0.02,pusula,2026_02,2026-04-18 13:53
CWENE,199253,530758241,0.04,pusula,2026_02,2026-04-18 13:53
EUPWR,213872,199610525,0.11,pusula,2026_02,2026-04-18 13:53
HEKTS,2896696,3946424642,0.07,pusula,2026_02,2026-04-18 13:53
AKFGY,329831,3457819313,0.01,pusula,2026_02,2026-04-18 13:53
TDGYO,531882,59898213,0.89,pusula,2026_02,2026-04-18 13:53
DURDO,911235,379703149,0.24,pusula,2026_02,2026-04-18 13:53
SASA,10910557,25700419936,0.04,pusula,2026_02,2026-04-18 13:53
KRSTL,11701,183664642,0.01,pusula,2026_02,2026-04-18 13:53
MEKAG,181573,320319999,0.06,pusula,2026_02,2026-04-18 13:53
NTHOL,13697,485479112,0.0,pusula,2026_02,2026-04-18 13:53
DITAS,114153,83407812,0.14,pusula,2026_02,2026-04-18 13:53
HUBVC,618169,277189572,0.22,pusula,2026_02,2026-04-18 13:53
LRSHO,408005,724120946,0.06,pusula,2026_02,2026-04-18 13:53
TURGG,8181,32042988,0.03,pusula,2026_02,2026-04-18 13:53
EREGL,728644,3554238535,0.02,pusula,2026_02,2026-04-18 13:53
MAGEN,31934,719512140,0.0,pusula,2026_02,2026-04-18 13:53
IHYAY,573642,388124996,0.15,pusula,2026_02,2026-04-18 13:53
SMRTG,167345,664164672,0.03,pusula,2026_02,2026-04-18 13:53
SKBNK,255653,2498877855,0.01,pusula,2026_02,2026-04-18 13:53
BRKO,917227,138220828,0.66,pusula,2026_02,2026-04-18 13:53
SISE,457861,1814905642,0.03,pusula,2026_02,2026-04-18 13:53
BAYRK,422057,189751123,0.22,pusula,2026_02,2026-04-18 13:53
YYAPI,3485173,1705025550,0.2,pusula,2026_02,2026-04-18 13:53
AEFES,294469,2028860053,0.01,pusula,2026_02,2026-04-18 13:53
VAKFA,268302,224999701,0.12,pusula,2026_02,2026-04-18 13:53
TSGYO,227350,266499982,0.09,pusula,2026_02,2026-04-18 13:53
HATEK,126479,62998947,0.2,pusula,2026_02,2026-04-18 13:53
IZENR,187914,914537597,0.02,pusula,2026_02,2026-04-18 13:53
BSOKE,1374001,458487038,0.3,pusula,2026_02,2026-04-18 13:53
ORCAY,239050,150197341,0.16,pusula,2026_02,2026-04-18 13:53
NIBAS,290416,267767946,0.11,pusula,2026_02,2026-04-18 13:53
GLRYH,124230,599623814,0.02,pusula,2026_02,2026-04-18 13:53
REEDR,540381,632419525,0.09,pusula,2026_02,2026-04-18 13:53
SARKY,43356,999999671,0.0,pusula,2026_02,2026-04-18 13:53
PRZMA,174341,61941150,0.28,pusula,2026_02,2026-04-18 13:53
TUCLK,666968,253181400,0.26,pusula,2026_02,2026-04-18 13:53
SEGYO,99270,203351321,0.05,pusula,2026_02,2026-04-18 13:53
ISCTR,274228,8880396856,0.0,pusula,2026_02,2026-04-18 13:53
KRDMD,-54746,780216365,-0.01,pusula,2026_02,2026-04-18 13:53
ESCAR,153341,101933690,0.15,pusula,2026_02,2026-04-18 13:53
EMKEL,211730,149999456,0.14,pusula,2026_02,2026-04-18 13:53
ALTNY,169322,399885115,0.04,pusula,2026_02,2026-04-18 13:53
BORSK,419245,279999879,0.15,pusula,2026_02,2026-04-18 13:53
FLAP,150459,93599985,0.16,pusula,2026_02,2026-04-18 13:53
SEKUR,156995,131457835,0.12,pusula,2026_02,2026-04-18 13:53
KARSN,226814,827827039,0.03,pusula,2026_02,2026-04-18 13:53
BIGEN,410873,115500000,0.36,pusula,2026_02,2026-04-18 13:53
TRALT,510525,952269019,0.05,pusula,2026_02,2026-04-18 13:53
IZMDC,316259,723225318,0.04,pusula,2026_02,2026-04-18 13:53
DERHL,115334,197281316,0.06,pusula,2026_02,2026-04-18 13:53
AGHOL,51174,1068828243,0.0,pusula,2026_02,2026-04-18 13:53
INFO,319408,767463337,0.04,pusula,2026_02,2026-04-18 13:53
IMASM,1104481,622850499,0.18,pusula,2026_02,2026-04-18 13:53
TURSG,157109,7907296076,0.0,pusula,2026_02,2026-04-18 13:53
KRGYO,116461,275246747,0.04,pusula,2026_02,2026-04-18 13:53
MOBTL,942276,207999999,0.45,pusula,2026_02,2026-04-18 13:53
SELVA,224475,747897737,0.03,pusula,2026_02,2026-04-18 13:53
DMLKTG,1003446,2517503921,0.04,pusula,2026_02,2026-04-18 13:53
EKOS,801323,307199852,0.26,pusula,2026_02,2026-04-18 13:53
SAHOL,-383871,1145847384,-0.03,pusula,2026_02,2026-04-18 13:53
SKYMD,48761,52499981,0.09,pusula,2026_02,2026-04-18 13:53
ENKAI,-423944,874733059,-0.05,pusula,2026_02,2026-04-18 13:53
IHLGM,991162,986078000,0.1,pusula,2026_02,2026-04-18 13:53
OBAMS,1586320,751078524,0.21,pusula,2026_02,2026-04-18 13:53
YKBNK,-330888,4705620952,-0.01,pusula,2026_02,2026-04-18 13:53
EPLAS,306515,190491857,0.16,pusula,2026_02,2026-04-18 13:53
ARZUM,743489,400949823,0.19,pusula,2026_02,2026-04-18 13:53
FENER,1506358,2772321468,0.05,pusula,2026_02,2026-04-18 13:53
BINHO,474983,488884380,0.1,pusula,2026_02,2026-04-18 13:53
EGEPO,31488,200000000,0.02,pusula,2026_02,2026-04-18 13:53
QUAGR,660778,1773200000,0.04,pusula,2026_02,2026-04-18 13:53
TEHOL,89650,1967930261,0.0,pusula,2026_02,2026-04-18 13:53
GSRAY,1772092,10123744690,0.02,pusula,2026_02,2026-04-18 13:53
VAKBN,294279,8046896130,0.0,pusula,2026_02,2026-04-18 13:53
TATEN,350759,347799724,0.1,pusula,2026_02,2026-04-18 13:53
VKGYO,149128,1637203242,0.01,pusula,2026_02,2026-04-18 13:53
EKGYO,354284,1925107366,0.02,pusula,2026_02,2026-04-18 13:53
ALBRK,62396,1050739765,0.01,pusula,2026_02,2026-04-18 13:53
DAPGM,185492,928276145,0.02,pusula,2026_02,2026-04-18 13:53
VAKFN,2000600,2064378140,0.1,pusula,2026_02,2026-04-18 13:53
KAYSE,607025,818951998,0.07,pusula,2026_02,2026-04-18 13:53
PSGYO,2368455,2954231556,0.08,pusula,2026_02,2026-04-18 13:53
BTCIM,3232035,4052065429,0.08,pusula,2026_02,2026-04-18 13:53
DENGE,3842687,525284797,0.73,pusula,2026_02,2026-04-18 13:53
AKBNK,-2129784,3059320211,-0.07,pusula,2026_02,2026-04-18 13:53
CANTE,7724961,8608815637,0.09,pusula,2026_02,2026-04-18 13:53
TSPOR,2988699,3674975174,0.08,pusula,2026_02,2026-04-18 13:53
AKSEN,-12578050,638545796,-1.97,pusula,2026_02,2026-04-18 13:53
EFOR,212389921,670679994,31.67,yabanci,2026_03,2026-04-18 13:53
PSGYO,148017776,2954231556,5.01,yabanci,2026_03,2026-04-18 13:53
ADESE,523008513,4687131701,11.16,yabanci,2026_03,2026-04-18 13:53
KATMR,127285067,1980989998,6.43,yabanci,2026_03,2026-04-18 13:53
FORMT,48051541,1029046010,4.67,yabanci,2026_03,2026-04-18 13:53
LINK,45266343,747511382,6.06,yabanci,2026_03,2026-04-18 13:53
TURSG,472566522,7907296076,5.98,yabanci,2026_03,2026-04-18 13:53
TEHOL,118915010,1967930261,6.04,yabanci,2026_03,2026-04-18 13:53
USAK,56879847,2436064709,2.33,yabanci,2026_03,2026-04-18 13:53
TUPRS,309351804,942334139,32.83,yabanci,2026_03,2026-04-18 13:53
PETKM,121285603,1241729843,9.77,yabanci,2026_03,2026-04-18 13:53
KCHOL,282846188,674053695,41.96,yabanci,2026_03,2026-04-18 13:53
EREGL,699584064,3554243274,19.68,yabanci,2026_03,2026-04-18 13:53
ASELS,613682227,1178601424,52.07,yabanci,2026_03,2026-04-18 13:53
CANTE,416722333,8608815636,4.84,yabanci,2026_03,2026-04-18 13:53
DMRGD,42522451,1277294592,3.33,yabanci,2026_03,2026-04-18 13:53
IHLAS,30980855,1396079076,2.22,yabanci,2026_03,2026-04-18 13:53
LILAK,20693227,260252705,7.95,yabanci,2026_03,2026-04-18 13:53
ECOGR,24592670,110000000,22.36,yabanci,2026_03,2026-04-18 13:53
ASTOR,200072788,366896223,54.53,yabanci,2026_03,2026-04-18 13:53
IZENR,74510635,914537597,8.15,yabanci,2026_03,2026-04-18 13:53
TTKOM,217536530,524999999,41.44,yabanci,2026_03,2026-04-18 13:53
CCOLA,612622915,820001147,74.71,yabanci,2026_03,2026-04-18 13:53
HDFGS,13666506,956974191,1.43,yabanci,2026_03,2026-04-18 13:53
OYAKC,205915055,4656879379,4.42,yabanci,2026_03,2026-04-18 13:53
SRVGY,79999184,812499687,9.85,yabanci,2026_03,2026-04-18 13:53
MARMR,60900585,961218727,6.34,yabanci,2026_03,2026-04-18 13:53
NTGAZ,17263177,276000000,6.25,yabanci,2026_03,2026-04-18 13:53
ICUGS,8940395,336250000,2.66,yabanci,2026_03,2026-04-18 13:53
ISCTR,2203414256,8880396856,24.81,yabanci,2026_03,2026-04-18 13:53
MRGYO,43562477,2277966226,1.91,yabanci,2026_03,2026-04-18 13:53
KRDMD,83411713,780216365,10.69,yabanci,2026_03,2026-04-18 13:53
INFO,15222510,767463333,1.98,yabanci,2026_03,2026-04-18 13:53
KONTR,57549271,936038761,6.15,yabanci,2026_03,2026-04-18 13:53
IHYAY,9179873,388124996,2.37,yabanci,2026_03,2026-04-18 13:53
BTCIM,314874704,4220286921,7.46,yabanci,2026_03,2026-04-18 13:53
SMRTG,56329103,664164672,8.48,yabanci,2026_03,2026-04-18 13:53
CIMSA,44184999,488602363,9.04,yabanci,2026_03,2026-04-18 13:53
GSRAY,19095671,10123744690,0.19,yabanci,2026_03,2026-04-18 13:53
REEDR,50991157,632419525,8.06,yabanci,2026_03,2026-04-18 13:53
RYGYO,317396928,770588057,41.19,yabanci,2026_03,2026-04-18 13:53
IZFAS,8216549,156001658,5.27,yabanci,2026_03,2026-04-18 13:53
BLUME,6575989,174710134,3.76,yabanci,2026_03,2026-04-18 13:53
TERA,26733823,240888789,11.1,yabanci,2026_03,2026-04-18 13:53
IHLGM,9589504,986078000,0.97,yabanci,2026_03,2026-04-18 13:53
ODAS,84539219,1113798031,7.59,yabanci,2026_03,2026-04-18 13:53
AGROT,43856381,879999770,4.98,yabanci,2026_03,2026-04-18 13:53
MARTI,5513527,1475768116,0.37,yabanci,2026_03,2026-04-18 13:53
KUYAS,25141141,398957788,6.3,yabanci,2026_03,2026-04-18 13:53
DENGE,4432709,525284797,0.84,yabanci,2026_03,2026-04-18 13:53
OZGYO,9481315,490916869,1.93,yabanci,2026_03,2026-04-18 13:53
DARDL,24202290,1753442695,1.38,yabanci,2026_03,2026-04-18 13:53
ESCAR,27145020,101933690,26.63,yabanci,2026_03,2026-04-18 13:53
AKSEN,26602721,638545796,4.17,yabanci,2026_03,2026-04-18 13:53
MIATK,16001311,313087979,5.11,yabanci,2026_03,2026-04-18 13:53
TAVHL,121839009,213213415,57.14,yabanci,2026_03,2026-04-18 13:53
BMSTL,3401474,74772261,4.55,yabanci,2026_03,2026-04-18 13:53
GMTAS,80076638,298687813,26.81,yabanci,2026_03,2026-04-18 13:53
KAYSE,80185037,828951998,9.67,yabanci,2026_03,2026-04-18 13:53
BSOKE,35041937,458487038,7.64,yabanci,2026_03,2026-04-18 13:53
DERHL,2225556,197281316,1.13,yabanci,2026_03,2026-04-18 13:53
PASEU,32688080,215295868,15.18,yabanci,2026_03,2026-04-18 13:53
AYGAZ,12221455,98568807,12.4,yabanci,2026_03,2026-04-18 13:53
ARZUM,2431962,400949823,0.61,yabanci,2026_03,2026-04-18 13:53
DOFRB,2033098,45000000,4.52,yabanci,2026_03,2026-04-18 13:53
LRSHO,15586793,724120946,2.15,yabanci,2026_03,2026-04-18 13:53
ANSGR,151203411,1564416026,9.67,yabanci,2026_03,2026-04-18 13:53
BEGYO,1975260,290000000,0.68,yabanci,2026_03,2026-04-18 13:53
TSKB,284590310,1516591673,18.77,yabanci,2026_03,2026-04-18 13:53
BULGS,2520367,72500000,3.48,yabanci,2026_03,2026-04-18 13:53
PAHOL,2180791,3999999979,0.05,yabanci,2026_03,2026-04-18 13:53
GLRYH,9314840,599623814,1.55,yabanci,2026_03,2026-04-18 13:53
ALKLC,6122198,45283467,13.52,yabanci,2026_03,2026-04-18 13:53
DSTKF,6282296,84533333,7.43,yabanci,2026_03,2026-04-18 13:53
SANFM,4884802,225029995,2.17,yabanci,2026_03,2026-04-18 13:53
CEMZY,1737254,124119970,1.4,yabanci,2026_03,2026-04-18 13:53
MAVI,194836784,576779312,33.78,yabanci,2026_03,2026-04-18 13:53
EGGUB,2098848,75862197,2.77,yabanci,2026_03,2026-04-18 13:53
ARFYE,1512336,47000000,3.22,yabanci,2026_03,2026-04-18 13:53
FENER,120533655,2772321468,4.35,yabanci,2026_03,2026-04-18 13:53
EKSUN,1352575,171792833,0.79,yabanci,2026_03,2026-04-18 13:53
PATEK,15400064,293081893,5.25,yabanci,2026_03,2026-04-18 13:53
EUPWR,17661589,199610525,8.85,yabanci,2026_03,2026-04-18 13:53
MHRGY,1191196,310499991,0.38,yabanci,2026_03,2026-04-18 13:53
DCTTR,1611332,157328724,1.02,yabanci,2026_03,2026-04-18 13:53
SKTAS,1217455,332865443,0.37,yabanci,2026_03,2026-04-18 13:53
LIDFA,4531030,458180545,0.99,yabanci,2026_03,2026-04-18 13:53
LYDHO,10605727,197140970,5.38,yabanci,2026_03,2026-04-18 13:53
KAREL,17798751,329659497,5.4,yabanci,2026_03,2026-04-18 13:53
FONET,1096136,577082984,0.19,yabanci,2026_03,2026-04-18 13:53
IEYHO,24520258,541033797,4.53,yabanci,2026_03,2026-04-18 13:53
MEYSU,1000000,175000000,0.57,yabanci,2026_03,2026-04-18 13:53
ENKAI,216477402,874733059,24.75,yabanci,2026_03,2026-04-18 13:53
TOASO,26601125,120585077,22.06,yabanci,2026_03,2026-04-18 13:53
TRENJ,12242066,98018735,12.49,yabanci,2026_03,2026-04-18 13:53
ALTNY,15869875,399885115,3.97,yabanci,2026_03,2026-04-18 13:53
ARCLK,27868848,170054765,16.39,yabanci,2026_03,2026-04-18 13:53
GLRMK,3192332,58116000,5.49,yabanci,2026_03,2026-04-18 13:53
HUNER,4167306,670137933,0.62,yabanci,2026_03,2026-04-18 13:53
MNDTR,750312007,910071938,82.45,yabanci,2026_03,2026-04-18 13:53
SAFKR,1572111,140056162,1.12,yabanci,2026_03,2026-04-18 13:53
ENJSA,56453428,236209270,23.9,yabanci,2026_03,2026-04-18 13:53
ANHYT,10891489,88457041,12.31,yabanci,2026_03,2026-04-18 13:53
MNDRS,2106386,222008082,0.95,yabanci,2026_03,2026-04-18 13:53
BIGCH,14229748,368932945,3.86,yabanci,2026_03,2026-04-18 13:53
ONCSM,1388697,10086000,13.77,yabanci,2026_03,2026-04-18 13:53
ANELE,1625836,151405542,1.07,yabanci,2026_03,2026-04-18 13:53
KRGYO,728949,275246747,0.26,yabanci,2026_03,2026-04-18 13:53
DAGI,969448,175301274,0.55,yabanci,2026_03,2026-04-18 13:53
MEGMT,5086031,85749986,5.93,yabanci,2026_03,2026-04-18 13:53
OYYAT,7537484,91048322,8.28,yabanci,2026_03,2026-04-18 13:53
YESIL,645061,640699949,0.1,yabanci,2026_03,2026-04-18 13:53
DZGYO,809407,399777846,0.2,yabanci,2026_03,2026-04-18 13:53
KZBGY,93466438,1959999915,4.77,yabanci,2026_03,2026-04-18 13:53
YKSLN,984776,197429566,0.5,yabanci,2026_03,2026-04-18 13:53
BALSU,32506087,278000000,11.69,yabanci,2026_03,2026-04-18 13:53
ZEDUR,569684,69899991,0.81,yabanci,2026_03,2026-04-18 13:53
LXGYO,488201,118936300,0.41,yabanci,2026_03,2026-04-18 13:53
RTALB,628417,432976722,0.15,yabanci,2026_03,2026-04-18 13:53
AZTEK,674186,279000000,0.24,yabanci,2026_03,2026-04-18 13:53
KMPUR,6530233,132432524,4.93,yabanci,2026_03,2026-04-18 13:53
BINBN,9524764,17000000,56.03,yabanci,2026_03,2026-04-18 13:53
EGSER,1274181,545751057,0.23,yabanci,2026_03,2026-04-18 13:53
GENTS,2806619,749958921,0.37,yabanci,2026_03,2026-04-18 13:53
DURDO,686097,379703149,0.18,yabanci,2026_03,2026-04-18 13:53
MOGAN,11277915,262635000,4.29,yabanci,2026_03,2026-04-18 13:53
BIMAS,193441224,436214016,44.35,yabanci,2026_03,2026-04-18 13:53
KORDS,3243922,65421451,4.96,yabanci,2026_03,2026-04-18 13:53
ALARK,14022488,165125148,8.49,yabanci,2026_03,2026-04-18 13:53
DURKN,440012,42500000,1.04,yabanci,2026_03,2026-04-18 13:53
NATEN,3063021,309374995,0.99,yabanci,2026_03,2026-04-18 13:53
MERKO,351856,101104700,0.35,yabanci,2026_03,2026-04-18 13:53
AYEN,1819591,55531320,3.28,yabanci,2026_03,2026-04-18 13:53
TEZOL,509539,139999972,0.36,yabanci,2026_03,2026-04-18 13:53
BRMEN,425000,57566555,0.74,yabanci,2026_03,2026-04-18 13:53
ATATR,829000,280000000,0.3,yabanci,2026_03,2026-04-18 13:53
FORTE,289043,27999999,1.03,yabanci,2026_03,2026-04-18 13:53
DITAS,979020,83407810,1.17,yabanci,2026_03,2026-04-18 13:53
KOCMT,664653,587485478,0.11,yabanci,2026_03,2026-04-18 13:53
NUGYO,11931821,324943976,3.67,yabanci,2026_03,2026-04-18 13:53
TUCLK,277715,263182600,0.11,yabanci,2026_03,2026-04-18 13:53
PAGYO,2430175,57781202,4.21,yabanci,2026_03,2026-04-18 13:53
ETILR,1064144,156217454,0.68,yabanci,2026_03,2026-04-18 13:53
PCILT,314441,45014182,0.7,yabanci,2026_03,2026-04-18 13:53
BAHKM,422099,23289000,1.81,yabanci,2026_03,2026-04-18 13:53
VAKFN,36579157,2064378140,1.77,yabanci,2026_03,2026-04-18 13:53
SEGMN,7339626,80999980,9.06,yabanci,2026_03,2026-04-18 13:53
BESLR,12763605,658098036,1.94,yabanci,2026_03,2026-04-18 13:53
BORSK,243807,279999879,0.09,yabanci,2026_03,2026-04-18 13:53
SUNTK,13813082,145280000,9.51,yabanci,2026_03,2026-04-18 13:53
FADE,379861,42347497,0.9,yabanci,2026_03,2026-04-18 13:53
CATES,381065,33050000,1.15,yabanci,2026_03,2026-04-18 13:53
YYLGD,23422789,369826200,6.33,yabanci,2026_03,2026-04-18 13:53
VBTYZ,242467,56205000,0.43,yabanci,2026_03,2026-04-18 13:53
TEKTU,1718821,195639311,0.88,yabanci,2026_03,2026-04-18 13:53
KONKA,210595,89670000,0.23,yabanci,2026_03,2026-04-18 13:53
BOSSA,161966,508724189,0.03,yabanci,2026_03,2026-04-18 13:53
ECILC,11583284,210589603,5.5,yabanci,2026_03,2026-04-18 13:53
YGGYO,11147611,240625741,4.63,yabanci,2026_03,2026-04-18 13:53
MCARD,118495,18900000,0.63,yabanci,2026_03,2026-04-18 13:53
PINSU,287852,101635846,0.28,yabanci,2026_03,2026-04-18 13:53
TKNSA,1072919,100485379,1.07,yabanci,2026_03,2026-04-18 13:53
ALKIM,10335479,182767821,5.65,yabanci,2026_03,2026-04-18 13:53
VSNMD,1224269,24000000,5.1,yabanci,2026_03,2026-04-18 13:53
OBASE,212252,14924000,1.42,yabanci,2026_03,2026-04-18 13:53
SVGYO,94859,295400000,0.03,yabanci,2026_03,2026-04-18 13:53
DMSAS,3749725,199994510,1.87,yabanci,2026_03,2026-04-18 13:53
MERCN,5740753,74389005,7.72,yabanci,2026_03,2026-04-18 13:53
VAKKO,2058000,30788486,6.68,yabanci,2026_03,2026-04-18 13:53
LUKSK,89415,27257202,0.33,yabanci,2026_03,2026-04-18 13:53
EUHOL,410272,142999954,0.29,yabanci,2026_03,2026-04-18 13:53
UFUK,1022015,46845974,2.18,yabanci,2026_03,2026-04-18 13:53
KLMSN,245277,30881297,0.79,yabanci,2026_03,2026-04-18 13:53
PNLSN,176648,34752383,0.51,yabanci,2026_03,2026-04-18 13:53
GEDZA,75746,42983624,0.18,yabanci,2026_03,2026-04-18 13:53
ERCB,72322,39113273,0.18,yabanci,2026_03,2026-04-18 13:53
HATEK,68781,62998947,0.11,yabanci,2026_03,2026-04-18 13:53
BLCYT,65313,49088907,0.13,yabanci,2026_03,2026-04-18 13:53
MAKTK,102256,184370066,0.06,yabanci,2026_03,2026-04-18 13:53
ALCTL,87121,13543218,0.64,yabanci,2026_03,2026-04-18 13:53
TURGG,59649,32042988,0.19,yabanci,2026_03,2026-04-18 13:53
DNISI,55038,59171727,0.09,yabanci,2026_03,2026-04-18 13:53
AKFIS,53223,66841328,0.08,yabanci,2026_03,2026-04-18 13:53
ADEL,53961,112043619,0.05,yabanci,2026_03,2026-04-18 13:53
MEKAG,50596,320319999,0.02,yabanci,2026_03,2026-04-18 13:53
VERUS,12885282,34499937,37.35,yabanci,2026_03,2026-04-18 13:53
AHGAZ,68165707,659370871,10.34,yabanci,2026_03,2026-04-18 13:53
EKOS,42004,307199852,0.01,yabanci,2026_03,2026-04-18 13:53
BEYAZ,239961,42317352,0.57,yabanci,2026_03,2026-04-18 13:53
TABGD,22047443,52499906,42.0,yabanci,2026_03,2026-04-18 13:53
RUBNS,101929,42377765,0.24,yabanci,2026_03,2026-04-18 13:53
DESPC,285225,16023700,1.78,yabanci,2026_03,2026-04-18 13:53
PRDGS,34324,110850000,0.03,yabanci,2026_03,2026-04-18 13:53
VERTU,66141,22000000,0.3,yabanci,2026_03,2026-04-18 13:53
KAPLM,401165,4571305,8.78,yabanci,2026_03,2026-04-18 13:53
PRKME,239648,53038641,0.45,yabanci,2026_03,2026-04-18 13:53
SDTTR,513004,15990000,3.21,yabanci,2026_03,2026-04-18 13:53
GIPTA,279624,51617863,0.54,yabanci,2026_03,2026-04-18 13:53
EYGYO,24000,362859668,0.01,yabanci,2026_03,2026-04-18 13:53
TGSAS,226350,12348294,1.83,yabanci,2026_03,2026-04-18 13:53
DGNMO,2077226,327634635,0.63,yabanci,2026_03,2026-04-18 13:53
BRYAT,430921,10264685,4.2,yabanci,2026_03,2026-04-18 13:53
MEDTR,183911,24499999,0.75,yabanci,2026_03,2026-04-18 13:53
KOPOL,4119655,266319652,1.55,yabanci,2026_03,2026-04-18 13:53
TBORG,174383,59392160,0.29,yabanci,2026_03,2026-04-18 13:53
INVES,2594413,37480000,6.92,yabanci,2026_03,2026-04-18 13:53
INTEM,19512,9428747,0.21,yabanci,2026_03,2026-04-18 13:53
AKENR,1859349,385189246,0.48,yabanci,2026_03,2026-04-18 13:53
PAMEL,167762,21533681,0.78,yabanci,2026_03,2026-04-18 13:53
KNFRT,94026,131747000,0.07,yabanci,2026_03,2026-04-18 13:53
BMSCH,89229,69277402,0.13,yabanci,2026_03,2026-04-18 13:53
PKENT,49775,23766169,0.21,yabanci,2026_03,2026-04-18 13:53
BRKVY,20109,13618361,0.15,yabanci,2026_03,2026-04-18 13:53
TLMAN,223411,10300000,2.17,yabanci,2026_03,2026-04-18 13:53
SAYAS,112711,42530887,0.27,yabanci,2026_03,2026-04-18 13:53
BANVT,13483,36961044,0.04,yabanci,2026_03,2026-04-18 13:53
DOKTA,58172,145872862,0.04,yabanci,2026_03,2026-04-18 13:53
RAYSG,44049930,51947024,84.8,yabanci,2026_03,2026-04-18 13:53
PRKAB,11201,35225443,0.03,yabanci,2026_03,2026-04-18 13:53
ZERGY,10066,156799985,0.01,yabanci,2026_03,2026-04-18 13:53
BAKAB,337490,34985326,0.96,yabanci,2026_03,2026-04-18 13:53
ATAKP,15142,28224000,0.05,yabanci,2026_03,2026-04-18 13:53
BIENY,1996369,83144831,2.4,yabanci,2026_03,2026-04-18 13:53
BFREN,6211802,24586148,25.27,yabanci,2026_03,2026-04-18 13:53
SMART,96389,29737499,0.32,yabanci,2026_03,2026-04-18 13:53
LYDYE,185920,1391287,13.36,yabanci,2026_03,2026-04-18 13:53
BIOEN,14836435,197983418,7.49,yabanci,2026_03,2026-04-18 13:53
CELHA,5974,146124225,0.0,yabanci,2026_03,2026-04-18 13:53
ASGYO,841875,165000000,0.51,yabanci,2026_03,2026-04-18 13:53
CLEBI,224076,5490178,4.08,yabanci,2026_03,2026-04-18 13:53
YAPRK,9051,88514958,0.01,yabanci,2026_03,2026-04-18 13:53
PLTUR,335652,49500000,0.68,yabanci,2026_03,2026-04-18 13:53
ARENA,44205,66996461,0.07,yabanci,2026_03,2026-04-18 13:53
POLTK,295537,1125000,26.27,yabanci,2026_03,2026-04-18 13:53
ISGSY,3190,47378729,0.01,yabanci,2026_03,2026-04-18 13:53
BESTE,1627,54578499,0.0,yabanci,2026_03,2026-04-18 13:53
GRSEL,1851194,29650000,6.24,yabanci,2026_03,2026-04-18 13:53
ELITE,3705,44650000,0.01,yabanci,2026_03,2026-04-18 13:53
INGRM,2392,14969536,0.02,yabanci,2026_03,2026-04-18 13:53
PAPIL,544814,206247674,0.26,yabanci,2026_03,2026-04-18 13:53
ACSEL,331,8589113,0.0,yabanci,2026_03,2026-04-18 13:53
HKTM,268,72747495,0.0,yabanci,2026_03,2026-04-18 13:53
MRSHL,144,4212888,0.0,yabanci,2026_03,2026-04-18 13:53
DOFER,1832,20172500,0.01,yabanci,2026_03,2026-04-18 13:53
ENPRA,70,374258700,0.0,yabanci,2026_03,2026-04-18 13:53
CMENT,1776,56829666,0.0,yabanci,2026_03,2026-04-18 13:53
SEKUR,124797,131457835,0.09,yabanci,2026_03,2026-04-18 13:53
SEYKM,1,151040901,0.0,yabanci,2026_03,2026-04-18 13:53
SILVR,9,212818206,0.0,yabanci,2026_03,2026-04-18 13:53
DOGUB,0,19821566,0.0,yabanci,2026_03,2026-04-18 13:53
SKYLP,0,7159255,0.0,yabanci,2026_03,2026-04-18 13:53
ERSU,0,31755894,0.0,yabanci,2026_03,2026-04-18 13:53
MZHLD,1,72215314,0.0,yabanci,2026_03,2026-04-18 13:53
SNPAM,1,19679871,0.0,yabanci,2026_03,2026-04-18 13:53
SONME,0,4349319,0.0,yabanci,2026_03,2026-04-18 13:53
ANGEN,305018,86440002,0.35,yabanci,2026_03,2026-04-18 13:53
NIBAS,700000,267767946,0.26,yabanci,2026_03,2026-04-18 13:53
ARTOG,220000,18578922,1.18,yabanci,2026_03,2026-04-18 13:53
AGYO,1,129036460,0.0,yabanci,2026_03,2026-04-18 13:53
KRATL,5403,17800000,0.03,yabanci,2026_03,2026-04-18 13:53
TDGYO,398606,61998213,0.64,yabanci,2026_03,2026-04-18 13:53
IHEVA,2929901,291631239,1.0,yabanci,2026_03,2026-04-18 13:53
AKYHO,2,223895870,0.0,yabanci,2026_03,2026-04-18 13:53
ORCAY,0,151124962,0.0,yabanci,2026_03,2026-04-18 13:53
OSMEN,192779,159162130,0.12,yabanci,2026_03,2026-04-18 13:53
KSTUR,406,3952560,0.01,yabanci,2026_03,2026-04-18 13:53
OYAYO,16000,19999941,0.08,yabanci,2026_03,2026-04-18 13:53
OYLUM,0,80937367,0.0,yabanci,2026_03,2026-04-18 13:53
ARAT,600000,39867975,1.5,yabanci,2026_03,2026-04-18 13:53
ARBUL,2300,15459297,0.01,yabanci,2026_03,2026-04-18 13:53
OZRDN,5,57107579,0.0,yabanci,2026_03,2026-04-18 13:53
DGGYO,7410,280709437,0.0,yabanci,2026_03,2026-04-18 13:53
FENIS,210000,26080019,0.81,yabanci,2026_03,2026-04-18 13:53
FLAP,1,93599985,0.0,yabanci,2026_03,2026-04-18 13:53
LIOYS,0,31625013,0.0,yabanci,2026_03,2026-04-18 13:53
ASYAB,24964841,477899601,5.22,yabanci,2026_03,2026-04-18 13:53
ISBIR,3825,14545542,0.03,yabanci,2026_03,2026-04-18 13:53
ULAS,0,25200172,0.0,yabanci,2026_03,2026-04-18 13:53
UNTAR,1,29562129,0.0,yabanci,2026_03,2026-04-18 13:53
UZEL,3054418,26329793,11.6,yabanci,2026_03,2026-04-18 13:53
EGCYO,0,21986285,0.0,yabanci,2026_03,2026-04-18 13:53
BAYRK,886,189751123,0.0,yabanci,2026_03,2026-04-18 13:53
MANGO,50001,37831688,0.13,yabanci,2026_03,2026-04-18 13:53
AKMGY,2,21568998,0.0,yabanci,2026_03,2026-04-18 13:53
AKPAZ,352917,22488832,1.57,yabanci,2026_03,2026-04-18 13:53
GLBMD,0,28880500,0.0,yabanci,2026_03,2026-04-18 13:53
ATEKS,4172,5441598,0.08,yabanci,2026_03,2026-04-18 13:53
MEGAP,1,234498757,0.0,yabanci,2026_03,2026-04-18 13:53
PRZMA,60,61941150,0.0,yabanci,2026_03,2026-04-18 13:53
PSDTC,284,6599991,0.0,yabanci,2026_03,2026-04-18 13:53
ATPET,101,11403497,0.0,yabanci,2026_03,2026-04-18 13:53
QNBFK,13,843137646,0.0,yabanci,2026_03,2026-04-18 13:53
QNBTR,31,2571745911,0.0,yabanci,2026_03,2026-04-18 13:53
CMBTN,1719,1023000,0.17,yabanci,2026_03,2026-04-18 13:53
MEMSA,0,160110709,0.0,yabanci,2026_03,2026-04-18 13:53
RNPOL,4000000,335900000,1.19,yabanci,2026_03,2026-04-18 13:53
MENBA,4513,3496852,0.13,yabanci,2026_03,2026-04-18 13:53
GOLDS,222541,192323946,0.12,yabanci,2026_03,2026-04-18 13:53
KENT,0,1786507,0.0,yabanci,2026_03,2026-04-18 13:53
KERVN,0,588346973,0.0,yabanci,2026_03,2026-04-18 13:53
SANEL,1,18112451,0.0,yabanci,2026_03,2026-04-18 13:53
GRNYO,130436,37386059,0.35,yabanci,2026_03,2026-04-18 13:53
KLNMA,57760,91846864,0.06,yabanci,2026_03,2026-04-18 13:53
GLDTRF,644,47850000,0.0,yabanci,2026_03,2026-04-18 13:53
TARKM,2142,4999997,0.04,yabanci,2026_03,2026-04-18 13:53
GARFA,31996,138399778,0.02,yabanci,2026_03,2026-04-18 13:53
BRLSM,76377,108025075,0.07,yabanci,2026_03,2026-04-18 13:53
ULUUN,3634479,290523353,1.25,yabanci,2026_03,2026-04-18 13:53
MAALT,10680,4763850,0.22,yabanci,2026_03,2026-04-18 13:53
KONYA,47442,1646416,2.88,yabanci,2026_03,2026-04-18 13:53
IHAAS,21950291,56031248,39.18,yabanci,2026_03,2026-04-18 13:53
TRILC,746926,118499496,0.63,yabanci,2026_03,2026-04-18 13:53
HATSN,85233,44299964,0.19,yabanci,2026_03,2026-04-18 13:53
ALCAR,208,1721735,0.01,yabanci,2026_03,2026-04-18 13:53
INVEO,405046,998999954,0.04,yabanci,2026_03,2026-04-18 13:53
GEREL,1823,219036379,0.0,yabanci,2026_03,2026-04-18 13:53
MTRKS,479237,43633165,1.1,yabanci,2026_03,2026-04-18 13:53
KLYPV,2887674,46334639,6.23,yabanci,2026_03,2026-04-18 13:53
SURGY,773,44999990,0.0,yabanci,2026_03,2026-04-18 13:53
DESA,21740506,171107590,12.71,yabanci,2026_03,2026-04-18 13:53
MEPET,1299158,73940585,1.76,yabanci,2026_03,2026-04-18 13:53
GOLTS,750147,12422783,6.04,yabanci,2026_03,2026-04-18 13:53
TRHOL,1801,17583212,0.01,yabanci,2026_03,2026-04-18 13:53
ENDAE,201921,123901910,0.16,yabanci,2026_03,2026-04-18 13:53
CUSAN,14418,18500000,0.08,yabanci,2026_03,2026-04-18 13:53
HLGYO,31896876,1075198517,2.97,yabanci,2026_03,2026-04-18 13:53
ULUSE,30203,24000000,0.13,yabanci,2026_03,2026-04-18 13:53
TMSN,1978958,44449999,4.45,yabanci,2026_03,2026-04-18 13:53
YAYLA,27976,39874966,0.07,yabanci,2026_03,2026-04-18 13:53
ARSAN,2262138,887344281,0.25,yabanci,2026_03,2026-04-18 13:53
CRDFA,0,224990570,0.0,yabanci,2026_03,2026-04-18 13:53
SUWEN,46727107,365687500,12.78,yabanci,2026_03,2026-04-18 13:53
CEMTS,3093726,233425986,1.33,yabanci,2026_03,2026-04-18 13:53
OZSUB,44329,44247402,0.1,yabanci,2026_03,2026-04-18 13:53
ARDYZ,2943576,279551557,1.05,yabanci,2026_03,2026-04-18 13:53
ERBOS,285491,15899843,1.8,yabanci,2026_03,2026-04-18 13:53
GEDIK,211511,983076857,0.02,yabanci,2026_03,2026-04-18 13:53
AKCNS,3388333,39359284,8.61,yabanci,2026_03,2026-04-18 13:53
AKHAN,3902,54700000,0.01,yabanci,2026_03,2026-04-18 13:53
JANTS,3862200,207607465,1.86,yabanci,2026_03,2026-04-18 13:53
TUKAS,179508942,4499995929,3.99,yabanci,2026_03,2026-04-18 13:53
LKMNH,2234194,163262533,1.37,yabanci,2026_03,2026-04-18 13:53
AVHOL,975,26047279,0.0,yabanci,2026_03,2026-04-18 13:53
EGEEN,70890,1137161,6.23,yabanci,2026_03,2026-04-18 13:53
FRIGO,114949,263258455,0.04,yabanci,2026_03,2026-04-18 13:53
PNSUT,301005,128323851,0.23,yabanci,2026_03,2026-04-18 13:53
FMIZP,18067,3497641,0.52,yabanci,2026_03,2026-04-18 13:53
BIZIM,33252,27601626,0.12,yabanci,2026_03,2026-04-18 13:53
SMRVA,2169781,28000000,7.75,yabanci,2026_03,2026-04-18 13:53
VAKFA,603592,224999701,0.27,yabanci,2026_03,2026-04-18 13:53
TATEN,4192993,347799724,1.21,yabanci,2026_03,2026-04-18 13:53
BRISA,1981941,31247472,6.34,yabanci,2026_03,2026-04-18 13:53
ISYAT,2,152245569,0.0,yabanci,2026_03,2026-04-18 13:53
EDIP,75266,36468204,0.21,yabanci,2026_03,2026-04-18 13:53
BORLS,14314177,308652686,4.64,yabanci,2026_03,2026-04-18 13:53
TMPOL,6585,11039990,0.06,yabanci,2026_03,2026-04-18 13:53
PENTA,10882545,181070136,6.01,yabanci,2026_03,2026-04-18 13:53
KUTPO,13041,10524430,0.12,yabanci,2026_03,2026-04-18 13:53
OTTO,27333,5824438,0.47,yabanci,2026_03,2026-04-18 13:53
GZNMI,81535,40949825,0.2,yabanci,2026_03,2026-04-18 13:53
ARTMS,2330,28399999,0.01,yabanci,2026_03,2026-04-18 13:53
ENSRI,12462849,236333503,5.27,yabanci,2026_03,2026-04-18 13:53
KZGYO,74806,49999978,0.15,yabanci,2026_03,2026-04-18 13:53
PKART,3360006,11048497,30.41,yabanci,2026_03,2026-04-18 13:53
GESAN,9961444,141759179,7.03,yabanci,2026_03,2026-04-18 13:53
KRONT,2892818,116892885,2.47,yabanci,2026_03,2026-04-18 13:53
HRKET,720502,24000000,3.0,yabanci,2026_03,2026-04-18 13:53
NUHCM,6400619,33164430,19.3,yabanci,2026_03,2026-04-18 13:53
KRPLS,996052,78486163,1.27,yabanci,2026_03,2026-04-18 13:53
POLHO,16216864,164140074,9.88,yabanci,2026_03,2026-04-18 13:53
BURVA,344,4723271,0.01,yabanci,2026_03,2026-04-18 13:53
OZYSR,11058,40488000,0.03,yabanci,2026_03,2026-04-18 13:53
OZATD,505305,13349988,3.79,yabanci,2026_03,2026-04-18 13:53
CRFSA,1734122,18312793,9.47,yabanci,2026_03,2026-04-18 13:53
DGATE,22090,15227271,0.15,yabanci,2026_03,2026-04-18 13:53
AVPGY,3444335,99999990,3.44,yabanci,2026_03,2026-04-18 13:53
KLRHO,57461564,341250000,16.84,yabanci,2026_03,2026-04-18 13:53
ALKA,3718,330750000,0.0,yabanci,2026_03,2026-04-18 13:53
BAGFS,3621930,100042745,3.62,yabanci,2026_03,2026-04-18 13:53
RUZYE,1000000,267748491,0.37,yabanci,2026_03,2026-04-18 13:53
OFSYM,27696,22749998,0.12,yabanci,2026_03,2026-04-18 13:53
CEMAS,6204043,790994229,0.78,yabanci,2026_03,2026-04-18 13:53
NETAS,2351,31783484,0.01,yabanci,2026_03,2026-04-18 13:53
DEVA,565478,199971824,0.28,yabanci,2026_03,2026-04-18 13:53
HEDEF,1760983,562499930,0.31,yabanci,2026_03,2026-04-18 13:53
OBAMS,6264637,751078524,0.83,yabanci,2026_03,2026-04-18 13:53
PARSN,410163,34033246,1.21,yabanci,2026_03,2026-04-18 13:53
ASUZU,2719891,41130807,6.61,yabanci,2026_03,2026-04-18 13:53
BASGZ,12548304,174999999,7.17,yabanci,2026_03,2026-04-18 13:53
OSTIM,3392590,510004637,0.67,yabanci,2026_03,2026-04-18 13:53
METRO,447337,539989959,0.08,yabanci,2026_03,2026-04-18 13:53
TATGD,7862978,119286243,6.59,yabanci,2026_03,2026-04-18 13:53
DYOBY,382923,186553687,0.21,yabanci,2026_03,2026-04-18 13:53
KARSN,22063803,827827039,2.67,yabanci,2026_03,2026-04-18 13:53
DERIM,171,40403770,0.0,yabanci,2026_03,2026-04-18 13:53
ORGE,7706375,41839996,18.42,yabanci,2026_03,2026-04-18 13:53
MSGYO,63376,169650150,0.04,yabanci,2026_03,2026-04-18 13:53
SELEC,12991463,124262097,10.45,yabanci,2026_03,2026-04-18 13:53
KTSKR,10280,14691795,0.07,yabanci,2026_03,2026-04-18 13:53
DUNYH,2304415,36443197,6.32,yabanci,2026_03,2026-04-18 13:53
ECZYT,1324357,45880511,2.89,yabanci,2026_03,2026-04-18 13:53
ONRYT,65431,19730000,0.33,yabanci,2026_03,2026-04-18 13:53
MAKIM,53608,42559998,0.13,yabanci,2026_03,2026-04-18 13:53
ADGYO,593129,379654333,0.16,yabanci,2026_03,2026-04-18 13:53
GOODY,64806429,132804473,48.8,yabanci,2026_03,2026-04-18 13:53
YATAS,12610904,94866488,13.29,yabanci,2026_03,2026-04-18 13:53
MANAS,12228,306992000,0.0,yabanci,2026_03,2026-04-18 13:53
HURGZ,643,220784167,0.0,yabanci,2026_03,2026-04-18 13:53
FZLGY,2537541,398427644,0.64,yabanci,2026_03,2026-04-18 13:53
UNLU,70917,102181558,0.07,yabanci,2026_03,2026-04-18 13:53
AKFYE,146733229,551782160,26.59,yabanci,2026_03,2026-04-18 13:53
SANKO,446236,37499197,1.19,yabanci,2026_03,2026-04-18 13:53
EMKEL,178001,149999458,0.12,yabanci,2026_03,2026-04-18 13:53
EPLAS,2473396,190491857,1.3,yabanci,2026_03,2026-04-18 13:53
GOKNR,5944822,178040711,3.34,yabanci,2026_03,2026-04-18 13:53
ATATP,1067645,18809999,5.68,yabanci,2026_03,2026-04-18 13:53
EDATA,74675,160065395,0.05,yabanci,2026_03,2026-04-18 13:53
VESTL,6941997,295447203,2.35,yabanci,2026_03,2026-04-18 13:53
TSGYO,519053,266499982,0.19,yabanci,2026_03,2026-04-18 13:53
ALFAS,5859389,84639559,6.92,yabanci,2026_03,2026-04-18 13:53
AKSUE,216798,56376184,0.38,yabanci,2026_03,2026-04-18 13:53
YYAPI,3744548,1705025550,0.22,yabanci,2026_03,2026-04-18 13:53
ARASE,5398367,49999991,10.8,yabanci,2026_03,2026-04-18 13:53
EUREN,63464446,1040132637,6.1,yabanci,2026_03,2026-04-18 13:53
AVGYO,1,111590302,0.0,yabanci,2026_03,2026-04-18 13:53
AYDEM,24633911,130000000,18.95,yabanci,2026_03,2026-04-18 13:53
RALYH,14210669,176370972,8.06,yabanci,2026_03,2026-04-18 13:53
YIGIT,317490,74999974,0.42,yabanci,2026_03,2026-04-18 13:53
BINHO,43019,488884380,0.01,yabanci,2026_03,2026-04-18 13:53
KLSER,5414302,109457654,4.95,yabanci,2026_03,2026-04-18 13:53
BARMA,234969,78130939,0.3,yabanci,2026_03,2026-04-18 13:53
AVOD,42526,253604577,0.02,yabanci,2026_03,2026-04-18 13:53
ARMGD,742967,54996000,1.35,yabanci,2026_03,2026-04-18 13:53
CEOEM,82552,22209658,0.37,yabanci,2026_03,2026-04-18 13:53
ODINE,2425510,52810834,4.59,yabanci,2026_03,2026-04-18 13:53
EGPRO,88218,175170570,0.05,yabanci,2026_03,2026-04-18 13:53
EBEBK,3557143,40534692,8.78,yabanci,2026_03,2026-04-18 13:53
GLCVY,51407,26400000,0.19,yabanci,2026_03,2026-04-18 13:53
KRVGD,53032341,596159766,8.9,yabanci,2026_03,2026-04-18 13:53
AGESA,20196876,35829553,56.37,yabanci,2026_03,2026-04-18 13:53
KBORU,1456850,143999994,1.01,yabanci,2026_03,2026-04-18 13:53
SELVA,211374,775687737,0.03,yabanci,2026_03,2026-04-18 13:53
ISFIN,33476614,310154523,10.79,yabanci,2026_03,2026-04-18 13:53
GSDDE,27896,106850751,0.03,yabanci,2026_03,2026-04-18 13:53
LIDER,21200403,279500000,7.59,yabanci,2026_03,2026-04-18 13:53
KOTON,67963,136599922,0.05,yabanci,2026_03,2026-04-18 13:53
GUBRF,7465324,85403679,8.74,yabanci,2026_03,2026-04-18 13:53
PETUN,379280,134673118,0.28,yabanci,2026_03,2026-04-18 13:53
HTTBT,15261831,82805422,18.43,yabanci,2026_03,2026-04-18 13:53
RGYAS,51270582,105523000,48.59,yabanci,2026_03,2026-04-18 13:53
KARTN,664602,72781126,0.91,yabanci,2026_03,2026-04-18 13:53
ICBCT,86801,216761845,0.04,yabanci,2026_03,2026-04-18 13:53
AHSGY,15419364,184999889,8.33,yabanci,2026_03,2026-04-18 13:53
BOBET,702357,113999998,0.62,yabanci,2026_03,2026-04-18 13:53
KFEIN,214568,150306170,0.14,yabanci,2026_03,2026-04-18 13:53
GRTHO,5801230,36745000,15.79,yabanci,2026_03,2026-04-18 13:53
MACKO,243608,41500000,0.59,yabanci,2026_03,2026-04-18 13:53
YEOTK,9269648,160933198,5.76,yabanci,2026_03,2026-04-18 13:53
BNTAS,84802,170624998,0.05,yabanci,2026_03,2026-04-18 13:53
IZMDC,37341332,723225318,5.16,yabanci,2026_03,2026-04-18 13:53
MPARK,33258893,80869110,41.13,yabanci,2026_03,2026-04-18 13:53
ESEN,37660049,682499950,5.52,yabanci,2026_03,2026-04-18 13:53
TCKRC,35739,70000000,0.05,yabanci,2026_03,2026-04-18 13:53
KRDMB,2032479,118762110,1.71,yabanci,2026_03,2026-04-18 13:53
GUNDG,593873,18968983,3.13,yabanci,2026_03,2026-04-18 13:53
OZKGY,23977114,363999945,6.59,yabanci,2026_03,2026-04-18 13:53
LMKDC,1870232,155929999,1.2,yabanci,2026_03,2026-04-18 13:53
YUNSA,201784,202164056,0.1,yabanci,2026_03,2026-04-18 13:53
IHGZT,12156857,570666228,2.13,yabanci,2026_03,2026-04-18 13:53
SOKE,131549,126999996,0.1,yabanci,2026_03,2026-04-18 13:53
TNZTP,767349,87499950,0.88,yabanci,2026_03,2026-04-18 13:53
MGROS,31991071,96563568,33.13,yabanci,2026_03,2026-04-18 13:53
LOGO,20690782,74328248,27.84,yabanci,2026_03,2026-04-18 13:53
TRMET,49617328,174483588,28.44,yabanci,2026_03,2026-04-18 13:53
KLKIM,8592415,138383655,6.21,yabanci,2026_03,2026-04-18 13:53
TRCAS,4786107,206252869,2.32,yabanci,2026_03,2026-04-18 13:53
MERIT,462735,329748900,0.14,yabanci,2026_03,2026-04-18 13:53
GOZDE,3338168,384991447,0.87,yabanci,2026_03,2026-04-18 13:53
GWIND,10636370,179165491,5.94,yabanci,2026_03,2026-04-18 13:53
ISSEN,74621,107417374,0.07,yabanci,2026_03,2026-04-18 13:53
ISGYO,37922886,531312439,7.14,yabanci,2026_03,2026-04-18 13:53
SNICA,1,321688855,0.0,yabanci,2026_03,2026-04-18 13:53
KCAER,62105385,496494775,12.51,yabanci,2026_03,2026-04-18 13:53
KRSTL,2294496,183664642,1.25,yabanci,2026_03,2026-04-18 13:53
CONSE,1837188,377854899,0.49,yabanci,2026_03,2026-04-18 13:53
TTRAK,5552604,24967158,22.24,yabanci,2026_03,2026-04-18 13:53
BIGTK,421231,23834373,1.77,yabanci,2026_03,2026-04-18 13:53
AKGRT,150436236,629007625,23.92,yabanci,2026_03,2026-04-18 13:53
KLGYO,7195211,689399869,1.04,yabanci,2026_03,2026-04-18 13:53
OTKAR,3764225,33417145,11.26,yabanci,2026_03,2026-04-18 13:53
MOPAS,1385,57330000,0.0,yabanci,2026_03,2026-04-18 13:53
ALBRK,203485515,1050739765,19.37,yabanci,2026_03,2026-04-18 13:53
SNGYO,150123294,3607173097,4.16,yabanci,2026_03,2026-04-18 13:53
KLSYN,598848,107854952,0.56,yabanci,2026_03,2026-04-18 13:53
ULUFA,1168429,305269391,0.38,yabanci,2026_03,2026-04-18 13:53
AKSGY,85385466,1628451947,5.24,yabanci,2026_03,2026-04-18 13:53
BRSAN,2166394,35912460,6.03,yabanci,2026_03,2026-04-18 13:53
EGEPO,1825345,200000000,0.91,yabanci,2026_03,2026-04-18 13:53
VRGYO,28579448,597693904,4.78,yabanci,2026_03,2026-04-18 13:53
MAGEN,89284458,719512140,12.41,yabanci,2026_03,2026-04-18 13:53
SKBNK,123474119,2498877855,4.94,yabanci,2026_03,2026-04-18 13:53
AFYON,6100733,399992258,1.53,yabanci,2026_03,2026-04-18 13:53
INDES,35365411,462749767,7.64,yabanci,2026_03,2026-04-18 13:53
KGYO,1120835,767894934,0.15,yabanci,2026_03,2026-04-18 13:53
BUCIM,43291799,1292638065,3.35,yabanci,2026_03,2026-04-18 13:53
EGEGY,902778,69140000,1.31,yabanci,2026_03,2026-04-18 13:53
DOAS,18061434,97899975,18.45,yabanci,2026_03,2026-04-18 13:53
ISMEN,121406445,467723147,25.96,yabanci,2026_03,2026-04-18 13:53
VESBE,27760643,503578676,5.51,yabanci,2026_03,2026-04-18 13:53
RYSAS,867889337,1504020937,57.7,yabanci,2026_03,2026-04-18 13:53
PENGD,4875,171069968,0.0,yabanci,2026_03,2026-04-18 13:53
IMASM,28989299,650600499,4.46,yabanci,2026_03,2026-04-18 13:53
ZRGYO,76834418,1173404997,6.55,yabanci,2026_03,2026-04-18 13:53
AGHOL,249020211,1069828243,23.28,yabanci,2026_03,2026-04-18 13:53
KIMMR,395647,75000000,0.53,yabanci,2026_03,2026-04-18 13:53
KTLEV,74490091,1288500000,5.78,yabanci,2026_03,2026-04-18 13:53
VKGYO,80457958,1637203242,4.91,yabanci,2026_03,2026-04-18 13:53
TKFEN,18335255,230848007,7.94,yabanci,2026_03,2026-04-18 13:53
FROTO,233133641,625119847,37.29,yabanci,2026_03,2026-04-18 13:53
BURCE,136807,44422390,0.31,yabanci,2026_03,2026-04-18 13:53
ENTRA,5944696,369383564,1.61,yabanci,2026_03,2026-04-18 13:53
GLYHO,251453981,1949290631,12.9,yabanci,2026_03,2026-04-18 13:53
NTHOL,19930147,485479112,4.11,yabanci,2026_03,2026-04-18 13:53
QUAGR,110499944,1773200000,6.23,yabanci,2026_03,2026-04-18 13:53
BERA,48619729,492027250,9.88,yabanci,2026_03,2026-04-18 13:53
SARKY,62221877,999999671,6.22,yabanci,2026_03,2026-04-18 13:53
GSDHO,100763537,999994969,10.08,yabanci,2026_03,2026-04-18 13:53
MOBTL,5153125,207999999,2.48,yabanci,2026_03,2026-04-18 13:53
CVKMD,21487007,461999787,4.65,yabanci,2026_03,2026-04-18 13:53
KRDMA,19962154,240300917,8.31,yabanci,2026_03,2026-04-18 13:53
ESCOM,23810746,465831670,5.11,yabanci,2026_03,2026-04-18 13:53
ISDMR,22669527,147631816,15.36,yabanci,2026_03,2026-04-18 13:53
ENERY,260913746,2420687469,10.78,yabanci,2026_03,2026-04-18 13:53
PGSUS,30568880,295068869,10.36,yabanci,2026_03,2026-04-18 13:53
TCELL,718161681,1622604373,44.26,yabanci,2026_03,2026-04-18 13:53
ULKER,46792798,338855989,13.81,yabanci,2026_03,2026-04-18 13:53
AKSA,258754404,1503650642,17.21,yabanci,2026_03,2026-04-18 13:53
HEKTS,341910297,3946424637,8.66,yabanci,2026_03,2026-04-18 13:53
TRGYO,36774622,251573369,14.62,yabanci,2026_03,2026-04-18 13:53
SISE,171582982,1814905641,9.45,yabanci,2026_03,2026-04-18 13:53
VAKBN,170627506,8046896130,2.12,yabanci,2026_03,2026-04-18 13:53
DOHOL,207915178,984706978,21.11,yabanci,2026_03,2026-04-18 13:53
HALKB,23829112,6546422780,0.36,yabanci,2026_03,2026-04-18 13:53
TUREX,4250408,432000000,0.98,yabanci,2026_03,2026-04-18 13:53
CWENE,36839700,530758241,6.94,yabanci,2026_03,2026-04-18 13:53
ISKPL,31217597,724625736,4.31,yabanci,2026_03,2026-04-18 13:53
SOKM,141389280,448708248,31.51,yabanci,2026_03,2026-04-18 13:53
ALGYO,21937152,989338262,2.22,yabanci,2026_03,2026-04-18 13:53
SAHOL,320699409,1149847384,27.89,yabanci,2026_03,2026-04-18 13:53
AKFGY,125229672,3457819313,3.62,yabanci,2026_03,2026-04-18 13:53
BJKAS,62632473,1776089716,3.53,yabanci,2026_03,2026-04-18 13:53
GARAN,155338985,2454957797,6.33,yabanci,2026_03,2026-04-18 13:53
YGYO,1752091,1310632851,0.13,yabanci,2026_03,2026-04-18 13:53
PEKGY,374738798,4685173406,8.0,yabanci,2026_03,2026-04-18 13:53
THYAO,136817243,739463453,18.5,yabanci,2026_03,2026-04-18 13:53
EKGYO,439409401,1925107366,22.83,yabanci,2026_03,2026-04-18 13:53
AEFES,798240112,2028860053,39.34,yabanci,2026_03,2026-04-18 13:53
GENIL,110096656,1289069985,8.54,yabanci,2026_03,2026-04-18 13:53
ALVES,2303699,1159999780,0.2,yabanci,2026_03,2026-04-18 13:53
DAPGM,67904886,942910838,7.2,yabanci,2026_03,2026-04-18 13:53
TSPOR,8093907,3674975174,0.22,yabanci,2026_03,2026-04-18 13:53
ZOREN,234640432,2681244194,8.75,yabanci,2026_03,2026-04-18 13:53
TRALT,245899926,952269019,25.82,yabanci,2026_03,2026-04-18 13:53
YKBNK,1507272456,4705620952,32.03,yabanci,2026_03,2026-04-18 13:53
SASA,2813358429,25700434927,10.95,yabanci,2026_03,2026-04-18 13:53
AKBNK,1525228422,3059320211,49.86,yabanci,2026_03,2026-04-18 13:53
ALVES,206164867,1159999780,17.77,fon,2026_03,2026-04-18 13:53
KTLEV,264011263,1288500000,20.49,fon,2026_03,2026-04-18 13:53
ISCTR,1370980800,8880396856,15.44,fon,2026_03,2026-04-18 13:53
MARTI,141076166,1475768116,9.56,fon,2026_03,2026-04-18 13:53
SVGYO,90782261,295400000,30.73,fon,2026_03,2026-04-18 13:53
BTCIM,393034013,4220286921,9.31,fon,2026_03,2026-04-18 13:53
EREGL,599055619,3554243274,16.85,fon,2026_03,2026-04-18 13:53
DOHOL,152749619,984706978,15.51,fon,2026_03,2026-04-18 13:53
TERA,147371034,240888789,61.18,fon,2026_03,2026-04-18 13:53
SASA,1832445791,25700434927,7.13,fon,2026_03,2026-04-18 13:53
AKBNK,454547555,3059320211,14.86,fon,2026_03,2026-04-18 13:53
PETKM,163104154,1241729843,13.14,fon,2026_03,2026-04-18 13:53
CRDFA,52107639,224990570,23.16,fon,2026_03,2026-04-18 13:53
DAPGM,146486236,942910838,15.54,fon,2026_03,2026-04-18 13:53
CANTE,183924980,8608815636,2.14,fon,2026_03,2026-04-18 13:53
MRGYO,24403413,2277966226,1.07,fon,2026_03,2026-04-18 13:53
AKSA,168435169,1503650642,11.2,fon,2026_03,2026-04-18 13:53
CWENE,267339757,530758241,50.37,fon,2026_03,2026-04-18 13:53
BSOKE,107898657,458487038,23.53,fon,2026_03,2026-04-18 13:53
THYAO,68995146,739463453,9.33,fon,2026_03,2026-04-18 13:53
HEDEF,327033267,562499930,58.14,fon,2026_03,2026-04-18 13:53
IZENR,43786375,914537597,4.79,fon,2026_03,2026-04-18 13:53
YKBNK,563771725,4705620952,11.98,fon,2026_03,2026-04-18 13:53
ISKPL,133959341,724625736,18.49,fon,2026_03,2026-04-18 13:53
LINK,13318760,747511382,1.78,fon,2026_03,2026-04-18 13:53
KOPOL,18078531,266319652,6.79,fon,2026_03,2026-04-18 13:53
MAGEN,427790470,719512140,59.46,fon,2026_03,2026-04-18 13:53
PASEU,81734328,215295868,37.96,fon,2026_03,2026-04-18 13:53
AEFES,175533909,2028860053,8.65,fon,2026_03,2026-04-18 13:53
TUPRS,66820737,942334139,7.09,fon,2026_03,2026-04-18 13:53
SAHOL,180318672,1149847384,15.68,fon,2026_03,2026-04-18 13:53
KRDMA,19968171,240300917,8.31,fon,2026_03,2026-04-18 13:53
SOKE,20067005,126999996,15.8,fon,2026_03,2026-04-18 13:53
GARAN,126156808,2454957797,5.14,fon,2026_03,2026-04-18 13:53
TEZOL,24874450,139999972,17.77,fon,2026_03,2026-04-18 13:53
ZERGY,16330134,156799985,10.41,fon,2026_03,2026-04-18 13:53
AKGRT,96357518,629007625,15.32,fon,2026_03,2026-04-18 13:53
TSKB,98769419,1516591673,6.51,fon,2026_03,2026-04-18 13:53
ULUFA,14848099,305269391,4.86,fon,2026_03,2026-04-18 13:53
TRALT,66751068,952269019,7.01,fon,2026_03,2026-04-18 13:53
MAVI,89830246,576779312,15.57,fon,2026_03,2026-04-18 13:53
PSGYO,278452276,2954231556,9.43,fon,2026_03,2026-04-18 13:53
TUREX,16883016,432000000,3.91,fon,2026_03,2026-04-18 13:53
KUYAS,70168290,398957788,17.59,fon,2026_03,2026-04-18 13:53
GUNDG,13203319,18968983,69.6,fon,2026_03,2026-04-18 13:53
INFO,267388167,767463333,34.84,fon,2026_03,2026-04-18 13:53
INVEO,14141841,998999954,1.42,fon,2026_03,2026-04-18 13:53
IZFAS,53318915,156001658,34.18,fon,2026_03,2026-04-18 13:53
SOKM,46905312,448708248,10.45,fon,2026_03,2026-04-18 13:53
ZRGYO,767549631,1173404997,65.41,fon,2026_03,2026-04-18 13:53
KCHOL,63646888,674053695,9.44,fon,2026_03,2026-04-18 13:53
MOGAN,21094962,262635000,8.03,fon,2026_03,2026-04-18 13:53
ANSGR,159353129,1564416026,10.19,fon,2026_03,2026-04-18 13:53
INDES,64045081,462749767,13.84,fon,2026_03,2026-04-18 13:53
GEDIK,73575592,983076857,7.48,fon,2026_03,2026-04-18 13:53
TCELL,110870623,1622604373,6.83,fon,2026_03,2026-04-18 13:53
EGEGY,4565290,69140000,6.6,fon,2026_03,2026-04-18 13:53
MEGMT,6253572,85749986,7.29,fon,2026_03,2026-04-18 13:53
ENDAE,3451689,123901910,2.79,fon,2026_03,2026-04-18 13:53
SISE,111554193,1814905641,6.15,fon,2026_03,2026-04-18 13:53
DAGI,40921663,175301274,23.34,fon,2026_03,2026-04-18 13:53
QUAGR,311223925,1773200000,17.55,fon,2026_03,2026-04-18 13:53
AKSEN,18716053,638545796,2.93,fon,2026_03,2026-04-18 13:53
DCTTR,31953962,157328724,20.31,fon,2026_03,2026-04-18 13:53
DSTKF,55278552,84533333,65.39,fon,2026_03,2026-04-18 13:53
AKFYE,57141535,551782160,10.36,fon,2026_03,2026-04-18 13:53
KCAER,36902814,496494775,7.43,fon,2026_03,2026-04-18 13:53
KRVGD,111119883,596159766,18.64,fon,2026_03,2026-04-18 13:53
ENKAI,40791111,874733059,4.66,fon,2026_03,2026-04-18 13:53
GMSTRF,26804491,75300000,35.6,fon,2026_03,2026-04-18 13:53
AYDEM,7172133,130000000,5.52,fon,2026_03,2026-04-18 13:53
DERHL,2004663,197281316,1.02,fon,2026_03,2026-04-18 13:53
KOCMT,7797952,587485478,1.33,fon,2026_03,2026-04-18 13:53
ULKER,15433867,338855989,4.55,fon,2026_03,2026-04-18 13:53
ENSRI,123960530,236333503,52.45,fon,2026_03,2026-04-18 13:53
MIATK,14803109,313087979,4.73,fon,2026_03,2026-04-18 13:53
ODINE,13516973,52810834,25.6,fon,2026_03,2026-04-18 13:53
VAKFA,2903088,224999701,1.29,fon,2026_03,2026-04-18 13:53
ADGYO,47148434,379654333,12.42,fon,2026_03,2026-04-18 13:53
AHSGY,93264066,184999889,50.41,fon,2026_03,2026-04-18 13:53
BARMA,4057167,78130939,5.19,fon,2026_03,2026-04-18 13:53
GOZDE,15319103,384991447,3.98,fon,2026_03,2026-04-18 13:53
IHAAS,6215564,56031248,11.09,fon,2026_03,2026-04-18 13:53
GLRMK,6081744,58116000,10.46,fon,2026_03,2026-04-18 13:53
TKFEN,14102269,230848007,6.11,fon,2026_03,2026-04-18 13:53
TRHOL,8816111,17583212,50.14,fon,2026_03,2026-04-18 13:53
AZTEK,14020210,279000000,5.03,fon,2026_03,2026-04-18 13:53
KLGYO,95846119,689399869,13.9,fon,2026_03,2026-04-18 13:53
TDGYO,1158688,61998213,1.87,fon,2026_03,2026-04-18 13:53
SKYLP,2168842,7159255,30.29,fon,2026_03,2026-04-18 13:53
TATGD,5513953,119286243,4.62,fon,2026_03,2026-04-18 13:53
ICUGS,1131212,336250000,0.34,fon,2026_03,2026-04-18 13:53
YYLGD,76495423,369826200,20.68,fon,2026_03,2026-04-18 13:53
OZYSR,2296443,40488000,5.67,fon,2026_03,2026-04-18 13:53
OZGYO,1008361,490916869,0.21,fon,2026_03,2026-04-18 13:53
BESLR,34866529,658098036,5.3,fon,2026_03,2026-04-18 13:53
KARSN,11300803,827827039,1.37,fon,2026_03,2026-04-18 13:53
ERSU,1790000,31755894,5.64,fon,2026_03,2026-04-18 13:53
KORDS,2717789,65421451,4.15,fon,2026_03,2026-04-18 13:53
ZGYO,35600647,84500000,42.13,fon,2026_03,2026-04-18 13:53
LIDER,173566682,279500000,62.1,fon,2026_03,2026-04-18 13:53
ASUZU,3255729,41130807,7.92,fon,2026_03,2026-04-18 13:53
BORLS,24348422,308652686,7.89,fon,2026_03,2026-04-18 13:53
ATAGY,9235739,45670114,20.22,fon,2026_03,2026-04-18 13:53
BNTAS,3472558,170624998,2.04,fon,2026_03,2026-04-18 13:53
BAGFS,9422400,100042745,9.42,fon,2026_03,2026-04-18 13:53
KZGYO,747402,49999978,1.49,fon,2026_03,2026-04-18 13:53
REEDR,15661620,632419525,2.48,fon,2026_03,2026-04-18 13:53
AYES,1587259,87622392,1.81,fon,2026_03,2026-04-18 13:53
YUNSA,5169503,202164056,2.56,fon,2026_03,2026-04-18 13:53
MGROS,11381840,96563568,11.79,fon,2026_03,2026-04-18 13:53
YATAS,10664531,94866488,11.24,fon,2026_03,2026-04-18 13:53
MCARD,509468,18900000,2.7,fon,2026_03,2026-04-18 13:53
OYLUM,5850000,80937367,7.23,fon,2026_03,2026-04-18 13:53
EGGUB,904296,75862197,1.19,fon,2026_03,2026-04-18 13:53
ALKIM,15886826,182767821,8.69,fon,2026_03,2026-04-18 13:53
ATAKP,9202883,28224000,32.61,fon,2026_03,2026-04-18 13:53
SEKUR,426099,131457835,0.32,fon,2026_03,2026-04-18 13:53
SMRTG,4827132,664164672,0.73,fon,2026_03,2026-04-18 13:53
PCILT,3454935,45014182,7.68,fon,2026_03,2026-04-18 13:53
UNLU,39509432,102181558,38.67,fon,2026_03,2026-04-18 13:53
BURVA,853827,4723271,18.08,fon,2026_03,2026-04-18 13:53
DMSAS,402466,199994510,0.2,fon,2026_03,2026-04-18 13:53
LXGYO,389733,118936300,0.33,fon,2026_03,2026-04-18 13:53
AYEN,500701,55531320,0.9,fon,2026_03,2026-04-18 13:53
POLHO,14995332,164140074,9.14,fon,2026_03,2026-04-18 13:53
TMPOL,6696017,11039990,60.65,fon,2026_03,2026-04-18 13:53
MACKO,2689355,41500000,6.48,fon,2026_03,2026-04-18 13:53
OTKAR,4162624,33417145,12.46,fon,2026_03,2026-04-18 13:53
ASELS,55517403,1178601424,4.71,fon,2026_03,2026-04-18 13:53
RUBNS,306125,42377765,0.72,fon,2026_03,2026-04-18 13:53
SURGY,500618,44999990,1.11,fon,2026_03,2026-04-18 13:53
BIMAS,23992018,436214016,5.5,fon,2026_03,2026-04-18 13:53
GENKM,288331,124845000,0.23,fon,2026_03,2026-04-18 13:53
VBTYZ,3583799,56205000,6.38,fon,2026_03,2026-04-18 13:53
ECZYT,844930,45880511,1.84,fon,2026_03,2026-04-18 13:53
INVES,4236326,37480000,11.3,fon,2026_03,2026-04-18 13:53
AGESA,4650037,35829553,12.98,fon,2026_03,2026-04-18 13:53
EGPRO,1895574,175170570,1.08,fon,2026_03,2026-04-18 13:53
OZSUB,1982283,44247402,4.48,fon,2026_03,2026-04-18 13:53
KRSTL,5194925,183664642,2.83,fon,2026_03,2026-04-18 13:53
VANGD,1577958,24374995,6.47,fon,2026_03,2026-04-18 13:53
NETCD,998835,40000000,2.5,fon,2026_03,2026-04-18 13:53
TNZTP,20128004,87499950,23.0,fon,2026_03,2026-04-18 13:53
BRLSM,204737,108025075,0.19,fon,2026_03,2026-04-18 13:53
ZGOLDF,14326521,152040000,9.42,fon,2026_03,2026-04-18 13:53
TUCLK,209842,263182600,0.08,fon,2026_03,2026-04-18 13:53
OSMEN,1177087,159162130,0.74,fon,2026_03,2026-04-18 13:53
SEGYO,266092,203351321,0.13,fon,2026_03,2026-04-18 13:53
KUTPO,362952,10524430,3.45,fon,2026_03,2026-04-18 13:53
MNDTR,1414839,910071938,0.16,fon,2026_03,2026-04-18 13:53
AKCNS,5464739,39359284,13.88,fon,2026_03,2026-04-18 13:53
VERUS,388585,34499937,1.13,fon,2026_03,2026-04-18 13:53
OZKGY,120506771,363999945,33.11,fon,2026_03,2026-04-18 13:53
MNDRS,7904587,222008082,3.56,fon,2026_03,2026-04-18 13:53
ORGE,4477245,41839996,10.7,fon,2026_03,2026-04-18 13:53
CVKMD,1480615,461999787,0.32,fon,2026_03,2026-04-18 13:53
FRMPL,261608,39997767,0.65,fon,2026_03,2026-04-18 13:53
KFEIN,8709437,150306170,5.79,fon,2026_03,2026-04-18 13:53
BRSAN,456597,35912460,1.27,fon,2026_03,2026-04-18 13:53
SAYAS,739216,42530887,1.74,fon,2026_03,2026-04-18 13:53
PENTA,7188287,181070136,3.97,fon,2026_03,2026-04-18 13:53
SKBNK,37421328,2498877855,1.5,fon,2026_03,2026-04-18 13:53
DESA,4814966,171107590,2.81,fon,2026_03,2026-04-18 13:53
ISDMR,5232715,147631816,3.54,fon,2026_03,2026-04-18 13:53
SARKY,428398,999999671,0.04,fon,2026_03,2026-04-18 13:53
BESTE,153922,54578499,0.28,fon,2026_03,2026-04-18 13:53
SEGMN,132810,80999980,0.16,fon,2026_03,2026-04-18 13:53
YAPRK,105000,88514958,0.12,fon,2026_03,2026-04-18 13:53
ULUUN,36346510,290523353,12.51,fon,2026_03,2026-04-18 13:53
KLKIM,16493292,138383655,11.92,fon,2026_03,2026-04-18 13:53
MEYSU,813175,175000000,0.46,fon,2026_03,2026-04-18 13:53
SDTTR,2951130,15990000,18.46,fon,2026_03,2026-04-18 13:53
GWIND,19449541,179165491,10.86,fon,2026_03,2026-04-18 13:53
ISSEN,475151,107417374,0.44,fon,2026_03,2026-04-18 13:53
TTRAK,2178183,24967158,8.72,fon,2026_03,2026-04-18 13:53
FADE,89630,42347497,0.21,fon,2026_03,2026-04-18 13:53
FENER,145483,2772321468,0.01,fon,2026_03,2026-04-18 13:53
HDFGS,105060,956974191,0.01,fon,2026_03,2026-04-18 13:53
ALCTL,1560120,13543218,11.52,fon,2026_03,2026-04-18 13:53
EDIP,95910,36468204,0.26,fon,2026_03,2026-04-18 13:53
DURKN,73687,42500000,0.17,fon,2026_03,2026-04-18 13:53
ELITE,537613,44650000,1.2,fon,2026_03,2026-04-18 13:53
OBASE,569040,14924000,3.81,fon,2026_03,2026-04-18 13:53
TARKM,310219,4999997,6.2,fon,2026_03,2026-04-18 13:53
ARDYZ,26032419,279551557,9.31,fon,2026_03,2026-04-18 13:53
LYDHO,8923880,197140970,4.53,fon,2026_03,2026-04-18 13:53
AYCES,149106,1895369,7.87,fon,2026_03,2026-04-18 13:53
ARFYE,325000,47000000,0.69,fon,2026_03,2026-04-18 13:53
AKENR,265868,385189246,0.07,fon,2026_03,2026-04-18 13:53
GIPTA,43602,51617863,0.08,fon,2026_03,2026-04-18 13:53
BMSCH,1912990,69277402,2.76,fon,2026_03,2026-04-18 13:53
ULAS,20000,25200172,0.08,fon,2026_03,2026-04-18 13:53
YESIL,51740,640699949,0.01,fon,2026_03,2026-04-18 13:53
IMASM,59043,650600499,0.01,fon,2026_03,2026-04-18 13:53
CEMAS,43861,790994229,0.01,fon,2026_03,2026-04-18 13:53
DESPC,836170,16023700,5.22,fon,2026_03,2026-04-18 13:53
NUHCM,2639357,33164430,7.96,fon,2026_03,2026-04-18 13:53
UCAYM,103797,60000000,0.17,fon,2026_03,2026-04-18 13:53
ZPBDLF,4684257,8240000,56.85,fon,2026_03,2026-04-18 13:53
ARASE,5932340,49999991,11.86,fon,2026_03,2026-04-18 13:53
BAHKM,2405963,23289000,10.33,fon,2026_03,2026-04-18 13:53
MEKAG,15084,320319999,0.0,fon,2026_03,2026-04-18 13:53
METRO,34284,539989959,0.01,fon,2026_03,2026-04-18 13:53
TGSAS,94602,12348294,0.77,fon,2026_03,2026-04-18 13:53
INGRM,79709,14969536,0.53,fon,2026_03,2026-04-18 13:53
KRGYO,14229,275246747,0.01,fon,2026_03,2026-04-18 13:53
MERKO,28730,101104700,0.03,fon,2026_03,2026-04-18 13:53
EKSUN,1047288,171792833,0.61,fon,2026_03,2026-04-18 13:53
ADEL,10911,112043619,0.01,fon,2026_03,2026-04-18 13:53
GESAN,19833858,141759179,13.99,fon,2026_03,2026-04-18 13:53
MOBTL,5630689,207999999,2.71,fon,2026_03,2026-04-18 13:53
SKYMD,6097,52499981,0.01,fon,2026_03,2026-04-18 13:53
EMKEL,10563,149999458,0.01,fon,2026_03,2026-04-18 13:53
MAKTK,66221821,184370066,35.92,fon,2026_03,2026-04-18 13:53
RAYSG,15022,51947024,0.03,fon,2026_03,2026-04-18 13:53
UFUK,1118404,46845974,2.39,fon,2026_03,2026-04-18 13:53
SNICA,575474,321688855,0.18,fon,2026_03,2026-04-18 13:53
ALFAS,134873,84639559,0.16,fon,2026_03,2026-04-18 13:53
MARKA,3220,20802018,0.02,fon,2026_03,2026-04-18 13:53
PRZMA,3186,61941150,0.01,fon,2026_03,2026-04-18 13:53
MHRGY,11429985,310499991,3.68,fon,2026_03,2026-04-18 13:53
OSTIM,53758668,510004637,10.54,fon,2026_03,2026-04-18 13:53
BMSTL,6104,74772261,0.01,fon,2026_03,2026-04-18 13:53
NUGYO,2123256,324943976,0.65,fon,2026_03,2026-04-18 13:53
MSGYO,2093,169650150,0.0,fon,2026_03,2026-04-18 13:53
CMBTN,4008,1023000,0.39,fon,2026_03,2026-04-18 13:53
CLEBI,18718,5490178,0.34,fon,2026_03,2026-04-18 13:53
IHYAY,25300,388124996,0.01,fon,2026_03,2026-04-18 13:53
TURGG,717,32042988,0.0,fon,2026_03,2026-04-18 13:53
HATEK,603,62998947,0.0,fon,2026_03,2026-04-18 13:53
KRPLS,304475,78486163,0.39,fon,2026_03,2026-04-18 13:53
GZNMI,17202390,40949825,42.01,fon,2026_03,2026-04-18 13:53
TSGYO,1399168,266499982,0.53,fon,2026_03,2026-04-18 13:53
FMIZP,85,3497641,0.0,fon,2026_03,2026-04-18 13:53
KARTN,784,72781126,0.0,fon,2026_03,2026-04-18 13:53
BIGTK,142161,23834373,0.6,fon,2026_03,2026-04-18 13:53
MRSHL,8,4212888,0.0,fon,2026_03,2026-04-18 13:53
GRNYO,3014682,37386059,8.06,fon,2026_03,2026-04-18 13:53
DOGUB,682,19821566,0.0,fon,2026_03,2026-04-18 13:53
AKSUE,22241,56376184,0.04,fon,2026_03,2026-04-18 13:53
POLTK,29,1125000,0.0,fon,2026_03,2026-04-18 13:53
MMCAS,251241,12394294,2.03,fon,2026_03,2026-04-18 13:53
AKMGY,677989,21568998,3.14,fon,2026_03,2026-04-18 13:53
KUVVA,1405000,24204585,5.8,fon,2026_03,2026-04-18 13:53
BRKO,2197881,138283723,1.59,fon,2026_03,2026-04-18 13:53
SEYKM,1100000,151040901,0.73,fon,2026_03,2026-04-18 13:53
SAFKR,1105219,140056162,0.79,fon,2026_03,2026-04-18 13:53
BURCE,1711,44422390,0.0,fon,2026_03,2026-04-18 13:53
DGGYO,1,280709437,0.0,fon,2026_03,2026-04-18 13:53
AVGYO,1,111590302,0.0,fon,2026_03,2026-04-18 13:53
ENPRA,4,374258700,0.0,fon,2026_03,2026-04-18 13:53
UZEL,15606,26329793,0.06,fon,2026_03,2026-04-18 13:53
AKYHO,1,223895870,0.0,fon,2026_03,2026-04-18 13:53
QNBTR,2,2571745911,0.0,fon,2026_03,2026-04-18 13:53
BFREN,768,24586148,0.0,fon,2026_03,2026-04-18 13:53
VSNMD,1088,24000000,0.0,fon,2026_03,2026-04-18 13:53
EPLAS,2275000,190491857,1.19,fon,2026_03,2026-04-18 13:53
APBDLF,32794,14400000,0.23,fon,2026_03,2026-04-18 13:53
EUHOL,911013,142999954,0.64,fon,2026_03,2026-04-18 13:53
KONYA,30,1646416,0.0,fon,2026_03,2026-04-18 13:53
LYDYE,122897,1391287,8.83,fon,2026_03,2026-04-18 13:53
BAKAB,40196,34985326,0.11,fon,2026_03,2026-04-18 13:53
ISGSY,424430,47378729,0.9,fon,2026_03,2026-04-18 13:53
DURDO,4309,379703149,0.0,fon,2026_03,2026-04-18 13:53
PKENT,699,23766169,0.0,fon,2026_03,2026-04-18 13:53
ALCAR,69,1721735,0.0,fon,2026_03,2026-04-18 13:53
MAALT,68,4763850,0.0,fon,2026_03,2026-04-18 13:53
FRIGO,225896,263258455,0.09,fon,2026_03,2026-04-18 13:53
OTTO,383,5824438,0.01,fon,2026_03,2026-04-18 13:53
ULUSE,156,24000000,0.0,fon,2026_03,2026-04-18 13:53
EGEEN,379,1137161,0.03,fon,2026_03,2026-04-18 13:53
DERIM,485,40403770,0.0,fon,2026_03,2026-04-18 13:53
PAMEL,20,21533681,0.0,fon,2026_03,2026-04-18 13:53
ERBOS,3818585,15899843,24.02,fon,2026_03,2026-04-18 13:53
SANKO,455,37499197,0.0,fon,2026_03,2026-04-18 13:53
KRTEK,138262,18914650,0.73,fon,2026_03,2026-04-18 13:53
KAPLM,30000,4571305,0.66,fon,2026_03,2026-04-18 13:53
ANGEN,2561,86440002,0.0,fon,2026_03,2026-04-18 13:53
DOFER,474,20172500,0.0,fon,2026_03,2026-04-18 13:53
LUKSK,8,27257202,0.0,fon,2026_03,2026-04-18 13:53
BIZIM,291931,27601626,1.06,fon,2026_03,2026-04-18 13:53
DUNYH,395982,36443197,1.09,fon,2026_03,2026-04-18 13:53
GMTAS,6717732,298687813,2.25,fon,2026_03,2026-04-18 13:53
BLCYT,118076,49088907,0.24,fon,2026_03,2026-04-18 13:53
AVHOL,15400,26047279,0.06,fon,2026_03,2026-04-18 13:53
BOSSA,6203,508724189,0.0,fon,2026_03,2026-04-18 13:53
BRKVY,160014,13618361,1.17,fon,2026_03,2026-04-18 13:53
SMRVA,1303,28000000,0.0,fon,2026_03,2026-04-18 13:53
ARMGD,11580574,54996000,21.06,fon,2026_03,2026-04-18 13:53
DOKTA,22,145872862,0.0,fon,2026_03,2026-04-18 13:53
CUSAN,850514,18500000,4.6,fon,2026_03,2026-04-18 13:53
VERTU,459,22000000,0.0,fon,2026_03,2026-04-18 13:53
GEREL,714545,219036379,0.33,fon,2026_03,2026-04-18 13:53
ARTMS,725937,28399999,2.56,fon,2026_03,2026-04-18 13:53
ANELE,881,151405542,0.0,fon,2026_03,2026-04-18 13:53
HURGZ,5345,220784167,0.0,fon,2026_03,2026-04-18 13:53
JANTS,6699,207607465,0.0,fon,2026_03,2026-04-18 13:53
DNISI,637,59171727,0.0,fon,2026_03,2026-04-18 13:53
CEOEM,1824,22209658,0.01,fon,2026_03,2026-04-18 13:53
ERCB,3686050,39113273,9.42,fon,2026_03,2026-04-18 13:53
BEYAZ,10,42317352,0.0,fon,2026_03,2026-04-18 13:53
PRKAB,7,35225443,0.0,fon,2026_03,2026-04-18 13:53
BAYRK,21232805,189751123,11.19,fon,2026_03,2026-04-18 13:53
KGYO,86731676,767894934,11.29,fon,2026_03,2026-04-18 13:53
TEKTU,27850,195639311,0.01,fon,2026_03,2026-04-18 13:53
HKTM,4677,72747495,0.01,fon,2026_03,2026-04-18 13:53
NETAS,753665,31783484,2.37,fon,2026_03,2026-04-18 13:53
MARBL,490,65226403,0.0,fon,2026_03,2026-04-18 13:53
ETILR,1327,156217454,0.0,fon,2026_03,2026-04-18 13:53
YKSLN,128349,197429566,0.07,fon,2026_03,2026-04-18 13:53
PKART,179679,11048497,1.63,fon,2026_03,2026-04-18 13:53
EGEPO,610610,200000000,0.31,fon,2026_03,2026-04-18 13:53
TLMAN,184489,10300000,1.79,fon,2026_03,2026-04-18 13:53
BINBN,749103,17000000,4.41,fon,2026_03,2026-04-18 13:53
EGSER,13307789,545751057,2.44,fon,2026_03,2026-04-18 13:53
HUNER,142289,670137933,0.02,fon,2026_03,2026-04-18 13:53
PENGD,496523,171069968,0.29,fon,2026_03,2026-04-18 13:53
KTSKR,121906,14691795,0.83,fon,2026_03,2026-04-18 13:53
ICBCT,407941,216761845,0.19,fon,2026_03,2026-04-18 13:53
ALKA,12982,330750000,0.0,fon,2026_03,2026-04-18 13:53
AGROT,57378,879999770,0.01,fon,2026_03,2026-04-18 13:53
VRGYO,775652,597693904,0.13,fon,2026_03,2026-04-18 13:53
SERNT,391,113000000,0.0,fon,2026_03,2026-04-18 13:53
GOODY,655531,132804473,0.49,fon,2026_03,2026-04-18 13:53
BRYAT,8992,10264685,0.09,fon,2026_03,2026-04-18 13:53
BVSAN,68111,13749998,0.5,fon,2026_03,2026-04-18 13:53
SKTAS,1343,332865443,0.0,fon,2026_03,2026-04-18 13:53
MARMR,40461,961218727,0.0,fon,2026_03,2026-04-18 13:53
OZATD,3312277,13349988,24.81,fon,2026_03,2026-04-18 13:53
AVOD,193150,253604577,0.08,fon,2026_03,2026-04-18 13:53
GATEG,30325,10570341,0.29,fon,2026_03,2026-04-18 13:53
IHGZT,29039,570666228,0.01,fon,2026_03,2026-04-18 13:53
ZTLRFF,2641976,2800000,94.36,fon,2026_03,2026-04-18 13:53
YGGYO,107534,240625741,0.04,fon,2026_03,2026-04-18 13:53
BRKSN,1257711,62639942,2.01,fon,2026_03,2026-04-18 13:53
PARSN,1562705,34033246,4.59,fon,2026_03,2026-04-18 13:53
FORMT,339690,1029046010,0.03,fon,2026_03,2026-04-18 13:53
DEVA,2014195,199971824,1.01,fon,2026_03,2026-04-18 13:53
IHLAS,145104,1396079076,0.01,fon,2026_03,2026-04-18 13:53
PLTUR,1158584,49500000,2.34,fon,2026_03,2026-04-18 13:53
IHLGM,37884,986078000,0.0,fon,2026_03,2026-04-18 13:53
ONCSM,1961,10086000,0.02,fon,2026_03,2026-04-18 13:53
DENGE,55183,525284797,0.01,fon,2026_03,2026-04-18 13:53
ARZUM,19693,400949823,0.0,fon,2026_03,2026-04-18 13:53
SELVA,179995,775687737,0.02,fon,2026_03,2026-04-18 13:53
NATEN,21073,309374995,0.01,fon,2026_03,2026-04-18 13:53
KLSER,33539,109457654,0.03,fon,2026_03,2026-04-18 13:53
HATSN,3357144,44299964,7.58,fon,2026_03,2026-04-18 13:53
IEYHO,161810414,541033797,29.91,fon,2026_03,2026-04-18 13:53
GOLTS,694538,12422783,5.59,fon,2026_03,2026-04-18 13:53
GSDDE,793958,106850751,0.74,fon,2026_03,2026-04-18 13:53
KLSYN,340518,107854952,0.32,fon,2026_03,2026-04-18 13:53
MERIT,2300990,329748900,0.7,fon,2026_03,2026-04-18 13:53
MERCN,412347,74389005,0.55,fon,2026_03,2026-04-18 13:53
ISGLKF,3654644,113800000,3.21,fon,2026_03,2026-04-18 13:53
MAKIM,6505095,42559998,15.28,fon,2026_03,2026-04-18 13:53
DGATE,683279,15227271,4.49,fon,2026_03,2026-04-18 13:53
PINSU,921152,101635846,0.91,fon,2026_03,2026-04-18 13:53
DITAS,1284505,83407810,1.54,fon,2026_03,2026-04-18 13:53
TBORG,777302,59392160,1.31,fon,2026_03,2026-04-18 13:53
AHGAZ,106531309,659370871,16.16,fon,2026_03,2026-04-18 13:53
YYAPI,719000,1705025550,0.04,fon,2026_03,2026-04-18 13:53
PATEK,11496111,293081893,3.92,fon,2026_03,2026-04-18 13:53
CRFSA,120537,18312793,0.66,fon,2026_03,2026-04-18 13:53
BANVT,239420,36961044,0.65,fon,2026_03,2026-04-18 13:53
EKOS,918316,307199852,0.3,fon,2026_03,2026-04-18 13:53
DOFRB,1015379,45000000,2.26,fon,2026_03,2026-04-18 13:53
TMSN,1401123,44449999,3.15,fon,2026_03,2026-04-18 13:53
BRISA,3228335,31247472,10.33,fon,2026_03,2026-04-18 13:53
ARENA,2759290,66996461,4.12,fon,2026_03,2026-04-18 13:53
ATATP,1046419,18809999,5.56,fon,2026_03,2026-04-18 13:53
USAK,1524228,2436064709,0.06,fon,2026_03,2026-04-18 13:53
MTRKS,2580089,43633165,5.91,fon,2026_03,2026-04-18 13:53
GLCVY,3451143,26400000,13.07,fon,2026_03,2026-04-18 13:53
BJKAS,50061935,1776089716,2.82,fon,2026_03,2026-04-18 13:53
BULGS,325122,72500000,0.45,fon,2026_03,2026-04-18 13:53
BIENY,1847885,83144831,2.22,fon,2026_03,2026-04-18 13:53
VAKKO,3736080,30788486,12.13,fon,2026_03,2026-04-18 13:53
PAPIL,6335045,206247674,3.07,fon,2026_03,2026-04-18 13:53
PAGYO,134529,57781202,0.23,fon,2026_03,2026-04-18 13:53
APLIBF,3727979,58000000,6.43,fon,2026_03,2026-04-18 13:53
HLGYO,6274898,1075198517,0.58,fon,2026_03,2026-04-18 13:53
GEDZA,291050,42983624,0.68,fon,2026_03,2026-04-18 13:53
OPTLRF,210527,2550000,8.26,fon,2026_03,2026-04-18 13:53
BINHO,54374,488884380,0.01,fon,2026_03,2026-04-18 13:53
OFSYM,473805,22749998,2.08,fon,2026_03,2026-04-18 13:53
IZMDC,2589734,723225318,0.36,fon,2026_03,2026-04-18 13:53
VESBE,2891441,503578676,0.57,fon,2026_03,2026-04-18 13:53
GRSEL,9366291,29650000,31.59,fon,2026_03,2026-04-18 13:53
BOBET,12163245,113999998,10.67,fon,2026_03,2026-04-18 13:53
BEGYO,324254,290000000,0.11,fon,2026_03,2026-04-18 13:53
PNLSN,15575801,34752383,44.82,fon,2026_03,2026-04-18 13:53
TAVHL,13365666,213213415,6.27,fon,2026_03,2026-04-18 13:53
MEDTR,983042,24499999,4.01,fon,2026_03,2026-04-18 13:53
ESEN,1110632,682499950,0.16,fon,2026_03,2026-04-18 13:53
CATES,1230203,33050000,3.72,fon,2026_03,2026-04-18 13:53
YIGIT,385754,74999974,0.51,fon,2026_03,2026-04-18 13:53
MPARK,11133537,80869110,13.77,fon,2026_03,2026-04-18 13:53
KNFRT,693840,131747000,0.53,fon,2026_03,2026-04-18 13:53
BIGEN,2278000,115500000,1.97,fon,2026_03,2026-04-18 13:53
EBEBK,4955807,40534692,12.23,fon,2026_03,2026-04-18 13:53
GSRAY,44556688,10123744690,0.44,fon,2026_03,2026-04-18 13:53
CEMZY,49763556,124119970,40.09,fon,2026_03,2026-04-18 13:53
AYGAZ,5645982,98568807,5.73,fon,2026_03,2026-04-18 13:53
INTEM,47258,9428747,0.5,fon,2026_03,2026-04-18 13:53
FROTO,37453022,625119847,5.99,fon,2026_03,2026-04-18 13:53
NPTLRF,860926,1525000,56.45,fon,2026_03,2026-04-18 13:53
ALKLC,8948266,45283467,19.76,fon,2026_03,2026-04-18 13:53
PRDGS,9485,110850000,0.01,fon,2026_03,2026-04-18 13:53
ECOGR,1309185,110000000,1.19,fon,2026_03,2026-04-18 13:53
CGCAM,6832873,42000000,16.27,fon,2026_03,2026-04-18 13:53
OYYAT,8398767,91048322,9.22,fon,2026_03,2026-04-18 13:53
RALYH,48417915,176370972,27.45,fon,2026_03,2026-04-18 13:53
HOROZ,5471292,24599986,22.24,fon,2026_03,2026-04-18 13:53
DYOBY,1565704,186553687,0.84,fon,2026_03,2026-04-18 13:53
CEMTS,3842215,233425986,1.65,fon,2026_03,2026-04-18 13:53
AGYO,1139469,129036460,0.88,fon,2026_03,2026-04-18 13:53
DOAS,1630124,97899975,1.67,fon,2026_03,2026-04-18 13:53
AKFIS,7899068,66841328,11.82,fon,2026_03,2026-04-18 13:53
RYSAS,18367807,1504020937,1.22,fon,2026_03,2026-04-18 13:53
ISYAT,2598427,152245569,1.71,fon,2026_03,2026-04-18 13:53
FORTE,820919,27999999,2.93,fon,2026_03,2026-04-18 13:53
KIMMR,1538216,75000000,2.05,fon,2026_03,2026-04-18 13:53
TCKRC,5424161,70000000,7.75,fon,2026_03,2026-04-18 13:53
TABGD,7365413,52499906,14.03,fon,2026_03,2026-04-18 13:53
SMART,1089736,29737499,3.66,fon,2026_03,2026-04-18 13:53
PETUN,4143052,134673118,3.08,fon,2026_03,2026-04-18 13:53
VKGYO,9419322,1637203242,0.58,fon,2026_03,2026-04-18 13:53
NTHOL,3892933,485479112,0.8,fon,2026_03,2026-04-18 13:53
LOGO,7184660,74328248,9.67,fon,2026_03,2026-04-18 13:53
KRDMB,751913,118762110,0.63,fon,2026_03,2026-04-18 13:53
SUNTK,68449679,145280000,47.12,fon,2026_03,2026-04-18 13:53
PNSUT,378707,128323851,0.3,fon,2026_03,2026-04-18 13:53
BASGZ,15308509,174999999,8.75,fon,2026_03,2026-04-18 13:53
AGXAAC,1802536,24208793,7.45,fon,2026_03,2026-04-18 13:53
GRTHO,16067137,36745000,43.73,fon,2026_03,2026-04-18 13:53
YEOTK,3852861,160933198,2.39,fon,2026_03,2026-04-18 13:53
ALARK,12180188,165125148,7.38,fon,2026_03,2026-04-18 13:53
ONRYT,1564949,19730000,7.93,fon,2026_03,2026-04-18 13:53
TOASO,16767726,120585077,13.91,fon,2026_03,2026-04-18 13:53
RNPOL,2500000,335900000,0.74,fon,2026_03,2026-04-18 13:53
HRKET,1022187,24000000,4.26,fon,2026_03,2026-04-18 13:53
EUPWR,14694429,199610525,7.36,fon,2026_03,2026-04-18 13:53
SANFM,10525901,225029995,4.68,fon,2026_03,2026-04-18 13:53
RYGYO,3593525,770588057,0.47,fon,2026_03,2026-04-18 13:53
ARCLK,10420823,170054765,6.13,fon,2026_03,2026-04-18 13:53
EMPAE,979221,38000000,2.58,fon,2026_03,2026-04-18 13:53
TRGYO,9122138,251573369,3.63,fon,2026_03,2026-04-18 13:53
KBORU,5239892,143999994,3.64,fon,2026_03,2026-04-18 13:53
BERA,7880389,492027250,1.6,fon,2026_03,2026-04-18 13:53
EDATA,24732433,160065395,15.45,fon,2026_03,2026-04-18 13:53
ANHYT,10377090,88457041,11.73,fon,2026_03,2026-04-18 13:53
ISGYO,27811897,531312439,5.23,fon,2026_03,2026-04-18 13:53
GLDTRF,3881870,47850000,8.11,fon,2026_03,2026-04-18 13:53
ECILC,24480666,210589603,11.62,fon,2026_03,2026-04-18 13:53
CONSE,1565268,377854899,0.41,fon,2026_03,2026-04-18 13:53
GUBRF,6518501,85403679,7.63,fon,2026_03,2026-04-18 13:53
OBAMS,17964981,751078524,2.39,fon,2026_03,2026-04-18 13:53
VESTL,3565912,295447203,1.21,fon,2026_03,2026-04-18 13:53
AVPGY,11495736,99999990,11.5,fon,2026_03,2026-04-18 13:53
RGYAS,5562030,105523000,5.27,fon,2026_03,2026-04-18 13:53
BLUME,1911241,174710134,1.09,fon,2026_03,2026-04-18 13:53
AKHAN,2962186,54700000,5.42,fon,2026_03,2026-04-18 13:53
ZPLIBF,121447543,193280000,62.84,fon,2026_03,2026-04-18 13:53
LKMNH,19374996,163262533,11.87,fon,2026_03,2026-04-18 13:53
ASGYO,7458000,165000000,4.52,fon,2026_03,2026-04-18 13:53
KLYPV,7004782,46334639,15.12,fon,2026_03,2026-04-18 13:53
SELEC,20650418,124262097,16.62,fon,2026_03,2026-04-18 13:53
CIMSA,51541415,488602363,10.55,fon,2026_03,2026-04-18 13:53
GLYHO,374283063,1949290631,19.2,fon,2026_03,2026-04-18 13:53
TRILC,18614958,118499496,15.71,fon,2026_03,2026-04-18 13:53
TRMET,17358756,174483588,9.95,fon,2026_03,2026-04-18 13:53
MANAS,5734515,306992000,1.87,fon,2026_03,2026-04-18 13:53
ENERY,259947476,2420687469,10.74,fon,2026_03,2026-04-18 13:53
ALTNY,64998939,399885115,16.25,fon,2026_03,2026-04-18 13:53
GSDHO,103564776,999994969,10.36,fon,2026_03,2026-04-18 13:53
TKNSA,9485698,100485379,9.44,fon,2026_03,2026-04-18 13:53
KLRHO,204341432,341250000,59.88,fon,2026_03,2026-04-18 13:53
KOTON,12386271,136599922,9.07,fon,2026_03,2026-04-18 13:53
AFYON,12081125,399992258,3.02,fon,2026_03,2026-04-18 13:53
KRONT,5897387,116892885,5.05,fon,2026_03,2026-04-18 13:53
TRENJ,2694916,98018735,2.75,fon,2026_03,2026-04-18 13:53
TRCAS,8544034,206252869,4.14,fon,2026_03,2026-04-18 13:53
ASTOR,13050920,366896223,3.56,fon,2026_03,2026-04-18 13:53
LILAK,162135899,260252705,62.3,fon,2026_03,2026-04-18 13:53
AGHOL,345950215,1069828243,32.34,fon,2026_03,2026-04-18 13:53
ARSAN,9521537,887344281,1.07,fon,2026_03,2026-04-18 13:53
KAREL,97842090,329659497,29.68,fon,2026_03,2026-04-18 13:53
DZGYO,1010988,399777846,0.25,fon,2026_03,2026-04-18 13:53
ISFIN,20544167,310154523,6.62,fon,2026_03,2026-04-18 13:53
KRDMD,110537301,780216365,14.17,fon,2026_03,2026-04-18 13:53
KONKA,12775957,89670000,14.25,fon,2026_03,2026-04-18 13:53
KMPUR,18234527,132432524,13.77,fon,2026_03,2026-04-18 13:53
ZOREN,6859161,2681244194,0.26,fon,2026_03,2026-04-18 13:53
KZBGY,4151698,1959999915,0.21,fon,2026_03,2026-04-18 13:53
HTTBT,12230619,82805422,14.77,fon,2026_03,2026-04-18 13:53
TTKOM,23447935,524999999,4.47,fon,2026_03,2026-04-18 13:53
ENJSA,24763371,236209270,10.48,fon,2026_03,2026-04-18 13:53
LRSHO,52851,724120946,0.01,fon,2026_03,2026-04-18 13:53
FONET,40158216,577082984,6.96,fon,2026_03,2026-04-18 13:53
ATATR,2372487,280000000,0.85,fon,2026_03,2026-04-18 13:53
ENTRA,84962490,369383564,23.0,fon,2026_03,2026-04-18 13:53
BORSK,1618461,279999879,0.58,fon,2026_03,2026-04-18 13:53
GOKNR,8583375,178040711,4.82,fon,2026_03,2026-04-18 13:53
MOPAS,26988805,57330000,47.08,fon,2026_03,2026-04-18 13:53
GENTS,2134138,749958921,0.28,fon,2026_03,2026-04-18 13:53
AKFGY,143440447,3457819313,4.15,fon,2026_03,2026-04-18 13:53
PGSUS,13859740,295068869,4.7,fon,2026_03,2026-04-18 13:53
KAYSE,17605561,828951998,2.12,fon,2026_03,2026-04-18 13:53
OYAKC,51264232,4656879379,1.1,fon,2026_03,2026-04-18 13:53
KATMR,21876774,1980989998,1.1,fon,2026_03,2026-04-18 13:53
BIOEN,32770172,197983418,16.55,fon,2026_03,2026-04-18 13:53
SRVGY,17722889,812499687,2.18,fon,2026_03,2026-04-18 13:53
HALKB,77978714,6546422780,1.19,fon,2026_03,2026-04-18 13:53
VAKBN,99327895,8046896130,1.23,fon,2026_03,2026-04-18 13:53
LIDFA,38871664,458180545,8.48,fon,2026_03,2026-04-18 13:53
BALSU,98232270,278000000,35.34,fon,2026_03,2026-04-18 13:53
LMKDC,21672683,155929999,13.9,fon,2026_03,2026-04-18 13:53
BUCIM,33551137,1292638065,2.6,fon,2026_03,2026-04-18 13:53
EUREN,40071014,1040132637,3.85,fon,2026_03,2026-04-18 13:53
SUWEN,95973089,365687500,26.24,fon,2026_03,2026-04-18 13:53
ISMEN,30527370,467723147,6.53,fon,2026_03,2026-04-18 13:53
BIGCH,56820074,368932945,15.4,fon,2026_03,2026-04-18 13:53
ODAS,45842758,1113798031,4.12,fon,2026_03,2026-04-18 13:53
PAHOL,30571064,3999999979,0.76,fon,2026_03,2026-04-18 13:53
NTGAZ,12649516,276000000,4.58,fon,2026_03,2026-04-18 13:53
RTALB,17061417,432976722,3.94,fon,2026_03,2026-04-18 13:53
AKSGY,84886651,1628451947,5.21,fon,2026_03,2026-04-18 13:53
DGNMO,8455494,327634635,2.58,fon,2026_03,2026-04-18 13:53
CCOLA,35902624,820001147,4.38,fon,2026_03,2026-04-18 13:53
ESCOM,24427940,465831670,5.24,fon,2026_03,2026-04-18 13:53
TATEN,90102363,347799724,25.91,fon,2026_03,2026-04-18 13:53
RUZYE,10902952,267748491,4.07,fon,2026_03,2026-04-18 13:53
ALBRK,97410387,1050739765,9.27,fon,2026_03,2026-04-18 13:53
DARDL,6280462,1753442695,0.36,fon,2026_03,2026-04-18 13:53
TUKAS,11569747,4499995929,0.26,fon,2026_03,2026-04-18 13:53
ESCAR,1587470,101933690,1.56,fon,2026_03,2026-04-18 13:53
EYGYO,10204839,362859668,2.81,fon,2026_03,2026-04-18 13:53
GLRYH,37494253,599623814,6.25,fon,2026_03,2026-04-18 13:53
VAKFN,155438441,2064378140,7.53,fon,2026_03,2026-04-18 13:53
ALGYO,59254984,989338262,5.99,fon,2026_03,2026-04-18 13:53
KONTR,13302871,936038761,1.42,fon,2026_03,2026-04-18 13:53
TURSG,297757236,7907296076,3.77,fon,2026_03,2026-04-18 13:53
PEKGY,1230747401,4685173406,26.27,fon,2026_03,2026-04-18 13:53
TSPOR,39252279,3674975174,1.07,fon,2026_03,2026-04-18 13:53
DMRGD,360620728,1277294592,28.23,fon,2026_03,2026-04-18 13:53
GENIL,134648970,1289069985,10.45,fon,2026_03,2026-04-18 13:53
HEKTS,200430302,3946424637,5.08,fon,2026_03,2026-04-18 13:53
FZLGY,260943081,398427644,65.49,fon,2026_03,2026-04-18 13:53
EKGYO,230739907,1925107366,11.99,fon,2026_03,2026-04-18 13:53
SNGYO,217292742,3607173097,6.02,fon,2026_03,2026-04-18 13:53
ADESE,30149961,4687131701,0.64,fon,2026_03,2026-04-18 13:53
TEHOL,170918509,1967930261,8.69,fon,2026_03,2026-04-18 13:53
EFOR,128363317,670679994,19.14,fon,2026_03,2026-04-18 13:53
SASA,415893509,25700434927,1.62,emeklilik,2026_03,2026-04-18 13:53
AEFES,207808719,2028860053,10.24,emeklilik,2026_03,2026-04-18 13:53
CANTE,115228277,8608815636,1.34,emeklilik,2026_03,2026-04-18 13:53
PETKM,51455958,1241729843,4.14,emeklilik,2026_03,2026-04-18 13:53
APGLDF,33150000,33300000,99.55,emeklilik,2026_03,2026-04-18 13:53
TURSG,602246623,7907296076,7.62,emeklilik,2026_03,2026-04-18 13:53
SISE,58190219,1814905641,3.21,emeklilik,2026_03,2026-04-18 13:53
EREGL,191422450,3554243274,5.39,emeklilik,2026_03,2026-04-18 13:53
AKFGY,546940258,3457819313,15.82,emeklilik,2026_03,2026-04-18 13:53
EKGYO,499815482,1925107366,25.96,emeklilik,2026_03,2026-04-18 13:53
TSKB,223149193,1516591673,14.71,emeklilik,2026_03,2026-04-18 13:53
PSGYO,134142154,2954231556,4.54,emeklilik,2026_03,2026-04-18 13:53
TUPRS,80044218,942334139,8.49,emeklilik,2026_03,2026-04-18 13:53
LINK,12160764,747511382,1.63,emeklilik,2026_03,2026-04-18 13:53
KRDMD,254612810,780216365,32.63,emeklilik,2026_03,2026-04-18 13:53
ISGYO,160271757,531312439,30.17,emeklilik,2026_03,2026-04-18 13:53
YUNSA,10497311,202164056,5.19,emeklilik,2026_03,2026-04-18 13:53
CIMSA,62375074,488602363,12.77,emeklilik,2026_03,2026-04-18 13:53
TUREX,5636698,432000000,1.3,emeklilik,2026_03,2026-04-18 13:53
ISFIN,101808418,310154523,32.83,emeklilik,2026_03,2026-04-18 13:53
TRMET,23261993,174483588,13.33,emeklilik,2026_03,2026-04-18 13:53
AKSGY,40872683,1628451947,2.51,emeklilik,2026_03,2026-04-18 13:53
ZPLIBF,69796488,193280000,36.11,emeklilik,2026_03,2026-04-18 13:53
SVGYO,3457872,295400000,1.17,emeklilik,2026_03,2026-04-18 13:53
ANSGR,226763832,1564416026,14.5,emeklilik,2026_03,2026-04-18 13:53
SOKM,11664107,448708248,2.6,emeklilik,2026_03,2026-04-18 13:53
CCOLA,52620312,820001147,6.42,emeklilik,2026_03,2026-04-18 13:53
ALTNY,25368764,399885115,6.34,emeklilik,2026_03,2026-04-18 13:53
SNGYO,124294417,3607173097,3.45,emeklilik,2026_03,2026-04-18 13:53
CVKMD,3147398,461999787,0.68,emeklilik,2026_03,2026-04-18 13:53
FONET,17248984,577082984,2.99,emeklilik,2026_03,2026-04-18 13:53
BIMAS,43060894,436214016,9.87,emeklilik,2026_03,2026-04-18 13:53
AFYON,35736753,399992258,8.93,emeklilik,2026_03,2026-04-18 13:53
TTKOM,59803694,524999999,11.39,emeklilik,2026_03,2026-04-18 13:53
KRDMA,8257125,240300917,3.44,emeklilik,2026_03,2026-04-18 13:53
ENERY,11506885,2420687469,0.48,emeklilik,2026_03,2026-04-18 13:53
ENKAI,65601699,874733059,7.5,emeklilik,2026_03,2026-04-18 13:53
EUPWR,13823161,199610525,6.93,emeklilik,2026_03,2026-04-18 13:53
ARASE,12733942,49999991,25.47,emeklilik,2026_03,2026-04-18 13:53
TOASO,20150872,120585077,16.71,emeklilik,2026_03,2026-04-18 13:53
GLDTRF,28314820,47850000,59.17,emeklilik,2026_03,2026-04-18 13:53
AKFYE,2277330,551782160,0.41,emeklilik,2026_03,2026-04-18 13:53
CEMTS,2662167,233425986,1.14,emeklilik,2026_03,2026-04-18 13:53
KCAER,28264646,496494775,5.69,emeklilik,2026_03,2026-04-18 13:53
BASGZ,45668290,174999999,26.1,emeklilik,2026_03,2026-04-18 13:53
BIOEN,40543304,197983418,20.48,emeklilik,2026_03,2026-04-18 13:53
ULKER,7604062,338855989,2.24,emeklilik,2026_03,2026-04-18 13:53
GUBRF,19213781,85403679,22.5,emeklilik,2026_03,2026-04-18 13:53
ALARK,10277724,165125148,6.22,emeklilik,2026_03,2026-04-18 13:53
HTTBT,15959211,82805422,19.27,emeklilik,2026_03,2026-04-18 13:53
LKMNH,44440641,163262533,27.22,emeklilik,2026_03,2026-04-18 13:53
ODAS,44660561,1113798031,4.01,emeklilik,2026_03,2026-04-18 13:53
TABGD,8892648,52499906,16.94,emeklilik,2026_03,2026-04-18 13:53
KARSN,3509109,827827039,0.42,emeklilik,2026_03,2026-04-18 13:53
AGHOL,15660188,1069828243,1.46,emeklilik,2026_03,2026-04-18 13:53
CWENE,4139121,530758241,0.78,emeklilik,2026_03,2026-04-18 13:53
GENIL,148681531,1289069985,11.53,emeklilik,2026_03,2026-04-18 13:53
SELEC,16881956,124262097,13.59,emeklilik,2026_03,2026-04-18 13:53
GARAN,79336034,2454957797,3.23,emeklilik,2026_03,2026-04-18 13:53
BALSU,32839531,278000000,11.81,emeklilik,2026_03,2026-04-18 13:53
TRGYO,8938325,251573369,3.55,emeklilik,2026_03,2026-04-18 13:53
AKGRT,8199545,629007625,1.3,emeklilik,2026_03,2026-04-18 13:53
ARCLK,7121894,170054765,4.19,emeklilik,2026_03,2026-04-18 13:53
KMPUR,577302,132432524,0.44,emeklilik,2026_03,2026-04-18 13:53
OZSUB,1070381,44247402,2.42,emeklilik,2026_03,2026-04-18 13:53
MEGMT,501000,85749986,0.58,emeklilik,2026_03,2026-04-18 13:53
MANAS,4399878,306992000,1.43,emeklilik,2026_03,2026-04-18 13:53
SUWEN,112219662,365687500,30.69,emeklilik,2026_03,2026-04-18 13:53
KRONT,6015241,116892885,5.15,emeklilik,2026_03,2026-04-18 13:53
ZOREN,4156818,2681244194,0.16,emeklilik,2026_03,2026-04-18 13:53
TKFEN,795792,230848007,0.34,emeklilik,2026_03,2026-04-18 13:53
YATAS,8057489,94866488,8.49,emeklilik,2026_03,2026-04-18 13:53
NETCD,783761,40000000,1.96,emeklilik,2026_03,2026-04-18 13:53
GLRMK,6159928,58116000,10.6,emeklilik,2026_03,2026-04-18 13:53
MAGEN,2442426,719512140,0.34,emeklilik,2026_03,2026-04-18 13:53
BRISA,1921379,31247472,6.15,emeklilik,2026_03,2026-04-18 13:53
ONRYT,604016,19730000,3.06,emeklilik,2026_03,2026-04-18 13:53
EGPRO,2865668,175170570,1.64,emeklilik,2026_03,2026-04-18 13:53
VESTL,15390720,295447203,5.21,emeklilik,2026_03,2026-04-18 13:53
MCARD,207430,18900000,1.1,emeklilik,2026_03,2026-04-18 13:53
YEOTK,1165271,160933198,0.72,emeklilik,2026_03,2026-04-18 13:53
BANVT,1390178,36961044,3.76,emeklilik,2026_03,2026-04-18 13:53
RGYAS,4175319,105523000,3.96,emeklilik,2026_03,2026-04-18 13:53
ESEN,1595268,682499950,0.23,emeklilik,2026_03,2026-04-18 13:53
VAKKO,1073531,30788486,3.49,emeklilik,2026_03,2026-04-18 13:53
HUNER,1264843,670137933,0.19,emeklilik,2026_03,2026-04-18 13:53
TTRAK,1634928,24967158,6.55,emeklilik,2026_03,2026-04-18 13:53
LXGYO,150000,118936300,0.13,emeklilik,2026_03,2026-04-18 13:53
DAPGM,276319,942910838,0.03,emeklilik,2026_03,2026-04-18 13:53
SMRTG,2714403,664164672,0.41,emeklilik,2026_03,2026-04-18 13:53
EDATA,3389477,160065395,2.12,emeklilik,2026_03,2026-04-18 13:53
ATATP,1345189,18809999,7.15,emeklilik,2026_03,2026-04-18 13:53
ATAKP,3053185,28224000,10.82,emeklilik,2026_03,2026-04-18 13:53
AHGAZ,981668,659370871,0.15,emeklilik,2026_03,2026-04-18 13:53
DOAS,3231805,97899975,3.3,emeklilik,2026_03,2026-04-18 13:53
SKBNK,630390,2498877855,0.03,emeklilik,2026_03,2026-04-18 13:53
BESTE,103036,54578499,0.19,emeklilik,2026_03,2026-04-18 13:53
GESAN,6396830,141759179,4.51,emeklilik,2026_03,2026-04-18 13:53
GRSEL,3140375,29650000,10.59,emeklilik,2026_03,2026-04-18 13:53
OBAMS,700190,751078524,0.09,emeklilik,2026_03,2026-04-18 13:53
MIATK,11766388,313087979,3.76,emeklilik,2026_03,2026-04-18 13:53
OBASE,538047,14924000,3.61,emeklilik,2026_03,2026-04-18 13:53
TATEN,659436,347799724,0.19,emeklilik,2026_03,2026-04-18 13:53
ALCTL,1146597,13543218,8.47,emeklilik,2026_03,2026-04-18 13:53
FORTE,555796,27999999,1.98,emeklilik,2026_03,2026-04-18 13:53
NATEN,691801,309374995,0.22,emeklilik,2026_03,2026-04-18 13:53
ENTRA,8239615,369383564,2.23,emeklilik,2026_03,2026-04-18 13:53
GLYHO,34833452,1949290631,1.79,emeklilik,2026_03,2026-04-18 13:53
CONSE,869412,377854899,0.23,emeklilik,2026_03,2026-04-18 13:53
BRSAN,69043,35912460,0.19,emeklilik,2026_03,2026-04-18 13:53
RALYH,55088,176370972,0.03,emeklilik,2026_03,2026-04-18 13:53
KLYPV,591576,46334639,1.28,emeklilik,2026_03,2026-04-18 13:53
DARDL,310651,1753442695,0.02,emeklilik,2026_03,2026-04-18 13:53
SELVA,303370,775687737,0.04,emeklilik,2026_03,2026-04-18 13:53
ECILC,60495,210589603,0.03,emeklilik,2026_03,2026-04-18 13:53
TRENJ,410068,98018735,0.42,emeklilik,2026_03,2026-04-18 13:53
AGESA,953126,35829553,2.66,emeklilik,2026_03,2026-04-18 13:53
MOGAN,859712,262635000,0.33,emeklilik,2026_03,2026-04-18 13:53
AKENR,422773,385189246,0.11,emeklilik,2026_03,2026-04-18 13:53
BAGFS,40000,100042745,0.04,emeklilik,2026_03,2026-04-18 13:53
PARSN,402210,34033246,1.18,emeklilik,2026_03,2026-04-18 13:53
BESLR,327686,658098036,0.05,emeklilik,2026_03,2026-04-18 13:53
DMRGD,6762280,1277294592,0.53,emeklilik,2026_03,2026-04-18 13:53
DOFRB,876805,45000000,1.95,emeklilik,2026_03,2026-04-18 13:53
EGGUB,582895,75862197,0.77,emeklilik,2026_03,2026-04-18 13:53
ISGLKF,109962769,113800000,96.63,emeklilik,2026_03,2026-04-18 13:53
ECOGR,204635,110000000,0.19,emeklilik,2026_03,2026-04-18 13:53
BIGEN,218092,115500000,0.19,emeklilik,2026_03,2026-04-18 13:53
ULUUN,126507,290523353,0.04,emeklilik,2026_03,2026-04-18 13:53
ENDAE,206907,123901910,0.17,emeklilik,2026_03,2026-04-18 13:53
BORSK,117786,279999879,0.04,emeklilik,2026_03,2026-04-18 13:53
TNZTP,191160,87499950,0.22,emeklilik,2026_03,2026-04-18 13:53
SMART,1212780,29737499,4.08,emeklilik,2026_03,2026-04-18 13:53
DEVA,203820,199971824,0.1,emeklilik,2026_03,2026-04-18 13:53
AKFIS,195972,66841328,0.29,emeklilik,2026_03,2026-04-18 13:53
ALFAS,139377,84639559,0.16,emeklilik,2026_03,2026-04-18 13:53
FRIGO,105516,263258455,0.04,emeklilik,2026_03,2026-04-18 13:53
CEMZY,82845,124119970,0.07,emeklilik,2026_03,2026-04-18 13:53
ZEDUR,128502,69899991,0.18,emeklilik,2026_03,2026-04-18 13:53
AKSUE,101430,56376184,0.18,emeklilik,2026_03,2026-04-18 13:53
KRSTL,72841,183664642,0.04,emeklilik,2026_03,2026-04-18 13:53
PKART,133037,11048497,1.2,emeklilik,2026_03,2026-04-18 13:53
PENGD,57570,171069968,0.03,emeklilik,2026_03,2026-04-18 13:53
MERCN,51500,74389005,0.07,emeklilik,2026_03,2026-04-18 13:53
PNSUT,50659,128323851,0.04,emeklilik,2026_03,2026-04-18 13:53
AYEN,72861,55531320,0.13,emeklilik,2026_03,2026-04-18 13:53
ARFYE,90334,47000000,0.19,emeklilik,2026_03,2026-04-18 13:53
TATGD,87002,119286243,0.07,emeklilik,2026_03,2026-04-18 13:53
PETUN,42645,134673118,0.03,emeklilik,2026_03,2026-04-18 13:53
SOKE,41307,126999996,0.03,emeklilik,2026_03,2026-04-18 13:53
EYGYO,66498,362859668,0.02,emeklilik,2026_03,2026-04-18 13:53
PINSU,37383,101635846,0.04,emeklilik,2026_03,2026-04-18 13:53
AVOD,96513,253604577,0.04,emeklilik,2026_03,2026-04-18 13:53
ALKLC,42852,45283467,0.09,emeklilik,2026_03,2026-04-18 13:53
MERKO,34611,101104700,0.03,emeklilik,2026_03,2026-04-18 13:53
KORDS,237213,65421451,0.36,emeklilik,2026_03,2026-04-18 13:53
MRGYO,369842,2277966226,0.02,emeklilik,2026_03,2026-04-18 13:53
EKSUN,65925,171792833,0.04,emeklilik,2026_03,2026-04-18 13:53
ADGYO,26958,379654333,0.01,emeklilik,2026_03,2026-04-18 13:53
IDGYO,29515,118909256,0.02,emeklilik,2026_03,2026-04-18 13:53
ORCAY,57331,151124962,0.04,emeklilik,2026_03,2026-04-18 13:53
GUNDG,7271,18968983,0.04,emeklilik,2026_03,2026-04-18 13:53
ELITE,17021,44650000,0.04,emeklilik,2026_03,2026-04-18 13:53
SEGYO,51659,203351321,0.03,emeklilik,2026_03,2026-04-18 13:53
OFSYM,10306,22749998,0.05,emeklilik,2026_03,2026-04-18 13:53
TDGYO,14789,61998213,0.02,emeklilik,2026_03,2026-04-18 13:53
OYLUM,25181,80937367,0.03,emeklilik,2026_03,2026-04-18 13:53
PAMEL,12328,21533681,0.06,emeklilik,2026_03,2026-04-18 13:53
SEGMN,17130,80999980,0.02,emeklilik,2026_03,2026-04-18 13:53
FADE,15986,42347497,0.04,emeklilik,2026_03,2026-04-18 13:53
KUVVA,1272,24204585,0.01,emeklilik,2026_03,2026-04-18 13:53
KTSKR,6005,14691795,0.04,emeklilik,2026_03,2026-04-18 13:53
GMTAS,15453,298687813,0.01,emeklilik,2026_03,2026-04-18 13:53
DURKN,16160,42500000,0.04,emeklilik,2026_03,2026-04-18 13:53
MHRGY,76584,310499991,0.02,emeklilik,2026_03,2026-04-18 13:53
FZLGY,64737,398427644,0.02,emeklilik,2026_03,2026-04-18 13:53
CRFSA,25088,18312793,0.14,emeklilik,2026_03,2026-04-18 13:53
OZGYO,88643,490916869,0.02,emeklilik,2026_03,2026-04-18 13:53
KGYO,76528,767894934,0.01,emeklilik,2026_03,2026-04-18 13:53
ERSU,8956,31755894,0.03,emeklilik,2026_03,2026-04-18 13:53
ARZUM,18010,400949823,0.0,emeklilik,2026_03,2026-04-18 13:53
ARMGD,186618,54996000,0.34,emeklilik,2026_03,2026-04-18 13:53
NETAS,881892,31783484,2.77,emeklilik,2026_03,2026-04-18 13:53
DCTTR,7663,157328724,0.0,emeklilik,2026_03,2026-04-18 13:53
VANGD,8757,24374995,0.04,emeklilik,2026_03,2026-04-18 13:53
MEPET,2220,73940585,0.0,emeklilik,2026_03,2026-04-18 13:53
LYDYE,1136,1391287,0.08,emeklilik,2026_03,2026-04-18 13:53
BIZIM,12952,27601626,0.05,emeklilik,2026_03,2026-04-18 13:53
MSGYO,32334,169650150,0.02,emeklilik,2026_03,2026-04-18 13:53
MOPAS,2972,57330000,0.01,emeklilik,2026_03,2026-04-18 13:53
DZGYO,23576,399777846,0.01,emeklilik,2026_03,2026-04-18 13:53
SANKO,1090,37499197,0.0,emeklilik,2026_03,2026-04-18 13:53
TGSAS,626,12348294,0.01,emeklilik,2026_03,2026-04-18 13:53
GLCVY,156479,26400000,0.59,emeklilik,2026_03,2026-04-18 13:53
PSDTC,313,6599991,0.0,emeklilik,2026_03,2026-04-18 13:53
KZGYO,12300,49999978,0.02,emeklilik,2026_03,2026-04-18 13:53
INTEM,131,9428747,0.0,emeklilik,2026_03,2026-04-18 13:53
AKMGY,737,21568998,0.0,emeklilik,2026_03,2026-04-18 13:53
DGGYO,4089,280709437,0.0,emeklilik,2026_03,2026-04-18 13:53
EPLAS,2300001,190491857,1.21,emeklilik,2026_03,2026-04-18 13:53
LILAK,140236,260252705,0.05,emeklilik,2026_03,2026-04-18 13:53
ASUZU,17537,41130807,0.04,emeklilik,2026_03,2026-04-18 13:53
RYSAS,9,1504020937,0.0,emeklilik,2026_03,2026-04-18 13:53
SAFKR,0,140056162,0.0,emeklilik,2026_03,2026-04-18 13:53
BRYAT,1103,10264685,0.01,emeklilik,2026_03,2026-04-18 13:53
ENPRA,4,374258700,0.0,emeklilik,2026_03,2026-04-18 13:53
MACKO,986400,41500000,2.38,emeklilik,2026_03,2026-04-18 13:53
GOODY,1699328,132804473,1.28,emeklilik,2026_03,2026-04-18 13:53
BERA,309,492027250,0.0,emeklilik,2026_03,2026-04-18 13:53
MARMR,1,961218727,0.0,emeklilik,2026_03,2026-04-18 13:53
GSDHO,1,999994969,0.0,emeklilik,2026_03,2026-04-18 13:53
ASYAB,7350000,477899601,1.54,emeklilik,2026_03,2026-04-18 13:53
SKTAS,775003,332865443,0.23,emeklilik,2026_03,2026-04-18 13:53
ERBOS,0,15899843,0.0,emeklilik,2026_03,2026-04-18 13:53
ERCB,1,39113273,0.0,emeklilik,2026_03,2026-04-18 13:53
HURGZ,2,220784167,0.0,emeklilik,2026_03,2026-04-18 13:53
MNDTR,120000,910071938,0.01,emeklilik,2026_03,2026-04-18 13:53
ICBCT,1,216761845,0.0,emeklilik,2026_03,2026-04-18 13:53
ALVES,2501000,1159999780,0.22,emeklilik,2026_03,2026-04-18 13:53
IEYHO,345,541033797,0.0,emeklilik,2026_03,2026-04-18 13:53
TEZOL,1,139999972,0.0,emeklilik,2026_03,2026-04-18 13:53
INVEO,1184166,998999954,0.12,emeklilik,2026_03,2026-04-18 13:53
BINHO,357,488884380,0.0,emeklilik,2026_03,2026-04-18 13:53
EUREN,1,1040132637,0.0,emeklilik,2026_03,2026-04-18 13:53
TRCAS,2,206252869,0.0,emeklilik,2026_03,2026-04-18 13:53
NTHOL,10001,485479112,0.0,emeklilik,2026_03,2026-04-18 13:53
ISGSY,778750,47378729,1.64,emeklilik,2026_03,2026-04-18 13:53
CLEBI,12,5490178,0.0,emeklilik,2026_03,2026-04-18 13:53
ISSEN,3,107417374,0.0,emeklilik,2026_03,2026-04-18 13:53
ISYAT,2982932,152245569,1.96,emeklilik,2026_03,2026-04-18 13:53
IZMDC,150000,723225318,0.02,emeklilik,2026_03,2026-04-18 13:53
JANTS,2,207607465,0.0,emeklilik,2026_03,2026-04-18 13:53
APBDLF,12660402,14400000,87.92,emeklilik,2026_03,2026-04-18 13:53
KARTN,1,72781126,0.0,emeklilik,2026_03,2026-04-18 13:53
OPTLRF,410279,2550000,16.09,emeklilik,2026_03,2026-04-18 13:53
ULUFA,900786,305269391,0.3,emeklilik,2026_03,2026-04-18 13:53
FENER,754025,2772321468,0.03,emeklilik,2026_03,2026-04-18 13:53
UNLU,100000,102181558,0.1,emeklilik,2026_03,2026-04-18 13:53
UZEL,15000,26329793,0.06,emeklilik,2026_03,2026-04-18 13:53
ECZYT,1,45880511,0.0,emeklilik,2026_03,2026-04-18 13:53
KIMMR,3191,75000000,0.0,emeklilik,2026_03,2026-04-18 13:53
KLRHO,407200,341250000,0.12,emeklilik,2026_03,2026-04-18 13:53
KLSER,47131,109457654,0.04,emeklilik,2026_03,2026-04-18 13:53
OZYSR,247,40488000,0.0,emeklilik,2026_03,2026-04-18 13:53
YIGIT,75400,74999974,0.1,emeklilik,2026_03,2026-04-18 13:53
APMDLF,1300000,12300000,10.57,emeklilik,2026_03,2026-04-18 13:53
EGEEN,101,1137161,0.01,emeklilik,2026_03,2026-04-18 13:53
PASEU,217065,215295868,0.1,emeklilik,2026_03,2026-04-18 13:53
KOCMT,18324,587485478,0.0,emeklilik,2026_03,2026-04-18 13:53
ZGYO,15122,84500000,0.02,emeklilik,2026_03,2026-04-18 13:53
BLCYT,2,49088907,0.0,emeklilik,2026_03,2026-04-18 13:53
BOBET,2758743,113999998,2.42,emeklilik,2026_03,2026-04-18 13:53
GEDIK,3900000,983076857,0.4,emeklilik,2026_03,2026-04-18 13:53
BORLS,1,308652686,0.0,emeklilik,2026_03,2026-04-18 13:53
ARTMS,18,28399999,0.0,emeklilik,2026_03,2026-04-18 13:53
DESA,5,171107590,0.0,emeklilik,2026_03,2026-04-18 13:53
QNBTR,2,2571745911,0.0,emeklilik,2026_03,2026-04-18 13:53
QUAGR,632605,1773200000,0.04,emeklilik,2026_03,2026-04-18 13:53
LIDER,250000,279500000,0.09,emeklilik,2026_03,2026-04-18 13:53
TSGYO,1582580,266499982,0.59,emeklilik,2026_03,2026-04-18 13:53
MTRKS,3685275,43633165,8.45,emeklilik,2026_03,2026-04-18 13:53
AGYO,10231,129036460,0.01,emeklilik,2026_03,2026-04-18 13:53
ATAGY,6778,45670114,0.01,emeklilik,2026_03,2026-04-18 13:53
SANEL,2624,18112451,0.01,emeklilik,2026_03,2026-04-18 13:53
KRGYO,53443,275246747,0.02,emeklilik,2026_03,2026-04-18 13:53
ANELE,7524,151405542,0.0,emeklilik,2026_03,2026-04-18 13:53
KUYAS,62284,398957788,0.02,emeklilik,2026_03,2026-04-18 13:53
TURGG,5368,32042988,0.02,emeklilik,2026_03,2026-04-18 13:53
NUHCM,11894,33164430,0.04,emeklilik,2026_03,2026-04-18 13:53
DSTKF,126288,84533333,0.15,emeklilik,2026_03,2026-04-18 13:53
YAYLA,5902,39874966,0.01,emeklilik,2026_03,2026-04-18 13:53
INGRM,43619,14969536,0.29,emeklilik,2026_03,2026-04-18 13:53
EGEGY,15330,69140000,0.02,emeklilik,2026_03,2026-04-18 13:53
BRLSM,17959,108025075,0.02,emeklilik,2026_03,2026-04-18 13:53
AVGYO,15079,111590302,0.01,emeklilik,2026_03,2026-04-18 13:53
KLSYN,25081,107854952,0.02,emeklilik,2026_03,2026-04-18 13:53
ISDMR,1764440,147631816,1.2,emeklilik,2026_03,2026-04-18 13:53
SUNTK,46806096,145280000,32.22,emeklilik,2026_03,2026-04-18 13:53
ASGYO,40530,165000000,0.02,emeklilik,2026_03,2026-04-18 13:53
NUGYO,42112,324943976,0.01,emeklilik,2026_03,2026-04-18 13:53
ZPBDLF,3466145,8240000,42.06,emeklilik,2026_03,2026-04-18 13:53
AHSGY,46260,184999889,0.03,emeklilik,2026_03,2026-04-18 13:53
YGGYO,44011,240625741,0.02,emeklilik,2026_03,2026-04-18 13:53
FRMPL,3944,39997767,0.01,emeklilik,2026_03,2026-04-18 13:53
BEGYO,62210,290000000,0.02,emeklilik,2026_03,2026-04-18 13:53
BINBN,335705,17000000,1.97,emeklilik,2026_03,2026-04-18 13:53
YYAPI,255559,1705025550,0.01,emeklilik,2026_03,2026-04-18 13:53
SARKY,239543,999999671,0.02,emeklilik,2026_03,2026-04-18 13:53
HLGYO,198561,1075198517,0.02,emeklilik,2026_03,2026-04-18 13:53
VRGYO,139948,597693904,0.02,emeklilik,2026_03,2026-04-18 13:53
OZKGY,2901047,363999945,0.8,emeklilik,2026_03,2026-04-18 13:53
ARENA,3057649,66996461,4.56,emeklilik,2026_03,2026-04-18 13:53
ALGYO,239773,989338262,0.02,emeklilik,2026_03,2026-04-18 13:53
RYGYO,141754,770588057,0.02,emeklilik,2026_03,2026-04-18 13:53
KLGYO,2158006,689399869,0.31,emeklilik,2026_03,2026-04-18 13:53
KONTR,811191,936038761,0.09,emeklilik,2026_03,2026-04-18 13:53
PNLSN,179264,34752383,0.52,emeklilik,2026_03,2026-04-18 13:53
HRKET,362530,24000000,1.51,emeklilik,2026_03,2026-04-18 13:53
ZRGYO,7625578,1173404997,0.65,emeklilik,2026_03,2026-04-18 13:53
TKNSA,295305,100485379,0.29,emeklilik,2026_03,2026-04-18 13:53
MEDTR,2305418,24499999,9.41,emeklilik,2026_03,2026-04-18 13:53
SURGY,9097,44999990,0.02,emeklilik,2026_03,2026-04-18 13:53
AKCNS,5820839,39359284,14.79,emeklilik,2026_03,2026-04-18 13:53
PEKGY,1008813,4685173406,0.02,emeklilik,2026_03,2026-04-18 13:53
TBORG,614580,59392160,1.03,emeklilik,2026_03,2026-04-18 13:53
DGATE,1196932,15227271,7.86,emeklilik,2026_03,2026-04-18 13:53
MPARK,17941489,80869110,22.19,emeklilik,2026_03,2026-04-18 13:53
ODINE,605840,52810834,1.15,emeklilik,2026_03,2026-04-18 13:53
OYYAT,181052,91048322,0.2,emeklilik,2026_03,2026-04-18 13:53
GRTHO,220024,36745000,0.6,emeklilik,2026_03,2026-04-18 13:53
HOROZ,818988,24599986,3.33,emeklilik,2026_03,2026-04-18 13:53
KLKIM,6105897,138383655,4.41,emeklilik,2026_03,2026-04-18 13:53
KFEIN,5191561,150306170,3.45,emeklilik,2026_03,2026-04-18 13:53
CATES,75094,33050000,0.23,emeklilik,2026_03,2026-04-18 13:53
ZTLRFF,40000,2800000,1.43,emeklilik,2026_03,2026-04-18 13:53
HEKTS,3245050,3946424637,0.08,emeklilik,2026_03,2026-04-18 13:53
ORGE,2162603,41839996,5.17,emeklilik,2026_03,2026-04-18 13:53
DESPC,1579692,16023700,9.86,emeklilik,2026_03,2026-04-18 13:53
EDIP,5080,36468204,0.01,emeklilik,2026_03,2026-04-18 13:53
APLIBF,51016128,58000000,87.96,emeklilik,2026_03,2026-04-18 13:53
AZTEK,8098093,279000000,2.9,emeklilik,2026_03,2026-04-18 13:53
PENTA,4672801,181070136,2.58,emeklilik,2026_03,2026-04-18 13:53
MGROS,17898493,96563568,18.54,emeklilik,2026_03,2026-04-18 13:53
MEYSU,67887,175000000,0.04,emeklilik,2026_03,2026-04-18 13:53
HATSN,1191375,44299964,2.69,emeklilik,2026_03,2026-04-18 13:53
PAPIL,5753153,206247674,2.79,emeklilik,2026_03,2026-04-18 13:53
VKGYO,19600150,1637203242,1.2,emeklilik,2026_03,2026-04-18 13:53
ALKIM,3255177,182767821,1.78,emeklilik,2026_03,2026-04-18 13:53
SDTTR,621688,15990000,3.89,emeklilik,2026_03,2026-04-18 13:53
SRVGY,1168052,812499687,0.14,emeklilik,2026_03,2026-04-18 13:53
MOBTL,9554710,207999999,4.59,emeklilik,2026_03,2026-04-18 13:53
ARDYZ,23141772,279551557,8.28,emeklilik,2026_03,2026-04-18 13:53
LOGO,7500338,74328248,10.09,emeklilik,2026_03,2026-04-18 13:53
OTKAR,3014204,33417145,9.02,emeklilik,2026_03,2026-04-18 13:53
VBTYZ,4780535,56205000,8.51,emeklilik,2026_03,2026-04-18 13:53
EFOR,2976484,670679994,0.44,emeklilik,2026_03,2026-04-18 13:53
PAGYO,228149,57781202,0.39,emeklilik,2026_03,2026-04-18 13:53
ESCAR,1,101933690,0.0,emeklilik,2026_03,2026-04-18 13:53
IZENR,1790209,914537597,0.2,emeklilik,2026_03,2026-04-18 13:53
POLHO,262824,164140074,0.16,emeklilik,2026_03,2026-04-18 13:53
BUCIM,20625836,1292638065,1.6,emeklilik,2026_03,2026-04-18 13:53
GMSTRF,11897599,75300000,15.8,emeklilik,2026_03,2026-04-18 13:53
AKHAN,157073,54700000,0.29,emeklilik,2026_03,2026-04-18 13:53
ZERGY,5091250,156799985,3.25,emeklilik,2026_03,2026-04-18 13:53
ZGOLDF,132598807,152040000,87.21,emeklilik,2026_03,2026-04-18 13:53
EBEBK,4587278,40534692,11.32,emeklilik,2026_03,2026-04-18 13:53
AVPGY,7930105,99999990,7.93,emeklilik,2026_03,2026-04-18 13:53
VAKFA,1337488,224999701,0.59,emeklilik,2026_03,2026-04-18 13:53
ANHYT,4947349,88457041,5.59,emeklilik,2026_03,2026-04-18 13:53
BSOKE,1770796,458487038,0.39,emeklilik,2026_03,2026-04-18 13:53
PATEK,7583451,293081893,2.59,emeklilik,2026_03,2026-04-18 13:53
VESBE,6424269,503578676,1.28,emeklilik,2026_03,2026-04-18 13:53
KAREL,8659023,329659497,2.63,emeklilik,2026_03,2026-04-18 13:53
KOTON,197760,136599922,0.14,emeklilik,2026_03,2026-04-18 13:53
ARSAN,759134,887344281,0.09,emeklilik,2026_03,2026-04-18 13:53
GENTS,700006,749958921,0.09,emeklilik,2026_03,2026-04-18 13:53
TCELL,99712666,1622604373,6.15,emeklilik,2026_03,2026-04-18 13:53
REEDR,17041770,632419525,2.69,emeklilik,2026_03,2026-04-18 13:53
KATMR,7000000,1980989998,0.35,emeklilik,2026_03,2026-04-18 13:53
OYAKC,62435331,4656879379,1.34,emeklilik,2026_03,2026-04-18 13:53
LMKDC,29476558,155929999,18.9,emeklilik,2026_03,2026-04-18 13:53
AYDEM,2323372,130000000,1.79,emeklilik,2026_03,2026-04-18 13:53
TRALT,40608786,952269019,4.26,emeklilik,2026_03,2026-04-18 13:53
KZBGY,5674360,1959999915,0.29,emeklilik,2026_03,2026-04-18 13:53
ATATR,526880,280000000,0.19,emeklilik,2026_03,2026-04-18 13:53
PGSUS,7185520,295068869,2.44,emeklilik,2026_03,2026-04-18 13:53
ASTOR,5762573,366896223,1.57,emeklilik,2026_03,2026-04-18 13:53
TAVHL,10596156,213213415,4.97,emeklilik,2026_03,2026-04-18 13:53
GWIND,20315310,179165491,11.34,emeklilik,2026_03,2026-04-18 13:53
AKSEN,3242949,638545796,0.51,emeklilik,2026_03,2026-04-18 13:53
AYGAZ,13908485,98568807,14.11,emeklilik,2026_03,2026-04-18 13:53
KAYSE,363869,828951998,0.04,emeklilik,2026_03,2026-04-18 13:53
FROTO,43098956,625119847,6.89,emeklilik,2026_03,2026-04-18 13:53
KRVGD,112999651,596159766,18.95,emeklilik,2026_03,2026-04-18 13:53
GOKNR,9317945,178040711,5.23,emeklilik,2026_03,2026-04-18 13:53
ENJSA,52871927,236209270,22.38,emeklilik,2026_03,2026-04-18 13:53
BTCIM,17282018,4220286921,0.41,emeklilik,2026_03,2026-04-18 13:53
YYLGD,4939315,369826200,1.34,emeklilik,2026_03,2026-04-18 13:53
ASELS,77822502,1178601424,6.6,emeklilik,2026_03,2026-04-18 13:53
BIGCH,59237814,368932945,16.06,emeklilik,2026_03,2026-04-18 13:53
HALKB,7820950,6546422780,0.12,emeklilik,2026_03,2026-04-18 13:53
ISMEN,43065206,467723147,9.21,emeklilik,2026_03,2026-04-18 13:53
INDES,24117659,462749767,5.21,emeklilik,2026_03,2026-04-18 13:53
KTLEV,8892711,1288500000,0.69,emeklilik,2026_03,2026-04-18 13:53
DGNMO,33163709,327634635,10.12,emeklilik,2026_03,2026-04-18 13:53
NTGAZ,50741443,276000000,18.38,emeklilik,2026_03,2026-04-18 13:53
AKSA,18799124,1503650642,1.25,emeklilik,2026_03,2026-04-18 13:53
MAVI,116740439,576779312,20.24,emeklilik,2026_03,2026-04-18 13:53
KCHOL,73560281,674053695,10.91,emeklilik,2026_03,2026-04-18 13:53
TUKAS,1657331,4499995929,0.04,emeklilik,2026_03,2026-04-18 13:53
THYAO,50537990,739463453,6.83,emeklilik,2026_03,2026-04-18 13:53
DOHOL,224994638,984706978,22.85,emeklilik,2026_03,2026-04-18 13:53
SAHOL,146968452,1149847384,12.78,emeklilik,2026_03,2026-04-18 13:53
EMPAE,738248,38000000,1.94,emeklilik,2026_03,2026-04-18 13:53
AGXAAC,22202615,24208793,91.71,emeklilik,2026_03,2026-04-18 13:53
TSPOR,7600000,3674975174,0.21,emeklilik,2026_03,2026-04-18 13:53
ALBRK,258682823,1050739765,24.62,emeklilik,2026_03,2026-04-18 13:53
VAKBN,77453094,8046896130,0.96,emeklilik,2026_03,2026-04-18 13:53
ESCOM,43913357,465831670,9.43,emeklilik,2026_03,2026-04-18 13:53
PAHOL,4204014,3999999979,0.11,emeklilik,2026_03,2026-04-18 13:53
AKBNK,138177137,3059320211,4.52,emeklilik,2026_03,2026-04-18 13:53
YKBNK,255248992,4705620952,5.42,emeklilik,2026_03,2026-04-18 13:53
ISCTR,558335756,8880396856,6.29,emeklilik,2026_03,2026-04-18 13:53
SASA,127650853,25700434927,0.5,tera,2026_03,2026-04-18 13:53
ATATR,19521313,280000000,6.97,tera,2026_03,2026-04-18 13:53
GENIL,46534176,1289069985,3.61,tera,2026_03,2026-04-18 13:53
SVGYO,12469192,295400000,4.22,tera,2026_03,2026-04-18 13:53
MANAS,13316493,306992000,4.34,tera,2026_03,2026-04-18 13:53
ADEL,12317976,112043619,10.99,tera,2026_03,2026-04-18 13:53
KTLEV,54273418,1288500000,4.21,tera,2026_03,2026-04-18 13:53
LXGYO,4884569,118936300,4.11,tera,2026_03,2026-04-18 13:53
CONSE,5754013,377854899,1.52,tera,2026_03,2026-04-18 13:53
YKBNK,1795935,4705620952,0.04,tera,2026_03,2026-04-18 13:53
TDGYO,2919779,61998213,4.71,tera,2026_03,2026-04-18 13:53
MERKO,2635197,101104700,2.61,tera,2026_03,2026-04-18 13:53
EFOR,9279426,670679994,1.38,tera,2026_03,2026-04-18 13:53
MRGYO,5529540,2277966226,0.24,tera,2026_03,2026-04-18 13:53
DSTKF,17262242,84533333,20.42,tera,2026_03,2026-04-18 13:53
YYAPI,1909579,1705025550,0.11,tera,2026_03,2026-04-18 13:53
ISCTR,434921,8880396856,0.0,tera,2026_03,2026-04-18 13:53
SAHOL,55386,1149847384,0.0,tera,2026_03,2026-04-18 13:53
MOGAN,1648766,262635000,0.63,tera,2026_03,2026-04-18 13:53
AKBNK,878855,3059320211,0.03,tera,2026_03,2026-04-18 13:53
INDES,1502234,462749767,0.32,tera,2026_03,2026-04-18 13:53
MIATK,1936630,313087979,0.62,tera,2026_03,2026-04-18 13:53
CWENE,1495139,530758241,0.28,tera,2026_03,2026-04-18 13:53
HEKTS,5571554,3946424637,0.14,tera,2026_03,2026-04-18 13:53
ASTOR,1463965,366896223,0.4,tera,2026_03,2026-04-18 13:53
EREGL,477714,3554243274,0.01,tera,2026_03,2026-04-18 13:53
KCHOL,81089,674053695,0.01,tera,2026_03,2026-04-18 13:53
KUYAS,21533588,398957788,5.4,tera,2026_03,2026-04-18 13:53
SEYKM,2229463,151040901,1.48,tera,2026_03,2026-04-18 13:53
KRDMB,1091827,118762110,0.92,tera,2026_03,2026-04-18 13:53
HEDEF,1598948,562499930,0.28,tera,2026_03,2026-04-18 13:53
TRALT,1142720,952269019,0.12,tera,2026_03,2026-04-18 13:53
TPRPSV,890001,4500000,19.78,tera,2026_03,2026-04-18 13:53
AEFES,397312,2028860053,0.02,tera,2026_03,2026-04-18 13:53
DAPGM,3350010,942910838,0.36,tera,2026_03,2026-04-18 13:53
KRSTL,1057159,183664642,0.58,tera,2026_03,2026-04-18 13:53
ZOREN,1273714,2681244194,0.05,tera,2026_03,2026-04-18 13:53
KZGYO,625232,49999978,1.25,tera,2026_03,2026-04-18 13:53
PRKME,740396,53038641,1.4,tera,2026_03,2026-04-18 13:53
FRIGO,1166512,263258455,0.44,tera,2026_03,2026-04-18 13:53
HDFGS,1129047,956974191,0.12,tera,2026_03,2026-04-18 13:53
TEZOL,560094,139999972,0.4,tera,2026_03,2026-04-18 13:53
KZBGY,1371291,1959999915,0.07,tera,2026_03,2026-04-18 13:53
LINK,527362,747511382,0.07,tera,2026_03,2026-04-18 13:53
YYLGD,208551,369826200,0.06,tera,2026_03,2026-04-18 13:53
PSGYO,2990202,2954231556,0.1,tera,2026_03,2026-04-18 13:53
PGSUS,884136,295068869,0.3,tera,2026_03,2026-04-18 13:53
EYGYO,2843018,362859668,0.78,tera,2026_03,2026-04-18 13:53
TUCLK,621450,263182600,0.24,tera,2026_03,2026-04-18 13:53
KARSN,856847,827827039,0.1,tera,2026_03,2026-04-18 13:53
CRDFA,604119,224990570,0.27,tera,2026_03,2026-04-18 13:53
YESIL,457393,640699949,0.07,tera,2026_03,2026-04-18 13:53
GLRYH,373569,599623814,0.06,tera,2026_03,2026-04-18 13:53
KLGYO,1398415,689399869,0.2,tera,2026_03,2026-04-18 13:53
RGYAS,1082,105523000,0.0,tera,2026_03,2026-04-18 13:53
RALYH,11474430,176370972,6.51,tera,2026_03,2026-04-18 13:53
KERVN,316201,588346973,0.05,tera,2026_03,2026-04-18 13:53
SRVGY,610127,812499687,0.08,tera,2026_03,2026-04-18 13:53
BSOKE,1120520,458487038,0.24,tera,2026_03,2026-04-18 13:53
GSDHO,598174,999994969,0.06,tera,2026_03,2026-04-18 13:53
GLRMK,288393,58116000,0.5,tera,2026_03,2026-04-18 13:53
TKNSA,165187,100485379,0.16,tera,2026_03,2026-04-18 13:53
VAKBN,239973,8046896130,0.0,tera,2026_03,2026-04-18 13:53
MEYSU,573889,175000000,0.33,tera,2026_03,2026-04-18 13:53
MNDRS,510359,222008082,0.23,tera,2026_03,2026-04-18 13:53
SNICA,611587,321688855,0.19,tera,2026_03,2026-04-18 13:53
BIOEN,290103,197983418,0.15,tera,2026_03,2026-04-18 13:53
TUKAS,3131401,4499995929,0.07,tera,2026_03,2026-04-18 13:53
OZGYO,251229,490916869,0.05,tera,2026_03,2026-04-18 13:53
SMRVA,207556,28000000,0.74,tera,2026_03,2026-04-18 13:53
ATLAS,202550,59999865,0.34,tera,2026_03,2026-04-18 13:53
SYIBOV,200000,7873185,2.54,tera,2026_03,2026-04-18 13:53
LIDER,2447629,279500000,0.88,tera,2026_03,2026-04-18 13:53
GLYHO,-54721,1949290631,-0.0,tera,2026_03,2026-04-18 13:53
ISMEN,-46590,467723147,-0.01,tera,2026_03,2026-04-18 13:53
LMKDC,38709,155929999,0.02,tera,2026_03,2026-04-18 13:53
CVKMD,26638808,461999787,5.77,tera,2026_03,2026-04-18 13:53
MCARD,166253,18900000,0.88,tera,2026_03,2026-04-18 13:53
EKOS,759152,307199852,0.25,tera,2026_03,2026-04-18 13:53
ICUGS,286824,336250000,0.09,tera,2026_03,2026-04-18 13:53
EUPWR,220304,199610525,0.11,tera,2026_03,2026-04-18 13:53
CCOLA,3044,820001147,0.0,tera,2026_03,2026-04-18 13:53
TMPOL,193098,11039990,1.75,tera,2026_03,2026-04-18 13:53
HURGZ,396990,220784167,0.18,tera,2026_03,2026-04-18 13:53
ALKLC,7574794,45283467,16.73,tera,2026_03,2026-04-18 13:53
HALKB,393432,6546422780,0.01,tera,2026_03,2026-04-18 13:53
EGEGY,151235,69140000,0.22,tera,2026_03,2026-04-18 13:53
KOCMT,237664,587485478,0.04,tera,2026_03,2026-04-18 13:53
PBSYLV,132001,12800000,1.03,tera,2026_03,2026-04-18 13:53
INVEO,265626,998999954,0.03,tera,2026_03,2026-04-18 13:53
OZSUB,132442,44247402,0.3,tera,2026_03,2026-04-18 13:53
LILAK,26505,260252705,0.01,tera,2026_03,2026-04-18 13:53
MOBTL,127509,207999999,0.06,tera,2026_03,2026-04-18 13:53
KAREL,100045,329659497,0.03,tera,2026_03,2026-04-18 13:53
OYYAT,259502,91048322,0.29,tera,2026_03,2026-04-18 13:53
GIPTA,530040,51617863,1.03,tera,2026_03,2026-04-18 13:53
TOSKLV,158050,1659183,9.53,tera,2026_03,2026-04-18 13:53
KOPOL,229287,266319652,0.09,tera,2026_03,2026-04-18 13:53
POLHO,187072,164140074,0.11,tera,2026_03,2026-04-18 13:53
HLGYO,1064719,1075198517,0.1,tera,2026_03,2026-04-18 13:53
DARDL,199660,1753442695,0.01,tera,2026_03,2026-04-18 13:53
FZLGY,277739,398427644,0.07,tera,2026_03,2026-04-18 13:53
ECOGR,565558,110000000,0.51,tera,2026_03,2026-04-18 13:53
GENKM,101874,124845000,0.08,tera,2026_03,2026-04-18 13:53
SMRTG,21143649,664164672,3.18,tera,2026_03,2026-04-18 13:53
YEOTK,143740,160933198,0.09,tera,2026_03,2026-04-18 13:53
IHGZT,1119989,570666228,0.2,tera,2026_03,2026-04-18 13:53
FRSKIV,100006,2444310,4.09,tera,2026_03,2026-04-18 13:53
MSGYO,111395,169650150,0.07,tera,2026_03,2026-04-18 13:53
BIGEN,231208,115500000,0.2,tera,2026_03,2026-04-18 13:53
DMRGD,1084982,1277294592,0.08,tera,2026_03,2026-04-18 13:53
KIMMR,91640,75000000,0.12,tera,2026_03,2026-04-18 13:53
MEGAP,729076,234498757,0.31,tera,2026_03,2026-04-18 13:53
KLYPV,808649,46334639,1.75,tera,2026_03,2026-04-18 13:53
BUCIM,663682,1292638065,0.05,tera,2026_03,2026-04-18 13:53
EMKEL,189001,149999458,0.13,tera,2026_03,2026-04-18 13:53
DURKN,123131,42500000,0.29,tera,2026_03,2026-04-18 13:53
ECILC,100363,210589603,0.05,tera,2026_03,2026-04-18 13:53
BAYRK,140679,189751123,0.07,tera,2026_03,2026-04-18 13:53
KRTEK,94256,18914650,0.5,tera,2026_03,2026-04-18 13:53
SISE,1430420,1814905641,0.08,tera,2026_03,2026-04-18 13:53
BAGFS,120300,100042745,0.12,tera,2026_03,2026-04-18 13:53
GUNDG,33794,18968983,0.18,tera,2026_03,2026-04-18 13:53
XABDOV,85019,2295525,3.7,tera,2026_03,2026-04-18 13:53
TOASO,30393,120585077,0.03,tera,2026_03,2026-04-18 13:53
AGHOL,96753,1069828243,0.01,tera,2026_03,2026-04-18 13:53
EBEBK,1243,40534692,0.0,tera,2026_03,2026-04-18 13:53
OTTO,88748,5824438,1.52,tera,2026_03,2026-04-18 13:53
IHLGM,1063514,986078000,0.11,tera,2026_03,2026-04-18 13:53
IEYHO,5115096,541033797,0.95,tera,2026_03,2026-04-18 13:53
ISGYO,29315,531312439,0.01,tera,2026_03,2026-04-18 13:53
EKSUN,200425,171792833,0.12,tera,2026_03,2026-04-18 13:53
BISKNV,188240,1547161,12.17,tera,2026_03,2026-04-18 13:53
ABSLVV,80085,1160334,6.9,tera,2026_03,2026-04-18 13:53
YBTAS,94317,31617148,0.3,tera,2026_03,2026-04-18 13:53
BALSU,226645,278000000,0.08,tera,2026_03,2026-04-18 13:53
GATEG,2945295,10570341,27.86,tera,2026_03,2026-04-18 13:53
PRZMA,80048,61941150,0.13,tera,2026_03,2026-04-18 13:53
TUREX,373533,432000000,0.09,tera,2026_03,2026-04-18 13:53
IZMDC,326221,723225318,0.05,tera,2026_03,2026-04-18 13:53
YIGIT,144063,74999974,0.19,tera,2026_03,2026-04-18 13:53
KRGYO,55004,275246747,0.02,tera,2026_03,2026-04-18 13:53
SNGYO,163279,3607173097,0.0,tera,2026_03,2026-04-18 13:53
PINSU,105266,101635846,0.1,tera,2026_03,2026-04-18 13:53
ICIMLV,52000,1846610,2.82,tera,2026_03,2026-04-18 13:53
GWIND,776986,179165491,0.43,tera,2026_03,2026-04-18 13:53
AGESA,25,35829553,0.0,tera,2026_03,2026-04-18 13:53
OZYSR,266790,40488000,0.66,tera,2026_03,2026-04-18 13:53
MRIGMV,80053,1478910,5.41,tera,2026_03,2026-04-18 13:53
PENGD,484279,171069968,0.28,tera,2026_03,2026-04-18 13:53
TTKOM,14155,524999999,0.0,tera,2026_03,2026-04-18 13:53
AVOD,415905,253604577,0.16,tera,2026_03,2026-04-18 13:53
NIBAS,46732,267767946,0.02,tera,2026_03,2026-04-18 13:53
ERCB,118500,39113273,0.3,tera,2026_03,2026-04-18 13:53
KONTR,5012469,936038761,0.54,tera,2026_03,2026-04-18 13:53
TSKB,123202,1516591673,0.01,tera,2026_03,2026-04-18 13:53
HOROZ,74275,24599986,0.3,tera,2026_03,2026-04-18 13:53
GSDDE,46063,106850751,0.04,tera,2026_03,2026-04-18 13:53
DZGYO,222050,399777846,0.06,tera,2026_03,2026-04-18 13:53
ANSGR,30108,1564416026,0.0,tera,2026_03,2026-04-18 13:53
ALTNY,101175,399885115,0.03,tera,2026_03,2026-04-18 13:53
ATAGY,40467,45670114,0.09,tera,2026_03,2026-04-18 13:53
OZKGY,8813442,363999945,2.42,tera,2026_03,2026-04-18 13:53
DOFRB,57872,45000000,0.13,tera,2026_03,2026-04-18 13:53
TRGYO,575,251573369,0.0,tera,2026_03,2026-04-18 13:53
SEKUR,34091,131457835,0.03,tera,2026_03,2026-04-18 13:53
DEVA,38437,199971824,0.02,tera,2026_03,2026-04-18 13:53
PRDGS,149339,110850000,0.13,tera,2026_03,2026-04-18 13:53
KLKIM,39866,138383655,0.03,tera,2026_03,2026-04-18 13:53
DKBAWV,32280,5000000,0.65,tera,2026_03,2026-04-18 13:53
PLTUR,72184,49500000,0.15,tera,2026_03,2026-04-18 13:53
CEMAS,348449,790994229,0.04,tera,2026_03,2026-04-18 13:53
VANGD,2276710,24374995,9.34,tera,2026_03,2026-04-18 13:53
PATEK,510937,293081893,0.17,tera,2026_03,2026-04-18 13:53
MEGMT,58939,85749986,0.07,tera,2026_03,2026-04-18 13:53
BRKVY,128222,13618361,0.94,tera,2026_03,2026-04-18 13:53
TKSMBV,80129,2362178,3.39,tera,2026_03,2026-04-18 13:53
GMSTRF,34765,75300000,0.05,tera,2026_03,2026-04-18 13:53
AYEN,54817,55531320,0.1,tera,2026_03,2026-04-18 13:53
MARTI,68080,1475768116,0.0,tera,2026_03,2026-04-18 13:53
EGSER,513305,545751057,0.09,tera,2026_03,2026-04-18 13:53
PKART,30570,11048497,0.28,tera,2026_03,2026-04-18 13:53
BERA,76608,492027250,0.02,tera,2026_03,2026-04-18 13:53
VESBE,80119,503578676,0.02,tera,2026_03,2026-04-18 13:53
OSMEN,120155,159162130,0.08,tera,2026_03,2026-04-18 13:53
VESTL,49139,295447203,0.02,tera,2026_03,2026-04-18 13:53
MGROS,4469,96563568,0.0,tera,2026_03,2026-04-18 13:53
PNLSN,29332,34752383,0.08,tera,2026_03,2026-04-18 13:53
SAMAT,128746,103183797,0.12,tera,2026_03,2026-04-18 13:53
ALCTL,25660,13543218,0.19,tera,2026_03,2026-04-18 13:53
MARBL,38006,65226403,0.06,tera,2026_03,2026-04-18 13:53
TSGYO,24486,266499982,0.01,tera,2026_03,2026-04-18 13:53
ZGOLDF,30853,152040000,0.02,tera,2026_03,2026-04-18 13:53
CELHA,37473,146124225,0.03,tera,2026_03,2026-04-18 13:53
SANKO,23651,37499197,0.06,tera,2026_03,2026-04-18 13:53
OYLUM,148864,80937367,0.18,tera,2026_03,2026-04-18 13:53
BIZIM,52626,27601626,0.19,tera,2026_03,2026-04-18 13:53
ZERGY,46239,156799985,0.03,tera,2026_03,2026-04-18 13:53
TAVHL,-2348,213213415,-0.0,tera,2026_03,2026-04-18 13:53
BYDNR,56827,22999984,0.25,tera,2026_03,2026-04-18 13:53
PGSFQV,60007,4059391,1.48,tera,2026_03,2026-04-18 13:53
PBAZMV,20000,3574037,0.56,tera,2026_03,2026-04-18 13:53
KMPUR,107444,132432524,0.08,tera,2026_03,2026-04-18 13:53
ARENA,47772,66996461,0.07,tera,2026_03,2026-04-18 13:53
ENJSA,61321,236209270,0.03,tera,2026_03,2026-04-18 13:53
MPARK,13732,80869110,0.02,tera,2026_03,2026-04-18 13:53
EPLAS,1145928,190491857,0.6,tera,2026_03,2026-04-18 13:53
VKGYO,418161,1637203242,0.03,tera,2026_03,2026-04-18 13:53
SONME,19745,4349319,0.45,tera,2026_03,2026-04-18 13:53
IHEVA,496573,291631239,0.17,tera,2026_03,2026-04-18 13:53
HKTM,38323,72747495,0.05,tera,2026_03,2026-04-18 13:53
KRPLS,126974,78486163,0.16,tera,2026_03,2026-04-18 13:53
ARMGD,17183,54996000,0.03,tera,2026_03,2026-04-18 13:53
MACKO,35730,41500000,0.09,tera,2026_03,2026-04-18 13:53
SILVR,180416,212818206,0.08,tera,2026_03,2026-04-18 13:53
VAKKO,16357,30788486,0.05,tera,2026_03,2026-04-18 13:53
OZRDN,53270,57107579,0.09,tera,2026_03,2026-04-18 13:53
QUAGR,1240686,1773200000,0.07,tera,2026_03,2026-04-18 13:53
SARKY,82386,999999671,0.01,tera,2026_03,2026-04-18 13:53
AHGAZ,265071,659370871,0.04,tera,2026_03,2026-04-18 13:53
RODRG,128025,16822352,0.76,tera,2026_03,2026-04-18 13:53
ENERY,134336,2420687469,0.01,tera,2026_03,2026-04-18 13:53
DYOBY,17866,186553687,0.01,tera,2026_03,2026-04-18 13:53
USAK,1676169,2436064709,0.07,tera,2026_03,2026-04-18 13:53
GAAARV,12033,2180586,0.55,tera,2026_03,2026-04-18 13:53
BEGYO,761602,290000000,0.26,tera,2026_03,2026-04-18 13:53
KFEIN,102422,150306170,0.07,tera,2026_03,2026-04-18 13:53
ULUUN,86233,290523353,0.03,tera,2026_03,2026-04-18 13:53
NTGAZ,5338,276000000,0.0,tera,2026_03,2026-04-18 13:53
SUWEN,17546,365687500,0.0,tera,2026_03,2026-04-18 13:53
MNDTR,968025,910071938,0.11,tera,2026_03,2026-04-18 13:53
KOTON,44887,136599922,0.03,tera,2026_03,2026-04-18 13:53
HUBVC,841730,277189572,0.3,tera,2026_03,2026-04-18 13:53
OBASE,11186,14924000,0.07,tera,2026_03,2026-04-18 13:53
KHSEZV,40003,4712085,0.85,tera,2026_03,2026-04-18 13:53
PMIBQV,10000,11118806,0.09,tera,2026_03,2026-04-18 13:53
ULIFRV,10000,3602709,0.28,tera,2026_03,2026-04-18 13:53
GEDIK,431487,983076857,0.04,tera,2026_03,2026-04-18 13:53
GEDZA,423133,42983624,0.98,tera,2026_03,2026-04-18 13:53
MOPAS,4356,57330000,0.01,tera,2026_03,2026-04-18 13:53
ETYAT,29260,17737148,0.16,tera,2026_03,2026-04-18 13:53
VBTYZ,41553,56205000,0.07,tera,2026_03,2026-04-18 13:53
ISGLKF,8304,113800000,0.01,tera,2026_03,2026-04-18 13:53
VKING,23360,30932905,0.08,tera,2026_03,2026-04-18 13:53
MTRKS,10119,43633165,0.02,tera,2026_03,2026-04-18 13:53
AKSUE,9400,56376184,0.02,tera,2026_03,2026-04-18 13:53
ISSEN,603663,107417374,0.56,tera,2026_03,2026-04-18 13:53
CATES,38980,33050000,0.12,tera,2026_03,2026-04-18 13:53
AKSA,184737,1503650642,0.01,tera,2026_03,2026-04-18 13:53
AKYHO,58179,223895870,0.03,tera,2026_03,2026-04-18 13:53
DNISI,20267,59171727,0.03,tera,2026_03,2026-04-18 13:53
PPITSV,6502,13419105,0.05,tera,2026_03,2026-04-18 13:53
GOKNR,150334,178040711,0.08,tera,2026_03,2026-04-18 13:53
SELEC,6476,124262097,0.01,tera,2026_03,2026-04-18 13:53
ARCLK,20278,170054765,0.01,tera,2026_03,2026-04-18 13:53
GOODY,5852,132804473,0.0,tera,2026_03,2026-04-18 13:53
DGATE,8601,15227271,0.06,tera,2026_03,2026-04-18 13:53
HRKET,19443,24000000,0.08,tera,2026_03,2026-04-18 13:53
SASKTV,45010,1732759,2.6,tera,2026_03,2026-04-18 13:53
BORSK,104018,279999879,0.04,tera,2026_03,2026-04-18 13:53
ORGE,30867,41839996,0.07,tera,2026_03,2026-04-18 13:53
TRILC,41499,118499496,0.04,tera,2026_03,2026-04-18 13:53
ICBCT,39209,216761845,0.02,tera,2026_03,2026-04-18 13:53
TTRAK,15004,24967158,0.06,tera,2026_03,2026-04-18 13:53
DITAS,109125,83407810,0.13,tera,2026_03,2026-04-18 13:53
TLMAN,4363,10300000,0.04,tera,2026_03,2026-04-18 13:53
CGCAM,54656,42000000,0.13,tera,2026_03,2026-04-18 13:53
BESLR,107418,658098036,0.02,tera,2026_03,2026-04-18 13:53
INVES,154750,37480000,0.41,tera,2026_03,2026-04-18 13:53
PSDTC,4825,6599991,0.07,tera,2026_03,2026-04-18 13:53
METRO,18764,539989959,0.0,tera,2026_03,2026-04-18 13:53
SKYMD,3938,52499981,0.01,tera,2026_03,2026-04-18 13:53
BEYAZ,9481,42317352,0.02,tera,2026_03,2026-04-18 13:53
RAYSG,3338,51947024,0.01,tera,2026_03,2026-04-18 13:53
BARMA,408392,78130939,0.52,tera,2026_03,2026-04-18 13:53
DESA,2993,171107590,0.0,tera,2026_03,2026-04-18 13:53
BURCE,13736,44422390,0.03,tera,2026_03,2026-04-18 13:53
BIGTK,12535,23834373,0.05,tera,2026_03,2026-04-18 13:53
BRSAN,2327,35912460,0.01,tera,2026_03,2026-04-18 13:53
ARASE,3175,49999991,0.01,tera,2026_03,2026-04-18 13:53
ISGSY,38737,47378729,0.08,tera,2026_03,2026-04-18 13:53
ATEKS,2600,5441598,0.05,tera,2026_03,2026-04-18 13:53
ACSEL,4310,8589113,0.05,tera,2026_03,2026-04-18 13:53
SUNTK,22817,145280000,0.02,tera,2026_03,2026-04-18 13:53
MARKA,33225,20802018,0.16,tera,2026_03,2026-04-18 13:53
AKCNS,45747,39359284,0.12,tera,2026_03,2026-04-18 13:53
DERHL,36289,197281316,0.02,tera,2026_03,2026-04-18 13:53
DESPC,3346,16023700,0.02,tera,2026_03,2026-04-18 13:53
FLAP,18924,93599985,0.02,tera,2026_03,2026-04-18 13:53
PARSN,57984,34033246,0.17,tera,2026_03,2026-04-18 13:53
UNLU,106320,102181558,0.1,tera,2026_03,2026-04-18 13:53
TRCAS,2468,206252869,0.0,tera,2026_03,2026-04-18 13:53
OFSYM,2970,22749998,0.01,tera,2026_03,2026-04-18 13:53
ALFAS,36435,84639559,0.04,tera,2026_03,2026-04-18 13:53
ANELE,51290,151405542,0.03,tera,2026_03,2026-04-18 13:53
AYCES,2077,1895369,0.11,tera,2026_03,2026-04-18 13:53
KLNMA,4695,91846864,0.01,tera,2026_03,2026-04-18 13:53
EGGUB,34370,75862197,0.05,tera,2026_03,2026-04-18 13:53
MERIT,10863,329748900,0.0,tera,2026_03,2026-04-18 13:53
IHLAS,783841,1396079076,0.06,tera,2026_03,2026-04-18 13:53
EMNIS,14190,3429235,0.41,tera,2026_03,2026-04-18 13:53
PAMEL,7408,21533681,0.03,tera,2026_03,2026-04-18 13:53
BAKAB,2107,34985326,0.01,tera,2026_03,2026-04-18 13:53
ARTMS,115659,28399999,0.41,tera,2026_03,2026-04-18 13:53
TBORG,3390,59392160,0.01,tera,2026_03,2026-04-18 13:53
MEDTR,44975,24499999,0.18,tera,2026_03,2026-04-18 13:53
PBSYWV,1000,4047474,0.02,tera,2026_03,2026-04-18 13:53
GENTS,441171,749958921,0.06,tera,2026_03,2026-04-18 13:53
AYDEM,2780,130000000,0.0,tera,2026_03,2026-04-18 13:53
AKMGY,18666,21568998,0.09,tera,2026_03,2026-04-18 13:53
ISBIR,95949,14545542,0.66,tera,2026_03,2026-04-18 13:53
YKSLN,32190,197429566,0.02,tera,2026_03,2026-04-18 13:53
TMSN,27268,44449999,0.06,tera,2026_03,2026-04-18 13:53
ULUSE,14001,24000000,0.06,tera,2026_03,2026-04-18 13:53
KARTN,11358,72781126,0.02,tera,2026_03,2026-04-18 13:53
CUSAN,2856,18500000,0.02,tera,2026_03,2026-04-18 13:53
KTSKR,8252,14691795,0.06,tera,2026_03,2026-04-18 13:53
BINBN,1950,17000000,0.01,tera,2026_03,2026-04-18 13:53
AKHAN,35500,54700000,0.06,tera,2026_03,2026-04-18 13:53
PKENT,1859,23766169,0.01,tera,2026_03,2026-04-18 13:53
MRSHL,793,4212888,0.02,tera,2026_03,2026-04-18 13:53
ASUZU,6039,41130807,0.01,tera,2026_03,2026-04-18 13:53
IZINV,2735530,13540386,20.2,tera,2026_03,2026-04-18 13:53
AVHOL,10517,26047279,0.04,tera,2026_03,2026-04-18 13:53
TGSAS,718362,12348294,5.82,tera,2026_03,2026-04-18 13:53
BANVT,1175,36961044,0.0,tera,2026_03,2026-04-18 13:53
KLSER,29250,109457654,0.03,tera,2026_03,2026-04-18 13:53
CLEBI,2898,5490178,0.05,tera,2026_03,2026-04-18 13:53
ORMA,301,3663265,0.01,tera,2026_03,2026-04-18 13:53
SDTTR,681,15990000,0.0,tera,2026_03,2026-04-18 13:53
CMENT,2998,56829666,0.01,tera,2026_03,2026-04-18 13:53
COSMO,2774,6494091,0.04,tera,2026_03,2026-04-18 13:53
DUNYH,6312,36443197,0.02,tera,2026_03,2026-04-18 13:53
BALAT,37221,13588195,0.27,tera,2026_03,2026-04-18 13:53
PPIETV,49,4462305,0.0,tera,2026_03,2026-04-18 13:53
DURDO,74,379703149,0.0,tera,2026_03,2026-04-18 13:53
BASGZ,135899,174999999,0.08,tera,2026_03,2026-04-18 13:53
MAALT,883,4763850,0.02,tera,2026_03,2026-04-18 13:53
QNBFK,971,843137646,0.0,tera,2026_03,2026-04-18 13:53
ZEDUR,60664,69899991,0.09,tera,2026_03,2026-04-18 13:53
INGRM,176,14969536,0.0,tera,2026_03,2026-04-18 13:53
SUMAS,474,5434738,0.01,tera,2026_03,2026-04-18 13:53
EGEEN,422,1137161,0.04,tera,2026_03,2026-04-18 13:53
YGGYO,145,240625741,0.0,tera,2026_03,2026-04-18 13:53
SLSHMV,55046,2209379,2.49,tera,2026_03,2026-04-18 13:53
SISLLV,130064,2635353,4.94,tera,2026_03,2026-04-18 13:53
VSNMD,14545,24000000,0.06,tera,2026_03,2026-04-18 13:53
KENT,492,1786507,0.03,tera,2026_03,2026-04-18 13:53
POLTK,37,1125000,0.0,tera,2026_03,2026-04-18 13:53
SKTAS,224081,332865443,0.07,tera,2026_03,2026-04-18 13:53
INTEK,35,5043584,0.0,tera,2026_03,2026-04-18 13:53
ERBOS,22465,15899843,0.14,tera,2026_03,2026-04-18 13:53
DKITPV,1,5241487,0.0,tera,2026_03,2026-04-18 13:53
KRONT,11,116892885,0.0,tera,2026_03,2026-04-18 13:53
KAPLM,548382,4571305,12.0,tera,2026_03,2026-04-18 13:53
GRNYO,66447,37386059,0.18,tera,2026_03,2026-04-18 13:53
MAKIM,1946,42559998,0.0,tera,2026_03,2026-04-18 13:53
UNTAR,16434,29562129,0.06,tera,2026_03,2026-04-18 13:53
IDGYO,12766,118909256,0.01,tera,2026_03,2026-04-18 13:53
ATAC,265951,103398067,0.26,tera,2026_03,2026-04-18 13:53
UZEL,3945,26329793,0.01,tera,2026_03,2026-04-18 13:53
LIOYS,1810,31625013,0.01,tera,2026_03,2026-04-18 13:53
DGGYO,28820,280709437,0.01,tera,2026_03,2026-04-18 13:53
PRTAS,22205,21405233,0.1,tera,2026_03,2026-04-18 13:53
LUKSK,772,27257202,0.0,tera,2026_03,2026-04-18 13:53
VERTU,8510,22000000,0.04,tera,2026_03,2026-04-18 13:53
ERICO,1000,5214523,0.02,tera,2026_03,2026-04-18 13:53
ESEMS,1,11202091,0.0,tera,2026_03,2026-04-18 13:53
ARAT,104200,39867975,0.26,tera,2026_03,2026-04-18 13:53
DMISH,7128,41526838,0.02,tera,2026_03,2026-04-18 13:53
MANGO,10002,37831688,0.03,tera,2026_03,2026-04-18 13:53
RANLO,10302,19850386,0.05,tera,2026_03,2026-04-18 13:53
ARBUL,3402,15459297,0.02,tera,2026_03,2026-04-18 13:53
YAYLA,2000,39874966,0.01,tera,2026_03,2026-04-18 13:53
FENIS,63313,26080019,0.24,tera,2026_03,2026-04-18 13:53
AKSGY,30270,1628451947,0.0,tera,2026_03,2026-04-18 13:53
BASCM,13160,49238593,0.03,tera,2026_03,2026-04-18 13:53
SALIX,1000,4949230,0.02,tera,2026_03,2026-04-18 13:53
YGYO,9313952,1310632851,0.71,tera,2026_03,2026-04-18 13:53
MEMSA,26001,160110709,0.02,tera,2026_03,2026-04-18 13:53
MENBA,58564,3496852,1.67,tera,2026_03,2026-04-18 13:53
SAYAS,459,42530887,0.0,tera,2026_03,2026-04-18 13:53
FVORI,0,17564673,0.0,tera,2026_03,2026-04-18 13:53
ISFIN,27355,310154523,0.01,tera,2026_03,2026-04-18 13:53
BYSAN,10,16552134,0.0,tera,2026_03,2026-04-18 13:53
DOKTA,62186,145872862,0.04,tera,2026_03,2026-04-18 13:53
ZPBDLF,3708,8240000,0.04,tera,2026_03,2026-04-18 13:53
ZRGYO,10402,1173404997,0.0,tera,2026_03,2026-04-18 13:53
CASA,102,4894317,0.0,tera,2026_03,2026-04-18 13:53
GEDIZ,16822,7163595,0.23,tera,2026_03,2026-04-18 13:53
CBSBO,4602,14692447,0.03,tera,2026_03,2026-04-18 13:53
ATPET,2002,11403497,0.02,tera,2026_03,2026-04-18 13:53
AVGYO,147516,111590302,0.13,tera,2026_03,2026-04-18 13:53
GENYH,872184,9999906,8.72,tera,2026_03,2026-04-18 13:53
AKPAZ,100,22488832,0.0,tera,2026_03,2026-04-18 13:53
ARTI,7075,9881683,0.07,tera,2026_03,2026-04-18 13:53
AVTUR,174,43067999,0.0,tera,2026_03,2026-04-18 13:53
DAAKAV,0,4194753,0.0,tera,2026_03,2026-04-18 13:53
SNPAM,90001,19679871,0.46,tera,2026_03,2026-04-18 13:53
MRTGG,52001,14339249,0.36,tera,2026_03,2026-04-18 13:53
CLKHO,104177,26183651,0.4,tera,2026_03,2026-04-18 13:53
EDIP,26988,36468204,0.07,tera,2026_03,2026-04-18 13:53
MTRYO,41,39900000,0.0,tera,2026_03,2026-04-18 13:53
TARAF,100,5033275,0.0,tera,2026_03,2026-04-18 13:53
GNPWR,561725,21999996,2.55,tera,2026_03,2026-04-18 13:53
CMBTN,268,1023000,0.03,tera,2026_03,2026-04-18 13:53
GOLDS,84803,192323946,0.04,tera,2026_03,2026-04-18 13:53
BFREN,6417,24586148,0.03,tera,2026_03,2026-04-18 13:53
EGCEY,4904,19749798,0.02,tera,2026_03,2026-04-18 13:53
EGCYH,8075,39900235,0.02,tera,2026_03,2026-04-18 13:53
EGCYO,2541,21986285,0.01,tera,2026_03,2026-04-18 13:53
IYAHOV,0,1519576,0.0,tera,2026_03,2026-04-18 13:53
AXSLRV,4785,1524100,0.31,tera,2026_03,2026-04-18 13:53
AXSLTV,22000,8299403,0.27,tera,2026_03,2026-04-18 13:53
ANELT,1,43199817,0.0,tera,2026_03,2026-04-18 13:53
ARTOG,3023511,18578922,16.27,tera,2026_03,2026-04-18 13:53
EGYO,116906,36676214,0.32,tera,2026_03,2026-04-18 13:53
KPHOL,1,4207498,0.0,tera,2026_03,2026-04-18 13:53
KRATL,5047,17800000,0.03,tera,2026_03,2026-04-18 13:53
AGYO,21,129036460,0.0,tera,2026_03,2026-04-18 13:53
PAGYO,25,57781202,0.0,tera,2026_03,2026-04-18 13:53
TRNSK,1,25616249,0.0,tera,2026_03,2026-04-18 13:53
HITIT,1,4488204,0.0,tera,2026_03,2026-04-18 13:53
AKSEL,17000,7100000,0.24,tera,2026_03,2026-04-18 13:53
BMEKS,62287,114192339,0.05,tera,2026_03,2026-04-18 13:53
BAHKM,785,23289000,0.0,tera,2026_03,2026-04-18 13:53
BRISA,1000,31247472,0.0,tera,2026_03,2026-04-18 13:53
TUMTK,5,76370187,0.0,tera,2026_03,2026-04-18 13:53
BRKSN,20067,62639942,0.03,tera,2026_03,2026-04-18 13:53
ENPRA,28144,374258700,0.01,tera,2026_03,2026-04-18 13:53
UKIM,5,2053621,0.0,tera,2026_03,2026-04-18 13:53
ASYAB,104479,477899601,0.02,tera,2026_03,2026-04-18 13:53
LATEK,2,39499512,0.0,tera,2026_03,2026-04-18 13:53
UMPAS,40119,19699184,0.2,tera,2026_03,2026-04-18 13:53
BRMEN,243,57566555,0.0,tera,2026_03,2026-04-18 13:53
ENSRI,15,236333503,0.0,tera,2026_03,2026-04-18 13:53
ORCAY,68366,151124962,0.05,tera,2026_03,2026-04-18 13:53
KONYA,54,1646416,0.0,tera,2026_03,2026-04-18 13:53
TARKM,1039,4999997,0.02,tera,2026_03,2026-04-18 13:53
SLSHRV,170009,1319711,12.88,tera,2026_03,2026-04-18 13:53
KSTUR,27,3952560,0.0,tera,2026_03,2026-04-18 13:53
SKYLP,16747,7159255,0.23,tera,2026_03,2026-04-18 13:53
BURVA,2,4723271,0.0,tera,2026_03,2026-04-18 13:53
LYDYE,45,1391287,0.0,tera,2026_03,2026-04-18 13:53
BNTAS,178233,170624998,0.1,tera,2026_03,2026-04-18 13:53
ODINE,90482,52810834,0.17,tera,2026_03,2026-04-18 13:53
TABGD,18354,52499906,0.03,tera,2026_03,2026-04-18 13:53
KONKA,46800,89670000,0.05,tera,2026_03,2026-04-18 13:53
DMLKTG,69538,2494529047,0.0,tera,2026_03,2026-04-18 13:53
MAKTK,2770,184370066,0.0,tera,2026_03,2026-04-18 13:53
ALCAR,1738,1721735,0.1,tera,2026_03,2026-04-18 13:53
UFUK,2529,46845974,0.01,tera,2026_03,2026-04-18 13:53
ATAKP,1687,28224000,0.01,tera,2026_03,2026-04-18 13:53
EUKYO,3443,19899963,0.02,tera,2026_03,2026-04-18 13:53
FMIZP,371,3497641,0.01,tera,2026_03,2026-04-18 13:53
GOLTS,13974,12422783,0.11,tera,2026_03,2026-04-18 13:53
DIRIT,393,10150123,0.0,tera,2026_03,2026-04-18 13:53
ANGEN,130368,86440002,0.15,tera,2026_03,2026-04-18 13:53
ONCSM,1542,10086000,0.02,tera,2026_03,2026-04-18 13:53
INTEM,35,9428747,0.0,tera,2026_03,2026-04-18 13:53
BRLSM,85526,108025075,0.08,tera,2026_03,2026-04-18 13:53
BVSAN,49186,13749998,0.36,tera,2026_03,2026-04-18 13:53
GLBMD,82571,28880500,0.29,tera,2026_03,2026-04-18 13:53
LOGO,3738,74328248,0.01,tera,2026_03,2026-04-18 13:53
FORTE,8781,27999999,0.03,tera,2026_03,2026-04-18 13:53
ATSYH,31175,7998869,0.39,tera,2026_03,2026-04-18 13:53
ISYAT,2560,152245569,0.0,tera,2026_03,2026-04-18 13:53
GARFA,515,138399778,0.0,tera,2026_03,2026-04-18 13:53
QNBTR,5933,2571745911,0.0,tera,2026_03,2026-04-18 13:53
AKENR,19866,385189246,0.01,tera,2026_03,2026-04-18 13:53
KUTPO,25239,10524430,0.24,tera,2026_03,2026-04-18 13:53
YONGA,5828,7198435,0.08,tera,2026_03,2026-04-18 13:53
SEGMN,2325,80999980,0.0,tera,2026_03,2026-04-18 13:53
BLCYT,14,49088907,0.0,tera,2026_03,2026-04-18 13:53
FADE,31263,42347497,0.07,tera,2026_03,2026-04-18 13:53
ATATP,1360,18809999,0.01,tera,2026_03,2026-04-18 13:53
AFYON,40860,399992258,0.01,tera,2026_03,2026-04-18 13:53
RUBNS,4038,42377765,0.01,tera,2026_03,2026-04-18 13:53
DMSAS,353038,199994510,0.18,tera,2026_03,2026-04-18 13:53
AVPGY,1995,99999990,0.0,tera,2026_03,2026-04-18 13:53
DOFER,45214,20172500,0.22,tera,2026_03,2026-04-18 13:53
NUHCM,939,33164430,0.0,tera,2026_03,2026-04-18 13:53
BRYAT,56469,10264685,0.55,tera,2026_03,2026-04-18 13:53
JANTS,110849,207607465,0.05,tera,2026_03,2026-04-18 13:53
ECZYT,3298,45880511,0.01,tera,2026_03,2026-04-18 13:53
ELITE,21831,44650000,0.05,tera,2026_03,2026-04-18 13:53
EUYO,68338,19932875,0.34,tera,2026_03,2026-04-18 13:53
FRMPL,9047,39997767,0.02,tera,2026_03,2026-04-18 13:53
DOGUB,22325,19821566,0.11,tera,2026_03,2026-04-18 13:53
BOSSA,253112,508724189,0.05,tera,2026_03,2026-04-18 13:53
LYDHO,8487,197140970,0.0,tera,2026_03,2026-04-18 13:53
GESAN,23460,141759179,0.02,tera,2026_03,2026-04-18 13:53
YAPRK,11359,88514958,0.01,tera,2026_03,2026-04-18 13:53
CEMZY,71855,124119970,0.06,tera,2026_03,2026-04-18 13:53
GLDTRF,-3838,47850000,-0.01,tera,2026_03,2026-04-18 13:53
KORDS,42133,65421451,0.06,tera,2026_03,2026-04-18 13:53
SEKFK,1291486,62311473,2.07,tera,2026_03,2026-04-18 13:53
ANHYT,11053,88457041,0.01,tera,2026_03,2026-04-18 13:53
GZNMI,14973,40949825,0.04,tera,2026_03,2026-04-18 13:53
TEKTU,785053,195639311,0.4,tera,2026_03,2026-04-18 13:53
EMPAE,4581,38000000,0.01,tera,2026_03,2026-04-18 13:53
BMSTL,18171,74772261,0.02,tera,2026_03,2026-04-18 13:53
CEOEM,71669,22209658,0.32,tera,2026_03,2026-04-18 13:53
SMART,9165,29737499,0.03,tera,2026_03,2026-04-18 13:53
KLMSN,12407,30881297,0.04,tera,2026_03,2026-04-18 13:53
AKFGY,926760,3457819313,0.03,tera,2026_03,2026-04-18 13:53
VKFYO,1972,26473700,0.01,tera,2026_03,2026-04-18 13:53
OYAYO,12295,19999941,0.06,tera,2026_03,2026-04-18 13:53
IHYAY,1077891,388124996,0.28,tera,2026_03,2026-04-18 13:53
HATSN,3776,44299964,0.01,tera,2026_03,2026-04-18 13:53
DAGI,8268,175301274,0.0,tera,2026_03,2026-04-18 13:53
ENDAE,973,123901910,0.0,tera,2026_03,2026-04-18 13:53
MZHLD,409434,72215314,0.57,tera,2026_03,2026-04-18 13:53
CRFSA,21,18312793,0.0,tera,2026_03,2026-04-18 13:53
TURGG,272683,32042988,0.85,tera,2026_03,2026-04-18 13:53
PETUN,37232,134673118,0.03,tera,2026_03,2026-04-18 13:53
ATSGWV,27517,1924561,1.43,tera,2026_03,2026-04-18 13:53
TCKRC,349637,70000000,0.5,tera,2026_03,2026-04-18 13:53
BLUME,100791,174710134,0.06,tera,2026_03,2026-04-18 13:53
AKFIS,279990,66841328,0.42,tera,2026_03,2026-04-18 13:53
GMTAS,105598,298687813,0.04,tera,2026_03,2026-04-18 13:53
CEMTS,327694,233425986,0.14,tera,2026_03,2026-04-18 13:53
YUNSA,22528,202164056,0.01,tera,2026_03,2026-04-18 13:53
ERSU,5931,31755894,0.02,tera,2026_03,2026-04-18 13:53
LIDFA,8711,458180545,0.0,tera,2026_03,2026-04-18 13:53
BESTE,31418,54578499,0.06,tera,2026_03,2026-04-18 13:53
ETILR,31524,156217454,0.02,tera,2026_03,2026-04-18 13:53
VAKFN,228434,2064378140,0.01,tera,2026_03,2026-04-18 13:53
IHAAS,42006,56031248,0.07,tera,2026_03,2026-04-18 13:53
ARDYZ,28474,279551557,0.01,tera,2026_03,2026-04-18 13:53
AHSGY,7120,184999889,0.0,tera,2026_03,2026-04-18 13:53
TCELL,52333,1622604373,0.0,tera,2026_03,2026-04-18 13:53
EGPRO,50936,175170570,0.03,tera,2026_03,2026-04-18 13:53
GRTHO,957234,36745000,2.61,tera,2026_03,2026-04-18 13:53
PRKAB,23447,35225443,0.07,tera,2026_03,2026-04-18 13:53
ISDMR,24212,147631816,0.02,tera,2026_03,2026-04-18 13:53
KUVVA,11537,24204585,0.05,tera,2026_03,2026-04-18 13:53
DERIM,1117,40403770,0.0,tera,2026_03,2026-04-18 13:53
NETAS,1565,31783484,0.0,tera,2026_03,2026-04-18 13:53
ENTRA,411838,369383564,0.11,tera,2026_03,2026-04-18 13:53
ONRYT,-17031,19730000,-0.09,tera,2026_03,2026-04-18 13:53
BIENY,95254,83144831,0.11,tera,2026_03,2026-04-18 13:53
SEGYO,214569,203351321,0.11,tera,2026_03,2026-04-18 13:53
VRGYO,629610,597693904,0.11,tera,2026_03,2026-04-18 13:53
DOAS,32636,97899975,0.03,tera,2026_03,2026-04-18 13:53
HTTBT,25948,82805422,0.03,tera,2026_03,2026-04-18 13:53
GLCVY,43415,26400000,0.16,tera,2026_03,2026-04-18 13:53
AYGAZ,-22562,98568807,-0.02,tera,2026_03,2026-04-18 13:53
MEPET,1,73940585,0.0,tera,2026_03,2026-04-18 13:53
ULAS,14425,25200172,0.06,tera,2026_03,2026-04-18 13:53
DOHOL,13558837,984706978,1.38,tera,2026_03,2026-04-18 13:53
RYSAS,274729,1504020937,0.02,tera,2026_03,2026-04-18 13:53
SOKE,20588,126999996,0.02,tera,2026_03,2026-04-18 13:53
VAKFA,35192,224999701,0.02,tera,2026_03,2026-04-18 13:53
HATEK,396034,62998947,0.63,tera,2026_03,2026-04-18 13:53
BTCIM,1589189,4220286921,0.04,tera,2026_03,2026-04-18 13:53
OTKAR,8003,33417145,0.02,tera,2026_03,2026-04-18 13:53
ZPLIBF,812,193280000,0.0,tera,2026_03,2026-04-18 13:53
KBORU,58737,143999994,0.04,tera,2026_03,2026-04-18 13:53
SANEL,15397,18112451,0.09,tera,2026_03,2026-04-18 13:53
PCILT,8165,45014182,0.02,tera,2026_03,2026-04-18 13:53
ASGYO,15756,165000000,0.01,tera,2026_03,2026-04-18 13:53
OYAKC,121733,4656879379,0.0,tera,2026_03,2026-04-18 13:53
ULKER,-5704,338855989,-0.0,tera,2026_03,2026-04-18 13:53
FENER,395427,2772321468,0.01,tera,2026_03,2026-04-18 13:53
ALKA,723912,330750000,0.22,tera,2026_03,2026-04-18 13:53
REEDR,520152,632419525,0.08,tera,2026_03,2026-04-18 13:53
MAGEN,327178,719512140,0.05,tera,2026_03,2026-04-18 13:53
BIMAS,11225,436214016,0.0,tera,2026_03,2026-04-18 13:53
KLSYN,211392,107854952,0.2,tera,2026_03,2026-04-18 13:53
ULUFA,594141,305269391,0.19,tera,2026_03,2026-04-18 13:53
ARSAN,10073,887344281,0.0,tera,2026_03,2026-04-18 13:53
ALKIM,72323,182767821,0.04,tera,2026_03,2026-04-18 13:53
MERCN,-510,74389005,-0.0,tera,2026_03,2026-04-18 13:53
SERNT,38678,113000000,0.03,tera,2026_03,2026-04-18 13:53
NUGYO,99035,324943976,0.03,tera,2026_03,2026-04-18 13:53
GCBFOV,94958,1084376,8.76,tera,2026_03,2026-04-18 13:53
KLRHO,692851,341250000,0.2,tera,2026_03,2026-04-18 13:53
BJKAS,1684585,1776089716,0.09,tera,2026_03,2026-04-18 13:53
ALBRK,328004,1050739765,0.03,tera,2026_03,2026-04-18 13:53
TNZTP,58888,87499950,0.07,tera,2026_03,2026-04-18 13:53
KNFRT,660837,131747000,0.5,tera,2026_03,2026-04-18 13:53
TRHOL,656756,17583212,3.74,tera,2026_03,2026-04-18 13:53
OZATD,117572,13349988,0.88,tera,2026_03,2026-04-18 13:53
SOKM,28750,448708248,0.01,tera,2026_03,2026-04-18 13:53
RYGYO,198249,770588057,0.03,tera,2026_03,2026-04-18 13:53
AYES,171754,87622392,0.2,tera,2026_03,2026-04-18 13:53
TRENJ,-64583,98018735,-0.07,tera,2026_03,2026-04-18 13:53
NTHOL,3117,485479112,0.0,tera,2026_03,2026-04-18 13:53
OSTIM,791721,510004637,0.16,tera,2026_03,2026-04-18 13:53
KAYSE,275838,828951998,0.03,tera,2026_03,2026-04-18 13:53
HUNER,176798,670137933,0.03,tera,2026_03,2026-04-18 13:53
ESEN,1584237,682499950,0.23,tera,2026_03,2026-04-18 13:53
BIGCH,31999,368932945,0.01,tera,2026_03,2026-04-18 13:53
SURGY,40903,44999990,0.09,tera,2026_03,2026-04-18 13:53
NATEN,5181,309374995,0.0,tera,2026_03,2026-04-18 13:53
ULIFTV,110000,3835471,2.87,tera,2026_03,2026-04-18 13:53
AKFYE,44807,551782160,0.01,tera,2026_03,2026-04-18 13:53
EGEPO,300652,200000000,0.15,tera,2026_03,2026-04-18 13:53
BMSCH,26560,69277402,0.04,tera,2026_03,2026-04-18 13:53
NETCD,92918,40000000,0.23,tera,2026_03,2026-04-18 13:53
MAVI,-70742,576779312,-0.01,tera,2026_03,2026-04-18 13:53
EDATA,738074,160065395,0.46,tera,2026_03,2026-04-18 13:53
AZTEK,119196,279000000,0.04,tera,2026_03,2026-04-18 13:53
BOBET,10048,113999998,0.01,tera,2026_03,2026-04-18 13:53
GEREL,346850,219036379,0.16,tera,2026_03,2026-04-18 13:53
YATAS,-126991,94866488,-0.13,tera,2026_03,2026-04-18 13:53
LRSHO,1128724,724120946,0.16,tera,2026_03,2026-04-18 13:53
PAPIL,432683,206247674,0.21,tera,2026_03,2026-04-18 13:53
ASELS,57102,1178601424,0.0,tera,2026_03,2026-04-18 13:53
MHRGY,818989,310499991,0.26,tera,2026_03,2026-04-18 13:53
UCAYM,25368,60000000,0.04,tera,2026_03,2026-04-18 13:53
ESCOM,115482,465831670,0.02,tera,2026_03,2026-04-18 13:53
TATEN,1289735,347799724,0.37,tera,2026_03,2026-04-18 13:53
ALARK,93553,165125148,0.06,tera,2026_03,2026-04-18 13:53
DCTTR,282488,157328724,0.18,tera,2026_03,2026-04-18 13:53
LKMNH,-195090,163262533,-0.12,tera,2026_03,2026-04-18 13:53
FONET,-59757,577082984,-0.01,tera,2026_03,2026-04-18 13:53
GUBRF,13962,85403679,0.02,tera,2026_03,2026-04-18 13:53
TRMET,-228235,174483588,-0.13,tera,2026_03,2026-04-18 13:53
ZGYO,231164,84500000,0.27,tera,2026_03,2026-04-18 13:53
BORLS,110369,308652686,0.04,tera,2026_03,2026-04-18 13:53
KGYO,13058,767894934,0.0,tera,2026_03,2026-04-18 13:53
ADGYO,61214,379654333,0.02,tera,2026_03,2026-04-18 13:53
IMASM,730519,650600499,0.11,tera,2026_03,2026-04-18 13:53
GRSEL,335594,29650000,1.13,tera,2026_03,2026-04-18 13:53
KCAER,505288,496494775,0.1,tera,2026_03,2026-04-18 13:53
ARFYE,19271,47000000,0.04,tera,2026_03,2026-04-18 13:53
ESCAR,343854,101933690,0.34,tera,2026_03,2026-04-18 13:53
SANFM,756595,225029995,0.34,tera,2026_03,2026-04-18 13:53
INFO,-387088,767463333,-0.05,tera,2026_03,2026-04-18 13:53
AGROT,1114573,879999770,0.13,tera,2026_03,2026-04-18 13:53
BULGS,180792,72500000,0.25,tera,2026_03,2026-04-18 13:53
TUPRS,99373,942334139,0.01,tera,2026_03,2026-04-18 13:53
RTALB,249710,432976722,0.06,tera,2026_03,2026-04-18 13:53
FROTO,-40910,625119847,-0.01,tera,2026_03,2026-04-18 13:53
ALVES,227868,1159999780,0.02,tera,2026_03,2026-04-18 13:53
TATGD,2866535,119286243,2.4,tera,2026_03,2026-04-18 13:53
PENTA,8690,181070136,0.0,tera,2026_03,2026-04-18 13:53
GARAN,-38588,2454957797,-0.0,tera,2026_03,2026-04-18 13:53
MEKAG,80515789,320319999,25.14,tera,2026_03,2026-04-18 13:53
KRDMD,251669,780216365,0.03,tera,2026_03,2026-04-18 13:53
ENKAI,65243,874733059,0.01,tera,2026_03,2026-04-18 13:53
THYAO,374852,739463453,0.05,tera,2026_03,2026-04-18 13:53
EUREN,827675,1040132637,0.08,tera,2026_03,2026-04-18 13:53
BRKO,2049578,138283723,1.48,tera,2026_03,2026-04-18 13:53
CIMSA,55288,488602363,0.01,tera,2026_03,2026-04-18 13:53
IZFAS,558102,156001658,0.36,tera,2026_03,2026-04-18 13:53
ALGYO,1564645,989338262,0.16,tera,2026_03,2026-04-18 13:53
PNSUT,741555,128323851,0.58,tera,2026_03,2026-04-18 13:53
DENGE,308712,525284797,0.06,tera,2026_03,2026-04-18 13:53
FORMT,2859825,1029046010,0.28,tera,2026_03,2026-04-18 13:53
PAHOL,5000847,3999999979,0.13,tera,2026_03,2026-04-18 13:53
ARZUM,333380,400949823,0.08,tera,2026_03,2026-04-18 13:53
PETKM,-905419,1241729843,-0.07,tera,2026_03,2026-04-18 13:53
OBAMS,555730,751078524,0.07,tera,2026_03,2026-04-18 13:53
SAFKR,248736,140056162,0.18,tera,2026_03,2026-04-18 13:53
RUZYE,457552,267748491,0.17,tera,2026_03,2026-04-18 13:53
DGNMO,-944979,327634635,-0.29,tera,2026_03,2026-04-18 13:53
PASEU,8177617,215295868,3.8,tera,2026_03,2026-04-18 13:53
AKGRT,240312,629007625,0.04,tera,2026_03,2026-04-18 13:53
RNPOL,1207739,335900000,0.36,tera,2026_03,2026-04-18 13:53
MARMR,627024,961218727,0.07,tera,2026_03,2026-04-18 13:53
TKFEN,-149858,230848007,-0.06,tera,2026_03,2026-04-18 13:53
KRDMA,-579300,240300917,-0.24,tera,2026_03,2026-04-18 13:53
KATMR,1259425,1980989998,0.06,tera,2026_03,2026-04-18 13:53
EKGYO,275326,1925107366,0.01,tera,2026_03,2026-04-18 13:53
BINHO,446980,488884380,0.09,tera,2026_03,2026-04-18 13:53
KRVGD,-2229578,596159766,-0.37,tera,2026_03,2026-04-18 13:53
TURSG,407947,7907296076,0.01,tera,2026_03,2026-04-18 13:53
GOZDE,41711,384991447,0.01,tera,2026_03,2026-04-18 13:53
SKBNK,4981087,2498877855,0.2,tera,2026_03,2026-04-18 13:53
EUHOL,22046226,142999954,15.42,tera,2026_03,2026-04-18 13:53
TSPOR,4616817,3674975174,0.13,tera,2026_03,2026-04-18 13:53
IZENR,462716,914537597,0.05,tera,2026_03,2026-04-18 13:53
AKSEN,3698289,638545796,0.58,tera,2026_03,2026-04-18 13:53
ODAS,296640,1113798031,0.03,tera,2026_03,2026-04-18 13:53
ADESE,7261278,4687131701,0.15,tera,2026_03,2026-04-18 13:53
CANTE,8517625,8608815636,0.1,tera,2026_03,2026-04-18 13:53
SELVA,665468,775687737,0.09,tera,2026_03,2026-04-18 13:53
TEHOL,616294237,1967930261,31.32,tera,2026_03,2026-04-18 13:53
GSRAY,8750070,10123744690,0.09,tera,2026_03,2026-04-18 13:53
PEKGY,274487748,4685173406,5.86,tera,2026_03,2026-04-18 13:53
TERA,14602603,240888789,6.06,tera,2026_03,2026-04-18 13:53
ISKPL,79137069,724625736,10.92,tera,2026_03,2026-04-18 13:53
LINK,83464883,747511382,11.17,bulls,2026_03,2026-04-18 13:53
SEGMN,23963868,80999980,29.59,bulls,2026_03,2026-04-18 13:53
QUAGR,17243405,1773200000,0.97,bulls,2026_03,2026-04-18 13:53
DMRGD,61152760,1277294592,4.79,bulls,2026_03,2026-04-18 13:53
ICUGS,13885298,336250000,4.13,bulls,2026_03,2026-04-18 13:53
ISCTR,14849146,8880396856,0.17,bulls,2026_03,2026-04-18 13:53
BEGYO,9481844,290000000,3.27,bulls,2026_03,2026-04-18 13:53
YKBNK,10037119,4705620952,0.21,bulls,2026_03,2026-04-18 13:53
SASA,27196548,25700434927,0.11,bulls,2026_03,2026-04-18 13:53
PETKM,6015836,1241729843,0.48,bulls,2026_03,2026-04-18 13:53
EGEGY,19551942,69140000,28.28,bulls,2026_03,2026-04-18 13:53
GSRAY,14620277,10123744690,0.14,bulls,2026_03,2026-04-18 13:53
EKGYO,1939854,1925107366,0.1,bulls,2026_03,2026-04-18 13:53
MIATK,30745557,313087979,9.82,bulls,2026_03,2026-04-18 13:53
FENER,5269526,2772321468,0.19,bulls,2026_03,2026-04-18 13:53
HEKTS,7216321,3946424637,0.18,bulls,2026_03,2026-04-18 13:53
ESCAR,4131110,101933690,4.05,bulls,2026_03,2026-04-18 13:53
SERNT,3631394,113000000,3.21,bulls,2026_03,2026-04-18 13:53
RUZYE,18129827,267748491,6.77,bulls,2026_03,2026-04-18 13:53
KATMR,5196539,1980989998,0.26,bulls,2026_03,2026-04-18 13:53
SELVA,5270495,775687737,0.68,bulls,2026_03,2026-04-18 13:53
KZBGY,12960076,1959999915,0.66,bulls,2026_03,2026-04-18 13:53
EREGL,4086860,3554243274,0.11,bulls,2026_03,2026-04-18 13:53
MRGYO,9285645,2277966226,0.41,bulls,2026_03,2026-04-18 13:53
VKGYO,3902593,1637203242,0.24,bulls,2026_03,2026-04-18 13:53
PEKGY,5909381,4685173406,0.13,bulls,2026_03,2026-04-18 13:53
SEKUR,3069304,131457835,2.33,bulls,2026_03,2026-04-18 13:53
BINHO,3598957,488884380,0.74,bulls,2026_03,2026-04-18 13:53
AEFES,1309500,2028860053,0.06,bulls,2026_03,2026-04-18 13:53
NIBAS,2122212,267767946,0.79,bulls,2026_03,2026-04-18 13:53
ZGYO,2461628,84500000,2.91,bulls,2026_03,2026-04-18 13:53
IHLGM,11762555,986078000,1.19,bulls,2026_03,2026-04-18 13:53
KLYPV,1901476,46334639,4.1,bulls,2026_03,2026-04-18 13:53
ATATR,3222804,280000000,1.15,bulls,2026_03,2026-04-18 13:53
SVGYO,1580544,295400000,0.54,bulls,2026_03,2026-04-18 13:53
EUPWR,1879172,199610525,0.94,bulls,2026_03,2026-04-18 13:53
MARTI,2133140,1475768116,0.14,bulls,2026_03,2026-04-18 13:53
CONSE,4000548,377854899,1.06,bulls,2026_03,2026-04-18 13:53
LXGYO,1176708,118936300,0.99,bulls,2026_03,2026-04-18 13:53
TCELL,1321755,1622604373,0.08,bulls,2026_03,2026-04-18 13:53
KRDMD,241310,780216365,0.03,bulls,2026_03,2026-04-18 13:53
INFO,1597049,767463333,0.21,bulls,2026_03,2026-04-18 13:53
AKSEN,1210095,638545796,0.19,bulls,2026_03,2026-04-18 13:53
TRALT,2289625,952269019,0.24,bulls,2026_03,2026-04-18 13:53
VAKBN,842806,8046896130,0.01,bulls,2026_03,2026-04-18 13:53
BULGS,6556568,72500000,9.04,bulls,2026_03,2026-04-18 13:53
ZOREN,2495991,2681244194,0.09,bulls,2026_03,2026-04-18 13:53
KCHOL,1358815,674053695,0.2,bulls,2026_03,2026-04-18 13:53
MEKAG,1567672,320319999,0.49,bulls,2026_03,2026-04-18 13:53
MEYSU,2116988,175000000,1.21,bulls,2026_03,2026-04-18 13:53
KONTR,1369990,936038761,0.15,bulls,2026_03,2026-04-18 13:53
BIGTK,16966262,23834373,71.18,bulls,2026_03,2026-04-18 13:53
BORLS,1252959,308652686,0.41,bulls,2026_03,2026-04-18 13:53
TKFEN,812567,230848007,0.35,bulls,2026_03,2026-04-18 13:53
GENKM,791852,124845000,0.63,bulls,2026_03,2026-04-18 13:53
DOHOL,651690,984706978,0.07,bulls,2026_03,2026-04-18 13:53
GRTHO,4762203,36745000,12.96,bulls,2026_03,2026-04-18 13:53
NTGAZ,859557,276000000,0.31,bulls,2026_03,2026-04-18 13:53
CRDFA,1025085,224990570,0.46,bulls,2026_03,2026-04-18 13:53
TUPRS,986610,942334139,0.1,bulls,2026_03,2026-04-18 13:53
RTALB,916369,432976722,0.21,bulls,2026_03,2026-04-18 13:53
ENKAI,506821,874733059,0.06,bulls,2026_03,2026-04-18 13:53
ARZUM,5271742,400949823,1.31,bulls,2026_03,2026-04-18 13:53
ESEN,767909,682499950,0.11,bulls,2026_03,2026-04-18 13:53
TEHOL,4042313,1967930261,0.21,bulls,2026_03,2026-04-18 13:53
ALARK,884204,165125148,0.54,bulls,2026_03,2026-04-18 13:53
FZLGY,543774,398427644,0.14,bulls,2026_03,2026-04-18 13:53
ARFYE,977929,47000000,2.08,bulls,2026_03,2026-04-18 13:53
SOKM,455191,448708248,0.1,bulls,2026_03,2026-04-18 13:53
AKCNS,964697,39359284,2.45,bulls,2026_03,2026-04-18 13:53
DCTTR,1019669,157328724,0.65,bulls,2026_03,2026-04-18 13:53
ALGYO,1116569,989338262,0.11,bulls,2026_03,2026-04-18 13:53
METRO,882486,539989959,0.16,bulls,2026_03,2026-04-18 13:53
FROTO,495238,625119847,0.08,bulls,2026_03,2026-04-18 13:53
DURDO,422727,379703149,0.11,bulls,2026_03,2026-04-18 13:53
AKBNK,922174,3059320211,0.03,bulls,2026_03,2026-04-18 13:53
AKFGY,2749589,3457819313,0.08,bulls,2026_03,2026-04-18 13:53
BIOEN,480310,197983418,0.24,bulls,2026_03,2026-04-18 13:53
INDES,536074,462749767,0.12,bulls,2026_03,2026-04-18 13:53
ENJSA,227838,236209270,0.1,bulls,2026_03,2026-04-18 13:53
MGROS,264945,96563568,0.27,bulls,2026_03,2026-04-18 13:53
PENGD,459485,171069968,0.27,bulls,2026_03,2026-04-18 13:53
SOKE,330356,126999996,0.26,bulls,2026_03,2026-04-18 13:53
VESTL,724974,295447203,0.25,bulls,2026_03,2026-04-18 13:53
KERVN,412738,588346973,0.07,bulls,2026_03,2026-04-18 13:53
OYAKC,948501,4656879379,0.02,bulls,2026_03,2026-04-18 13:53
HDFGS,5437414,956974191,0.57,bulls,2026_03,2026-04-18 13:53
AGHOL,367046,1069828243,0.03,bulls,2026_03,2026-04-18 13:53
HURGZ,470012,220784167,0.21,bulls,2026_03,2026-04-18 13:53
CEMTS,593113,233425986,0.25,bulls,2026_03,2026-04-18 13:53
USAK,534537660,2436064709,21.94,bulls,2026_03,2026-04-18 13:53
GZNMI,224490,40949825,0.55,bulls,2026_03,2026-04-18 13:53
EKSUN,992509,171792833,0.58,bulls,2026_03,2026-04-18 13:53
TRGYO,345651,251573369,0.14,bulls,2026_03,2026-04-18 13:53
YKSLN,848029,197429566,0.43,bulls,2026_03,2026-04-18 13:53
ULUFA,374893,305269391,0.12,bulls,2026_03,2026-04-18 13:53
TATGD,246232,119286243,0.21,bulls,2026_03,2026-04-18 13:53
VESBE,915377,503578676,0.18,bulls,2026_03,2026-04-18 13:53
BJKAS,1037214,1776089716,0.06,bulls,2026_03,2026-04-18 13:53
KBORU,3064570,143999994,2.13,bulls,2026_03,2026-04-18 13:53
OBAMS,6068018,751078524,0.81,bulls,2026_03,2026-04-18 13:53
ZERGY,627174,156799985,0.4,bulls,2026_03,2026-04-18 13:53
ALBRK,1126066,1050739765,0.11,bulls,2026_03,2026-04-18 13:53
ARCLK,395271,170054765,0.23,bulls,2026_03,2026-04-18 13:53
AXSMDV,168877,12800000,1.32,bulls,2026_03,2026-04-18 13:53
GSDDE,286561,106850751,0.27,bulls,2026_03,2026-04-18 13:53
MHRGY,355289,310499991,0.11,bulls,2026_03,2026-04-18 13:53
KTSKR,249084,14691795,1.7,bulls,2026_03,2026-04-18 13:53
ULKER,201147,338855989,0.06,bulls,2026_03,2026-04-18 13:53
FRMPL,231606,39997767,0.58,bulls,2026_03,2026-04-18 13:53
CEMAS,2006277,790994229,0.25,bulls,2026_03,2026-04-18 13:53
CIMSA,462989,488602363,0.09,bulls,2026_03,2026-04-18 13:53
EGEPO,297671,200000000,0.15,bulls,2026_03,2026-04-18 13:53
LIDFA,477043,458180545,0.1,bulls,2026_03,2026-04-18 13:53
TNZTP,260777,87499950,0.3,bulls,2026_03,2026-04-18 13:53
ALKIM,1751627,182767821,0.96,bulls,2026_03,2026-04-18 13:53
EUHOL,1082813,142999954,0.76,bulls,2026_03,2026-04-18 13:53
DURKN,457880,42500000,1.08,bulls,2026_03,2026-04-18 13:53
RALYH,1548839,176370972,0.88,bulls,2026_03,2026-04-18 13:53
LMKDC,536226,155929999,0.34,bulls,2026_03,2026-04-18 13:53
GLRYH,515074,599623814,0.09,bulls,2026_03,2026-04-18 13:53
TTKOM,245520,524999999,0.05,bulls,2026_03,2026-04-18 13:53
MNDTR,2885046,910071938,0.32,bulls,2026_03,2026-04-18 13:53
AKFYE,305194,551782160,0.06,bulls,2026_03,2026-04-18 13:53
POLHO,772233,164140074,0.47,bulls,2026_03,2026-04-18 13:53
MOPAS,124004,57330000,0.22,bulls,2026_03,2026-04-18 13:53
NTHOL,408943,485479112,0.08,bulls,2026_03,2026-04-18 13:53
TURSG,666337,7907296076,0.01,bulls,2026_03,2026-04-18 13:53
BMSCH,204168,69277402,0.29,bulls,2026_03,2026-04-18 13:53
MEGMT,268268,85749986,0.31,bulls,2026_03,2026-04-18 13:53
CEMZY,157344,124119970,0.13,bulls,2026_03,2026-04-18 13:53
SMART,228049,29737499,0.77,bulls,2026_03,2026-04-18 13:53
LIDER,321111,279500000,0.11,bulls,2026_03,2026-04-18 13:53
MCARD,88535,18900000,0.47,bulls,2026_03,2026-04-18 13:53
KAREL,1360934,329659497,0.41,bulls,2026_03,2026-04-18 13:53
TKNSA,225009,100485379,0.22,bulls,2026_03,2026-04-18 13:53
SAFKR,471266,140056162,0.34,bulls,2026_03,2026-04-18 13:53
YESIL,1992380,640699949,0.31,bulls,2026_03,2026-04-18 13:53
AKGRT,326933,629007625,0.05,bulls,2026_03,2026-04-18 13:53
BOSSA,1237888,508724189,0.24,bulls,2026_03,2026-04-18 13:53
EYGYO,414426,362859668,0.11,bulls,2026_03,2026-04-18 13:53
DYOBY,232432,186553687,0.12,bulls,2026_03,2026-04-18 13:53
ICBCT,126180,216761845,0.06,bulls,2026_03,2026-04-18 13:53
TUREX,427945,432000000,0.1,bulls,2026_03,2026-04-18 13:53
PATEK,922806,293081893,0.31,bulls,2026_03,2026-04-18 13:53
BIMAS,75065,436214016,0.02,bulls,2026_03,2026-04-18 13:53
GOKNR,302191,178040711,0.17,bulls,2026_03,2026-04-18 13:53
EMKEL,145072,149999458,0.1,bulls,2026_03,2026-04-18 13:53
BESTE,83829,54578499,0.15,bulls,2026_03,2026-04-18 13:53
KCAER,408203,496494775,0.08,bulls,2026_03,2026-04-18 13:53
TUCLK,981905,263182600,0.37,bulls,2026_03,2026-04-18 13:53
KRTEK,106929,18914650,0.57,bulls,2026_03,2026-04-18 13:53
TOASO,192081,120585077,0.16,bulls,2026_03,2026-04-18 13:53
MOBTL,91747,207999999,0.04,bulls,2026_03,2026-04-18 13:53
DENGE,688943,525284797,0.13,bulls,2026_03,2026-04-18 13:53
LKMNH,1897074,163262533,1.16,bulls,2026_03,2026-04-18 13:53
ALCTL,141760,13543218,1.05,bulls,2026_03,2026-04-18 13:53
DARDL,1183879,1753442695,0.07,bulls,2026_03,2026-04-18 13:53
GOODY,122925,132804473,0.09,bulls,2026_03,2026-04-18 13:53
FRIGO,1178943,263258455,0.45,bulls,2026_03,2026-04-18 13:53
KARSN,359235,827827039,0.04,bulls,2026_03,2026-04-18 13:53
FADE,191309,42347497,0.45,bulls,2026_03,2026-04-18 13:53
IHAAS,67642,56031248,0.12,bulls,2026_03,2026-04-18 13:53
IDGYO,51729,118909256,0.04,bulls,2026_03,2026-04-18 13:53
HOROZ,70093,24599986,0.28,bulls,2026_03,2026-04-18 13:53
ISGYO,66913,531312439,0.01,bulls,2026_03,2026-04-18 13:53
KLNMA,173330,91846864,0.19,bulls,2026_03,2026-04-18 13:53
ISYAT,254489,152245569,0.17,bulls,2026_03,2026-04-18 13:53
MERCN,144914,74389005,0.19,bulls,2026_03,2026-04-18 13:53
SMRTG,357331,664164672,0.05,bulls,2026_03,2026-04-18 13:53
VKFYO,55732,26473700,0.21,bulls,2026_03,2026-04-18 13:53
OSMEN,176730,159162130,0.11,bulls,2026_03,2026-04-18 13:53
ALVES,1208400,1159999780,0.1,bulls,2026_03,2026-04-18 13:53
BLUME,450428,174710134,0.26,bulls,2026_03,2026-04-18 13:53
BURVA,238417,4723271,5.05,bulls,2026_03,2026-04-18 13:53
EUREN,1427272,1040132637,0.14,bulls,2026_03,2026-04-18 13:53
VERTU,71547,22000000,0.33,bulls,2026_03,2026-04-18 13:53
TEZOL,416658,139999972,0.3,bulls,2026_03,2026-04-18 13:53
GLDTRF,12784,47850000,0.03,bulls,2026_03,2026-04-18 13:53
BNTAS,1194008,170624998,0.7,bulls,2026_03,2026-04-18 13:53
CRFSA,193626,18312793,1.06,bulls,2026_03,2026-04-18 13:53
YYLGD,182201,369826200,0.05,bulls,2026_03,2026-04-18 13:53
OZRDN,257068,57107579,0.45,bulls,2026_03,2026-04-18 13:53
ZEDUR,55098,69899991,0.08,bulls,2026_03,2026-04-18 13:53
BORSK,1289844,279999879,0.46,bulls,2026_03,2026-04-18 13:53
BRLSM,251635,108025075,0.23,bulls,2026_03,2026-04-18 13:53
GARAN,27854,2454957797,0.0,bulls,2026_03,2026-04-18 13:53
DESA,364226,171107590,0.21,bulls,2026_03,2026-04-18 13:53
EGPRO,133049,175170570,0.08,bulls,2026_03,2026-04-18 13:53
KAYSE,624866,828951998,0.08,bulls,2026_03,2026-04-18 13:53
SAYAS,66963,42530887,0.16,bulls,2026_03,2026-04-18 13:53
BOBET,276339,113999998,0.24,bulls,2026_03,2026-04-18 13:53
KRGYO,186610,275246747,0.07,bulls,2026_03,2026-04-18 13:53
PASEU,109937,215295868,0.05,bulls,2026_03,2026-04-18 13:53
AFYON,259498,399992258,0.06,bulls,2026_03,2026-04-18 13:53
BRISA,52198,31247472,0.17,bulls,2026_03,2026-04-18 13:53
OZGYO,1561168,490916869,0.32,bulls,2026_03,2026-04-18 13:53
ASGYO,312599,165000000,0.19,bulls,2026_03,2026-04-18 13:53
YUNSA,1107423,202164056,0.55,bulls,2026_03,2026-04-18 13:53
TATEN,311061,347799724,0.09,bulls,2026_03,2026-04-18 13:53
SANEL,29874,18112451,0.16,bulls,2026_03,2026-04-18 13:53
AVTUR,288261,43067999,0.67,bulls,2026_03,2026-04-18 13:53
PINSU,27651,101635846,0.03,bulls,2026_03,2026-04-18 13:53
YEOTK,301587,160933198,0.19,bulls,2026_03,2026-04-18 13:53
OYYAT,33855,91048322,0.04,bulls,2026_03,2026-04-18 13:53
BRKO,1256603,138283723,0.91,bulls,2026_03,2026-04-18 13:53
MRIGMV,40002,1478910,2.7,bulls,2026_03,2026-04-18 13:53
DOAS,48147,97899975,0.05,bulls,2026_03,2026-04-18 13:53
MAKTK,851552,184370066,0.46,bulls,2026_03,2026-04-18 13:53
BIGEN,216767,115500000,0.19,bulls,2026_03,2026-04-18 13:53
BIZIM,20733,27601626,0.08,bulls,2026_03,2026-04-18 13:53
KLSYN,407942,107854952,0.38,bulls,2026_03,2026-04-18 13:53
CUSAN,29915,18500000,0.16,bulls,2026_03,2026-04-18 13:53
CGCAM,138713,42000000,0.33,bulls,2026_03,2026-04-18 13:53
ENERY,85677,2420687469,0.0,bulls,2026_03,2026-04-18 13:53
UCAYM,239103,60000000,0.4,bulls,2026_03,2026-04-18 13:53
YAPRK,13095,88514958,0.01,bulls,2026_03,2026-04-18 13:53
TKSMBV,92333,2362178,3.91,bulls,2026_03,2026-04-18 13:53
GENTS,2515237,749958921,0.34,bulls,2026_03,2026-04-18 13:53
TDGYO,35445,61998213,0.06,bulls,2026_03,2026-04-18 13:53
AXSMBV,14996,1121361,1.34,bulls,2026_03,2026-04-18 13:53
IEYHO,312340,541033797,0.06,bulls,2026_03,2026-04-18 13:53
VKING,17412,30932905,0.06,bulls,2026_03,2026-04-18 13:53
BARMA,44653,78130939,0.06,bulls,2026_03,2026-04-18 13:53
AVPGY,81771,99999990,0.08,bulls,2026_03,2026-04-18 13:53
SNICA,602254,321688855,0.19,bulls,2026_03,2026-04-18 13:53
TRMET,32025,174483588,0.02,bulls,2026_03,2026-04-18 13:53
ONRYT,44841,19730000,0.23,bulls,2026_03,2026-04-18 13:53
TGSAS,764872,12348294,6.19,bulls,2026_03,2026-04-18 13:53
EDALOV,11758,1333226,0.88,bulls,2026_03,2026-04-18 13:53
INTEM,18115,9428747,0.19,bulls,2026_03,2026-04-18 13:53
EUYO,333494,19932875,1.67,bulls,2026_03,2026-04-18 13:53
ERBOS,16765,15899843,0.11,bulls,2026_03,2026-04-18 13:53
BAGFS,2258808,100042745,2.26,bulls,2026_03,2026-04-18 13:53
ZGOLDF,2328,152040000,0.0,bulls,2026_03,2026-04-18 13:53
GIPTA,324673,51617863,0.63,bulls,2026_03,2026-04-18 13:53
GLRMK,57210,58116000,0.1,bulls,2026_03,2026-04-18 13:53
KIMMR,59813,75000000,0.08,bulls,2026_03,2026-04-18 13:53
ARTMS,91482,28399999,0.32,bulls,2026_03,2026-04-18 13:53
PBAZMV,10000,3574037,0.28,bulls,2026_03,2026-04-18 13:53
ARMGD,16254,54996000,0.03,bulls,2026_03,2026-04-18 13:53
ALKA,725372,330750000,0.22,bulls,2026_03,2026-04-18 13:53
PPITOV,9035,4965812,0.18,bulls,2026_03,2026-04-18 13:53
BALAT,498122,13588195,3.67,bulls,2026_03,2026-04-18 13:53
SEGYO,315828,203351321,0.16,bulls,2026_03,2026-04-18 13:53
KORDS,63853,65421451,0.1,bulls,2026_03,2026-04-18 13:53
KUVVA,9126,24204585,0.04,bulls,2026_03,2026-04-18 13:53
OTTO,12512,5824438,0.21,bulls,2026_03,2026-04-18 13:53
PRKME,48770,53038641,0.09,bulls,2026_03,2026-04-18 13:53
YIGIT,74865,74999974,0.1,bulls,2026_03,2026-04-18 13:53
PAGYO,108617,57781202,0.19,bulls,2026_03,2026-04-18 13:53
KUTPO,20548,10524430,0.2,bulls,2026_03,2026-04-18 13:53
KRSTL,44442,183664642,0.02,bulls,2026_03,2026-04-18 13:53
LILAK,278513,260252705,0.11,bulls,2026_03,2026-04-18 13:53
HKTM,136872,72747495,0.19,bulls,2026_03,2026-04-18 13:53
AYES,174856,87622392,0.2,bulls,2026_03,2026-04-18 13:53
ANELE,51508,151405542,0.03,bulls,2026_03,2026-04-18 13:53
GOZDE,471281,384991447,0.12,bulls,2026_03,2026-04-18 13:53
GATEG,59665,10570341,0.56,bulls,2026_03,2026-04-18 13:53
VBTYZ,71691,56205000,0.13,bulls,2026_03,2026-04-18 13:53
SAMAT,114744,103183797,0.11,bulls,2026_03,2026-04-18 13:53
OTKAR,20803,33417145,0.06,bulls,2026_03,2026-04-18 13:53
RYSAS,581264,1504020937,0.04,bulls,2026_03,2026-04-18 13:53
IZINV,96205,13540386,0.71,bulls,2026_03,2026-04-18 13:53
MACKO,13782,41500000,0.03,bulls,2026_03,2026-04-18 13:53
ACSEL,11753,8589113,0.14,bulls,2026_03,2026-04-18 13:53
SNPAM,85017,19679871,0.43,bulls,2026_03,2026-04-18 13:53
ISFIN,68886,310154523,0.02,bulls,2026_03,2026-04-18 13:53
YATAS,24526,94866488,0.03,bulls,2026_03,2026-04-18 13:53
EUKYO,17717,19899963,0.09,bulls,2026_03,2026-04-18 13:53
YBTAS,119415,31617148,0.38,bulls,2026_03,2026-04-18 13:53
EDIP,24283,36468204,0.07,bulls,2026_03,2026-04-18 13:53
ARENA,50253,66996461,0.08,bulls,2026_03,2026-04-18 13:53
RODRG,11368,16822352,0.07,bulls,2026_03,2026-04-18 13:53
CCOLA,28545,820001147,0.0,bulls,2026_03,2026-04-18 13:53
EBEBK,8149,40534692,0.02,bulls,2026_03,2026-04-18 13:53
MPARK,8720,80869110,0.01,bulls,2026_03,2026-04-18 13:53
MEGAP,126668,234498757,0.05,bulls,2026_03,2026-04-18 13:53
CATES,8365,33050000,0.03,bulls,2026_03,2026-04-18 13:53
DGATE,40018,15227271,0.26,bulls,2026_03,2026-04-18 13:53
INGRM,10372,14969536,0.07,bulls,2026_03,2026-04-18 13:53
SMRVA,22038,28000000,0.08,bulls,2026_03,2026-04-18 13:53
ATATP,104670,18809999,0.56,bulls,2026_03,2026-04-18 13:53
ATSYH,15660,7998869,0.2,bulls,2026_03,2026-04-18 13:53
TMPOL,86633,11039990,0.78,bulls,2026_03,2026-04-18 13:53
ANRDOV,2496,4500000,0.06,bulls,2026_03,2026-04-18 13:53
FLAP,24378,93599985,0.03,bulls,2026_03,2026-04-18 13:53
RGYAS,6668,105523000,0.01,bulls,2026_03,2026-04-18 13:53
BANVT,4740,36961044,0.01,bulls,2026_03,2026-04-18 13:53
DGNMO,166636,327634635,0.05,bulls,2026_03,2026-04-18 13:53
OYAYO,21027,19999941,0.11,bulls,2026_03,2026-04-18 13:53
GOLTS,5267,12422783,0.04,bulls,2026_03,2026-04-18 13:53
MEPET,116522,73940585,0.16,bulls,2026_03,2026-04-18 13:53
AYCES,7895,1895369,0.42,bulls,2026_03,2026-04-18 13:53
PPIEPV,1800,4742599,0.04,bulls,2026_03,2026-04-18 13:53
ATAGY,58900,45670114,0.13,bulls,2026_03,2026-04-18 13:53
VANGD,36329,24374995,0.15,bulls,2026_03,2026-04-18 13:53
MTRKS,33011,43633165,0.08,bulls,2026_03,2026-04-18 13:53
KLSER,73229,109457654,0.07,bulls,2026_03,2026-04-18 13:53
PARSN,25922,34033246,0.08,bulls,2026_03,2026-04-18 13:53
RYGYO,1146472,770588057,0.15,bulls,2026_03,2026-04-18 13:53
ODINE,3999,52810834,0.01,bulls,2026_03,2026-04-18 13:53
ATEKS,3341,5441598,0.06,bulls,2026_03,2026-04-18 13:53
KRVGD,50994,596159766,0.01,bulls,2026_03,2026-04-18 13:53
RAYSG,16491,51947024,0.03,bulls,2026_03,2026-04-18 13:53
FMIZP,2655,3497641,0.08,bulls,2026_03,2026-04-18 13:53
AYEN,7251,55531320,0.01,bulls,2026_03,2026-04-18 13:53
VAKFN,1507248,2064378140,0.07,bulls,2026_03,2026-04-18 13:53
PKART,5378,11048497,0.05,bulls,2026_03,2026-04-18 13:53
UASAXV,2000,1910781,0.1,bulls,2026_03,2026-04-18 13:53
SANKO,61776,37499197,0.16,bulls,2026_03,2026-04-18 13:53
EGSER,152971,545751057,0.03,bulls,2026_03,2026-04-18 13:53
KENT,1422,1786507,0.08,bulls,2026_03,2026-04-18 13:53
DEVA,47628,199971824,0.02,bulls,2026_03,2026-04-18 13:53
FORTE,44483,27999999,0.16,bulls,2026_03,2026-04-18 13:53
TLMAN,10559,10300000,0.1,bulls,2026_03,2026-04-18 13:53
TRENJ,37299,98018735,0.04,bulls,2026_03,2026-04-18 13:53
BRYAT,9209,10264685,0.09,bulls,2026_03,2026-04-18 13:53
DITAS,4374,83407810,0.01,bulls,2026_03,2026-04-18 13:53
TTRAK,18030,24967158,0.07,bulls,2026_03,2026-04-18 13:53
KRPLS,99435,78486163,0.13,bulls,2026_03,2026-04-18 13:53
HTTBT,19126,82805422,0.02,bulls,2026_03,2026-04-18 13:53
CLEBI,1579,5490178,0.03,bulls,2026_03,2026-04-18 13:53
AKYHO,4360298,223895870,1.95,bulls,2026_03,2026-04-18 13:53
AVGYO,2801,111590302,0.0,bulls,2026_03,2026-04-18 13:53
SONME,4563,4349319,0.1,bulls,2026_03,2026-04-18 13:53
PSDTC,7936,6599991,0.12,bulls,2026_03,2026-04-18 13:53
TBORG,38014,59392160,0.06,bulls,2026_03,2026-04-18 13:53
GMSTRF,18619,75300000,0.02,bulls,2026_03,2026-04-18 13:53
ANHYT,4278,88457041,0.0,bulls,2026_03,2026-04-18 13:53
ULUSE,4365,24000000,0.02,bulls,2026_03,2026-04-18 13:53
MAALT,5075,4763850,0.11,bulls,2026_03,2026-04-18 13:53
SELEC,10864,124262097,0.01,bulls,2026_03,2026-04-18 13:53
ANIJWV,125,7964886,0.0,bulls,2026_03,2026-04-18 13:53
ISBIR,7006,14545542,0.05,bulls,2026_03,2026-04-18 13:53
PBSYMV,100,15200000,0.0,bulls,2026_03,2026-04-18 13:53
COSMO,3294,6494091,0.05,bulls,2026_03,2026-04-18 13:53
LUKSK,1073,27257202,0.0,bulls,2026_03,2026-04-18 13:53
KONYA,1423,1646416,0.09,bulls,2026_03,2026-04-18 13:53
YONGA,5733,7198435,0.08,bulls,2026_03,2026-04-18 13:53
CEOEM,60773,22209658,0.27,bulls,2026_03,2026-04-18 13:53
DIRIT,16049,10150123,0.16,bulls,2026_03,2026-04-18 13:53
CMBTN,1694,1023000,0.17,bulls,2026_03,2026-04-18 13:53
PAMEL,13084,21533681,0.06,bulls,2026_03,2026-04-18 13:53
QNBTR,197,2571745911,0.0,bulls,2026_03,2026-04-18 13:53
GRNYO,8551,37386059,0.02,bulls,2026_03,2026-04-18 13:53
POLTK,226,1125000,0.02,bulls,2026_03,2026-04-18 13:53
ORMA,5918,3663265,0.16,bulls,2026_03,2026-04-18 13:53
EMNIS,5494,3429235,0.16,bulls,2026_03,2026-04-18 13:53
BISKNV,30009,1547161,1.94,bulls,2026_03,2026-04-18 13:53
ALCAR,1323,1721735,0.08,bulls,2026_03,2026-04-18 13:53
QNBFK,61628,843137646,0.01,bulls,2026_03,2026-04-18 13:53
DMISH,146669,41526838,0.35,bulls,2026_03,2026-04-18 13:53
TUMTK,8868,76370187,0.01,bulls,2026_03,2026-04-18 13:53
ENPRA,2683,374258700,0.0,bulls,2026_03,2026-04-18 13:53
MENBA,28830,3496852,0.82,bulls,2026_03,2026-04-18 13:53
RANLO,65918,19850386,0.33,bulls,2026_03,2026-04-18 13:53
ARTI,8105,9881683,0.08,bulls,2026_03,2026-04-18 13:53
GNPWR,102200,21999996,0.46,bulls,2026_03,2026-04-18 13:53
UKIM,102,2053621,0.0,bulls,2026_03,2026-04-18 13:53
METAL,2801,9024711,0.03,bulls,2026_03,2026-04-18 13:53
ROYAL,41,17249999,0.0,bulls,2026_03,2026-04-18 13:53
UMPAS,503,19699184,0.0,bulls,2026_03,2026-04-18 13:53
UNTAR,28711,29562129,0.1,bulls,2026_03,2026-04-18 13:53
GOLDS,352220,192323946,0.18,bulls,2026_03,2026-04-18 13:53
ERICO,14103,5214523,0.27,bulls,2026_03,2026-04-18 13:53
UZEL,12615,26329793,0.05,bulls,2026_03,2026-04-18 13:53
CLKHO,390980,26183651,1.49,bulls,2026_03,2026-04-18 13:53
ESEMS,1076,11202091,0.01,bulls,2026_03,2026-04-18 13:53
SALIX,45853,4949230,0.93,bulls,2026_03,2026-04-18 13:53
AVHOL,1859,26047279,0.01,bulls,2026_03,2026-04-18 13:53
DOKTA,24933,145872862,0.02,bulls,2026_03,2026-04-18 13:53
ARTOG,57781,18578922,0.31,bulls,2026_03,2026-04-18 13:53
ARAT,50147,39867975,0.13,bulls,2026_03,2026-04-18 13:53
ARBUL,69230,15459297,0.45,bulls,2026_03,2026-04-18 13:53
ASYAB,1755636,477899601,0.37,bulls,2026_03,2026-04-18 13:53
MRTGG,20313,14339249,0.14,bulls,2026_03,2026-04-18 13:53
XABDOV,5000,2295525,0.22,bulls,2026_03,2026-04-18 13:53
HITIT,10262,4488204,0.23,bulls,2026_03,2026-04-18 13:53
EGCEY,29059,19749798,0.15,bulls,2026_03,2026-04-18 13:53
SKPLC,60469,13084995,0.46,bulls,2026_03,2026-04-18 13:53
KPHOL,3022,4207498,0.07,bulls,2026_03,2026-04-18 13:53
KRATL,97811,17800000,0.55,bulls,2026_03,2026-04-18 13:53
EGCYH,169802,39900235,0.43,bulls,2026_03,2026-04-18 13:53
FENIS,74076,26080019,0.28,bulls,2026_03,2026-04-18 13:53
EGCYO,12969,21986285,0.06,bulls,2026_03,2026-04-18 13:53
ATAC,284016,103398067,0.27,bulls,2026_03,2026-04-18 13:53
BYSAN,37358,16552134,0.23,bulls,2026_03,2026-04-18 13:53
SUMAS,2801,5434738,0.05,bulls,2026_03,2026-04-18 13:53
TARAF,7803,5033275,0.16,bulls,2026_03,2026-04-18 13:53
AKPAZ,19951,22488832,0.09,bulls,2026_03,2026-04-18 13:53
ZPBDLF,1767,8240000,0.02,bulls,2026_03,2026-04-18 13:53
ZPLIBF,4483,193280000,0.0,bulls,2026_03,2026-04-18 13:53
CBSBO,86,14692447,0.0,bulls,2026_03,2026-04-18 13:53
EGYO,71088,36676214,0.19,bulls,2026_03,2026-04-18 13:53
FVORI,63040,17564673,0.36,bulls,2026_03,2026-04-18 13:53
BMEKS,642062,114192339,0.56,bulls,2026_03,2026-04-18 13:53
LIOYS,20996,31625013,0.07,bulls,2026_03,2026-04-18 13:53
IYAHOV,0,1519576,0.0,bulls,2026_03,2026-04-18 13:53
ANELT,72,43199817,0.0,bulls,2026_03,2026-04-18 13:53
GEDIZ,42966,7163595,0.6,bulls,2026_03,2026-04-18 13:53
PGSFQV,20000,4059391,0.49,bulls,2026_03,2026-04-18 13:53
AKSEL,14367,7100000,0.2,bulls,2026_03,2026-04-18 13:53
GENYH,59176,9999906,0.59,bulls,2026_03,2026-04-18 13:53
APMDLF,1500,12300000,0.01,bulls,2026_03,2026-04-18 13:53
MANGO,457379,37831688,1.21,bulls,2026_03,2026-04-18 13:53
PPIETV,0,4462305,0.0,bulls,2026_03,2026-04-18 13:53
PRTAS,24183,21405233,0.11,bulls,2026_03,2026-04-18 13:53
TRNSK,78141,25616249,0.31,bulls,2026_03,2026-04-18 13:53
ATPET,48166,11403497,0.42,bulls,2026_03,2026-04-18 13:53
LATEK,222005,39499512,0.56,bulls,2026_03,2026-04-18 13:53
KSTUR,523,3952560,0.01,bulls,2026_03,2026-04-18 13:53
SASKTV,9981,1732759,0.58,bulls,2026_03,2026-04-18 13:53
MRSHL,165,4212888,0.0,bulls,2026_03,2026-04-18 13:53
ULIFTV,49958,3835471,1.3,bulls,2026_03,2026-04-18 13:53
INTEK,711,5043584,0.01,bulls,2026_03,2026-04-18 13:53
SARKY,134446,999999671,0.01,bulls,2026_03,2026-04-18 13:53
SODSN,2176,45485261,0.0,bulls,2026_03,2026-04-18 13:53
YAYLA,21615,39874966,0.05,bulls,2026_03,2026-04-18 13:53
BLCYT,110475,49088907,0.23,bulls,2026_03,2026-04-18 13:53
AYGAZ,70038,98568807,0.07,bulls,2026_03,2026-04-18 13:53
CASA,17065,4894317,0.35,bulls,2026_03,2026-04-18 13:53
MEDTR,216278,24499999,0.88,bulls,2026_03,2026-04-18 13:53
ETYAT,6597,17737148,0.04,bulls,2026_03,2026-04-18 13:53
TRCAS,14942,206252869,0.01,bulls,2026_03,2026-04-18 13:53
DERIM,8033,40403770,0.02,bulls,2026_03,2026-04-18 13:53
CMENT,5201,56829666,0.01,bulls,2026_03,2026-04-18 13:53
NUHCM,3255,33164430,0.01,bulls,2026_03,2026-04-18 13:53
KMPUR,66173,132432524,0.05,bulls,2026_03,2026-04-18 13:53
KLMSN,15976,30881297,0.05,bulls,2026_03,2026-04-18 13:53
MZHLD,16868,72215314,0.02,bulls,2026_03,2026-04-18 13:53
BAKAB,8168,34985326,0.02,bulls,2026_03,2026-04-18 13:53
GLCVY,781,26400000,0.0,bulls,2026_03,2026-04-18 13:53
TABGD,5110,52499906,0.01,bulls,2026_03,2026-04-18 13:53
DSTKF,19698,84533333,0.02,bulls,2026_03,2026-04-18 13:53
AGESA,6920,35829553,0.02,bulls,2026_03,2026-04-18 13:53
PRZMA,16941,61941150,0.03,bulls,2026_03,2026-04-18 13:53
EGEEN,1044,1137161,0.09,bulls,2026_03,2026-04-18 13:53
BRSAN,23173,35912460,0.06,bulls,2026_03,2026-04-18 13:53
MAKIM,92769,42559998,0.22,bulls,2026_03,2026-04-18 13:53
LOGO,10137,74328248,0.01,bulls,2026_03,2026-04-18 13:53
KARTN,7234,72781126,0.01,bulls,2026_03,2026-04-18 13:53
AKMGY,33556,21568998,0.16,bulls,2026_03,2026-04-18 13:53
EKIZ,18952,8198720,0.23,bulls,2026_03,2026-04-18 13:53
HATSN,45323,44299964,0.1,bulls,2026_03,2026-04-18 13:53
DOGUB,950,19821566,0.0,bulls,2026_03,2026-04-18 13:53
LYDYE,774006,1391287,55.63,bulls,2026_03,2026-04-18 13:53
GLBMD,26456,28880500,0.09,bulls,2026_03,2026-04-18 13:53
TMSN,47971,44449999,0.11,bulls,2026_03,2026-04-18 13:53
VSNMD,43130,24000000,0.18,bulls,2026_03,2026-04-18 13:53
PRKAB,74973,35225443,0.21,bulls,2026_03,2026-04-18 13:53
MAGEN,180123,719512140,0.03,bulls,2026_03,2026-04-18 13:53
MTRYO,79630,39900000,0.2,bulls,2026_03,2026-04-18 13:53
DNISI,6871,59171727,0.01,bulls,2026_03,2026-04-18 13:53
SKYMD,97155,52499981,0.19,bulls,2026_03,2026-04-18 13:53
TARKM,2626,4999997,0.05,bulls,2026_03,2026-04-18 13:53
SKYLP,42375,7159255,0.59,bulls,2026_03,2026-04-18 13:53
HRKET,5351,24000000,0.02,bulls,2026_03,2026-04-18 13:53
ALFAS,40207,84639559,0.05,bulls,2026_03,2026-04-18 13:53
AKSUE,75510,56376184,0.13,bulls,2026_03,2026-04-18 13:53
MSGYO,288771,169650150,0.17,bulls,2026_03,2026-04-18 13:53
MMCAS,2719222,12394294,21.94,bulls,2026_03,2026-04-18 13:53
BEYAZ,76806,42317352,0.18,bulls,2026_03,2026-04-18 13:53
ERCB,699067,39113273,1.79,bulls,2026_03,2026-04-18 13:53
BASGZ,62035,174999999,0.04,bulls,2026_03,2026-04-18 13:53
RUBNS,175675,42377765,0.41,bulls,2026_03,2026-04-18 13:53
SANFM,1024340,225029995,0.46,bulls,2026_03,2026-04-18 13:53
OZKGY,1205014,363999945,0.33,bulls,2026_03,2026-04-18 13:53
VERUS,789,34499937,0.0,bulls,2026_03,2026-04-18 13:53
BFREN,24431,24586148,0.1,bulls,2026_03,2026-04-18 13:53
DGGYO,8914,280709437,0.0,bulls,2026_03,2026-04-18 13:53
ARDYZ,191530,279551557,0.07,bulls,2026_03,2026-04-18 13:53
ECZYT,4671,45880511,0.01,bulls,2026_03,2026-04-18 13:53
ZRGYO,12073,1173404997,0.0,bulls,2026_03,2026-04-18 13:53
ASUZU,41929,41130807,0.1,bulls,2026_03,2026-04-18 13:53
ORGE,28204,41839996,0.07,bulls,2026_03,2026-04-18 13:53
BALSU,390679,278000000,0.14,bulls,2026_03,2026-04-18 13:53
BVSAN,36945,13749998,0.27,bulls,2026_03,2026-04-18 13:53
SUNTK,-940,145280000,-0.0,bulls,2026_03,2026-04-18 13:53
OYLUM,30345,80937367,0.04,bulls,2026_03,2026-04-18 13:53
DOFER,64481,20172500,0.32,bulls,2026_03,2026-04-18 13:53
EGGUB,906605,75862197,1.2,bulls,2026_03,2026-04-18 13:53
AHGAZ,199424,659370871,0.03,bulls,2026_03,2026-04-18 13:53
YGYO,749898,1310632851,0.06,bulls,2026_03,2026-04-18 13:53
OZSUB,48737,44247402,0.11,bulls,2026_03,2026-04-18 13:53
OFSYM,40960,22749998,0.18,bulls,2026_03,2026-04-18 13:53
ISDMR,66585,147631816,0.05,bulls,2026_03,2026-04-18 13:53
IHYAY,1790814,388124996,0.46,bulls,2026_03,2026-04-18 13:53
INVES,1238,37480000,0.0,bulls,2026_03,2026-04-18 13:53
ATAKP,329860,28224000,1.17,bulls,2026_03,2026-04-18 13:53
VAKKO,13811,30788486,0.04,bulls,2026_03,2026-04-18 13:53
GMTAS,796713,298687813,0.27,bulls,2026_03,2026-04-18 13:53
ANGEN,94681,86440002,0.11,bulls,2026_03,2026-04-18 13:53
BAHKM,12904,23289000,0.06,bulls,2026_03,2026-04-18 13:53
NUGYO,79295,324943976,0.02,bulls,2026_03,2026-04-18 13:53
VAKFA,158694,224999701,0.07,bulls,2026_03,2026-04-18 13:53
BRKVY,59871,13618361,0.44,bulls,2026_03,2026-04-18 13:53
SUWEN,71659,365687500,0.02,bulls,2026_03,2026-04-18 13:53
GWIND,285786,179165491,0.16,bulls,2026_03,2026-04-18 13:53
KLKIM,41082,138383655,0.03,bulls,2026_03,2026-04-18 13:53
NETAS,35282,31783484,0.11,bulls,2026_03,2026-04-18 13:53
PKENT,651,23766169,0.0,bulls,2026_03,2026-04-18 13:53
TRHOL,115902,17583212,0.66,bulls,2026_03,2026-04-18 13:53
DMSAS,110795,199994510,0.06,bulls,2026_03,2026-04-18 13:53
BRKSN,53450,62639942,0.09,bulls,2026_03,2026-04-18 13:53
ARASE,96635,49999991,0.19,bulls,2026_03,2026-04-18 13:53
BRMEN,13831,57566555,0.02,bulls,2026_03,2026-04-18 13:53
ULAS,62263,25200172,0.25,bulls,2026_03,2026-04-18 13:53
KONKA,29382,89670000,0.03,bulls,2026_03,2026-04-18 13:53
ERSU,88672,31755894,0.28,bulls,2026_03,2026-04-18 13:53
GRSEL,22437,29650000,0.08,bulls,2026_03,2026-04-18 13:53
GARFA,3654,138399778,0.0,bulls,2026_03,2026-04-18 13:53
AKFIS,228953,66841328,0.34,bulls,2026_03,2026-04-18 13:53
ENDAE,196992,123901910,0.16,bulls,2026_03,2026-04-18 13:53
ATLAS,40709,59999865,0.07,bulls,2026_03,2026-04-18 13:53
IZFAS,702439,156001658,0.45,bulls,2026_03,2026-04-18 13:53
TURGG,54341,32042988,0.17,bulls,2026_03,2026-04-18 13:53
SDTTR,3937,15990000,0.02,bulls,2026_03,2026-04-18 13:53
KAPLM,31827,4571305,0.7,bulls,2026_03,2026-04-18 13:53
GEREL,855894,219036379,0.39,bulls,2026_03,2026-04-18 13:53
AYDEM,35865,130000000,0.03,bulls,2026_03,2026-04-18 13:53
PLTUR,89650,49500000,0.18,bulls,2026_03,2026-04-18 13:53
PNLSN,61883,34752383,0.18,bulls,2026_03,2026-04-18 13:53
MAVI,92992,576779312,0.02,bulls,2026_03,2026-04-18 13:53
GUBRF,208261,85403679,0.24,bulls,2026_03,2026-04-18 13:53
SEKFK,63933,62311473,0.1,bulls,2026_03,2026-04-18 13:53
BASCM,54533,49238593,0.11,bulls,2026_03,2026-04-18 13:53
ENSRI,23,236333503,0.0,bulls,2026_03,2026-04-18 13:53
GUNDG,57065,18968983,0.3,bulls,2026_03,2026-04-18 13:53
GEDIK,38985,983076857,0.0,bulls,2026_03,2026-04-18 13:53
JANTS,235820,207607465,0.11,bulls,2026_03,2026-04-18 13:53
OZYSR,165963,40488000,0.41,bulls,2026_03,2026-04-18 13:53
ADGYO,389711,379654333,0.1,bulls,2026_03,2026-04-18 13:53
DUNYH,15783764,36443197,43.31,bulls,2026_03,2026-04-18 13:53
KFEIN,83154,150306170,0.06,bulls,2026_03,2026-04-18 13:53
GLYHO,1301383,1949290631,0.07,bulls,2026_03,2026-04-18 13:53
UNLU,113481,102181558,0.11,bulls,2026_03,2026-04-18 13:53
KRDMB,13638,118762110,0.01,bulls,2026_03,2026-04-18 13:53
INVEO,280211,998999954,0.03,bulls,2026_03,2026-04-18 13:53
MERKO,312372,101104700,0.31,bulls,2026_03,2026-04-18 13:53
OBASE,145671,14924000,0.98,bulls,2026_03,2026-04-18 13:53
SKTAS,934821,332865443,0.28,bulls,2026_03,2026-04-18 13:53
CELHA,46218,146124225,0.03,bulls,2026_03,2026-04-18 13:53
KZGYO,-23043,49999978,-0.05,bulls,2026_03,2026-04-18 13:53
SEYKM,130356,151040901,0.09,bulls,2026_03,2026-04-18 13:53
ELITE,72974,44650000,0.16,bulls,2026_03,2026-04-18 13:53
TSGYO,216880,266499982,0.08,bulls,2026_03,2026-04-18 13:53
GESAN,176383,141759179,0.12,bulls,2026_03,2026-04-18 13:53
EPLAS,168889,190491857,0.09,bulls,2026_03,2026-04-18 13:53
DAGI,105138,175301274,0.06,bulls,2026_03,2026-04-18 13:53
ALTNY,682492,399885115,0.17,bulls,2026_03,2026-04-18 13:53
PRDGS,214242,110850000,0.19,bulls,2026_03,2026-04-18 13:53
GEDZA,27866,42983624,0.06,bulls,2026_03,2026-04-18 13:53
DESPC,20448,16023700,0.13,bulls,2026_03,2026-04-18 13:53
SURGY,69437,44999990,0.15,bulls,2026_03,2026-04-18 13:53
UFUK,39697181,46845974,84.74,bulls,2026_03,2026-04-18 13:53
ISGSY,57175,47378729,0.12,bulls,2026_03,2026-04-18 13:53
DOFRB,132803,45000000,0.3,bulls,2026_03,2026-04-18 13:53
AKSGY,452029,1628451947,0.03,bulls,2026_03,2026-04-18 13:53
KOTON,178045,136599922,0.13,bulls,2026_03,2026-04-18 13:53
KNFRT,176982,131747000,0.13,bulls,2026_03,2026-04-18 13:53
HUBVC,1029645,277189572,0.37,bulls,2026_03,2026-04-18 13:53
IHGZT,56877983,570666228,9.97,bulls,2026_03,2026-04-18 13:53
IHEVA,431927,291631239,0.15,bulls,2026_03,2026-04-18 13:53
HEDEF,127415,562499930,0.02,bulls,2026_03,2026-04-18 13:53
YGGYO,260057,240625741,0.11,bulls,2026_03,2026-04-18 13:53
AKSA,1466804,1503650642,0.1,bulls,2026_03,2026-04-18 13:53
IZMDC,307349,723225318,0.04,bulls,2026_03,2026-04-18 13:53
MEMSA,1061782,160110709,0.66,bulls,2026_03,2026-04-18 13:53
BMSTL,64010,74772261,0.09,bulls,2026_03,2026-04-18 13:53
MARKA,56323,20802018,0.27,bulls,2026_03,2026-04-18 13:53
BAYRK,129115,189751123,0.07,bulls,2026_03,2026-04-18 13:53
OZATD,12567,13349988,0.09,bulls,2026_03,2026-04-18 13:53
ECILC,612720,210589603,0.29,bulls,2026_03,2026-04-18 13:53
ISSEN,653187,107417374,0.61,bulls,2026_03,2026-04-18 13:53
NETCD,7634,40000000,0.02,bulls,2026_03,2026-04-18 13:53
ALKLC,-277,45283467,-0.0,bulls,2026_03,2026-04-18 13:53
MARBL,117615,65226403,0.18,bulls,2026_03,2026-04-18 13:53
AZTEK,32660,279000000,0.01,bulls,2026_03,2026-04-18 13:53
GSDHO,1027592,999994969,0.1,bulls,2026_03,2026-04-18 13:53
MOGAN,1192043,262635000,0.45,bulls,2026_03,2026-04-18 13:53
BYDNR,5396655,22999984,23.46,bulls,2026_03,2026-04-18 13:53
DMLKTG,129876,2494529047,0.01,bulls,2026_03,2026-04-18 13:53
TEKTU,670530,195639311,0.34,bulls,2026_03,2026-04-18 13:53
AGROT,539474,879999770,0.06,bulls,2026_03,2026-04-18 13:53
AKENR,735096,385189246,0.19,bulls,2026_03,2026-04-18 13:53
PCILT,19047,45014182,0.04,bulls,2026_03,2026-04-18 13:53
HATEK,58916,62998947,0.09,bulls,2026_03,2026-04-18 13:53
ADEL,78932,112043619,0.07,bulls,2026_03,2026-04-18 13:53
BERA,161801,492027250,0.03,bulls,2026_03,2026-04-18 13:53
ETILR,101046,156217454,0.06,bulls,2026_03,2026-04-18 13:53
TCKRC,295116,70000000,0.42,bulls,2026_03,2026-04-18 13:53
PGSUS,874742,295068869,0.3,bulls,2026_03,2026-04-18 13:53
YYAPI,2404369,1705025550,0.14,bulls,2026_03,2026-04-18 13:53
AHSGY,47561,184999889,0.03,bulls,2026_03,2026-04-18 13:53
BIENY,317570,83144831,0.38,bulls,2026_03,2026-04-18 13:53
DERHL,191346,197281316,0.1,bulls,2026_03,2026-04-18 13:53
PNSUT,218283,128323851,0.17,bulls,2026_03,2026-04-18 13:53
LYDHO,153370079,197140970,77.8,bulls,2026_03,2026-04-18 13:53
TRILC,100410,118499496,0.08,bulls,2026_03,2026-04-18 13:53
BUCIM,2090073,1292638065,0.16,bulls,2026_03,2026-04-18 13:53
HLGYO,1329864,1075198517,0.12,bulls,2026_03,2026-04-18 13:53
AKHAN,383337,54700000,0.7,bulls,2026_03,2026-04-18 13:53
NATEN,798284,309374995,0.26,bulls,2026_03,2026-04-18 13:53
REEDR,603001,632419525,0.1,bulls,2026_03,2026-04-18 13:53
ISMEN,339652,467723147,0.07,bulls,2026_03,2026-04-18 13:53
IZENR,246487,914537597,0.03,bulls,2026_03,2026-04-18 13:53
AGYO,214046,129036460,0.17,bulls,2026_03,2026-04-18 13:53
BIGCH,132419,368932945,0.04,bulls,2026_03,2026-04-18 13:53
RNPOL,2550528,335900000,0.76,bulls,2026_03,2026-04-18 13:53
PENTA,170097,181070136,0.09,bulls,2026_03,2026-04-18 13:53
PAPIL,266000,206247674,0.13,bulls,2026_03,2026-04-18 13:53
KRONT,367515,116892885,0.31,bulls,2026_03,2026-04-18 13:53
TAVHL,-211896,213213415,-0.1,bulls,2026_03,2026-04-18 13:53
BESLR,194480,658098036,0.03,bulls,2026_03,2026-04-18 13:53
IHLAS,2535082,1396079076,0.18,bulls,2026_03,2026-04-18 13:53
DZGYO,225612,399777846,0.06,bulls,2026_03,2026-04-18 13:53
BINBN,1387800,17000000,8.16,bulls,2026_03,2026-04-18 13:53
IMASM,1886680,650600499,0.29,bulls,2026_03,2026-04-18 13:53
SILVR,21328053,212818206,10.02,bulls,2026_03,2026-04-18 13:53
EKOS,561697,307199852,0.18,bulls,2026_03,2026-04-18 13:53
ANSGR,127428,1564416026,0.01,bulls,2026_03,2026-04-18 13:53
HUNER,947179,670137933,0.14,bulls,2026_03,2026-04-18 13:53
ORCAY,301813,151124962,0.2,bulls,2026_03,2026-04-18 13:53
KLGYO,2794832,689399869,0.41,bulls,2026_03,2026-04-18 13:53
ULUUN,368933,290523353,0.13,bulls,2026_03,2026-04-18 13:53
TUKAS,4338937,4499995929,0.1,bulls,2026_03,2026-04-18 13:53
SKBNK,486964,2498877855,0.02,bulls,2026_03,2026-04-18 13:53
SNGYO,1186744,3607173097,0.03,bulls,2026_03,2026-04-18 13:53
KOCMT,539479,587485478,0.09,bulls,2026_03,2026-04-18 13:53
SRVGY,6468888,812499687,0.8,bulls,2026_03,2026-04-18 13:53
EMPAE,31776,38000000,0.08,bulls,2026_03,2026-04-18 13:53
LRSHO,1956248,724120946,0.27,bulls,2026_03,2026-04-18 13:53
THYAO,884999,739463453,0.12,bulls,2026_03,2026-04-18 13:53
EDATA,200067,160065395,0.12,bulls,2026_03,2026-04-18 13:53
ENTRA,1109945,369383564,0.3,bulls,2026_03,2026-04-18 13:53
ASTOR,393936,366896223,0.11,bulls,2026_03,2026-04-18 13:53
VRGYO,699353,597693904,0.12,bulls,2026_03,2026-04-18 13:53
KTLEV,4220237,1288500000,0.33,bulls,2026_03,2026-04-18 13:53
ONCSM,640505,10086000,6.35,bulls,2026_03,2026-04-18 13:53
FONET,674846,577082984,0.12,bulls,2026_03,2026-04-18 13:53
MERIT,11824,329748900,0.0,bulls,2026_03,2026-04-18 13:53
TERA,-669321,240888789,-0.28,bulls,2026_03,2026-04-18 13:53
CVKMD,9659046,461999787,2.09,bulls,2026_03,2026-04-18 13:53
ESCOM,3712879,465831670,0.8,bulls,2026_03,2026-04-18 13:53
ISKPL,2671398,724625736,0.37,bulls,2026_03,2026-04-18 13:53
TSKB,26961,1516591673,0.0,bulls,2026_03,2026-04-18 13:53
MARMR,628223,961218727,0.07,bulls,2026_03,2026-04-18 13:53
ASELS,218754,1178601424,0.02,bulls,2026_03,2026-04-18 13:53
PETUN,134839,134673118,0.1,bulls,2026_03,2026-04-18 13:53
ECOGR,648202,110000000,0.59,bulls,2026_03,2026-04-18 13:53
KLRHO,4177080,341250000,1.22,bulls,2026_03,2026-04-18 13:53
ARSAN,4608180,887344281,0.52,bulls,2026_03,2026-04-18 13:53
BSOKE,19626362,458487038,4.28,bulls,2026_03,2026-04-18 13:53
CWENE,1454963,530758241,0.27,bulls,2026_03,2026-04-18 13:53
CANTE,50398715,8608815636,0.59,bulls,2026_03,2026-04-18 13:53
KGYO,1776895,767894934,0.23,bulls,2026_03,2026-04-18 13:53
PSGYO,46164588,2954231556,1.56,bulls,2026_03,2026-04-18 13:53
MNDRS,255624,222008082,0.12,bulls,2026_03,2026-04-18 13:53
BURCE,2244386,44422390,5.05,bulls,2026_03,2026-04-18 13:53
GENIL,844469,1289069985,0.07,bulls,2026_03,2026-04-18 13:53
HALKB,3185240,6546422780,0.05,bulls,2026_03,2026-04-18 13:53
MANAS,355590,306992000,0.12,bulls,2026_03,2026-04-18 13:53
OSTIM,6371633,510004637,1.25,bulls,2026_03,2026-04-18 13:53
ADESE,2820899,4687131701,0.06,bulls,2026_03,2026-04-18 13:53
SISE,5264967,1814905641,0.29,bulls,2026_03,2026-04-18 13:53
SAHOL,1700691,1149847384,0.15,bulls,2026_03,2026-04-18 13:53
AVOD,912943,253604577,0.36,bulls,2026_03,2026-04-18 13:53
ODAS,4283093,1113798031,0.38,bulls,2026_03,2026-04-18 13:53
KOPOL,1380081,266319652,0.52,bulls,2026_03,2026-04-18 13:53
BTCIM,10836467,4220286921,0.26,bulls,2026_03,2026-04-18 13:53
PAHOL,18195353,3999999979,0.45,bulls,2026_03,2026-04-18 13:53
DAPGM,193924792,942910838,20.57,bulls,2026_03,2026-04-18 13:53
KRDMA,4254779,240300917,1.77,bulls,2026_03,2026-04-18 13:53
KUYAS,15033516,398957788,3.77,bulls,2026_03,2026-04-18 13:53
TSPOR,-8220255,3674975174,-0.22,bulls,2026_03,2026-04-18 13:53
FORMT,29892443,1029046010,2.9,bulls,2026_03,2026-04-18 13:53
EFOR,395788,670679994,0.06,bulls,2026_03,2026-04-18 13:53
AKSEN,4112928,638545796,0.64,pusula,2026_03,2026-04-18 13:53
SELVA,9800560,775687737,1.26,pusula,2026_03,2026-04-18 13:53
QUAGR,6374589,1773200000,0.36,pusula,2026_03,2026-04-18 13:53
HALKB,6009414,6546422780,0.09,pusula,2026_03,2026-04-18 13:53
PEKGY,28817826,4685173406,0.62,pusula,2026_03,2026-04-18 13:53
MRGYO,8067731,2277966226,0.35,pusula,2026_03,2026-04-18 13:53
AKBNK,1929341,3059320211,0.06,pusula,2026_03,2026-04-18 13:53
CANTE,11032713,8608815636,0.13,pusula,2026_03,2026-04-18 13:53
SNGYO,2759216,3607173097,0.08,pusula,2026_03,2026-04-18 13:53
HDFGS,2663517,956974191,0.28,pusula,2026_03,2026-04-18 13:53
DAPGM,1692011,942910838,0.18,pusula,2026_03,2026-04-18 13:53
SVGYO,1402251,295400000,0.47,pusula,2026_03,2026-04-18 13:53
ARZUM,2126798,400949823,0.53,pusula,2026_03,2026-04-18 13:53
MARTI,2321041,1475768116,0.16,pusula,2026_03,2026-04-18 13:53
PSGYO,3360789,2954231556,0.11,pusula,2026_03,2026-04-18 13:53
ISKPL,2635983,724625736,0.36,pusula,2026_03,2026-04-18 13:53
ISCTR,1221250,8880396856,0.01,pusula,2026_03,2026-04-18 13:53
TEHOL,999005,1967930261,0.05,pusula,2026_03,2026-04-18 13:53
TYIJWV,1256163,4714927,26.64,pusula,2026_03,2026-04-18 13:53
LINK,822301,747511382,0.11,pusula,2026_03,2026-04-18 13:53
RNPOL,1886301,335900000,0.56,pusula,2026_03,2026-04-18 13:53
TATEN,1015238,347799724,0.29,pusula,2026_03,2026-04-18 13:53
RTALB,1160134,432976722,0.27,pusula,2026_03,2026-04-18 13:53
KLSYN,1845806,107854952,1.71,pusula,2026_03,2026-04-18 13:53
VAKBN,921402,8046896130,0.01,pusula,2026_03,2026-04-18 13:53
IMASM,1715301,650600499,0.26,pusula,2026_03,2026-04-18 13:53
ATATR,1453410,280000000,0.52,pusula,2026_03,2026-04-18 13:53
EGEPO,603766,200000000,0.3,pusula,2026_03,2026-04-18 13:53
EUREN,2786369,1040132637,0.27,pusula,2026_03,2026-04-18 13:53
AKYHO,1918573,223895870,0.86,pusula,2026_03,2026-04-18 13:53
YKBNK,190967,4705620952,0.0,pusula,2026_03,2026-04-18 13:53
THYAO,656894,739463453,0.09,pusula,2026_03,2026-04-18 13:53
TEKTU,701581,195639311,0.36,pusula,2026_03,2026-04-18 13:53
ENSRI,513984,236333503,0.22,pusula,2026_03,2026-04-18 13:53
FZLGY,772130,398427644,0.19,pusula,2026_03,2026-04-18 13:53
SAHOL,76367,1149847384,0.01,pusula,2026_03,2026-04-18 13:53
KATMR,2230032,1980989998,0.11,pusula,2026_03,2026-04-18 13:53
ESEN,1336335,682499950,0.2,pusula,2026_03,2026-04-18 13:53
TSKB,659418,1516591673,0.04,pusula,2026_03,2026-04-18 13:53
MACKO,438339,41500000,1.06,pusula,2026_03,2026-04-18 13:53
OBAMS,1984777,751078524,0.26,pusula,2026_03,2026-04-18 13:53
DENGE,4236514,525284797,0.81,pusula,2026_03,2026-04-18 13:53
KBORU,1386006,143999994,0.96,pusula,2026_03,2026-04-18 13:53
TUKAS,4346474,4499995929,0.1,pusula,2026_03,2026-04-18 13:53
ENKAI,-85437,874733059,-0.01,pusula,2026_03,2026-04-18 13:53
SOKM,410662,448708248,0.09,pusula,2026_03,2026-04-18 13:53
GARAN,355336,2454957797,0.01,pusula,2026_03,2026-04-18 13:53
ICUGS,716755,336250000,0.21,pusula,2026_03,2026-04-18 13:53
BSOKE,1672011,458487038,0.36,pusula,2026_03,2026-04-18 13:53
SEGYO,387712,203351321,0.19,pusula,2026_03,2026-04-18 13:53
BORSK,700522,279999879,0.25,pusula,2026_03,2026-04-18 13:53
EKGYO,615887,1925107366,0.03,pusula,2026_03,2026-04-18 13:53
DMLKTG,1257963,2494529047,0.05,pusula,2026_03,2026-04-18 13:53
MIATK,552126,313087979,0.18,pusula,2026_03,2026-04-18 13:53
ASGYO,646115,165000000,0.39,pusula,2026_03,2026-04-18 13:53
KGYO,4337880,767894934,0.56,pusula,2026_03,2026-04-18 13:53
BINHO,708486,488884380,0.14,pusula,2026_03,2026-04-18 13:53
KOCMT,950105,587485478,0.16,pusula,2026_03,2026-04-18 13:53
GENKM,228004,124845000,0.18,pusula,2026_03,2026-04-18 13:53
CRDFA,303579,224990570,0.13,pusula,2026_03,2026-04-18 13:53
SMRTG,382540,664164672,0.06,pusula,2026_03,2026-04-18 13:53
KARSN,439281,827827039,0.05,pusula,2026_03,2026-04-18 13:53
KERVN,704143,588346973,0.12,pusula,2026_03,2026-04-18 13:53
KRVGD,258644,596159766,0.04,pusula,2026_03,2026-04-18 13:53
SERNT,438251,113000000,0.39,pusula,2026_03,2026-04-18 13:53
BULGS,241477,72500000,0.33,pusula,2026_03,2026-04-18 13:53
BERA,367441,492027250,0.07,pusula,2026_03,2026-04-18 13:53
EFOR,169967,670679994,0.03,pusula,2026_03,2026-04-18 13:53
VKGYO,297939,1637203242,0.02,pusula,2026_03,2026-04-18 13:53
EKOS,945347,307199852,0.31,pusula,2026_03,2026-04-18 13:53
MCARD,142241,18900000,0.75,pusula,2026_03,2026-04-18 13:53
ESCAR,289956,101933690,0.28,pusula,2026_03,2026-04-18 13:53
YKSLN,317309,197429566,0.16,pusula,2026_03,2026-04-18 13:53
KRDMA,186727,240300917,0.08,pusula,2026_03,2026-04-18 13:53
LXGYO,132741,118936300,0.11,pusula,2026_03,2026-04-18 13:53
IDGYO,150982,118909256,0.13,pusula,2026_03,2026-04-18 13:53
YAPRK,182185,88514958,0.21,pusula,2026_03,2026-04-18 13:53
KZBGY,2174782,1959999915,0.11,pusula,2026_03,2026-04-18 13:53
MAKIM,124213,42559998,0.29,pusula,2026_03,2026-04-18 13:53
ISYAT,271591,152245569,0.18,pusula,2026_03,2026-04-18 13:53
TCELL,156186,1622604373,0.01,pusula,2026_03,2026-04-18 13:53
RYGYO,308722,770588057,0.04,pusula,2026_03,2026-04-18 13:53
IZMDC,418681,723225318,0.06,pusula,2026_03,2026-04-18 13:53
IHYAY,674636,388124996,0.17,pusula,2026_03,2026-04-18 13:53
ECILC,145514,210589603,0.07,pusula,2026_03,2026-04-18 13:53
TLBICV,98820,10000000,0.99,pusula,2026_03,2026-04-18 13:53
KLYPV,133186,46334639,0.29,pusula,2026_03,2026-04-18 13:53
AGYO,217002,129036460,0.17,pusula,2026_03,2026-04-18 13:53
MEGAP,368193,234498757,0.16,pusula,2026_03,2026-04-18 13:53
TNZTP,167040,87499950,0.19,pusula,2026_03,2026-04-18 13:53
YGYO,586070,1310632851,0.04,pusula,2026_03,2026-04-18 13:53
CEMAS,429835,790994229,0.05,pusula,2026_03,2026-04-18 13:53
ASELS,192237,1178601424,0.02,pusula,2026_03,2026-04-18 13:53
GENIL,19029235,1289069985,1.48,pusula,2026_03,2026-04-18 13:53
HUNER,331402,670137933,0.05,pusula,2026_03,2026-04-18 13:53
KIMMR,67260,75000000,0.09,pusula,2026_03,2026-04-18 13:53
EGSER,401701,545751057,0.07,pusula,2026_03,2026-04-18 13:53
SAFKR,193153,140056162,0.14,pusula,2026_03,2026-04-18 13:53
KLSER,160785,109457654,0.15,pusula,2026_03,2026-04-18 13:53
AKFGY,388309,3457819313,0.01,pusula,2026_03,2026-04-18 13:53
MNDTR,312664,910071938,0.03,pusula,2026_03,2026-04-18 13:53
PAPIL,230080,206247674,0.11,pusula,2026_03,2026-04-18 13:53
MEKAG,235653,320319999,0.07,pusula,2026_03,2026-04-18 13:53
RALYH,63229,176370972,0.04,pusula,2026_03,2026-04-18 13:53
HEKTS,2946554,3946424637,0.07,pusula,2026_03,2026-04-18 13:53
TRCAS,95716,206252869,0.05,pusula,2026_03,2026-04-18 13:53
KRPLS,206792,78486163,0.26,pusula,2026_03,2026-04-18 13:53
DGNMO,132166,327634635,0.04,pusula,2026_03,2026-04-18 13:53
RUZYE,122135,267748491,0.05,pusula,2026_03,2026-04-18 13:53
PATEK,405661,293081893,0.14,pusula,2026_03,2026-04-18 13:53
ALKLC,68597,45283467,0.15,pusula,2026_03,2026-04-18 13:53
SURGY,76565,44999990,0.17,pusula,2026_03,2026-04-18 13:53
GSDHO,139809,999994969,0.01,pusula,2026_03,2026-04-18 13:53
CATES,82340,33050000,0.25,pusula,2026_03,2026-04-18 13:53
EMPAE,48298,38000000,0.13,pusula,2026_03,2026-04-18 13:53
BEGYO,415111,290000000,0.14,pusula,2026_03,2026-04-18 13:53
MOGAN,260415,262635000,0.1,pusula,2026_03,2026-04-18 13:53
BIENY,146059,83144831,0.18,pusula,2026_03,2026-04-18 13:53
MOBTL,981960,207999999,0.47,pusula,2026_03,2026-04-18 13:53
GRNYO,116171,37386059,0.31,pusula,2026_03,2026-04-18 13:53
MTRYO,101395,39900000,0.25,pusula,2026_03,2026-04-18 13:53
TUCLK,705229,263182600,0.27,pusula,2026_03,2026-04-18 13:53
CVKMD,596536,461999787,0.13,pusula,2026_03,2026-04-18 13:53
AGROT,653696,879999770,0.07,pusula,2026_03,2026-04-18 13:53
LIDFA,354905,458180545,0.08,pusula,2026_03,2026-04-18 13:53
TKNSA,72361,100485379,0.07,pusula,2026_03,2026-04-18 13:53
BRLSM,144155,108025075,0.13,pusula,2026_03,2026-04-18 13:53
PETUN,230406,134673118,0.17,pusula,2026_03,2026-04-18 13:53
ADEL,87586,112043619,0.08,pusula,2026_03,2026-04-18 13:53
MEYSU,1320229,175000000,0.75,pusula,2026_03,2026-04-18 13:53
TATGD,46942,119286243,0.04,pusula,2026_03,2026-04-18 13:53
PENTA,110843,181070136,0.06,pusula,2026_03,2026-04-18 13:53
SEGMN,28242,80999980,0.03,pusula,2026_03,2026-04-18 13:53
MARBL,152428,65226403,0.23,pusula,2026_03,2026-04-18 13:53
ESCOM,85924,465831670,0.02,pusula,2026_03,2026-04-18 13:53
PSIFGV,24507,1566351,1.56,pusula,2026_03,2026-04-18 13:53
YEOTK,83779,160933198,0.05,pusula,2026_03,2026-04-18 13:53
DARDL,797410,1753442695,0.05,pusula,2026_03,2026-04-18 13:53
ALKIM,69106,182767821,0.04,pusula,2026_03,2026-04-18 13:53
NATEN,213290,309374995,0.07,pusula,2026_03,2026-04-18 13:53
MNDRS,37578,222008082,0.02,pusula,2026_03,2026-04-18 13:53
SUWEN,44916,365687500,0.01,pusula,2026_03,2026-04-18 13:53
BESLR,145918,658098036,0.02,pusula,2026_03,2026-04-18 13:53
PENGD,133007,171069968,0.08,pusula,2026_03,2026-04-18 13:53
PMIBQV,20311,11118806,0.18,pusula,2026_03,2026-04-18 13:53
ISMEN,91782,467723147,0.02,pusula,2026_03,2026-04-18 13:53
LKMNH,769104,163262533,0.47,pusula,2026_03,2026-04-18 13:53
KFEIN,114575,150306170,0.08,pusula,2026_03,2026-04-18 13:53
HATEK,145805,62998947,0.23,pusula,2026_03,2026-04-18 13:53
DUNYH,66751,36443197,0.18,pusula,2026_03,2026-04-18 13:53
VAKKO,20264,30788486,0.07,pusula,2026_03,2026-04-18 13:53
SMART,42284,29737499,0.14,pusula,2026_03,2026-04-18 13:53
EDATA,84793,160065395,0.05,pusula,2026_03,2026-04-18 13:53
GESAN,103172,141759179,0.07,pusula,2026_03,2026-04-18 13:53
ARCLK,39768,170054765,0.02,pusula,2026_03,2026-04-18 13:53
DSTKF,1319,84533333,0.0,pusula,2026_03,2026-04-18 13:53
AOIHWV,14727,1925052,0.77,pusula,2026_03,2026-04-18 13:53
MERIT,31199,329748900,0.01,pusula,2026_03,2026-04-18 13:53
GMTAS,59778,298687813,0.02,pusula,2026_03,2026-04-18 13:53
BURCE,27099,44422390,0.06,pusula,2026_03,2026-04-18 13:53
TRMET,40130,174483588,0.02,pusula,2026_03,2026-04-18 13:53
BOSSA,80553,508724189,0.02,pusula,2026_03,2026-04-18 13:53
TTKOM,62073,524999999,0.01,pusula,2026_03,2026-04-18 13:53
YUNSA,2305792,202164056,1.14,pusula,2026_03,2026-04-18 13:53
BIGTK,13109,23834373,0.06,pusula,2026_03,2026-04-18 13:53
AYDEM,19356,130000000,0.01,pusula,2026_03,2026-04-18 13:53
ONCSM,16320,10086000,0.16,pusula,2026_03,2026-04-18 13:53
UCAYM,71683,60000000,0.12,pusula,2026_03,2026-04-18 13:53
ERSU,23732,31755894,0.07,pusula,2026_03,2026-04-18 13:53
BRKSN,54700,62639942,0.09,pusula,2026_03,2026-04-18 13:53
SARKY,53699,999999671,0.01,pusula,2026_03,2026-04-18 13:53
RODRG,73547,16822352,0.44,pusula,2026_03,2026-04-18 13:53
NAIWEV,10000,1371405,0.73,pusula,2026_03,2026-04-18 13:53
ANIKAV,9994,7627956,0.13,pusula,2026_03,2026-04-18 13:53
ATATP,43171,18809999,0.23,pusula,2026_03,2026-04-18 13:53
ATLAS,16559,59999865,0.03,pusula,2026_03,2026-04-18 13:53
BAKAB,16002,34985326,0.05,pusula,2026_03,2026-04-18 13:53
SKYMD,58616,52499981,0.11,pusula,2026_03,2026-04-18 13:53
POLHO,30937,164140074,0.02,pusula,2026_03,2026-04-18 13:53
SRVGY,261812,812499687,0.03,pusula,2026_03,2026-04-18 13:53
LRSHO,417553,724120946,0.06,pusula,2026_03,2026-04-18 13:53
KMPUR,69762,132432524,0.05,pusula,2026_03,2026-04-18 13:53
DOGUB,9081,19821566,0.05,pusula,2026_03,2026-04-18 13:53
GLRMK,38264,58116000,0.07,pusula,2026_03,2026-04-18 13:53
LMKDC,56426,155929999,0.04,pusula,2026_03,2026-04-18 13:53
BMSCH,46077,69277402,0.07,pusula,2026_03,2026-04-18 13:53
CRFSA,17654,18312793,0.1,pusula,2026_03,2026-04-18 13:53
EUHOL,49955,142999954,0.03,pusula,2026_03,2026-04-18 13:53
AEIYWV,7500,6015130,0.12,pusula,2026_03,2026-04-18 13:53
ASUZU,32600,41130807,0.08,pusula,2026_03,2026-04-18 13:53
BALAT,115485,13588195,0.85,pusula,2026_03,2026-04-18 13:53
ISFIN,39097,310154523,0.01,pusula,2026_03,2026-04-18 13:53
NETCD,17482,40000000,0.04,pusula,2026_03,2026-04-18 13:53
HTTBT,22235,82805422,0.03,pusula,2026_03,2026-04-18 13:53
GOZDE,25540,384991447,0.01,pusula,2026_03,2026-04-18 13:53
OSMEN,67816,159162130,0.04,pusula,2026_03,2026-04-18 13:53
AHSGY,51915,184999889,0.03,pusula,2026_03,2026-04-18 13:53
BIZIM,37401,27601626,0.14,pusula,2026_03,2026-04-18 13:53
OFSYM,29441,22749998,0.13,pusula,2026_03,2026-04-18 13:53
AKFIS,114954,66841328,0.17,pusula,2026_03,2026-04-18 13:53
GLYHO,29828,1949290631,0.0,pusula,2026_03,2026-04-18 13:53
ICBCT,79158,216761845,0.04,pusula,2026_03,2026-04-18 13:53
TTRAK,21524,24967158,0.09,pusula,2026_03,2026-04-18 13:53
PARSN,27064,34033246,0.08,pusula,2026_03,2026-04-18 13:53
BURVA,5452,4723271,0.12,pusula,2026_03,2026-04-18 13:53
ANIJVV,5050,15400966,0.03,pusula,2026_03,2026-04-18 13:53
PMIBRV,5000,4365624,0.11,pusula,2026_03,2026-04-18 13:53
PBAKIV,4904,3983634,0.12,pusula,2026_03,2026-04-18 13:53
GLCVY,46491,26400000,0.18,pusula,2026_03,2026-04-18 13:53
AEFES,299153,2028860053,0.01,pusula,2026_03,2026-04-18 13:53
GRTHO,26641,36745000,0.07,pusula,2026_03,2026-04-18 13:53
FORMT,624381,1029046010,0.06,pusula,2026_03,2026-04-18 13:53
DOFRB,25456,45000000,0.06,pusula,2026_03,2026-04-18 13:53
FORTE,20627,27999999,0.07,pusula,2026_03,2026-04-18 13:53
TOASO,39650,120585077,0.03,pusula,2026_03,2026-04-18 13:53
RUBNS,22339,42377765,0.05,pusula,2026_03,2026-04-18 13:53
KUTPO,16270,10524430,0.15,pusula,2026_03,2026-04-18 13:53
VKING,22060,30932905,0.07,pusula,2026_03,2026-04-18 13:53
ZEDUR,193511,69899991,0.28,pusula,2026_03,2026-04-18 13:53
OZRDN,19520,57107579,0.03,pusula,2026_03,2026-04-18 13:53
OTKAR,18119,33417145,0.05,pusula,2026_03,2026-04-18 13:53
MEDTR,6726,24499999,0.03,pusula,2026_03,2026-04-18 13:53
GUBRF,18863,85403679,0.02,pusula,2026_03,2026-04-18 13:53
INVEO,66961,998999954,0.01,pusula,2026_03,2026-04-18 13:53
PKENT,13724,23766169,0.06,pusula,2026_03,2026-04-18 13:53
HKTM,54213,72747495,0.07,pusula,2026_03,2026-04-18 13:53
AGHOL,54264,1069828243,0.01,pusula,2026_03,2026-04-18 13:53
EDIP,6339,36468204,0.02,pusula,2026_03,2026-04-18 13:53
ARASE,8437,49999991,0.02,pusula,2026_03,2026-04-18 13:53
EREGL,731511,3554243274,0.02,pusula,2026_03,2026-04-18 13:53
KRSTL,14459,183664642,0.01,pusula,2026_03,2026-04-18 13:53
KARTN,23377,72781126,0.03,pusula,2026_03,2026-04-18 13:53
AVPGY,18192,99999990,0.02,pusula,2026_03,2026-04-18 13:53
GOKNR,90749,178040711,0.05,pusula,2026_03,2026-04-18 13:53
KLRHO,2802,341250000,0.0,pusula,2026_03,2026-04-18 13:53
SMRVA,18047,28000000,0.06,pusula,2026_03,2026-04-18 13:53
MARKA,9018,20802018,0.04,pusula,2026_03,2026-04-18 13:53
GIPTA,26129,51617863,0.05,pusula,2026_03,2026-04-18 13:53
SEYKM,486293,151040901,0.32,pusula,2026_03,2026-04-18 13:53
MGROS,10075,96563568,0.01,pusula,2026_03,2026-04-18 13:53
BASCM,3213,49238593,0.01,pusula,2026_03,2026-04-18 13:53
UNLU,108950,102181558,0.11,pusula,2026_03,2026-04-18 13:53
KONKA,107471,89670000,0.12,pusula,2026_03,2026-04-18 13:53
SANEL,21228,18112451,0.12,pusula,2026_03,2026-04-18 13:53
NUHCM,4484,33164430,0.01,pusula,2026_03,2026-04-18 13:53
DESPC,7610,16023700,0.05,pusula,2026_03,2026-04-18 13:53
HOROZ,4543,24599986,0.02,pusula,2026_03,2026-04-18 13:53
DOFER,11436,20172500,0.06,pusula,2026_03,2026-04-18 13:53
KNFRT,30290,131747000,0.02,pusula,2026_03,2026-04-18 13:53
ARENA,35978,66996461,0.05,pusula,2026_03,2026-04-18 13:53
APMDLF,1755,12300000,0.01,pusula,2026_03,2026-04-18 13:53
FLAP,151900,93599985,0.16,pusula,2026_03,2026-04-18 13:53
AYES,79924,87622392,0.09,pusula,2026_03,2026-04-18 13:53
DIRIT,3905,10150123,0.04,pusula,2026_03,2026-04-18 13:53
CELHA,24306,146124225,0.02,pusula,2026_03,2026-04-18 13:53
DEVA,12248,199971824,0.01,pusula,2026_03,2026-04-18 13:53
BVSAN,9473,13749998,0.07,pusula,2026_03,2026-04-18 13:53
BUCIM,57933,1292638065,0.0,pusula,2026_03,2026-04-18 13:53
OTTO,7135,5824438,0.12,pusula,2026_03,2026-04-18 13:53
TAVHL,-36864,213213415,-0.02,pusula,2026_03,2026-04-18 13:53
VERUS,3355,34499937,0.01,pusula,2026_03,2026-04-18 13:53
KAPLM,4959,4571305,0.11,pusula,2026_03,2026-04-18 13:53
GLDTRF,4683,47850000,0.01,pusula,2026_03,2026-04-18 13:53
TRGYO,11009,251573369,0.0,pusula,2026_03,2026-04-18 13:53
SELEC,19775,124262097,0.02,pusula,2026_03,2026-04-18 13:53
ARMGD,1459,54996000,0.0,pusula,2026_03,2026-04-18 13:53
GRSEL,19113,29650000,0.06,pusula,2026_03,2026-04-18 13:53
BRYAT,5537,10264685,0.05,pusula,2026_03,2026-04-18 13:53
CUSAN,6941,18500000,0.04,pusula,2026_03,2026-04-18 13:53
AYGAZ,1423,98568807,0.0,pusula,2026_03,2026-04-18 13:53
EKSUN,334800,171792833,0.19,pusula,2026_03,2026-04-18 13:53
HATSN,23342,44299964,0.05,pusula,2026_03,2026-04-18 13:53
KUVVA,7335,24204585,0.03,pusula,2026_03,2026-04-18 13:53
VERTU,11000,22000000,0.05,pusula,2026_03,2026-04-18 13:53
ATIJDV,500,2037625,0.02,pusula,2026_03,2026-04-18 13:53
CASA,3593,4894317,0.07,pusula,2026_03,2026-04-18 13:53
MEPET,15861,73940585,0.02,pusula,2026_03,2026-04-18 13:53
TRENJ,10489,98018735,0.01,pusula,2026_03,2026-04-18 13:53
MTRKS,676981,43633165,1.55,pusula,2026_03,2026-04-18 13:53
MAALT,1404,4763850,0.03,pusula,2026_03,2026-04-18 13:53
TARKM,3324,4999997,0.07,pusula,2026_03,2026-04-18 13:53
ULUSE,2410,24000000,0.01,pusula,2026_03,2026-04-18 13:53
ULKER,27200,338855989,0.01,pusula,2026_03,2026-04-18 13:53
CMBTN,2074,1023000,0.2,pusula,2026_03,2026-04-18 13:53
AGESA,8609,35829553,0.02,pusula,2026_03,2026-04-18 13:53
TMSN,16153,44449999,0.04,pusula,2026_03,2026-04-18 13:53
ANHYT,4841,88457041,0.01,pusula,2026_03,2026-04-18 13:53
SONME,2845,4349319,0.07,pusula,2026_03,2026-04-18 13:53
ATSYH,5109,7998869,0.06,pusula,2026_03,2026-04-18 13:53
TBORG,5204,59392160,0.01,pusula,2026_03,2026-04-18 13:53
BIGCH,125321,368932945,0.03,pusula,2026_03,2026-04-18 13:53
BANVT,10981,36961044,0.03,pusula,2026_03,2026-04-18 13:53
PAGYO,3033,57781202,0.01,pusula,2026_03,2026-04-18 13:53
YATAS,1899,94866488,0.0,pusula,2026_03,2026-04-18 13:53
INTEK,931,5043584,0.02,pusula,2026_03,2026-04-18 13:53
ATAGY,12003,45670114,0.03,pusula,2026_03,2026-04-18 13:53
SUMAS,2300,5434738,0.04,pusula,2026_03,2026-04-18 13:53
PLTUR,797439,49500000,1.61,pusula,2026_03,2026-04-18 13:53
FMIZP,685,3497641,0.02,pusula,2026_03,2026-04-18 13:53
POLTK,207,1125000,0.02,pusula,2026_03,2026-04-18 13:53
EMNIS,4938,3429235,0.14,pusula,2026_03,2026-04-18 13:53
YGGYO,154,240625741,0.0,pusula,2026_03,2026-04-18 13:53
ALCAR,476,1721735,0.03,pusula,2026_03,2026-04-18 13:53
INVES,102,37480000,0.0,pusula,2026_03,2026-04-18 13:53
ZGOLDF,2155,152040000,0.0,pusula,2026_03,2026-04-18 13:53
DOKTA,5049,145872862,0.0,pusula,2026_03,2026-04-18 13:53
AKCNS,11502,39359284,0.03,pusula,2026_03,2026-04-18 13:53
ECZYT,8423,45880511,0.02,pusula,2026_03,2026-04-18 13:53
CLEBI,1469,5490178,0.03,pusula,2026_03,2026-04-18 13:53
BFREN,4233,24586148,0.02,pusula,2026_03,2026-04-18 13:53
PPITSV,2,13419105,0.0,pusula,2026_03,2026-04-18 13:53
KSTUR,80,3952560,0.0,pusula,2026_03,2026-04-18 13:53
SLROAV,1,1524822,0.0,pusula,2026_03,2026-04-18 13:53
YBTAS,23693,31617148,0.07,pusula,2026_03,2026-04-18 13:53
EGYO,4500,36676214,0.01,pusula,2026_03,2026-04-18 13:53
ATAC,66667,103398067,0.06,pusula,2026_03,2026-04-18 13:53
PRTAS,0,21405233,0.0,pusula,2026_03,2026-04-18 13:53
AAIDTV,0,4762346,0.0,pusula,2026_03,2026-04-18 13:53
GATEG,3227,10570341,0.03,pusula,2026_03,2026-04-18 13:53
GEDIZ,5000,7163595,0.07,pusula,2026_03,2026-04-18 13:53
EKIZ,62,8198720,0.0,pusula,2026_03,2026-04-18 13:53
GENYH,19619,9999906,0.2,pusula,2026_03,2026-04-18 13:53
IHEVA,1130650,291631239,0.39,pusula,2026_03,2026-04-18 13:53
CLKHO,12467,26183651,0.05,pusula,2026_03,2026-04-18 13:53
AKSEL,1,7100000,0.0,pusula,2026_03,2026-04-18 13:53
ARTI,101,9881683,0.0,pusula,2026_03,2026-04-18 13:53
MRTGG,14130,14339249,0.1,pusula,2026_03,2026-04-18 13:53
ARTOG,1,18578922,0.0,pusula,2026_03,2026-04-18 13:53
TRNSK,1000,25616249,0.0,pusula,2026_03,2026-04-18 13:53
BMEKS,35284,114192339,0.03,pusula,2026_03,2026-04-18 13:53
SALIX,2,4949230,0.0,pusula,2026_03,2026-04-18 13:53
FRIMCV,0,1016236,0.0,pusula,2026_03,2026-04-18 13:53
ENPRA,8864,374258700,0.0,pusula,2026_03,2026-04-18 13:53
ANELT,1,43199817,0.0,pusula,2026_03,2026-04-18 13:53
TUMTK,8070,76370187,0.01,pusula,2026_03,2026-04-18 13:53
LATEK,12001,39499512,0.03,pusula,2026_03,2026-04-18 13:53
IVIGFV,0,11154495,0.0,pusula,2026_03,2026-04-18 13:53
BYSAN,18373,16552134,0.11,pusula,2026_03,2026-04-18 13:53
UKIM,5000,2053621,0.24,pusula,2026_03,2026-04-18 13:53
GOLDS,302820,192323946,0.16,pusula,2026_03,2026-04-18 13:53
ORMA,1102,3663265,0.03,pusula,2026_03,2026-04-18 13:53
UMPAS,64227,19699184,0.33,pusula,2026_03,2026-04-18 13:53
LIOYS,7250,31625013,0.02,pusula,2026_03,2026-04-18 13:53
UNTAR,10350,29562129,0.04,pusula,2026_03,2026-04-18 13:53
UZEL,124850,26329793,0.47,pusula,2026_03,2026-04-18 13:53
SKPLC,501,13084995,0.0,pusula,2026_03,2026-04-18 13:53
ATPET,21670,11403497,0.19,pusula,2026_03,2026-04-18 13:53
ARAT,2858,39867975,0.01,pusula,2026_03,2026-04-18 13:53
PPIETV,0,4462305,0.0,pusula,2026_03,2026-04-18 13:53
PPITMV,0,11816981,0.0,pusula,2026_03,2026-04-18 13:53
PPITQV,0,3051666,0.0,pusula,2026_03,2026-04-18 13:53
CBSBO,500,14692447,0.0,pusula,2026_03,2026-04-18 13:53
AKPAZ,35619,22488832,0.16,pusula,2026_03,2026-04-18 13:53
SEIDCV,0,1222570,0.0,pusula,2026_03,2026-04-18 13:53
SNPAM,479,19679871,0.0,pusula,2026_03,2026-04-18 13:53
EGCEY,8162,19749798,0.04,pusula,2026_03,2026-04-18 13:53
FENIS,1,26080019,0.0,pusula,2026_03,2026-04-18 13:53
EGCYH,310,39900235,0.0,pusula,2026_03,2026-04-18 13:53
EGCYO,2,21986285,0.0,pusula,2026_03,2026-04-18 13:53
ASYAB,112752,477899601,0.02,pusula,2026_03,2026-04-18 13:53
DMISH,5,41526838,0.0,pusula,2026_03,2026-04-18 13:53
ULIFKV,0,1752570,0.0,pusula,2026_03,2026-04-18 13:53
FVORI,18039,17564673,0.1,pusula,2026_03,2026-04-18 13:53
MEMSA,14507,160110709,0.01,pusula,2026_03,2026-04-18 13:53
PSDTC,16187,6599991,0.25,pusula,2026_03,2026-04-18 13:53
LYDYE,8,1391287,0.0,pusula,2026_03,2026-04-18 13:53
ACSEL,2957,8589113,0.03,pusula,2026_03,2026-04-18 13:53
PAMEL,2564,21533681,0.01,pusula,2026_03,2026-04-18 13:53
TCKRC,26291,70000000,0.04,pusula,2026_03,2026-04-18 13:53
MRSHL,647,4212888,0.02,pusula,2026_03,2026-04-18 13:53
GOLTS,2538,12422783,0.02,pusula,2026_03,2026-04-18 13:53
KONYA,302,1646416,0.02,pusula,2026_03,2026-04-18 13:53
TLMAN,8510,10300000,0.08,pusula,2026_03,2026-04-18 13:53
GMSTRF,18974,75300000,0.03,pusula,2026_03,2026-04-18 13:53
DERIM,1765,40403770,0.0,pusula,2026_03,2026-04-18 13:53
RAYSG,7873,51947024,0.02,pusula,2026_03,2026-04-18 13:53
INGRM,947,14969536,0.01,pusula,2026_03,2026-04-18 13:53
VSNMD,22381,24000000,0.09,pusula,2026_03,2026-04-18 13:53
TGSAS,574,12348294,0.0,pusula,2026_03,2026-04-18 13:53
AVHOL,6411,26047279,0.02,pusula,2026_03,2026-04-18 13:53
ISBIR,10058,14545542,0.07,pusula,2026_03,2026-04-18 13:53
ALCTL,3535,13543218,0.03,pusula,2026_03,2026-04-18 13:53
AKMGY,8440,21568998,0.04,pusula,2026_03,2026-04-18 13:53
KENT,361,1786507,0.02,pusula,2026_03,2026-04-18 13:53
RGYAS,1993,105523000,0.0,pusula,2026_03,2026-04-18 13:53
ISDMR,148790,147631816,0.1,pusula,2026_03,2026-04-18 13:53
EGEEN,1731,1137161,0.15,pusula,2026_03,2026-04-18 13:53
PKART,17537,11048497,0.16,pusula,2026_03,2026-04-18 13:53
YONGA,6315,7198435,0.09,pusula,2026_03,2026-04-18 13:53
KLNMA,39610,91846864,0.04,pusula,2026_03,2026-04-18 13:53
TURGG,7739,32042988,0.02,pusula,2026_03,2026-04-18 13:53
KORDS,15688,65421451,0.02,pusula,2026_03,2026-04-18 13:53
ANELE,43049,151405542,0.03,pusula,2026_03,2026-04-18 13:53
UFUK,3817,46845974,0.01,pusula,2026_03,2026-04-18 13:53
ENJSA,20936,236209270,0.01,pusula,2026_03,2026-04-18 13:53
BRMEN,49951,57566555,0.09,pusula,2026_03,2026-04-18 13:53
ERBOS,6171,15899843,0.04,pusula,2026_03,2026-04-18 13:53
AYCES,442,1895369,0.02,pusula,2026_03,2026-04-18 13:53
OBASE,16721,14924000,0.11,pusula,2026_03,2026-04-18 13:53
ATEKS,1645,5441598,0.03,pusula,2026_03,2026-04-18 13:53
QNBFK,6207,843137646,0.0,pusula,2026_03,2026-04-18 13:53
CMENT,1542,56829666,0.0,pusula,2026_03,2026-04-18 13:53
TMPOL,1631,11039990,0.01,pusula,2026_03,2026-04-18 13:53
ULUUN,56568,290523353,0.02,pusula,2026_03,2026-04-18 13:53
BOBET,79797,113999998,0.07,pusula,2026_03,2026-04-18 13:53
COSMO,222,6494091,0.0,pusula,2026_03,2026-04-18 13:53
DGATE,93829,15227271,0.62,pusula,2026_03,2026-04-18 13:53
LOGO,8479,74328248,0.01,pusula,2026_03,2026-04-18 13:53
PRKME,37671,53038641,0.07,pusula,2026_03,2026-04-18 13:53
SUNTK,33170,145280000,0.02,pusula,2026_03,2026-04-18 13:53
BIGEN,409708,115500000,0.35,pusula,2026_03,2026-04-18 13:53
SANKO,7968,37499197,0.02,pusula,2026_03,2026-04-18 13:53
ISGYO,5420,531312439,0.0,pusula,2026_03,2026-04-18 13:53
BRISA,2828,31247472,0.01,pusula,2026_03,2026-04-18 13:53
BASGZ,2602,174999999,0.0,pusula,2026_03,2026-04-18 13:53
CEOEM,98885,22209658,0.45,pusula,2026_03,2026-04-18 13:53
MMCAS,6787,12394294,0.05,pusula,2026_03,2026-04-18 13:53
LUKSK,3376,27257202,0.01,pusula,2026_03,2026-04-18 13:53
SAMAT,598576,103183797,0.58,pusula,2026_03,2026-04-18 13:53
BRSAN,13689,35912460,0.04,pusula,2026_03,2026-04-18 13:53
NETAS,5150,31783484,0.02,pusula,2026_03,2026-04-18 13:53
BINBN,2365,17000000,0.01,pusula,2026_03,2026-04-18 13:53
PRZMA,172591,61941150,0.28,pusula,2026_03,2026-04-18 13:53
BRKVY,327627,13618361,2.41,pusula,2026_03,2026-04-18 13:53
ISGSY,5207,47378729,0.01,pusula,2026_03,2026-04-18 13:53
IHAAS,523,56031248,0.0,pusula,2026_03,2026-04-18 13:53
TSGYO,225378,266499982,0.08,pusula,2026_03,2026-04-18 13:53
BAHKM,5464,23289000,0.02,pusula,2026_03,2026-04-18 13:53
VKFYO,30962,26473700,0.12,pusula,2026_03,2026-04-18 13:53
DURDO,909025,379703149,0.24,pusula,2026_03,2026-04-18 13:53
OYAYO,31288,19999941,0.16,pusula,2026_03,2026-04-18 13:53
VBTYZ,42158,56205000,0.08,pusula,2026_03,2026-04-18 13:53
DESA,15440,171107590,0.01,pusula,2026_03,2026-04-18 13:53
KRGYO,113727,275246747,0.04,pusula,2026_03,2026-04-18 13:53
PNLSN,42896,34752383,0.12,pusula,2026_03,2026-04-18 13:53
IEYHO,190535,541033797,0.04,pusula,2026_03,2026-04-18 13:53
ARTMS,37243,28399999,0.13,pusula,2026_03,2026-04-18 13:53
PRKAB,13799,35225443,0.04,pusula,2026_03,2026-04-18 13:53
KLKIM,41616,138383655,0.03,pusula,2026_03,2026-04-18 13:53
BLUME,141909,174710134,0.08,pusula,2026_03,2026-04-18 13:53
KOTON,44519,136599922,0.03,pusula,2026_03,2026-04-18 13:53
GARFA,4337,138399778,0.0,pusula,2026_03,2026-04-18 13:53
DGGYO,2805,280709437,0.0,pusula,2026_03,2026-04-18 13:53
KTSKR,26703,14691795,0.18,pusula,2026_03,2026-04-18 13:53
KRONT,3455,116892885,0.0,pusula,2026_03,2026-04-18 13:53
SDTTR,7938,15990000,0.05,pusula,2026_03,2026-04-18 13:53
ERCB,43531,39113273,0.11,pusula,2026_03,2026-04-18 13:53
ARDYZ,92343,279551557,0.03,pusula,2026_03,2026-04-18 13:53
GEDIK,210303,983076857,0.02,pusula,2026_03,2026-04-18 13:53
AKENR,78932,385189246,0.02,pusula,2026_03,2026-04-18 13:53
SAYAS,7288,42530887,0.02,pusula,2026_03,2026-04-18 13:53
IZINV,1403,13540386,0.01,pusula,2026_03,2026-04-18 13:53
TABGD,1089,52499906,0.0,pusula,2026_03,2026-04-18 13:53
GLBMD,9150,28880500,0.03,pusula,2026_03,2026-04-18 13:53
DOAS,26352,97899975,0.03,pusula,2026_03,2026-04-18 13:53
KRTEK,32951,18914650,0.17,pusula,2026_03,2026-04-18 13:53
TKFEN,21485,230848007,0.01,pusula,2026_03,2026-04-18 13:53
ORGE,27164,41839996,0.06,pusula,2026_03,2026-04-18 13:53
KCAER,486350,496494775,0.1,pusula,2026_03,2026-04-18 13:53
EGGUB,1473,75862197,0.0,pusula,2026_03,2026-04-18 13:53
DNISI,31531,59171727,0.05,pusula,2026_03,2026-04-18 13:53
SEKFK,20003,62311473,0.03,pusula,2026_03,2026-04-18 13:53
PRDGS,19683,110850000,0.02,pusula,2026_03,2026-04-18 13:53
JANTS,37560,207607465,0.02,pusula,2026_03,2026-04-18 13:53
SEKUR,149842,131457835,0.11,pusula,2026_03,2026-04-18 13:53
ALARK,28870,165125148,0.02,pusula,2026_03,2026-04-18 13:53
SODSN,43510,45485261,0.1,pusula,2026_03,2026-04-18 13:53
KZGYO,30637,49999978,0.06,pusula,2026_03,2026-04-18 13:53
BMSTL,147622,74772261,0.2,pusula,2026_03,2026-04-18 13:53
OYLUM,50343,80937367,0.06,pusula,2026_03,2026-04-18 13:53
TRILC,61121,118499496,0.05,pusula,2026_03,2026-04-18 13:53
PINSU,52110,101635846,0.05,pusula,2026_03,2026-04-18 13:53
REEDR,531238,632419525,0.08,pusula,2026_03,2026-04-18 13:53
DYOBY,222648,186553687,0.12,pusula,2026_03,2026-04-18 13:53
OYYAT,13575,91048322,0.01,pusula,2026_03,2026-04-18 13:53
OZSUB,3611,44247402,0.01,pusula,2026_03,2026-04-18 13:53
INTEM,285,9428747,0.0,pusula,2026_03,2026-04-18 13:53
ATAKP,9281,28224000,0.03,pusula,2026_03,2026-04-18 13:53
ETYAT,18437,17737148,0.1,pusula,2026_03,2026-04-18 13:53
ALBRK,52226,1050739765,0.0,pusula,2026_03,2026-04-18 13:53
NTHOL,3041,485479112,0.0,pusula,2026_03,2026-04-18 13:53
GSDDE,81614,106850751,0.08,pusula,2026_03,2026-04-18 13:53
CIMSA,135990,488602363,0.03,pusula,2026_03,2026-04-18 13:53
EGPRO,18710,175170570,0.01,pusula,2026_03,2026-04-18 13:53
ELITE,72284,44650000,0.16,pusula,2026_03,2026-04-18 13:53
ISSEN,164226,107417374,0.15,pusula,2026_03,2026-04-18 13:53
EGEGY,338136,69140000,0.49,pusula,2026_03,2026-04-18 13:53
MAKTK,335415,184370066,0.18,pusula,2026_03,2026-04-18 13:53
GZNMI,33405,40949825,0.08,pusula,2026_03,2026-04-18 13:53
DMSAS,114900,199994510,0.06,pusula,2026_03,2026-04-18 13:53
OZYSR,354289,40488000,0.88,pusula,2026_03,2026-04-18 13:53
ZGYO,83222,84500000,0.1,pusula,2026_03,2026-04-18 13:53
AKSUE,6418,56376184,0.01,pusula,2026_03,2026-04-18 13:53
ETILR,60742,156217454,0.04,pusula,2026_03,2026-04-18 13:53
IZENR,172203,914537597,0.02,pusula,2026_03,2026-04-18 13:53
CWENE,183424,530758241,0.03,pusula,2026_03,2026-04-18 13:53
DZGYO,29580,399777846,0.01,pusula,2026_03,2026-04-18 13:53
KLMSN,33074,30881297,0.11,pusula,2026_03,2026-04-18 13:53
ONRYT,28424,19730000,0.14,pusula,2026_03,2026-04-18 13:53
BIMAS,15961,436214016,0.0,pusula,2026_03,2026-04-18 13:53
ANGEN,104845,86440002,0.12,pusula,2026_03,2026-04-18 13:53
USAK,2712150,2436064709,0.11,pusula,2026_03,2026-04-18 13:53
ALFAS,41710,84639559,0.05,pusula,2026_03,2026-04-18 13:53
GEDZA,13413,42983624,0.03,pusula,2026_03,2026-04-18 13:53
ANSGR,20517,1564416026,0.0,pusula,2026_03,2026-04-18 13:53
EUYO,10162,19932875,0.05,pusula,2026_03,2026-04-18 13:53
EUKYO,145102,19899963,0.73,pusula,2026_03,2026-04-18 13:53
PNSUT,119111,128323851,0.09,pusula,2026_03,2026-04-18 13:53
EPLAS,287445,190491857,0.15,pusula,2026_03,2026-04-18 13:53
INDES,124431,462749767,0.03,pusula,2026_03,2026-04-18 13:53
VESBE,483245,503578676,0.1,pusula,2026_03,2026-04-18 13:53
BALSU,63629,278000000,0.02,pusula,2026_03,2026-04-18 13:53
AKSGY,249195,1628451947,0.02,pusula,2026_03,2026-04-18 13:53
LYDHO,44336,197140970,0.02,pusula,2026_03,2026-04-18 13:53
FADE,279077,42347497,0.66,pusula,2026_03,2026-04-18 13:53
AYEN,51472,55531320,0.09,pusula,2026_03,2026-04-18 13:53
EBEBK,7016,40534692,0.02,pusula,2026_03,2026-04-18 13:53
MAGEN,9760,719512140,0.0,pusula,2026_03,2026-04-18 13:53
GWIND,32081,179165491,0.02,pusula,2026_03,2026-04-18 13:53
BLCYT,136658,49088907,0.28,pusula,2026_03,2026-04-18 13:53
EMKEL,188813,149999458,0.13,pusula,2026_03,2026-04-18 13:53
VESTL,125145,295447203,0.04,pusula,2026_03,2026-04-18 13:53
DOHOL,73666,984706978,0.01,pusula,2026_03,2026-04-18 13:53
OYAKC,122227,4656879379,0.0,pusula,2026_03,2026-04-18 13:53
AFYON,70792,399992258,0.02,pusula,2026_03,2026-04-18 13:53
QNBTR,1057,2571745911,0.0,pusula,2026_03,2026-04-18 13:53
OZATD,7528,13349988,0.06,pusula,2026_03,2026-04-18 13:53
ALTNY,144052,399885115,0.04,pusula,2026_03,2026-04-18 13:53
DCTTR,116622,157328724,0.07,pusula,2026_03,2026-04-18 13:53
DAGI,321699,175301274,0.18,pusula,2026_03,2026-04-18 13:53
BAGFS,55826,100042745,0.06,pusula,2026_03,2026-04-18 13:53
ULUFA,341198,305269391,0.11,pusula,2026_03,2026-04-18 13:53
AVTUR,6387,43067999,0.01,pusula,2026_03,2026-04-18 13:53
KAREL,177172,329659497,0.05,pusula,2026_03,2026-04-18 13:53
VANGD,44956,24374995,0.18,pusula,2026_03,2026-04-18 13:53
AVGYO,8987,111590302,0.01,pusula,2026_03,2026-04-18 13:53
YAYLA,179750,39874966,0.45,pusula,2026_03,2026-04-18 13:53
CCOLA,11829,820001147,0.0,pusula,2026_03,2026-04-18 13:53
KLGYO,427564,689399869,0.06,pusula,2026_03,2026-04-18 13:53
TEZOL,128403,139999972,0.09,pusula,2026_03,2026-04-18 13:53
TRHOL,109886,17583212,0.62,pusula,2026_03,2026-04-18 13:53
AKHAN,153543,54700000,0.28,pusula,2026_03,2026-04-18 13:53
ENDAE,55100,123901910,0.04,pusula,2026_03,2026-04-18 13:53
TRALT,471765,952269019,0.05,pusula,2026_03,2026-04-18 13:53
ULAS,-17569,25200172,-0.07,pusula,2026_03,2026-04-18 13:53
NUGYO,136819,324943976,0.04,pusula,2026_03,2026-04-18 13:53
CGCAM,71396,42000000,0.17,pusula,2026_03,2026-04-18 13:53
LILAK,82036,260252705,0.03,pusula,2026_03,2026-04-18 13:53
SKBNK,212612,2498877855,0.01,pusula,2026_03,2026-04-18 13:53
MPARK,17656,80869110,0.02,pusula,2026_03,2026-04-18 13:53
HURGZ,359443,220784167,0.16,pusula,2026_03,2026-04-18 13:53
SOKE,34327,126999996,0.03,pusula,2026_03,2026-04-18 13:53
SKYLP,9980,7159255,0.14,pusula,2026_03,2026-04-18 13:53
MHRGY,292128,310499991,0.09,pusula,2026_03,2026-04-18 13:53
VAKFA,220624,224999701,0.1,pusula,2026_03,2026-04-18 13:53
LIDER,5131,279500000,0.0,pusula,2026_03,2026-04-18 13:53
DERHL,66776,197281316,0.03,pusula,2026_03,2026-04-18 13:53
BEYAZ,31846,42317352,0.08,pusula,2026_03,2026-04-18 13:53
GOODY,163686,132804473,0.12,pusula,2026_03,2026-04-18 13:53
CEMTS,106143,233425986,0.05,pusula,2026_03,2026-04-18 13:53
EUPWR,161715,199610525,0.08,pusula,2026_03,2026-04-18 13:53
ENERY,298946,2420687469,0.01,pusula,2026_03,2026-04-18 13:53
SNICA,354917,321688855,0.11,pusula,2026_03,2026-04-18 13:53
GLRYH,67637,599623814,0.01,pusula,2026_03,2026-04-18 13:53
VRGYO,479192,597693904,0.08,pusula,2026_03,2026-04-18 13:53
RYSAS,25151,1504020937,0.0,pusula,2026_03,2026-04-18 13:53
MERKO,119851,101104700,0.12,pusula,2026_03,2026-04-18 13:53
GENTS,605987,749958921,0.08,pusula,2026_03,2026-04-18 13:53
ADGYO,37255,379654333,0.01,pusula,2026_03,2026-04-18 13:53
DITAS,48007,83407810,0.06,pusula,2026_03,2026-04-18 13:53
BIOEN,24188,197983418,0.01,pusula,2026_03,2026-04-18 13:53
TUREX,282856,432000000,0.07,pusula,2026_03,2026-04-18 13:53
ZERGY,259728,156799985,0.17,pusula,2026_03,2026-04-18 13:53
HRKET,35472,24000000,0.15,pusula,2026_03,2026-04-18 13:53
DURKN,33374,42500000,0.08,pusula,2026_03,2026-04-18 13:53
HUBVC,538194,277189572,0.19,pusula,2026_03,2026-04-18 13:53
ORCAY,158307,151124962,0.1,pusula,2026_03,2026-04-18 13:53
KUYAS,3786492,398957788,0.95,pusula,2026_03,2026-04-18 13:53
GEREL,217891,219036379,0.1,pusula,2026_03,2026-04-18 13:53
BNTAS,102955,170624998,0.06,pusula,2026_03,2026-04-18 13:53
METRO,827277,539989959,0.15,pusula,2026_03,2026-04-18 13:53
AZTEK,110028,279000000,0.04,pusula,2026_03,2026-04-18 13:53
OZGYO,1691304,490916869,0.34,pusula,2026_03,2026-04-18 13:53
AKGRT,30766,629007625,0.0,pusula,2026_03,2026-04-18 13:53
KCHOL,-58557,674053695,-0.01,pusula,2026_03,2026-04-18 13:53
BYDNR,22476,22999984,0.1,pusula,2026_03,2026-04-18 13:53
SKTAS,567468,332865443,0.17,pusula,2026_03,2026-04-18 13:53
FRMPL,23138,39997767,0.06,pusula,2026_03,2026-04-18 13:53
OSTIM,234474,510004637,0.05,pusula,2026_03,2026-04-18 13:53
MSGYO,479843,169650150,0.28,pusula,2026_03,2026-04-18 13:53
YIGIT,58562,74999974,0.08,pusula,2026_03,2026-04-18 13:53
TUPRS,33358,942334139,0.0,pusula,2026_03,2026-04-18 13:53
SILVR,270478,212818206,0.13,pusula,2026_03,2026-04-18 13:53
NIBAS,154632,267767946,0.06,pusula,2026_03,2026-04-18 13:53
AHGAZ,164339,659370871,0.02,pusula,2026_03,2026-04-18 13:53
ZRGYO,286947,1173404997,0.02,pusula,2026_03,2026-04-18 13:53
GSRAY,1632252,10123744690,0.02,pusula,2026_03,2026-04-18 13:53
MZHLD,79520,72215314,0.11,pusula,2026_03,2026-04-18 13:53
YESIL,390963,640699949,0.06,pusula,2026_03,2026-04-18 13:53
ODINE,151154,52810834,0.29,pusula,2026_03,2026-04-18 13:53
CONSE,222914,377854899,0.06,pusula,2026_03,2026-04-18 13:53
PGSUS,60967,295068869,0.02,pusula,2026_03,2026-04-18 13:53
OZKGY,-109391,363999945,-0.03,pusula,2026_03,2026-04-18 13:53
ENTRA,162441,369383564,0.04,pusula,2026_03,2026-04-18 13:53
SISE,298760,1814905641,0.02,pusula,2026_03,2026-04-18 13:53
KRDMB,9605,118762110,0.01,pusula,2026_03,2026-04-18 13:53
TDGYO,361524,61998213,0.58,pusula,2026_03,2026-04-18 13:53
MEGMT,415997,85749986,0.49,pusula,2026_03,2026-04-18 13:53
BAYRK,246114,189751123,0.13,pusula,2026_03,2026-04-18 13:53
AKFYE,156486,551782160,0.03,pusula,2026_03,2026-04-18 13:53
BJKAS,92161,1776089716,0.01,pusula,2026_03,2026-04-18 13:53
ALKA,253250,330750000,0.08,pusula,2026_03,2026-04-18 13:53
IHLGM,807149,986078000,0.08,pusula,2026_03,2026-04-18 13:53
DMRGD,756301,1277294592,0.06,pusula,2026_03,2026-04-18 13:53
IZFAS,3191760,156001658,2.05,pusula,2026_03,2026-04-18 13:53
CEMZY,19531,124119970,0.02,pusula,2026_03,2026-04-18 13:53
MERCN,195788,74389005,0.26,pusula,2026_03,2026-04-18 13:53
KONTR,905293,936038761,0.1,pusula,2026_03,2026-04-18 13:53
BARMA,520103,78130939,0.67,pusula,2026_03,2026-04-18 13:53
IHGZT,159273,570666228,0.03,pusula,2026_03,2026-04-18 13:53
INFO,82207,767463333,0.01,pusula,2026_03,2026-04-18 13:53
FROTO,-60778,625119847,-0.01,pusula,2026_03,2026-04-18 13:53
TURSG,-94356,7907296076,-0.0,pusula,2026_03,2026-04-18 13:53
ASTOR,-59009,366896223,-0.02,pusula,2026_03,2026-04-18 13:53
MAVI,-206399,576779312,-0.04,pusula,2026_03,2026-04-18 13:53
ALGYO,3389678,989338262,0.34,pusula,2026_03,2026-04-18 13:53
BESTE,43171,54578499,0.08,pusula,2026_03,2026-04-18 13:53
MARMR,1286541,961218727,0.13,pusula,2026_03,2026-04-18 13:53
BORLS,77036,308652686,0.02,pusula,2026_03,2026-04-18 13:53
FRIGO,475855,263258455,0.18,pusula,2026_03,2026-04-18 13:53
KAYSE,253297,828951998,0.03,pusula,2026_03,2026-04-18 13:53
ARFYE,48697,47000000,0.1,pusula,2026_03,2026-04-18 13:53
NTGAZ,59478,276000000,0.02,pusula,2026_03,2026-04-18 13:53
YYLGD,406657,369826200,0.11,pusula,2026_03,2026-04-18 13:53
BRKO,508512,138283723,0.37,pusula,2026_03,2026-04-18 13:53
BTCIM,2821447,4220286921,0.07,pusula,2026_03,2026-04-18 13:53
TSPOR,2535966,3674975174,0.07,pusula,2026_03,2026-04-18 13:53
FONET,265507,577082984,0.05,pusula,2026_03,2026-04-18 13:53
FENER,976940,2772321468,0.04,pusula,2026_03,2026-04-18 13:53
ECOGR,177860,110000000,0.16,pusula,2026_03,2026-04-18 13:53
VAKFN,1466293,2064378140,0.07,pusula,2026_03,2026-04-18 13:53
KRDMD,-606419,780216365,-0.08,pusula,2026_03,2026-04-18 13:53
MANAS,413685,306992000,0.13,pusula,2026_03,2026-04-18 13:53
HEDEF,1074318,562499930,0.19,pusula,2026_03,2026-04-18 13:53
IHLAS,655985,1396079076,0.05,pusula,2026_03,2026-04-18 13:53
EYGYO,2318416,362859668,0.64,pusula,2026_03,2026-04-18 13:53
PASEU,198436,215295868,0.09,pusula,2026_03,2026-04-18 13:53
YYAPI,2718665,1705025550,0.16,pusula,2026_03,2026-04-18 13:53
ZOREN,11955741,2681244194,0.45,pusula,2026_03,2026-04-18 13:53
HLGYO,1439527,1075198517,0.13,pusula,2026_03,2026-04-18 13:53
KTLEV,4124022,1288500000,0.32,pusula,2026_03,2026-04-18 13:53
SANFM,540333,225029995,0.24,pusula,2026_03,2026-04-18 13:53
ADESE,10752195,4687131701,0.23,pusula,2026_03,2026-04-18 13:53
ARSAN,582981,887344281,0.07,pusula,2026_03,2026-04-18 13:53
MOPAS,-444147,57330000,-0.77,pusula,2026_03,2026-04-18 13:53
PETKM,-776280,1241729843,-0.06,pusula,2026_03,2026-04-18 13:53
GUNDG,55331,18968983,0.29,pusula,2026_03,2026-04-18 13:53
AKSA,-385816,1503650642,-0.03,pusula,2026_03,2026-04-18 13:53
ODAS,773956,1113798031,0.07,pusula,2026_03,2026-04-18 13:53
TERA,192445,240888789,0.08,pusula,2026_03,2026-04-18 13:53
AVOD,-85305,253604577,-0.03,pusula,2026_03,2026-04-18 13:53
PAHOL,17186969,3999999979,0.43,pusula,2026_03,2026-04-18 13:53
PCILT,36196,45014182,0.08,pusula,2026_03,2026-04-18 13:53
KOPOL,1427667,266319652,0.54,pusula,2026_03,2026-04-18 13:53
SASA,783393,25700434927,0.0,pusula,2026_03,2026-04-18 13:53
ALVES,627426,1159999780,0.05,pusula,2026_03,2026-04-18 13:53
