hisse,pp_fark,lot_fark,donem,yukleme
THYAO,1.96,,2026_01_01,2026-04-18 16:38
TUPRS,1.52,,2026_01_01,2026-04-18 16:38
SASA,-2.42,,2026_01_01,2026-04-18 16:38
ASELS,0.38,,2026_01_01,2026-04-18 16:38
SISE,0.52,,2026_01_01,2026-04-18 16:38
ISCTR,0.06,,2026_01_01,2026-04-18 16:38
HEKTS,-0.04,,2026_01_01,2026-04-18 16:38
EREGL,0.72,,2026_01_01,2026-04-18 16:38
PGSUS,3.36,,2026_01_01,2026-04-18 16:38
REEDR,0.2,,2026_01_01,2026-04-18 16:38
ALTNY,1.36,,2026_01_01,2026-04-18 16:38
KCHOL,2.11,,2026_01_01,2026-04-18 16:38
KONTR,-4.6,,2026_01_01,2026-04-18 16:38
FROTO,1.1,,2026_01_01,2026-04-18 16:38
ASTOR,1.99,,2026_01_01,2026-04-18 16:38
CWENE,0.58,,2026_01_01,2026-04-18 16:38
TABGD,0.74,392.244,2026_01_01,2026-04-18 16:38
PATEK,-1.34,,2026_01_01,2026-04-18 16:38
IZENR,-0.07,-705.258,2026_01_01,2026-04-18 16:38
ZOREN,0.13,,2026_01_01,2026-04-18 16:38
DOAS,1.83,,2026_01_01,2026-04-18 16:38
ENERY,0.45,,2026_01_01,2026-04-18 16:38
CANTE,-0.05,,2026_01_01,2026-04-18 16:38
OBAMS,0.15,,2026_01_01,2026-04-18 16:38
PETKM,0.05,647.883,2026_01_01,2026-04-18 16:38
ENJSA,0.38,899.4,2026_01_01,2026-04-18 16:38
AKBNK,0.07,,2026_01_01,2026-04-18 16:38
SAHOL,0.57,,2026_01_01,2026-04-18 16:38
TCELL,0.36,,2026_01_01,2026-04-18 16:38
KCAER,-0.81,,2026_01_01,2026-04-18 16:38
MIATK,-0.06,-186.227,2026_01_01,2026-04-18 16:38
EUPWR,1.07,,2026_01_01,2026-04-18 16:38
YKBNK,-0.49,,2026_01_01,2026-04-18 16:38
OYAKC,0.0,-228.208,2026_01_01,2026-04-18 16:38
BIMAS,0.92,,2026_01_01,2026-04-18 16:38
TTRAK,0.99,247.457,2026_01_01,2026-04-18 16:38
TOASO,1.73,,2026_01_01,2026-04-18 16:38
TUKAS,0.86,,2026_01_01,2026-04-18 16:38
GARAN,-0.27,,2026_01_01,2026-04-18 16:38
KRDMD,1.02,,2026_01_01,2026-04-18 16:38
ENKAI,0.47,,2026_01_01,2026-04-18 16:38
AEFES,1.24,,2026_01_01,2026-04-18 16:38
GSRAY,0.07,,2026_01_01,2026-04-18 16:38
MGROS,1.48,,2026_01_01,2026-04-18 16:38
ISMEN,0.83,,2026_01_01,2026-04-18 16:38
TSPOR,-0.11,,2026_01_01,2026-04-18 16:38
ODAS,1.24,,2026_01_01,2026-04-18 16:38
AKSA,0.06,809.914,2026_01_01,2026-04-18 16:38
ALARK,0.28,455.077,2026_01_01,2026-04-18 16:38
GESAN,1.46,,2026_01_01,2026-04-18 16:38
TRALT,0.0,-17.311,2026_01_01,2026-04-18 16:38
YEOTK,0.72,,2026_01_01,2026-04-18 16:38
MAVI,0.45,,2026_01_01,2026-04-18 16:38
ARCLK,1.37,,2026_01_01,2026-04-18 16:38
EKGYO,1.49,,2026_01_01,2026-04-18 16:38
FENER,-1.93,,2026_01_01,2026-04-18 16:38
TTKOM,0.51,,2026_01_01,2026-04-18 16:38
CIMSA,-0.89,,2026_01_01,2026-04-18 16:38
TAVHL,0.13,261.013,2026_01_01,2026-04-18 16:38
ULKER,0.98,,2026_01_01,2026-04-18 16:38
VESTL,0.14,417.011,2026_01_01,2026-04-18 16:38
CCOLA,0.15,,2026_01_01,2026-04-18 16:38
SKBNK,-0.13,,2026_01_01,2026-04-18 16:38
AKSEN,-0.38,,2026_01_01,2026-04-18 16:38
SOKM,-0.24,,2026_01_01,2026-04-18 16:38
GLRMK,0.41,160.31,2026_01_01,2026-04-18 16:38
DOHOL,1.21,,2026_01_01,2026-04-18 16:38
QUAGR,-3.34,,2026_01_01,2026-04-18 16:38
TURSG,0.24,,2026_01_01,2026-04-18 16:38
BRSAN,0.11,39.881,2026_01_01,2026-04-18 16:38
HALKB,-0.16,,2026_01_01,2026-04-18 16:38
TSKB,1.07,,2026_01_01,2026-04-18 16:38
GUBRF,0.4,347.57,2026_01_01,2026-04-18 16:38
KTLEV,1.37,,2026_01_01,2026-04-18 16:38
TUREX,0.88,,2026_01_01,2026-04-18 16:38
VAKBN,0.06,,2026_01_01,2026-04-18 16:38
PASEU,0.03,62.731,2026_01_01,2026-04-18 16:38
AGHOL,0.32,,2026_01_01,2026-04-18 16:38
EFOR,2.9,,2026_01_01,2026-04-18 16:38
BTCIM,-1.92,,2026_01_01,2026-04-18 16:38
ECILC,1.04,,2026_01_01,2026-04-18 16:38
TKFEN,0.21,484.688,2026_01_01,2026-04-18 16:38
ANSGR,-0.08,,2026_01_01,2026-04-18 16:38
BALSU,-1.39,,2026_01_01,2026-04-18 16:38
OTKAR,-0.29,-96.471,2026_01_01,2026-04-18 16:38
GRTHO,-3.75,,2026_01_01,2026-04-18 16:38
DAPGM,3.36,,2026_01_01,2026-04-18 16:38
MAGEN,0.9,,2026_01_01,2026-04-18 16:38
EGEEN,-0.19,-2.166,2026_01_01,2026-04-18 16:38
TRMET,-0.12,-206.54,2026_01_01,2026-04-18 16:38
BSOKE,1.12,,2026_01_01,2026-04-18 16:38
BRYAT,2.96,825.27,2026_01_01,2026-04-18 16:38
KUYAS,1.64,,2026_01_01,2026-04-18 16:38
MPARK,0.03,23.475,2026_01_01,2026-04-18 16:38
DSTKF,1.16,964.117,2026_01_01,2026-04-18 16:38
TRENJ,1.94,,2026_01_01,2026-04-18 16:38
GENIL,-0.49,-419.897,2026_01_01,2026-04-18 16:38
GRSEL,0.23,69.534,2026_01_01,2026-04-18 16:38
RALYH,-5.43,616.422,2026_01_01,2026-04-18 16:38
KLRHO,0.14,481.414,2026_01_01,2026-04-18 16:38
BMSCH,-1.52,,2026_01_01,2026-04-18 16:38
BMSTL,0.49,360.033,2026_01_01,2026-04-18 16:38
BNTAS,-0.08,-152.631,2026_01_01,2026-04-18 16:38
BOBET,2.46,,2026_01_01,2026-04-18 16:38
BORLS,-0.1,-289.769,2026_01_01,2026-04-18 16:38
BORSK,-0.68,,2026_01_01,2026-04-18 16:38
BOSSA,-0.05,-241.267,2026_01_01,2026-04-18 16:38
BRISA,0.35,110.48,2026_01_01,2026-04-18 16:38
BRKO,0.03,34.1,2026_01_01,2026-04-18 16:38
BRKSN,0.08,47.064,2026_01_01,2026-04-18 16:38
BRKVY,-2.07,-281.05,2026_01_01,2026-04-18 16:38
BRLSM,-0.17,-182.389,2026_01_01,2026-04-18 16:38
BRMEN,0.25,526.001,2026_01_01,2026-04-18 16:38
AHSGY,1.91,,2026_01_01,2026-04-18 16:38
ACSEL,-0.41,-34.878,2026_01_01,2026-04-18 16:38
AKCNS,-0.84,-330.035,2026_01_01,2026-04-18 16:38
AKENR,-0.2,-774.501,2026_01_01,2026-04-18 16:38
BUCIM,-0.13,,2026_01_01,2026-04-18 16:38
BULGS,0.52,372.547,2026_01_01,2026-04-18 16:38
BURCE,0.9,399.483,2026_01_01,2026-04-18 16:38
BURVA,0.61,28.666,2026_01_01,2026-04-18 16:38
BVSAN,0.52,71.096,2026_01_01,2026-04-18 16:38
BYDNR,-0.48,-86.975,2026_01_01,2026-04-18 16:38
AKFGY,0.63,,2026_01_01,2026-04-18 16:38
CASA,0.0,1.0,2026_01_01,2026-04-18 16:38
CATES,-0.25,-83.218,2026_01_01,2026-04-18 16:38
AKFIS,1.33,892.768,2026_01_01,2026-04-18 16:38
CELHA,-0.23,-327.662,2026_01_01,2026-04-18 16:38
CEMAS,-0.19,,2026_01_01,2026-04-18 16:38
CEMTS,0.01,38.897,2026_01_01,2026-04-18 16:38
CEMZY,0.28,347.144,2026_01_01,2026-04-18 16:38
CEOEM,1.33,296.958,2026_01_01,2026-04-18 16:38
CGCAM,-6.28,,2026_01_01,2026-04-18 16:38
AKFYE,0.11,621.609,2026_01_01,2026-04-18 16:38
CLEBI,0.28,15.023,2026_01_01,2026-04-18 16:38
CMBTN,0.03,366.0,2026_01_01,2026-04-18 16:38
CMENT,0.0,0.0,2026_01_01,2026-04-18 16:38
CONSE,1.05,,2026_01_01,2026-04-18 16:38
COSMO,0.0,-308.0,2026_01_01,2026-04-18 16:38
CRDFA,-0.27,-205.548,2026_01_01,2026-04-18 16:38
CRFSA,-0.7,-127.888,2026_01_01,2026-04-18 16:38
CUSAN,-0.13,-23.662,2026_01_01,2026-04-18 16:38
CVKMD,0.87,,2026_01_01,2026-04-18 16:38
AKGRT,-0.5,,2026_01_01,2026-04-18 16:38
TRHOL,0.44,76.937,2026_01_01,2026-04-18 16:38
DAGI,-1.13,,2026_01_01,2026-04-18 16:38
AKMGY,-0.09,-19.121,2026_01_01,2026-04-18 16:38
DARDL,-0.17,,2026_01_01,2026-04-18 16:38
DCTTR,-0.23,-364.553,2026_01_01,2026-04-18 16:38
DENGE,-0.24,,2026_01_01,2026-04-18 16:38
DERHL,0.82,,2026_01_01,2026-04-18 16:38
DERIM,0.57,230.435,2026_01_01,2026-04-18 16:38
DESA,0.01,22.73,2026_01_01,2026-04-18 16:38
DESPC,-0.8,-128.664,2026_01_01,2026-04-18 16:38
DEVA,-0.03,-63.018,2026_01_01,2026-04-18 16:38
DGATE,-0.75,-113.754,2026_01_01,2026-04-18 16:38
DGGYO,0.0,122.0,2026_01_01,2026-04-18 16:38
DGNMO,-0.06,-192.999,2026_01_01,2026-04-18 16:38
DIRIT,0.0,0.0,2026_01_01,2026-04-18 16:38
DITAS,-13.22,-618.477,2026_01_01,2026-04-18 16:38
DMRGD,-0.78,,2026_01_01,2026-04-18 16:38
DMSAS,-0.99,,2026_01_01,2026-04-18 16:38
DNISI,-0.16,-92.484,2026_01_01,2026-04-18 16:38
ADEL,0.25,281.834,2026_01_01,2026-04-18 16:38
DOCO,0.92,331.0,2026_01_01,2026-04-18 16:38
DOFER,-7.59,,2026_01_01,2026-04-18 16:38
DOFRB,-4.34,,2026_01_01,2026-04-18 16:38
DOGUB,0.03,6.957,2026_01_01,2026-04-18 16:38
ADESE,2.32,,2026_01_01,2026-04-18 16:38
DOKTA,-0.08,-113.379,2026_01_01,2026-04-18 16:38
AKSGY,0.14,,2026_01_01,2026-04-18 16:38
DUNYH,0.25,89.866,2026_01_01,2026-04-18 16:38
DURDO,-0.26,-993.435,2026_01_01,2026-04-18 16:38
DURKN,-0.71,-303.996,2026_01_01,2026-04-18 16:38
DYOBY,-0.02,-20.016,2026_01_01,2026-04-18 16:38
DZGYO,0.5,,2026_01_01,2026-04-18 16:38
EBEBK,-0.29,-120.871,2026_01_01,2026-04-18 16:38
AKSUE,-0.14,-75.178,2026_01_01,2026-04-18 16:38
ECOGR,7.62,,2026_01_01,2026-04-18 16:38
ECZYT,-0.27,-123.634,2026_01_01,2026-04-18 16:38
EDATA,5.37,,2026_01_01,2026-04-18 16:38
EDIP,0.5,181.602,2026_01_01,2026-04-18 16:38
AKYHO,-0.16,-356.366,2026_01_01,2026-04-18 16:38
ADGYO,-43.46,-85.059,2026_01_01,2026-04-18 16:38
EGEGY,0.76,461.252,2026_01_01,2026-04-18 16:38
EGEPO,0.21,412.702,2026_01_01,2026-04-18 16:38
EGGUB,-0.01,-6.313,2026_01_01,2026-04-18 16:38
EGPRO,-0.21,-377.539,2026_01_01,2026-04-18 16:38
EGSER,-0.11,-607.292,2026_01_01,2026-04-18 16:38
ALBRK,0.51,,2026_01_01,2026-04-18 16:38
EKIZ,0.0,0.0,2026_01_01,2026-04-18 16:38
EKOS,0.19,561.733,2026_01_01,2026-04-18 16:38
EKSUN,-0.21,-357.095,2026_01_01,2026-04-18 16:38
ELITE,-0.8,-355.174,2026_01_01,2026-04-18 16:38
EMKEL,-0.01,-12.491,2026_01_01,2026-04-18 16:38
EMNIS,0.0,0.0,2026_01_01,2026-04-18 16:38
ENDAE,0.66,794.316,2026_01_01,2026-04-18 16:38
ALCAR,0.06,914.0,2026_01_01,2026-04-18 16:38
ALCTL,-0.9,-121.964,2026_01_01,2026-04-18 16:38
ALFAS,0.05,38.555,2026_01_01,2026-04-18 16:38
ENSRI,0.4,942.53,2026_01_01,2026-04-18 16:38
ENTRA,-0.3,,2026_01_01,2026-04-18 16:38
EPLAS,0.2,386.183,2026_01_01,2026-04-18 16:38
ERBOS,0.37,57.821,2026_01_01,2026-04-18 16:38
ERCB,1.62,632.045,2026_01_01,2026-04-18 16:38
ALGYO,-0.95,,2026_01_01,2026-04-18 16:38
ERSU,0.07,20.805,2026_01_01,2026-04-18 16:38
ESCAR,-6.53,,2026_01_01,2026-04-18 16:38
ESCOM,-1.08,,2026_01_01,2026-04-18 16:38
ESEN,6.16,,2026_01_01,2026-04-18 16:38
ETILR,-0.52,-813.156,2026_01_01,2026-04-18 16:38
ETYAT,0.12,23.298,2026_01_01,2026-04-18 16:38
EUHOL,0.0,1.0,2026_01_01,2026-04-18 16:38
EUKYO,0.0,0.0,2026_01_01,2026-04-18 16:38
ALKA,-0.6,,2026_01_01,2026-04-18 16:38
EUREN,-3.24,,2026_01_01,2026-04-18 16:38
EUYO,0.06,12.877,2026_01_01,2026-04-18 16:38
EYGYO,1.13,,2026_01_01,2026-04-18 16:38
FADE,0.95,402.115,2026_01_01,2026-04-18 16:38
ALKIM,-0.26,-470.0,2026_01_01,2026-04-18 16:38
FLAP,0.15,146.598,2026_01_01,2026-04-18 16:38
FMIZP,-0.2,-7.016,2026_01_01,2026-04-18 16:38
FONET,1.96,,2026_01_01,2026-04-18 16:38
FORMT,-0.01,-94.508,2026_01_01,2026-04-18 16:38
FORTE,-1.75,-385.027,2026_01_01,2026-04-18 16:38
FRIGO,-1.59,,2026_01_01,2026-04-18 16:38
ALKLC,0.35,158.926,2026_01_01,2026-04-18 16:38
FZLGY,-1.1,,2026_01_01,2026-04-18 16:38
RUZYE,-0.18,-459.667,2026_01_01,2026-04-18 16:38
GARFA,0.0,9.471,2026_01_01,2026-04-18 16:38
GATEG,-0.04,-2.737,2026_01_01,2026-04-18 16:38
GEDIK,-0.06,-555.779,2026_01_01,2026-04-18 16:38
GEDZA,1.02,438.538,2026_01_01,2026-04-18 16:38
A1CAP,1.78,,2026_01_01,2026-04-18 16:38
GENTS,-0.16,,2026_01_01,2026-04-18 16:38
GEREL,0.14,293.812,2026_01_01,2026-04-18 16:38
ALVES,-0.11,-89.05,2026_01_01,2026-04-18 16:38
GIPTA,-1.02,-510.028,2026_01_01,2026-04-18 16:38
GLBMD,-0.07,-18.851,2026_01_01,2026-04-18 16:38
GLCVY,-1.6,-421.913,2026_01_01,2026-04-18 16:38
ANELE,-0.11,-164.622,2026_01_01,2026-04-18 16:38
GLRYH,-0.07,-434.975,2026_01_01,2026-04-18 16:38
GLYHO,0.27,,2026_01_01,2026-04-18 16:38
GMTAS,0.46,694.873,2026_01_01,2026-04-18 16:38
GOKNR,0.08,324.273,2026_01_01,2026-04-18 16:38
GOLTS,0.18,22.549,2026_01_01,2026-04-18 16:38
GOODY,-0.28,-367.825,2026_01_01,2026-04-18 16:38
GOZDE,-0.27,,2026_01_01,2026-04-18 16:38
GRNYO,0.0,3.0,2026_01_01,2026-04-18 16:38
ANGEN,0.11,93.643,2026_01_01,2026-04-18 16:38
ANHYT,1.8,,2026_01_01,2026-04-18 16:38
GSDDE,0.46,483.781,2026_01_01,2026-04-18 16:38
GSDHO,0.18,,2026_01_01,2026-04-18 16:38
AFYON,0.92,,2026_01_01,2026-04-18 16:38
ARASE,0.58,290.93,2026_01_01,2026-04-18 16:38
GUNDG,0.52,98.27,2026_01_01,2026-04-18 16:38
GWIND,1.11,,2026_01_01,2026-04-18 16:38
GZNMI,-3.47,,2026_01_01,2026-04-18 16:38
AGESA,-0.86,-309.119,2026_01_01,2026-04-18 16:38
HATEK,-0.14,-85.222,2026_01_01,2026-04-18 16:38
HATSN,0.37,165.262,2026_01_01,2026-04-18 16:38
HDFGS,-1.9,,2026_01_01,2026-04-18 16:38
HEDEF,0.07,416.933,2026_01_01,2026-04-18 16:38
ARDYZ,-25.38,,2026_01_01,2026-04-18 16:38
HKTM,-1.03,-748.456,2026_01_01,2026-04-18 16:38
HLGYO,1.27,,2026_01_01,2026-04-18 16:38
HOROZ,-1.54,-379.33,2026_01_01,2026-04-18 16:38
HRKET,0.4,95.802,2026_01_01,2026-04-18 16:38
HTTBT,-0.74,-605.977,2026_01_01,2026-04-18 16:38
HUBVC,0.5,,2026_01_01,2026-04-18 16:38
HUNER,0.55,,2026_01_01,2026-04-18 16:38
HURGZ,0.36,798.884,2026_01_01,2026-04-18 16:38
ICBCT,0.0,13.305,2026_01_01,2026-04-18 16:38
ICUGS,0.61,,2026_01_01,2026-04-18 16:38
IDGYO,0.41,493.42,2026_01_01,2026-04-18 16:38
IEYHO,-2.33,,2026_01_01,2026-04-18 16:38
IHAAS,-0.07,-41.074,2026_01_01,2026-04-18 16:38
IHEVA,0.15,439.934,2026_01_01,2026-04-18 16:38
IHGZT,0.4,,2026_01_01,2026-04-18 16:38
IHLAS,-0.42,,2026_01_01,2026-04-18 16:38
IHLGM,-0.52,,2026_01_01,2026-04-18 16:38
IHYAY,-0.6,,2026_01_01,2026-04-18 16:38
IMASM,0.74,,2026_01_01,2026-04-18 16:38
INDES,-1.24,,2026_01_01,2026-04-18 16:38
INFO,-0.26,,2026_01_01,2026-04-18 16:38
INGRM,0.09,13.599,2026_01_01,2026-04-18 16:38
INTEK,0.0,0.0,2026_01_01,2026-04-18 16:38
INTEM,0.27,25.24,2026_01_01,2026-04-18 16:38
INVEO,-0.02,-186.225,2026_01_01,2026-04-18 16:38
INVES,0.34,125.582,2026_01_01,2026-04-18 16:38
ARENA,-0.01,-4.022,2026_01_01,2026-04-18 16:38
ISATR,0.0,0.0,2026_01_01,2026-04-18 16:38
ISBIR,0.0,0.0,2026_01_01,2026-04-18 16:38
ISBTR,0.0,0.0,2026_01_01,2026-04-18 16:38
ARFYE,0.3,142.517,2026_01_01,2026-04-18 16:38
ISDMR,1.31,,2026_01_01,2026-04-18 16:38
ISFIN,0.16,474.888,2026_01_01,2026-04-18 16:38
ISGSY,0.55,257.512,2026_01_01,2026-04-18 16:38
ISGYO,0.05,241.706,2026_01_01,2026-04-18 16:38
ISKPL,-3.45,,2026_01_01,2026-04-18 16:38
ISKUR,0.0,0.0,2026_01_01,2026-04-18 16:38
ARMGD,2.38,,2026_01_01,2026-04-18 16:38
ISSEN,-0.55,-594.724,2026_01_01,2026-04-18 16:38
ISYAT,0.2,302.1,2026_01_01,2026-04-18 16:38
ARSAN,0.23,,2026_01_01,2026-04-18 16:38
IZFAS,-0.85,,2026_01_01,2026-04-18 16:38
IZINV,0.0,255.0,2026_01_01,2026-04-18 16:38
IZMDC,0.06,426.831,2026_01_01,2026-04-18 16:38
JANTS,-0.11,-231.796,2026_01_01,2026-04-18 16:38
KAPLM,0.81,36.729,2026_01_01,2026-04-18 16:38
KAREL,-0.23,-748.014,2026_01_01,2026-04-18 16:38
KARSN,-0.23,,2026_01_01,2026-04-18 16:38
KARTN,-0.03,-23.648,2026_01_01,2026-04-18 16:38
KATMR,0.51,,2026_01_01,2026-04-18 16:38
KAYSE,-0.49,,2026_01_01,2026-04-18 16:38
KBORU,1.06,,2026_01_01,2026-04-18 16:38
ARTMS,-2.0,-485.563,2026_01_01,2026-04-18 16:38
ARZUM,-0.16,-477.132,2026_01_01,2026-04-18 16:38
KENT,-0.04,-497.0,2026_01_01,2026-04-18 16:38
KERVN,0.0,1.0,2026_01_01,2026-04-18 16:38
KFEIN,1.97,,2026_01_01,2026-04-18 16:38
KGYO,-2.35,,2026_01_01,2026-04-18 16:38
KIMMR,-0.71,-537.829,2026_01_01,2026-04-18 16:38
KLGYO,-0.41,,2026_01_01,2026-04-18 16:38
KLKIM,0.68,942.145,2026_01_01,2026-04-18 16:38
KLMSN,-2.4,-741.846,2026_01_01,2026-04-18 16:38
KLNMA,0.0,16.0,2026_01_01,2026-04-18 16:38
A1YEN,-0.13,-51.812,2026_01_01,2026-04-18 16:38
KLSER,0.13,142.901,2026_01_01,2026-04-18 16:38
KLSYN,0.77,828.237,2026_01_01,2026-04-18 16:38
KLYPV,0.96,440.608,2026_01_01,2026-04-18 16:38
KMPUR,-0.92,,2026_01_01,2026-04-18 16:38
KNFRT,0.05,71.227,2026_01_01,2026-04-18 16:38
KOCMT,-2.07,,2026_01_01,2026-04-18 16:38
KONKA,0.24,214.444,2026_01_01,2026-04-18 16:38
ASGYO,-0.12,-197.755,2026_01_01,2026-04-18 16:38
KONYA,-0.02,-466.0,2026_01_01,2026-04-18 16:38
KOPOL,0.93,,2026_01_01,2026-04-18 16:38
KORDS,-0.17,-107.67,2026_01_01,2026-04-18 16:38
KOTON,0.18,239.371,2026_01_01,2026-04-18 16:38
AGROT,0.07,,2026_01_01,2026-04-18 16:38
ASUZU,1.31,538.876,2026_01_01,2026-04-18 16:38
KRDMA,-0.42,,2026_01_01,2026-04-18 16:38
KRDMB,0.88,,2026_01_01,2026-04-18 16:38
ATAGY,0.49,224.532,2026_01_01,2026-04-18 16:38
KRGYO,-0.36,,2026_01_01,2026-04-18 16:38
KRONT,-1.33,,2026_01_01,2026-04-18 16:38
KRPLS,0.27,207.304,2026_01_01,2026-04-18 16:38
KRSTL,-0.65,,2026_01_01,2026-04-18 16:38
KRTEK,0.09,19.834,2026_01_01,2026-04-18 16:38
KRVGD,-0.86,,2026_01_01,2026-04-18 16:38
KSTUR,0.0,-19.0,2026_01_01,2026-04-18 16:38
ATAKP,-0.19,-52.857,2026_01_01,2026-04-18 16:38
KTSKR,0.36,53.174,2026_01_01,2026-04-18 16:38
KUTPO,0.33,35.148,2026_01_01,2026-04-18 16:38
KUVVA,-0.1,-24.334,2026_01_01,2026-04-18 16:38
ATATP,-1.2,-225.27,2026_01_01,2026-04-18 16:38
KZBGY,0.37,,2026_01_01,2026-04-18 16:38
KZGYO,-0.04,-17.119,2026_01_01,2026-04-18 16:38
LIDER,0.33,921.605,2026_01_01,2026-04-18 16:38
LIDFA,-0.02,-40.541,2026_01_01,2026-04-18 16:38
LILAK,0.46,,2026_01_01,2026-04-18 16:38
LINK,0.17,30.467,2026_01_01,2026-04-18 16:38
LKMNH,-0.18,-282.795,2026_01_01,2026-04-18 16:38
LMKDC,-0.08,-135.634,2026_01_01,2026-04-18 16:38
LOGO,-0.4,-297.801,2026_01_01,2026-04-18 16:38
LRSHO,-0.06,-412.632,2026_01_01,2026-04-18 16:38
LUKSK,-0.51,-137.881,2026_01_01,2026-04-18 16:38
LYDHO,-0.01,-5.367,2026_01_01,2026-04-18 16:38
LYDYE,0.06,861.0,2026_01_01,2026-04-18 16:38
MAALT,-0.21,-9.892,2026_01_01,2026-04-18 16:38
MACKO,-5.21,,2026_01_01,2026-04-18 16:38
ATEKS,0.0,0.0,2026_01_01,2026-04-18 16:38
MAKIM,-2.41,,2026_01_01,2026-04-18 16:38
MAKTK,0.69,,2026_01_01,2026-04-18 16:38
MANAS,-0.71,-899.803,2026_01_01,2026-04-18 16:38
MARBL,-0.04,-30.746,2026_01_01,2026-04-18 16:38
MARKA,2.05,430.83,2026_01_01,2026-04-18 16:38
MARMR,-0.79,,2026_01_01,2026-04-18 16:38
MARTI,-1.24,,2026_01_01,2026-04-18 16:38
ATLAS,0.07,43.312,2026_01_01,2026-04-18 16:38
MEDTR,0.89,219.369,2026_01_01,2026-04-18 16:38
MEGAP,0.0,-37.0,2026_01_01,2026-04-18 16:38
MEGMT,1.43,,2026_01_01,2026-04-18 16:38
MEKAG,-1.22,,2026_01_01,2026-04-18 16:38
MEPET,0.03,24.203,2026_01_01,2026-04-18 16:38
MERCN,0.99,737.983,2026_01_01,2026-04-18 16:38
MERIT,0.21,702.26,2026_01_01,2026-04-18 16:38
MERKO,0.83,835.457,2026_01_01,2026-04-18 16:38
METRO,-0.19,,2026_01_01,2026-04-18 16:38
ATSYH,0.0,0.0,2026_01_01,2026-04-18 16:38
MHRGY,0.48,,2026_01_01,2026-04-18 16:38
AVGYO,-0.08,-97.17,2026_01_01,2026-04-18 16:38
MMCAS,-0.01,1.0,2026_01_01,2026-04-18 16:38
MNDRS,0.02,38.193,2026_01_01,2026-04-18 16:38
MNDTR,-0.01,-116.718,2026_01_01,2026-04-18 16:38
MOBTL,-0.87,,2026_01_01,2026-04-18 16:38
MOGAN,0.17,445.951,2026_01_01,2026-04-18 16:38
MOPAS,-0.56,-322.602,2026_01_01,2026-04-18 16:38
AVHOL,0.84,216.974,2026_01_01,2026-04-18 16:38
MRGYO,0.05,552.52,2026_01_01,2026-04-18 16:38
MRSHL,-0.26,-10.833,2026_01_01,2026-04-18 16:38
MSGYO,-0.15,-251.641,2026_01_01,2026-04-18 16:38
MTRKS,1.19,519.792,2026_01_01,2026-04-18 16:38
MTRYO,6.02,,2026_01_01,2026-04-18 16:38
MZHLD,-0.12,-81.306,2026_01_01,2026-04-18 16:38
NATEN,0.73,,2026_01_01,2026-04-18 16:38
NETAS,0.22,69.166,2026_01_01,2026-04-18 16:38
NIBAS,-0.48,,2026_01_01,2026-04-18 16:38
NTGAZ,-1.04,,2026_01_01,2026-04-18 16:38
NTHOL,-0.02,-106.761,2026_01_01,2026-04-18 16:38
NUGYO,0.41,,2026_01_01,2026-04-18 16:38
NUHCM,0.01,484.0,2026_01_01,2026-04-18 16:38
AVOD,-0.4,,2026_01_01,2026-04-18 16:38
OBASE,-0.56,-84.358,2026_01_01,2026-04-18 16:38
AVPGY,-0.08,-72.968,2026_01_01,2026-04-18 16:38
ODINE,4.64,,2026_01_01,2026-04-18 16:38
OFSYM,-1.67,-379.179,2026_01_01,2026-04-18 16:38
ONCSM,0.78,78.614,2026_01_01,2026-04-18 16:38
ONRYT,1.83,359.874,2026_01_01,2026-04-18 16:38
ORCAY,0.49,730.805,2026_01_01,2026-04-18 16:38
ORGE,-1.99,-832.974,2026_01_01,2026-04-18 16:38
ORMA,0.0,0.0,2026_01_01,2026-04-18 16:38
OSMEN,0.21,323.113,2026_01_01,2026-04-18 16:38
OSTIM,-0.14,-671.599,2026_01_01,2026-04-18 16:38
AVTUR,0.98,420.25,2026_01_01,2026-04-18 16:38
OTTO,0.88,35.459,2026_01_01,2026-04-18 16:38
AYCES,0.55,10.428,2026_01_01,2026-04-18 16:38
OYAYO,-0.04,-6.536,2026_01_01,2026-04-18 16:38
OYLUM,0.59,472.161,2026_01_01,2026-04-18 16:38
OYYAT,-0.26,-235.801,2026_01_01,2026-04-18 16:38
OZATD,0.6,79.284,2026_01_01,2026-04-18 16:38
OZGYO,0.04,170.092,2026_01_01,2026-04-18 16:38
OZKGY,-1.76,,2026_01_01,2026-04-18 16:38
OZRDN,-0.15,-80.478,2026_01_01,2026-04-18 16:38
OZSUB,-0.49,-202.295,2026_01_01,2026-04-18 16:38
OZYSR,-0.37,-147.81,2026_01_01,2026-04-18 16:38
PAGYO,-0.04,-18.76,2026_01_01,2026-04-18 16:38
PAHOL,-1.54,,2026_01_01,2026-04-18 16:38
PAMEL,0.04,9.336,2026_01_01,2026-04-18 16:38
PAPIL,-0.28,-581.545,2026_01_01,2026-04-18 16:38
PARSN,-0.03,-10.006,2026_01_01,2026-04-18 16:38
AYDEM,-0.66,-853.944,2026_01_01,2026-04-18 16:38
AYEN,0.3,167.482,2026_01_01,2026-04-18 16:38
PCILT,-0.1,-45.169,2026_01_01,2026-04-18 16:38
TEHOL,-5.94,,2026_01_01,2026-04-18 16:38
PEKGY,0.14,,2026_01_01,2026-04-18 16:38
PENGD,0.22,369.13,2026_01_01,2026-04-18 16:38
PENTA,0.09,152.333,2026_01_01,2026-04-18 16:38
AYES,0.16,151.251,2026_01_01,2026-04-18 16:38
PETUN,0.19,253.085,2026_01_01,2026-04-18 16:38
AYGAZ,-0.1,-100.678,2026_01_01,2026-04-18 16:38
PINSU,0.36,365.11,2026_01_01,2026-04-18 16:38
PKART,1.03,113.515,2026_01_01,2026-04-18 16:38
PKENT,0.09,20.865,2026_01_01,2026-04-18 16:38
PLTUR,-0.67,-330.3,2026_01_01,2026-04-18 16:38
PNLSN,-0.87,-302.02,2026_01_01,2026-04-18 16:38
PNSUT,-0.03,-37.284,2026_01_01,2026-04-18 16:38
POLHO,0.31,511.425,2026_01_01,2026-04-18 16:38
POLTK,-1.86,-20.975,2026_01_01,2026-04-18 16:38
PRDGS,1.54,,2026_01_01,2026-04-18 16:38
PRKAB,-0.43,-151.051,2026_01_01,2026-04-18 16:38
PRKME,-4.16,,2026_01_01,2026-04-18 16:38
PRZMA,0.02,179.049,2026_01_01,2026-04-18 16:38
PSDTC,0.57,37.966,2026_01_01,2026-04-18 16:38
PSGYO,-0.65,,2026_01_01,2026-04-18 16:38
QNBFK,0.0,6.0,2026_01_01,2026-04-18 16:38
QNBTR,0.0,3.0,2026_01_01,2026-04-18 16:38
AZTEK,-0.28,-783.62,2026_01_01,2026-04-18 16:38
BAGFS,-0.11,-111.84,2026_01_01,2026-04-18 16:38
RAYSG,-0.12,-62.259,2026_01_01,2026-04-18 16:38
BAHKM,0.33,77.115,2026_01_01,2026-04-18 16:38
RGYAS,-0.72,-755.275,2026_01_01,2026-04-18 16:38
RNPOL,-0.04,-6.623,2026_01_01,2026-04-18 16:38
RODRG,-0.09,-15.163,2026_01_01,2026-04-18 16:38
ROYAL,0.0,0.0,2026_01_01,2026-04-18 16:38
RTALB,-0.18,-797.848,2026_01_01,2026-04-18 16:38
RUBNS,-0.05,194.898,2026_01_01,2026-04-18 16:38
RYGYO,0.33,,2026_01_01,2026-04-18 16:38
RYSAS,0.4,,2026_01_01,2026-04-18 16:38
SAFKR,-0.88,,2026_01_01,2026-04-18 16:38
BAKAB,0.18,63.506,2026_01_01,2026-04-18 16:38
SAMAT,-0.5,-519.183,2026_01_01,2026-04-18 16:38
SANEL,-0.01,-2.897,2026_01_01,2026-04-18 16:38
SANFM,-1.2,,2026_01_01,2026-04-18 16:38
SANKO,0.14,51.526,2026_01_01,2026-04-18 16:38
SARKY,-0.36,,2026_01_01,2026-04-18 16:38
BALAT,-0.1,-10.0,2026_01_01,2026-04-18 16:38
SAYAS,0.47,201.768,2026_01_01,2026-04-18 16:38
SDTTR,1.16,185.331,2026_01_01,2026-04-18 16:38
SEGMN,0.02,14.597,2026_01_01,2026-04-18 16:38
SEGYO,1.69,,2026_01_01,2026-04-18 16:38
SEKFK,0.0,3.708,2026_01_01,2026-04-18 16:38
SEKUR,0.44,572.323,2026_01_01,2026-04-18 16:38
SELEC,0.53,651.39,2026_01_01,2026-04-18 16:38
SELVA,-0.04,-285.202,2026_01_01,2026-04-18 16:38
SERNT,-0.09,-99.391,2026_01_01,2026-04-18 16:38
SEYKM,0.0,30.0,2026_01_01,2026-04-18 16:38
SILVR,0.11,227.532,2026_01_01,2026-04-18 16:38
AGYO,0.12,149.298,2026_01_01,2026-04-18 16:38
BANVT,0.0,2.018,2026_01_01,2026-04-18 16:38
SKTAS,0.59,,2026_01_01,2026-04-18 16:38
SKYLP,-0.39,-27.869,2026_01_01,2026-04-18 16:38
SKYMD,0.5,262.875,2026_01_01,2026-04-18 16:38
SMART,-0.22,-66.657,2026_01_01,2026-04-18 16:38
SMRTG,0.21,464.799,2026_01_01,2026-04-18 16:38
SMRVA,3.0,841.441,2026_01_01,2026-04-18 16:38
SNGYO,-0.2,,2026_01_01,2026-04-18 16:38
SNICA,-0.42,,2026_01_01,2026-04-18 16:38
SNPAM,0.01,1.502,2026_01_01,2026-04-18 16:38
SODSN,0.0,0.0,2026_01_01,2026-04-18 16:38
SOKE,0.65,813.828,2026_01_01,2026-04-18 16:38
BARMA,-0.86,-586.798,2026_01_01,2026-04-18 16:38
SONME,0.19,16.679,2026_01_01,2026-04-18 16:38
SRVGY,0.84,,2026_01_01,2026-04-18 16:38
SUMAS,0.0,0.0,2026_01_01,2026-04-18 16:38
SUNTK,-0.98,,2026_01_01,2026-04-18 16:38
SURGY,-0.87,-390.232,2026_01_01,2026-04-18 16:38
SUWEN,-1.1,,2026_01_01,2026-04-18 16:38
BASCM,-0.22,0.0,2026_01_01,2026-04-18 16:38
TARKM,0.31,15.679,2026_01_01,2026-04-18 16:38
TATEN,-5.74,,2026_01_01,2026-04-18 16:38
TATGD,0.5,597.963,2026_01_01,2026-04-18 16:38
BASGZ,-0.26,-450.648,2026_01_01,2026-04-18 16:38
TBORG,-0.23,-135.936,2026_01_01,2026-04-18 16:38
BAYRK,0.75,,2026_01_01,2026-04-18 16:38
TCKRC,-1.27,-826.243,2026_01_01,2026-04-18 16:38
TDGYO,-0.02,-12.163,2026_01_01,2026-04-18 16:38
TEKTU,0.24,485.967,2026_01_01,2026-04-18 16:38
TERA,1.72,,2026_01_01,2026-04-18 16:38
TEZOL,-0.41,-567.935,2026_01_01,2026-04-18 16:38
TGSAS,0.17,21.117,2026_01_01,2026-04-18 16:38
BEGYO,1.17,,2026_01_01,2026-04-18 16:38
BERA,-0.85,,2026_01_01,2026-04-18 16:38
TKNSA,-0.26,-259.111,2026_01_01,2026-04-18 16:38
TLMAN,1.04,106.795,2026_01_01,2026-04-18 16:38
TMPOL,1.26,138.946,2026_01_01,2026-04-18 16:38
TMSN,0.31,138.093,2026_01_01,2026-04-18 16:38
TNZTP,-1.28,,2026_01_01,2026-04-18 16:38
BESLR,0.08,513.724,2026_01_01,2026-04-18 16:38
TRCAS,-0.37,-762.274,2026_01_01,2026-04-18 16:38
TRGYO,-0.04,-105.001,2026_01_01,2026-04-18 16:38
TRILC,-0.13,-160.603,2026_01_01,2026-04-18 16:38
TSGYO,0.31,813.488,2026_01_01,2026-04-18 16:38
BEYAZ,-0.29,-123.077,2026_01_01,2026-04-18 16:38
BFREN,0.13,31.418,2026_01_01,2026-04-18 16:38
BIENY,-0.58,-480.443,2026_01_01,2026-04-18 16:38
BIGCH,-0.95,-700.594,2026_01_01,2026-04-18 16:38
TUCLK,0.96,,2026_01_01,2026-04-18 16:38
BIGEN,0.65,747.206,2026_01_01,2026-04-18 16:38
BIGTK,-0.14,-13.421,2026_01_01,2026-04-18 16:38
AHGAZ,-0.01,-95.691,2026_01_01,2026-04-18 16:38
TURGG,-0.06,-18.53,2026_01_01,2026-04-18 16:38
BINBN,1.19,202.088,2026_01_01,2026-04-18 16:38
UFUK,-0.01,-4.971,2026_01_01,2026-04-18 16:38
ULAS,-0.2,-49.223,2026_01_01,2026-04-18 16:38
BINHO,-0.07,-315.424,2026_01_01,2026-04-18 16:38
ULUFA,0.97,,2026_01_01,2026-04-18 16:38
ULUSE,0.15,37.875,2026_01_01,2026-04-18 16:38
ULUUN,-0.42,,2026_01_01,2026-04-18 16:38
UMPAS,0.0,630.0,2026_01_01,2026-04-18 16:38
UNLU,-1.73,,2026_01_01,2026-04-18 16:38
USAK,0.09,,2026_01_01,2026-04-18 16:38
BIOEN,-0.22,-440.141,2026_01_01,2026-04-18 16:38
VAKFA,0.35,772.259,2026_01_01,2026-04-18 16:38
VAKFN,1.42,,2026_01_01,2026-04-18 16:38
VAKKO,0.37,114.795,2026_01_01,2026-04-18 16:38
VANGD,1.18,289.722,2026_01_01,2026-04-18 16:38
VBTYZ,-0.82,-462.636,2026_01_01,2026-04-18 16:38
VERTU,0.32,70.634,2026_01_01,2026-04-18 16:38
VERUS,0.32,112.637,2026_01_01,2026-04-18 16:38
VESBE,-0.17,-887.957,2026_01_01,2026-04-18 16:38
BIZIM,-0.12,-32.815,2026_01_01,2026-04-18 16:38
VKFYO,0.0,-582.0,2026_01_01,2026-04-18 16:38
VKGYO,0.1,,2026_01_01,2026-04-18 16:38
VKING,-0.09,-26.562,2026_01_01,2026-04-18 16:38
VRGYO,-0.15,-678.611,2026_01_01,2026-04-18 16:38
VSNMD,-0.09,-22.311,2026_01_01,2026-04-18 16:38
YAPRK,-1.0,-42.071,2026_01_01,2026-04-18 16:38
YATAS,0.31,294.28,2026_01_01,2026-04-18 16:38
YAYLA,0.04,15.872,2026_01_01,2026-04-18 16:38
YBTAS,-0.02,-5.5,2026_01_01,2026-04-18 16:38
BJKAS,1.16,,2026_01_01,2026-04-18 16:38
YESIL,0.63,,2026_01_01,2026-04-18 16:38
YGGYO,0.02,48.234,2026_01_01,2026-04-18 16:38
YGYO,0.0,-2.0,2026_01_01,2026-04-18 16:38
YIGIT,0.38,286.842,2026_01_01,2026-04-18 16:38
BLCYT,-0.19,-91.053,2026_01_01,2026-04-18 16:38
YKSLN,-1.28,,2026_01_01,2026-04-18 16:38
YONGA,0.0,0.0,2026_01_01,2026-04-18 16:38
YUNSA,-0.65,,2026_01_01,2026-04-18 16:38
YYAPI,0.12,,2026_01_01,2026-04-18 16:38
YYLGD,-0.25,-953.081,2026_01_01,2026-04-18 16:38
ZEDUR,-1.13,-789.669,2026_01_01,2026-04-18 16:38
ZERGY,0.08,120.935,2026_01_01,2026-04-18 16:38
BLUME,-0.14,-244.821,2026_01_01,2026-04-18 16:38
ZRGYO,0.0,35.441,2026_01_01,2026-04-18 16:38
THYAO,-1.6,,2026_01_02,2026-04-18 16:39
TUPRS,1.5,,2026_01_02,2026-04-18 16:39
SASA,-3.53,,2026_01_02,2026-04-18 16:39
ASELS,0.13,,2026_01_02,2026-04-18 16:39
SISE,-1.03,,2026_01_02,2026-04-18 16:39
ISCTR,-0.82,,2026_01_02,2026-04-18 16:39
HEKTS,-0.24,,2026_01_02,2026-04-18 16:39
EREGL,1.56,,2026_01_02,2026-04-18 16:39
PGSUS,-3.18,,2026_01_02,2026-04-18 16:39
ALTNY,1.15,,2026_01_02,2026-04-18 16:39
REEDR,0.14,892.811,2026_01_02,2026-04-18 16:39
KCHOL,1.94,,2026_01_02,2026-04-18 16:39
KONTR,-0.73,,2026_01_02,2026-04-18 16:39
FROTO,1.73,,2026_01_02,2026-04-18 16:39
ASTOR,1.72,,2026_01_02,2026-04-18 16:39
CWENE,2.31,,2026_01_02,2026-04-18 16:39
TABGD,-0.54,-284.052,2026_01_02,2026-04-18 16:39
PATEK,0.05,156.09,2026_01_02,2026-04-18 16:39
IZENR,0.76,,2026_01_02,2026-04-18 16:39
ZOREN,0.75,,2026_01_02,2026-04-18 16:39
DOAS,2.0,,2026_01_02,2026-04-18 16:39
ENERY,0.06,,2026_01_02,2026-04-18 16:39
CANTE,0.2,,2026_01_02,2026-04-18 16:39
OBAMS,-1.45,,2026_01_02,2026-04-18 16:39
PETKM,1.8,,2026_01_02,2026-04-18 16:39
ENJSA,0.63,,2026_01_02,2026-04-18 16:39
SAHOL,0.33,,2026_01_02,2026-04-18 16:39
AKBNK,0.2,,2026_01_02,2026-04-18 16:39
TCELL,0.65,,2026_01_02,2026-04-18 16:39
KCAER,-0.5,,2026_01_02,2026-04-18 16:39
MIATK,0.39,,2026_01_02,2026-04-18 16:39
EUPWR,1.37,,2026_01_02,2026-04-18 16:39
YKBNK,-1.75,,2026_01_02,2026-04-18 16:39
BIMAS,-0.08,-368.579,2026_01_02,2026-04-18 16:39
OYAKC,0.15,,2026_01_02,2026-04-18 16:39
TTRAK,0.58,144.701,2026_01_02,2026-04-18 16:39
TOASO,0.74,891.465,2026_01_02,2026-04-18 16:39
TUKAS,1.64,,2026_01_02,2026-04-18 16:39
GARAN,0.02,415.7,2026_01_02,2026-04-18 16:39
ENKAI,-0.32,,2026_01_02,2026-04-18 16:39
KRDMD,2.09,,2026_01_02,2026-04-18 16:39
AEFES,1.25,,2026_01_02,2026-04-18 16:39
MGROS,0.44,429.61,2026_01_02,2026-04-18 16:39
GSRAY,-0.32,,2026_01_02,2026-04-18 16:39
ISMEN,-0.24,,2026_01_02,2026-04-18 16:39
TSPOR,0.55,,2026_01_02,2026-04-18 16:39
ODAS,0.69,,2026_01_02,2026-04-18 16:39
AKSA,0.7,,2026_01_02,2026-04-18 16:39
TRALT,2.09,,2026_01_02,2026-04-18 16:39
ALARK,2.23,,2026_01_02,2026-04-18 16:39
YEOTK,0.9,,2026_01_02,2026-04-18 16:39
GESAN,1.99,,2026_01_02,2026-04-18 16:39
ARCLK,0.12,204.506,2026_01_02,2026-04-18 16:39
MAVI,1.01,,2026_01_02,2026-04-18 16:39
FENER,5.59,,2026_01_02,2026-04-18 16:39
EKGYO,-0.73,,2026_01_02,2026-04-18 16:39
CIMSA,-0.51,,2026_01_02,2026-04-18 16:39
TTKOM,2.41,,2026_01_02,2026-04-18 16:39
TAVHL,0.4,858.586,2026_01_02,2026-04-18 16:39
ULKER,1.36,,2026_01_02,2026-04-18 16:39
VESTL,0.85,,2026_01_02,2026-04-18 16:39
CCOLA,0.34,,2026_01_02,2026-04-18 16:39
SKBNK,1.21,,2026_01_02,2026-04-18 16:39
AKSEN,0.09,557.145,2026_01_02,2026-04-18 16:39
SOKM,0.53,,2026_01_02,2026-04-18 16:39
GLRMK,0.38,146.434,2026_01_02,2026-04-18 16:39
QUAGR,-0.79,,2026_01_02,2026-04-18 16:39
DOHOL,0.58,,2026_01_02,2026-04-18 16:39
TURSG,-0.26,,2026_01_02,2026-04-18 16:39
BRSAN,1.02,364.635,2026_01_02,2026-04-18 16:39
HALKB,0.19,,2026_01_02,2026-04-18 16:39
TSKB,-1.16,,2026_01_02,2026-04-18 16:39
KTLEV,4.41,,2026_01_02,2026-04-18 16:39
GUBRF,-0.72,-622.534,2026_01_02,2026-04-18 16:39
TUREX,2.78,,2026_01_02,2026-04-18 16:39
VAKBN,-0.22,,2026_01_02,2026-04-18 16:39
PASEU,0.99,,2026_01_02,2026-04-18 16:39
AGHOL,0.36,,2026_01_02,2026-04-18 16:39
BTCIM,0.04,,2026_01_02,2026-04-18 16:39
EFOR,0.88,,2026_01_02,2026-04-18 16:39
ECILC,0.82,,2026_01_02,2026-04-18 16:39
TKFEN,-0.05,-115.863,2026_01_02,2026-04-18 16:39
ANSGR,0.1,,2026_01_02,2026-04-18 16:39
BALSU,-0.38,,2026_01_02,2026-04-18 16:39
OTKAR,0.26,86.935,2026_01_02,2026-04-18 16:39
GRTHO,3.08,,2026_01_02,2026-04-18 16:39
DAPGM,0.72,,2026_01_02,2026-04-18 16:39
MAGEN,1.84,,2026_01_02,2026-04-18 16:39
EGEEN,0.06,643.0,2026_01_02,2026-04-18 16:39
TRMET,0.3,496.973,2026_01_02,2026-04-18 16:39
BSOKE,5.17,,2026_01_02,2026-04-18 16:39
BRYAT,-0.13,-13.154,2026_01_02,2026-04-18 16:39
KUYAS,-0.43,,2026_01_02,2026-04-18 16:39
MPARK,-0.06,-47.778,2026_01_02,2026-04-18 16:39
DSTKF,-0.08,-69.529,2026_01_02,2026-04-18 16:39
TRENJ,1.26,,2026_01_02,2026-04-18 16:39
GENIL,-0.84,-716.602,2026_01_02,2026-04-18 16:39
GRSEL,1.52,450.495,2026_01_02,2026-04-18 16:39
RALYH,-0.09,-163.262,2026_01_02,2026-04-18 16:39
KLRHO,0.12,427.058,2026_01_02,2026-04-18 16:39
BMSCH,0.57,394.61,2026_01_02,2026-04-18 16:39
BMSTL,-0.62,-461.978,2026_01_02,2026-04-18 16:39
BNTAS,0.58,991.086,2026_01_02,2026-04-18 16:39
BOBET,2.16,,2026_01_02,2026-04-18 16:39
BORLS,-16.06,,2026_01_02,2026-04-18 16:39
BORSK,0.74,,2026_01_02,2026-04-18 16:39
BOSSA,-0.03,-126.267,2026_01_02,2026-04-18 16:39
BRISA,0.03,8.253,2026_01_02,2026-04-18 16:39
BRKO,0.0,2.4,2026_01_02,2026-04-18 16:39
BRKSN,0.09,59.346,2026_01_02,2026-04-18 16:39
BRKVY,0.12,15.573,2026_01_02,2026-04-18 16:39
BRLSM,-0.9,-967.396,2026_01_02,2026-04-18 16:39
BRMEN,0.0,3.0,2026_01_02,2026-04-18 16:39
AHSGY,1.09,,2026_01_02,2026-04-18 16:39
ACSEL,0.73,63.054,2026_01_02,2026-04-18 16:39
AKCNS,-0.89,-349.957,2026_01_02,2026-04-18 16:39
AKENR,0.25,947.401,2026_01_02,2026-04-18 16:39
BUCIM,-0.5,,2026_01_02,2026-04-18 16:39
BULGS,1.75,,2026_01_02,2026-04-18 16:39
BURCE,-1.54,-682.629,2026_01_02,2026-04-18 16:39
BURVA,-0.03,-1.085,2026_01_02,2026-04-18 16:39
BVSAN,0.77,106.202,2026_01_02,2026-04-18 16:39
BYDNR,1.03,186.968,2026_01_02,2026-04-18 16:39
AKFGY,0.56,,2026_01_02,2026-04-18 16:39
CASA,0.0,0.0,2026_01_02,2026-04-18 16:39
CATES,2.22,732.907,2026_01_02,2026-04-18 16:39
AKFIS,1.13,753.918,2026_01_02,2026-04-18 16:39
CELHA,-0.38,-562.972,2026_01_02,2026-04-18 16:39
CEMAS,1.27,,2026_01_02,2026-04-18 16:39
CEMTS,0.91,,2026_01_02,2026-04-18 16:39
CEMZY,0.3,370.407,2026_01_02,2026-04-18 16:39
CEOEM,1.71,381.204,2026_01_02,2026-04-18 16:39
CGCAM,4.24,,2026_01_02,2026-04-18 16:39
AKFYE,0.82,,2026_01_02,2026-04-18 16:39
CLEBI,-0.48,-25.924,2026_01_02,2026-04-18 16:39
CMBTN,0.57,5.84,2026_01_02,2026-04-18 16:39
CMENT,0.0,0.0,2026_01_02,2026-04-18 16:39
CONSE,0.56,,2026_01_02,2026-04-18 16:39
COSMO,-0.07,-4.482,2026_01_02,2026-04-18 16:39
CRDFA,0.46,343.544,2026_01_02,2026-04-18 16:39
CRFSA,2.31,422.063,2026_01_02,2026-04-18 16:39
CUSAN,0.26,46.715,2026_01_02,2026-04-18 16:39
CVKMD,0.54,,2026_01_02,2026-04-18 16:39
AKGRT,1.3,,2026_01_02,2026-04-18 16:39
TRHOL,0.17,29.895,2026_01_02,2026-04-18 16:39
DAGI,-0.64,,2026_01_02,2026-04-18 16:39
AKMGY,-0.04,-8.85,2026_01_02,2026-04-18 16:39
DARDL,0.55,,2026_01_02,2026-04-18 16:39
DCTTR,-5.48,,2026_01_02,2026-04-18 16:39
DENGE,0.32,,2026_01_02,2026-04-18 16:39
DERHL,1.45,,2026_01_02,2026-04-18 16:39
DERIM,-0.14,-57.195,2026_01_02,2026-04-18 16:39
DESA,0.49,827.085,2026_01_02,2026-04-18 16:39
DESPC,-0.52,-82.921,2026_01_02,2026-04-18 16:39
DEVA,0.13,259.906,2026_01_02,2026-04-18 16:39
DGATE,-0.83,-126.434,2026_01_02,2026-04-18 16:39
DGGYO,0.01,16.734,2026_01_02,2026-04-18 16:39
DGNMO,0.15,500.162,2026_01_02,2026-04-18 16:39
DIRIT,0.0,0.0,2026_01_02,2026-04-18 16:39
DITAS,9.55,,2026_01_02,2026-04-18 16:39
DMRGD,-0.7,,2026_01_02,2026-04-18 16:39
DMSAS,0.74,,2026_01_02,2026-04-18 16:39
DNISI,0.11,66.137,2026_01_02,2026-04-18 16:39
ADEL,0.57,637.901,2026_01_02,2026-04-18 16:39
DOCO,-0.49,-3.171,2026_01_02,2026-04-18 16:39
DOFER,-2.06,-403.542,2026_01_02,2026-04-18 16:39
DOFRB,0.84,376.395,2026_01_02,2026-04-18 16:39
DOGUB,-3.68,-729.338,2026_01_02,2026-04-18 16:39
ADESE,0.1,,2026_01_02,2026-04-18 16:39
DOKTA,0.18,260.367,2026_01_02,2026-04-18 16:39
AKSGY,-0.21,,2026_01_02,2026-04-18 16:39
DUNYH,0.17,64.103,2026_01_02,2026-04-18 16:39
DURDO,0.01,33.323,2026_01_02,2026-04-18 16:39
DURKN,2.87,,2026_01_02,2026-04-18 16:39
DYOBY,0.12,216.828,2026_01_02,2026-04-18 16:39
DZGYO,0.06,264.19,2026_01_02,2026-04-18 16:39
EBEBK,-0.02,-7.354,2026_01_02,2026-04-18 16:39
AKSUE,0.33,187.576,2026_01_02,2026-04-18 16:39
ECOGR,-1.46,,2026_01_02,2026-04-18 16:39
ECZYT,-0.21,-94.996,2026_01_02,2026-04-18 16:39
EDATA,-2.12,,2026_01_02,2026-04-18 16:39
EDIP,0.45,163.62,2026_01_02,2026-04-18 16:39
AKYHO,0.0,-8.971,2026_01_02,2026-04-18 16:39
ADGYO,0.21,803.131,2026_01_02,2026-04-18 16:39
EGEGY,-3.89,,2026_01_02,2026-04-18 16:39
EGEPO,1.0,,2026_01_02,2026-04-18 16:39
EGGUB,-0.13,-102.644,2026_01_02,2026-04-18 16:39
EGPRO,-0.04,-71.571,2026_01_02,2026-04-18 16:39
EGSER,-0.01,-54.751,2026_01_02,2026-04-18 16:39
ALBRK,0.23,,2026_01_02,2026-04-18 16:39
EKIZ,0.0,0.0,2026_01_02,2026-04-18 16:39
EKOS,0.45,,2026_01_02,2026-04-18 16:39
EKSUN,0.35,608.255,2026_01_02,2026-04-18 16:39
ELITE,-0.14,-64.696,2026_01_02,2026-04-18 16:39
EMKEL,1.3,,2026_01_02,2026-04-18 16:39
EMNIS,0.0,0.0,2026_01_02,2026-04-18 16:39
ENDAE,0.18,218.448,2026_01_02,2026-04-18 16:39
ALCAR,1.13,19.457,2026_01_02,2026-04-18 16:39
ALCTL,0.03,4.053,2026_01_02,2026-04-18 16:39
ALFAS,0.2,172.86,2026_01_02,2026-04-18 16:39
ENSRI,2.01,,2026_01_02,2026-04-18 16:39
ENTRA,0.08,303.242,2026_01_02,2026-04-18 16:39
EPLAS,1.05,,2026_01_02,2026-04-18 16:39
ERBOS,1.0,159.34,2026_01_02,2026-04-18 16:39
ERCB,-0.84,-328.312,2026_01_02,2026-04-18 16:39
ALGYO,-0.41,,2026_01_02,2026-04-18 16:39
ERSU,0.01,4.209,2026_01_02,2026-04-18 16:39
ESCAR,3.12,,2026_01_02,2026-04-18 16:39
ESCOM,0.83,,2026_01_02,2026-04-18 16:39
ESEN,8.56,,2026_01_02,2026-04-18 16:39
ETILR,1.56,,2026_01_02,2026-04-18 16:39
ETYAT,-0.37,-68.858,2026_01_02,2026-04-18 16:39
EUHOL,0.04,50.001,2026_01_02,2026-04-18 16:39
EUKYO,0.5,101.0,2026_01_02,2026-04-18 16:39
ALKA,0.23,758.286,2026_01_02,2026-04-18 16:39
EUREN,-8.66,,2026_01_02,2026-04-18 16:39
EUYO,0.19,37.33,2026_01_02,2026-04-18 16:39
EYGYO,0.83,,2026_01_02,2026-04-18 16:39
FADE,1.2,510.316,2026_01_02,2026-04-18 16:39
ALKIM,0.37,683.978,2026_01_02,2026-04-18 16:39
FLAP,0.06,54.56,2026_01_02,2026-04-18 16:39
FMIZP,0.89,31.187,2026_01_02,2026-04-18 16:39
FONET,2.08,,2026_01_02,2026-04-18 16:39
FORMT,0.44,,2026_01_02,2026-04-18 16:39
FORTE,0.54,118.956,2026_01_02,2026-04-18 16:39
FRIGO,1.19,,2026_01_02,2026-04-18 16:39
FRMPL,25.19,,2026_01_02,2026-04-18 16:39
ALKLC,0.02,6.953,2026_01_02,2026-04-18 16:39
FZLGY,-2.42,,2026_01_02,2026-04-18 16:39
RUZYE,0.93,,2026_01_02,2026-04-18 16:39
GARFA,0.16,221.208,2026_01_02,2026-04-18 16:39
GATEG,-0.18,-13.103,2026_01_02,2026-04-18 16:39
GEDIK,0.3,,2026_01_02,2026-04-18 16:39
GEDZA,-0.25,-106.227,2026_01_02,2026-04-18 16:39
A1CAP,-0.96,,2026_01_02,2026-04-18 16:39
GENTS,0.6,,2026_01_02,2026-04-18 16:39
GEREL,0.11,245.966,2026_01_02,2026-04-18 16:39
ALVES,1.85,,2026_01_02,2026-04-18 16:39
GIPTA,0.28,144.286,2026_01_02,2026-04-18 16:39
GLBMD,0.21,59.876,2026_01_02,2026-04-18 16:39
GLCVY,1.37,359.686,2026_01_02,2026-04-18 16:39
ANELE,-1.57,,2026_01_02,2026-04-18 16:39
GLRYH,0.19,,2026_01_02,2026-04-18 16:39
GLYHO,0.26,,2026_01_02,2026-04-18 16:39
GMTAS,-1.21,,2026_01_02,2026-04-18 16:39
GOKNR,0.29,514.596,2026_01_02,2026-04-18 16:39
GOLTS,0.68,84.085,2026_01_02,2026-04-18 16:39
GOODY,0.12,158.319,2026_01_02,2026-04-18 16:39
GOZDE,-0.19,-721.409,2026_01_02,2026-04-18 16:39
GRNYO,0.0,5.0,2026_01_02,2026-04-18 16:39
ANGEN,0.25,336.603,2026_01_02,2026-04-18 16:39
ANHYT,0.08,66.515,2026_01_02,2026-04-18 16:39
GSDDE,-0.07,-67.675,2026_01_02,2026-04-18 16:39
GSDHO,0.33,,2026_01_02,2026-04-18 16:39
AFYON,0.3,,2026_01_02,2026-04-18 16:39
ARASE,0.76,380.977,2026_01_02,2026-04-18 16:39
GUNDG,0.19,35.157,2026_01_02,2026-04-18 16:39
GWIND,0.1,186.405,2026_01_02,2026-04-18 16:39
GZNMI,-3.58,,2026_01_02,2026-04-18 16:39
AGESA,-0.36,-126.967,2026_01_02,2026-04-18 16:39
HATEK,-0.82,-514.435,2026_01_02,2026-04-18 16:39
HATSN,0.37,161.457,2026_01_02,2026-04-18 16:39
HDFGS,1.31,,2026_01_02,2026-04-18 16:39
HEDEF,-0.26,,2026_01_02,2026-04-18 16:39
ARDYZ,0.13,340.612,2026_01_02,2026-04-18 16:39
HKTM,0.47,347.967,2026_01_02,2026-04-18 16:39
HLGYO,0.52,,2026_01_02,2026-04-18 16:39
HOROZ,-0.13,-32.72,2026_01_02,2026-04-18 16:39
HRKET,0.53,127.623,2026_01_02,2026-04-18 16:39
HTTBT,-0.25,-206.177,2026_01_02,2026-04-18 16:39
HUBVC,-0.05,-135.971,2026_01_02,2026-04-18 16:39
HUNER,0.66,,2026_01_02,2026-04-18 16:39
HURGZ,0.53,,2026_01_02,2026-04-18 16:39
ICBCT,0.14,306.069,2026_01_02,2026-04-18 16:39
ICUGS,-0.73,,2026_01_02,2026-04-18 16:39
IDGYO,1.32,,2026_01_02,2026-04-18 16:39
IEYHO,-0.21,,2026_01_02,2026-04-18 16:39
IHAAS,0.27,151.737,2026_01_02,2026-04-18 16:39
IHEVA,0.12,344.439,2026_01_02,2026-04-18 16:39
IHGZT,1.75,,2026_01_02,2026-04-18 16:39
IHLAS,0.67,,2026_01_02,2026-04-18 16:39
IHLGM,1.13,,2026_01_02,2026-04-18 16:39
IHYAY,1.02,,2026_01_02,2026-04-18 16:39
IMASM,1.17,,2026_01_02,2026-04-18 16:39
INDES,-1.13,,2026_01_02,2026-04-18 16:39
INFO,0.38,,2026_01_02,2026-04-18 16:39
INGRM,0.1,14.489,2026_01_02,2026-04-18 16:39
INTEK,0.0,0.0,2026_01_02,2026-04-18 16:39
INTEM,0.13,12.605,2026_01_02,2026-04-18 16:39
INVEO,0.17,,2026_01_02,2026-04-18 16:39
INVES,-0.1,-34.62,2026_01_02,2026-04-18 16:39
ARENA,-0.01,-8.392,2026_01_02,2026-04-18 16:39
ISATR,0.0,0.0,2026_01_02,2026-04-18 16:39
ISBIR,0.0,0.0,2026_01_02,2026-04-18 16:39
ISBTR,0.0,0.0,2026_01_02,2026-04-18 16:39
ARFYE,-34.4,,2026_01_02,2026-04-18 16:39
ISDMR,0.8,,2026_01_02,2026-04-18 16:39
ISFIN,0.41,,2026_01_02,2026-04-18 16:39
ISGSY,0.46,220.279,2026_01_02,2026-04-18 16:39
ISGYO,0.65,,2026_01_02,2026-04-18 16:39
ISKPL,0.15,,2026_01_02,2026-04-18 16:39
ISKUR,0.0,0.0,2026_01_02,2026-04-18 16:39
ARMGD,2.38,,2026_01_02,2026-04-18 16:39
ISSEN,0.2,216.068,2026_01_02,2026-04-18 16:39
ISYAT,-0.58,-879.225,2026_01_02,2026-04-18 16:39
ARSAN,-1.48,,2026_01_02,2026-04-18 16:39
IZFAS,-0.09,-144.838,2026_01_02,2026-04-18 16:39
IZINV,0.46,61.836,2026_01_02,2026-04-18 16:39
IZMDC,0.86,,2026_01_02,2026-04-18 16:39
JANTS,0.11,231.625,2026_01_02,2026-04-18 16:39
KAPLM,-0.3,-13.395,2026_01_02,2026-04-18 16:39
KAREL,0.19,606.257,2026_01_02,2026-04-18 16:39
KARSN,0.48,,2026_01_02,2026-04-18 16:39
KARTN,0.05,33.711,2026_01_02,2026-04-18 16:39
KATMR,0.51,,2026_01_02,2026-04-18 16:39
KAYSE,2.68,,2026_01_02,2026-04-18 16:39
KBORU,1.25,,2026_01_02,2026-04-18 16:39
ARTMS,-0.95,-230.034,2026_01_02,2026-04-18 16:39
ARZUM,0.56,,2026_01_02,2026-04-18 16:39
KENT,-0.25,-2.998,2026_01_02,2026-04-18 16:39
KERVN,0.0,2.0,2026_01_02,2026-04-18 16:39
KFEIN,1.0,,2026_01_02,2026-04-18 16:39
KGYO,0.22,,2026_01_02,2026-04-18 16:39
KIMMR,0.2,155.505,2026_01_02,2026-04-18 16:39
KLGYO,-0.01,-22.005,2026_01_02,2026-04-18 16:39
KLKIM,0.92,,2026_01_02,2026-04-18 16:39
KLMSN,0.45,138.224,2026_01_02,2026-04-18 16:39
KLNMA,0.0,-4.978,2026_01_02,2026-04-18 16:39
A1YEN,-2.5,,2026_01_02,2026-04-18 16:39
KLSER,0.72,788.681,2026_01_02,2026-04-18 16:39
KLSYN,-10.03,,2026_01_02,2026-04-18 16:39
KLYPV,0.04,20.851,2026_01_02,2026-04-18 16:39
KMPUR,-0.47,-624.47,2026_01_02,2026-04-18 16:39
KNFRT,-0.28,-374.607,2026_01_02,2026-04-18 16:39
KOCMT,0.49,,2026_01_02,2026-04-18 16:39
KONKA,-0.81,-731.507,2026_01_02,2026-04-18 16:39
ASGYO,0.0,1.229,2026_01_02,2026-04-18 16:39
KONYA,0.08,1.317,2026_01_02,2026-04-18 16:39
KOPOL,0.27,716.238,2026_01_02,2026-04-18 16:39
KORDS,-0.05,-30.37,2026_01_02,2026-04-18 16:39
KOTON,0.25,354.711,2026_01_02,2026-04-18 16:39
AGROT,0.82,,2026_01_02,2026-04-18 16:39
ASUZU,1.53,626.861,2026_01_02,2026-04-18 16:39
KRDMA,0.13,296.646,2026_01_02,2026-04-18 16:39
KRDMB,1.12,,2026_01_02,2026-04-18 16:39
ATAGY,0.21,95.465,2026_01_02,2026-04-18 16:39
KRGYO,0.55,,2026_01_02,2026-04-18 16:39
KRONT,0.49,570.404,2026_01_02,2026-04-18 16:39
KRPLS,0.47,374.767,2026_01_02,2026-04-18 16:39
KRSTL,0.36,654.704,2026_01_02,2026-04-18 16:39
KRTEK,1.17,221.606,2026_01_02,2026-04-18 16:39
KRVGD,-0.09,-560.743,2026_01_02,2026-04-18 16:39
KSTUR,0.0,-10.0,2026_01_02,2026-04-18 16:39
ATAKP,-1.29,-362.217,2026_01_02,2026-04-18 16:39
KTSKR,-0.26,-38.976,2026_01_02,2026-04-18 16:39
KUTPO,0.03,2.786,2026_01_02,2026-04-18 16:39
KUVVA,0.0,1.0,2026_01_02,2026-04-18 16:39
ATATP,3.14,591.453,2026_01_02,2026-04-18 16:39
KZBGY,-0.4,,2026_01_02,2026-04-18 16:39
KZGYO,0.66,326.779,2026_01_02,2026-04-18 16:39
LIDER,0.23,648.126,2026_01_02,2026-04-18 16:39
LIDFA,-1.15,,2026_01_02,2026-04-18 16:39
LILAK,-0.73,,2026_01_02,2026-04-18 16:39
LINK,1.29,236.469,2026_01_02,2026-04-18 16:39
LKMNH,-0.44,-732.64,2026_01_02,2026-04-18 16:39
LMKDC,1.59,,2026_01_02,2026-04-18 16:39
LOGO,0.29,212.0,2026_01_02,2026-04-18 16:39
LRSHO,0.79,,2026_01_02,2026-04-18 16:39
LUKSK,0.22,60.483,2026_01_02,2026-04-18 16:39
LYDHO,-30.97,543.143,2026_01_02,2026-04-18 16:39
LYDYE,0.13,1.786,2026_01_02,2026-04-18 16:39
MAALT,0.05,2.071,2026_01_02,2026-04-18 16:39
MACKO,-0.02,-6.983,2026_01_02,2026-04-18 16:39
ATEKS,0.0,91.0,2026_01_02,2026-04-18 16:39
MAKIM,0.62,262.58,2026_01_02,2026-04-18 16:39
MAKTK,-0.35,-640.544,2026_01_02,2026-04-18 16:39
MANAS,-0.18,-236.441,2026_01_02,2026-04-18 16:39
MARBL,-0.21,-121.815,2026_01_02,2026-04-18 16:39
MARKA,-0.43,-89.555,2026_01_02,2026-04-18 16:39
MARMR,3.29,,2026_01_02,2026-04-18 16:39
MARTI,-0.43,,2026_01_02,2026-04-18 16:39
ATLAS,0.27,156.846,2026_01_02,2026-04-18 16:39
MEDTR,-4.58,,2026_01_02,2026-04-18 16:39
MEGAP,-0.01,-25.01,2026_01_02,2026-04-18 16:39
MEGMT,1.41,,2026_01_02,2026-04-18 16:39
MEKAG,0.18,437.319,2026_01_02,2026-04-18 16:39
MEPET,0.17,126.821,2026_01_02,2026-04-18 16:39
MERCN,0.63,467.004,2026_01_02,2026-04-18 16:39
MERIT,-0.55,,2026_01_02,2026-04-18 16:39
MERKO,-1.51,,2026_01_02,2026-04-18 16:39
METRO,0.53,,2026_01_02,2026-04-18 16:39
MEYSU,45.13,,2026_01_02,2026-04-18 16:39
ATSYH,0.0,0.0,2026_01_02,2026-04-18 16:39
MHRGY,-0.11,-339.409,2026_01_02,2026-04-18 16:39
AVGYO,-0.01,-2.812,2026_01_02,2026-04-18 16:39
MMCAS,0.0,0.0,2026_01_02,2026-04-18 16:39
MNDRS,0.45,,2026_01_02,2026-04-18 16:39
MNDTR,0.2,,2026_01_02,2026-04-18 16:39
MOBTL,0.31,647.844,2026_01_02,2026-04-18 16:39
MOGAN,0.75,,2026_01_02,2026-04-18 16:39
MOPAS,0.85,490.699,2026_01_02,2026-04-18 16:39
AVHOL,-0.47,-121.289,2026_01_02,2026-04-18 16:39
MRGYO,-1.75,,2026_01_02,2026-04-18 16:39
MRSHL,0.05,2.308,2026_01_02,2026-04-18 16:39
MSGYO,0.07,228.513,2026_01_02,2026-04-18 16:39
MTRKS,0.39,167.579,2026_01_02,2026-04-18 16:39
MTRYO,-6.05,,2026_01_02,2026-04-18 16:39
MZHLD,0.03,18.644,2026_01_02,2026-04-18 16:39
NATEN,-0.95,,2026_01_02,2026-04-18 16:39
NETAS,0.15,48.764,2026_01_02,2026-04-18 16:39
NIBAS,0.0,-10.373,2026_01_02,2026-04-18 16:39
NTGAZ,2.05,,2026_01_02,2026-04-18 16:39
NTHOL,-0.17,-847.39,2026_01_02,2026-04-18 16:39
NUGYO,-0.21,-654.102,2026_01_02,2026-04-18 16:39
NUHCM,0.22,73.428,2026_01_02,2026-04-18 16:39
AVOD,0.25,633.646,2026_01_02,2026-04-18 16:39
OBASE,2.13,318.172,2026_01_02,2026-04-18 16:39
AVPGY,0.64,637.755,2026_01_02,2026-04-18 16:39
ODINE,0.84,439.619,2026_01_02,2026-04-18 16:39
OFSYM,2.64,600.152,2026_01_02,2026-04-18 16:39
ONCSM,-1.45,-145.759,2026_01_02,2026-04-18 16:39
ONRYT,0.11,21.903,2026_01_02,2026-04-18 16:39
ORCAY,-0.05,-75.079,2026_01_02,2026-04-18 16:39
ORGE,0.49,202.848,2026_01_02,2026-04-18 16:39
ORMA,0.0,1.0,2026_01_02,2026-04-18 16:39
OSMEN,0.57,905.569,2026_01_02,2026-04-18 16:39
OSTIM,-0.41,,2026_01_02,2026-04-18 16:39
AVTUR,0.0,-1.434,2026_01_02,2026-04-18 16:39
OTTO,-3.82,-64.433,2026_01_02,2026-04-18 16:39
AYCES,-0.27,-5.033,2026_01_02,2026-04-18 16:39
OYAYO,0.07,14.243,2026_01_02,2026-04-18 16:39
OYLUM,0.02,18.088,2026_01_02,2026-04-18 16:39
OYYAT,0.22,195.399,2026_01_02,2026-04-18 16:39
OZATD,-0.02,-2.609,2026_01_02,2026-04-18 16:39
OZGYO,1.75,,2026_01_02,2026-04-18 16:39
OZKGY,-0.16,-605.298,2026_01_02,2026-04-18 16:39
OZRDN,-0.07,-39.985,2026_01_02,2026-04-18 16:39
OZSUB,0.0,100.672,2026_01_02,2026-04-18 16:39
OZYSR,0.2,80.796,2026_01_02,2026-04-18 16:39
PAGYO,-0.06,-39.264,2026_01_02,2026-04-18 16:39
PAHOL,-0.74,,2026_01_02,2026-04-18 16:39
PAMEL,0.3,63.728,2026_01_02,2026-04-18 16:39
PAPIL,0.9,,2026_01_02,2026-04-18 16:39
PARSN,0.76,259.934,2026_01_02,2026-04-18 16:39
AYDEM,0.14,180.76,2026_01_02,2026-04-18 16:39
AYEN,0.34,184.334,2026_01_02,2026-04-18 16:39
PCILT,0.55,247.267,2026_01_02,2026-04-18 16:39
TEHOL,0.98,,2026_01_02,2026-04-18 16:39
PEKGY,0.83,,2026_01_02,2026-04-18 16:39
PENGD,-0.77,,2026_01_02,2026-04-18 16:39
PENTA,0.45,814.985,2026_01_02,2026-04-18 16:39
AYES,0.04,30.692,2026_01_02,2026-04-18 16:39
PETUN,0.4,547.262,2026_01_02,2026-04-18 16:39
AYGAZ,-0.01,-16.234,2026_01_02,2026-04-18 16:39
PINSU,1.02,,2026_01_02,2026-04-18 16:39
PKART,0.82,90.386,2026_01_02,2026-04-18 16:39
PKENT,0.03,7.088,2026_01_02,2026-04-18 16:39
PLTUR,-0.33,-165.069,2026_01_02,2026-04-18 16:39
PNLSN,-0.1,-37.719,2026_01_02,2026-04-18 16:39
PNSUT,0.36,459.129,2026_01_02,2026-04-18 16:39
POLHO,-0.1,-167.695,2026_01_02,2026-04-18 16:39
POLTK,1.75,19.719,2026_01_02,2026-04-18 16:39
PRDGS,0.47,517.772,2026_01_02,2026-04-18 16:39
PRKAB,-0.53,-185.127,2026_01_02,2026-04-18 16:39
PRKME,-0.66,-347.997,2026_01_02,2026-04-18 16:39
PRZMA,0.21,130.37,2026_01_02,2026-04-18 16:39
PSDTC,0.45,29.405,2026_01_02,2026-04-18 16:39
PSGYO,-0.25,,2026_01_02,2026-04-18 16:39
QNBFK,0.0,18.0,2026_01_02,2026-04-18 16:39
QNBTR,0.0,2.0,2026_01_02,2026-04-18 16:39
AZTEK,1.14,,2026_01_02,2026-04-18 16:39
BAGFS,0.1,95.335,2026_01_02,2026-04-18 16:39
RAYSG,0.26,132.148,2026_01_02,2026-04-18 16:39
BAHKM,0.81,189.402,2026_01_02,2026-04-18 16:39
RGYAS,-0.01,-9.401,2026_01_02,2026-04-18 16:39
RNPOL,-0.35,-59.734,2026_01_02,2026-04-18 16:39
RODRG,0.73,127.395,2026_01_02,2026-04-18 16:39
ROYAL,0.0,0.0,2026_01_02,2026-04-18 16:39
RTALB,1.74,,2026_01_02,2026-04-18 16:39
RUBNS,0.14,59.547,2026_01_02,2026-04-18 16:39
RYGYO,0.33,,2026_01_02,2026-04-18 16:39
RYSAS,0.12,,2026_01_02,2026-04-18 16:39
SAFKR,0.42,596.805,2026_01_02,2026-04-18 16:39
BAKAB,0.6,208.544,2026_01_02,2026-04-18 16:39
SAMAT,0.08,81.844,2026_01_02,2026-04-18 16:39
SANEL,0.07,12.645,2026_01_02,2026-04-18 16:39
SANFM,0.45,,2026_01_02,2026-04-18 16:39
SANKO,0.65,244.369,2026_01_02,2026-04-18 16:39
SARKY,0.46,,2026_01_02,2026-04-18 16:39
BALAT,-0.03,8.0,2026_01_02,2026-04-18 16:39
SAYAS,-0.02,-11.243,2026_01_02,2026-04-18 16:39
SDTTR,-0.08,-12.798,2026_01_02,2026-04-18 16:39
SEGMN,-0.84,-673.808,2026_01_02,2026-04-18 16:39
SEGYO,-0.16,-314.271,2026_01_02,2026-04-18 16:39
SEKFK,0.0,0.0,2026_01_02,2026-04-18 16:39
SEKUR,0.25,327.909,2026_01_02,2026-04-18 16:39
SELEC,0.33,406.32,2026_01_02,2026-04-18 16:39
SELVA,-0.05,-385.401,2026_01_02,2026-04-18 16:39
SERNT,1.5,,2026_01_02,2026-04-18 16:39
SEYKM,0.0,20.0,2026_01_02,2026-04-18 16:39
SILVR,0.2,427.24,2026_01_02,2026-04-18 16:39
AGYO,0.08,100.409,2026_01_02,2026-04-18 16:39
BANVT,0.12,42.343,2026_01_02,2026-04-18 16:39
SKTAS,0.2,681.037,2026_01_02,2026-04-18 16:39
SKYLP,0.38,26.871,2026_01_02,2026-04-18 16:39
SKYMD,0.91,478.718,2026_01_02,2026-04-18 16:39
SMART,-0.09,-25.94,2026_01_02,2026-04-18 16:39
SMRTG,-0.05,-110.853,2026_01_02,2026-04-18 16:39
SMRVA,-36.0,,2026_01_02,2026-04-18 16:39
SNGYO,-0.09,,2026_01_02,2026-04-18 16:39
SNICA,0.61,,2026_01_02,2026-04-18 16:39
SNPAM,0.0,3.0,2026_01_02,2026-04-18 16:39
SODSN,-0.01,-1.0,2026_01_02,2026-04-18 16:39
SOKE,0.22,281.409,2026_01_02,2026-04-18 16:39
BARMA,-7.25,,2026_01_02,2026-04-18 16:39
SONME,-0.5,-3.714,2026_01_02,2026-04-18 16:39
SRVGY,1.68,,2026_01_02,2026-04-18 16:39
SUMAS,0.0,0.0,2026_01_02,2026-04-18 16:39
SUNTK,-0.69,,2026_01_02,2026-04-18 16:39
SURGY,0.11,47.182,2026_01_02,2026-04-18 16:39
SUWEN,0.12,448.751,2026_01_02,2026-04-18 16:39
BASCM,-0.01,2.0,2026_01_02,2026-04-18 16:39
TARKM,0.29,14.461,2026_01_02,2026-04-18 16:39
TATEN,-2.71,,2026_01_02,2026-04-18 16:39
TATGD,0.84,,2026_01_02,2026-04-18 16:39
BASGZ,-0.07,-123.544,2026_01_02,2026-04-18 16:39
TBORG,-0.09,-52.792,2026_01_02,2026-04-18 16:39
BAYRK,-0.17,-330.047,2026_01_02,2026-04-18 16:39
TCKRC,0.04,,2026_01_02,2026-04-18 16:39
TDGYO,0.0,1.545,2026_01_02,2026-04-18 16:39
TEKTU,-0.02,-42.992,2026_01_02,2026-04-18 16:39
TERA,0.19,445.28,2026_01_02,2026-04-18 16:39
TEZOL,1.74,,2026_01_02,2026-04-18 16:39
TGSAS,0.09,11.007,2026_01_02,2026-04-18 16:39
BEGYO,0.24,676.842,2026_01_02,2026-04-18 16:39
BERA,-0.41,,2026_01_02,2026-04-18 16:39
TKNSA,0.63,635.877,2026_01_02,2026-04-18 16:39
TLMAN,1.03,106.201,2026_01_02,2026-04-18 16:39
TMPOL,0.87,95.865,2026_01_02,2026-04-18 16:39
TMSN,-0.14,-60.443,2026_01_02,2026-04-18 16:39
TNZTP,-1.52,,2026_01_02,2026-04-18 16:39
BESLR,0.1,667.406,2026_01_02,2026-04-18 16:39
TRCAS,0.23,483.054,2026_01_02,2026-04-18 16:39
TRGYO,-1.29,,2026_01_02,2026-04-18 16:39
TRILC,-0.26,-307.414,2026_01_02,2026-04-18 16:39
TSGYO,-0.13,-345.815,2026_01_02,2026-04-18 16:39
BEYAZ,-0.15,-60.949,2026_01_02,2026-04-18 16:39
BFREN,0.23,57.174,2026_01_02,2026-04-18 16:39
BIENY,0.84,702.837,2026_01_02,2026-04-18 16:39
BIGCH,0.43,311.747,2026_01_02,2026-04-18 16:39
TUCLK,-0.24,-567.166,2026_01_02,2026-04-18 16:39
BIGEN,1.3,,2026_01_02,2026-04-18 16:39
BIGTK,1.44,132.067,2026_01_02,2026-04-18 16:39
AHGAZ,0.2,,2026_01_02,2026-04-18 16:39
TURGG,0.48,153.81,2026_01_02,2026-04-18 16:39
BINBN,-0.28,-47.618,2026_01_02,2026-04-18 16:39
UFUK,0.01,4.753,2026_01_02,2026-04-18 16:39
ULAS,0.23,57.362,2026_01_02,2026-04-18 16:39
BINHO,0.18,851.171,2026_01_02,2026-04-18 16:39
ULUFA,-0.37,,2026_01_02,2026-04-18 16:39
ULUSE,0.11,24.307,2026_01_02,2026-04-18 16:39
ULUUN,0.16,441.863,2026_01_02,2026-04-18 16:39
UMPAS,0.0,0.0,2026_01_02,2026-04-18 16:39
UNLU,0.39,397.207,2026_01_02,2026-04-18 16:39
USAK,0.36,,2026_01_02,2026-04-18 16:39
BIOEN,-0.83,,2026_01_02,2026-04-18 16:39
VAKFA,2.02,,2026_01_02,2026-04-18 16:39
VAKFN,-0.09,,2026_01_02,2026-04-18 16:39
VAKKO,0.21,63.845,2026_01_02,2026-04-18 16:39
VANGD,0.93,225.402,2026_01_02,2026-04-18 16:39
VBTYZ,0.13,74.119,2026_01_02,2026-04-18 16:39
VERTU,0.08,18.199,2026_01_02,2026-04-18 16:39
VERUS,0.01,2.246,2026_01_02,2026-04-18 16:39
VESBE,0.0,36.032,2026_01_02,2026-04-18 16:39
BIZIM,-0.98,-271.278,2026_01_02,2026-04-18 16:39
VKFYO,-0.15,-39.155,2026_01_02,2026-04-18 16:39
VKGYO,1.74,,2026_01_02,2026-04-18 16:39
VKING,-0.34,-104.94,2026_01_02,2026-04-18 16:39
VRGYO,-0.99,,2026_01_02,2026-04-18 16:39
VSNMD,2.22,532.373,2026_01_02,2026-04-18 16:39
YAPRK,0.38,15.668,2026_01_02,2026-04-18 16:39
YATAS,0.77,727.755,2026_01_02,2026-04-18 16:39
YAYLA,0.18,72.808,2026_01_02,2026-04-18 16:39
YBTAS,0.0,2.0,2026_01_02,2026-04-18 16:39
BJKAS,20.97,,2026_01_02,2026-04-18 16:39
YESIL,1.23,,2026_01_02,2026-04-18 16:39
YGGYO,-0.04,-106.358,2026_01_02,2026-04-18 16:39
YGYO,0.0,2.0,2026_01_02,2026-04-18 16:39
YIGIT,-0.32,-239.849,2026_01_02,2026-04-18 16:39
BLCYT,-0.26,-125.559,2026_01_02,2026-04-18 16:39
YKSLN,0.7,,2026_01_02,2026-04-18 16:39
YONGA,0.0,0.0,2026_01_02,2026-04-18 16:39
YUNSA,-0.05,-101.852,2026_01_02,2026-04-18 16:39
YYAPI,0.31,,2026_01_02,2026-04-18 16:39
YYLGD,1.49,,2026_01_02,2026-04-18 16:39
ZEDUR,0.56,388.269,2026_01_02,2026-04-18 16:39
ZERGY,-0.64,-995.441,2026_01_02,2026-04-18 16:39
ZGYO,50.01,,2026_01_02,2026-04-18 16:39
BLUME,0.34,594.844,2026_01_02,2026-04-18 16:39
ZRGYO,-0.01,-65.87,2026_01_02,2026-04-18 16:39
THYAO,0.57,,2026_01_03,2026-04-18 16:40
TUPRS,0.46,,2026_01_03,2026-04-18 16:40
SASA,0.01,,2026_01_03,2026-04-18 16:40
ASELS,-0.71,,2026_01_03,2026-04-18 16:40
ISCTR,0.89,,2026_01_03,2026-04-18 16:40
SISE,0.49,,2026_01_03,2026-04-18 16:40
HEKTS,0.57,,2026_01_03,2026-04-18 16:40
EREGL,1.45,,2026_01_03,2026-04-18 16:40
PGSUS,0.13,318.635,2026_01_03,2026-04-18 16:40
ALTNY,-0.18,-746.58,2026_01_03,2026-04-18 16:40
REEDR,-0.25,,2026_01_03,2026-04-18 16:40
KCHOL,-0.33,,2026_01_03,2026-04-18 16:40
KONTR,0.12,,2026_01_03,2026-04-18 16:40
FROTO,-0.49,,2026_01_03,2026-04-18 16:40
ASTOR,0.57,,2026_01_03,2026-04-18 16:40
CWENE,1.61,,2026_01_03,2026-04-18 16:40
TABGD,0.08,42.242,2026_01_03,2026-04-18 16:40
PATEK,0.66,,2026_01_03,2026-04-18 16:40
IZENR,-0.74,,2026_01_03,2026-04-18 16:40
ZOREN,0.01,253.207,2026_01_03,2026-04-18 16:40
DOAS,1.43,,2026_01_03,2026-04-18 16:40
ENERY,0.13,,2026_01_03,2026-04-18 16:40
CANTE,0.04,,2026_01_03,2026-04-18 16:40
OBAMS,0.58,-633.368,2026_01_03,2026-04-18 16:40
PETKM,1.46,,2026_01_03,2026-04-18 16:40
ENJSA,0.14,337.487,2026_01_03,2026-04-18 16:40
AKBNK,0.2,,2026_01_03,2026-04-18 16:40
SAHOL,-0.16,,2026_01_03,2026-04-18 16:40
TCELL,0.15,,2026_01_03,2026-04-18 16:40
KCAER,-0.13,-634.384,2026_01_03,2026-04-18 16:40
MIATK,-0.13,-404.615,2026_01_03,2026-04-18 16:40
BIMAS,-0.52,,2026_01_03,2026-04-18 16:40
EUPWR,0.7,,2026_01_03,2026-04-18 16:40
YKBNK,2.6,,2026_01_03,2026-04-18 16:40
OYAKC,0.18,,2026_01_03,2026-04-18 16:40
TTRAK,0.08,20.554,2026_01_03,2026-04-18 16:40
TOASO,0.76,916.867,2026_01_03,2026-04-18 16:40
TUKAS,-0.96,,2026_01_03,2026-04-18 16:40
GARAN,0.48,,2026_01_03,2026-04-18 16:40
ENKAI,-0.22,,2026_01_03,2026-04-18 16:40
KRDMD,1.72,,2026_01_03,2026-04-18 16:40
MGROS,-0.23,-230.549,2026_01_03,2026-04-18 16:40
AEFES,1.02,,2026_01_03,2026-04-18 16:40
GSRAY,0.19,,2026_01_03,2026-04-18 16:40
TRALT,0.81,,2026_01_03,2026-04-18 16:40
ISMEN,0.04,193.554,2026_01_03,2026-04-18 16:40
AKSA,-0.5,,2026_01_03,2026-04-18 16:40
TSPOR,1.29,,2026_01_03,2026-04-18 16:40
ODAS,-1.48,,2026_01_03,2026-04-18 16:40
ALARK,0.74,,2026_01_03,2026-04-18 16:40
YEOTK,-0.86,,2026_01_03,2026-04-18 16:40
GESAN,1.91,,2026_01_03,2026-04-18 16:40
FENER,-2.61,,2026_01_03,2026-04-18 16:40
EKGYO,0.06,,2026_01_03,2026-04-18 16:40
ARCLK,-0.53,-904.06,2026_01_03,2026-04-18 16:40
MAVI,-0.03,-181.394,2026_01_03,2026-04-18 16:40
CIMSA,0.39,,2026_01_03,2026-04-18 16:40
TTKOM,0.14,699.606,2026_01_03,2026-04-18 16:40
TAVHL,-0.05,-108.952,2026_01_03,2026-04-18 16:40
ULKER,0.2,665.829,2026_01_03,2026-04-18 16:40
VESTL,-0.18,-533.164,2026_01_03,2026-04-18 16:40
CCOLA,-0.11,,2026_01_03,2026-04-18 16:40
SKBNK,0.13,,2026_01_03,2026-04-18 16:40
AKSEN,-0.09,-553.268,2026_01_03,2026-04-18 16:40
SOKM,0.77,,2026_01_03,2026-04-18 16:40
GLRMK,1.03,398.523,2026_01_03,2026-04-18 16:40
DOHOL,0.58,,2026_01_03,2026-04-18 16:40
QUAGR,0.95,,2026_01_03,2026-04-18 16:40
TURSG,0.0,577.935,2026_01_03,2026-04-18 16:40
HALKB,-0.09,,2026_01_03,2026-04-18 16:40
BRSAN,-0.97,-347.029,2026_01_03,2026-04-18 16:40
TSKB,-1.76,,2026_01_03,2026-04-18 16:40
KTLEV,1.26,,2026_01_03,2026-04-18 16:40
GUBRF,1.57,,2026_01_03,2026-04-18 16:40
TUREX,1.07,,2026_01_03,2026-04-18 16:40
VAKBN,0.21,,2026_01_03,2026-04-18 16:40
PASEU,-0.92,,2026_01_03,2026-04-18 16:40
OTKAR,-7.93,,2026_01_03,2026-04-18 16:40
AGHOL,0.04,512.118,2026_01_03,2026-04-18 16:40
EFOR,-0.19,,2026_01_03,2026-04-18 16:40
BTCIM,1.54,,2026_01_03,2026-04-18 16:40
ECILC,1.03,,2026_01_03,2026-04-18 16:40
TKFEN,0.27,621.07,2026_01_03,2026-04-18 16:40
ANSGR,-0.06,,2026_01_03,2026-04-18 16:40
BALSU,-1.12,,2026_01_03,2026-04-18 16:40
GRTHO,-0.02,-10.57,2026_01_03,2026-04-18 16:40
DAPGM,0.96,,2026_01_03,2026-04-18 16:40
MAGEN,0.15,,2026_01_03,2026-04-18 16:40
EGEEN,-0.19,-2.195,2026_01_03,2026-04-18 16:40
TRMET,-0.21,-358.097,2026_01_03,2026-04-18 16:40
BSOKE,0.6,,2026_01_03,2026-04-18 16:40
BRYAT,-0.07,-6.994,2026_01_03,2026-04-18 16:40
KUYAS,1.36,,2026_01_03,2026-04-18 16:40
MPARK,0.08,65.464,2026_01_03,2026-04-18 16:40
TRENJ,-0.13,-129.199,2026_01_03,2026-04-18 16:40
GENIL,-1.55,,2026_01_03,2026-04-18 16:40
DSTKF,1.26,-53.407,2026_01_03,2026-04-18 16:40
GRSEL,1.46,431.328,2026_01_03,2026-04-18 16:40
RALYH,-0.62,,2026_01_03,2026-04-18 16:40
KLRHO,0.06,191.138,2026_01_03,2026-04-18 16:40
BMSCH,-0.03,-20.196,2026_01_03,2026-04-18 16:40
BMSTL,0.24,178.476,2026_01_03,2026-04-18 16:40
BNTAS,0.88,,2026_01_03,2026-04-18 16:40
BOBET,0.2,222.634,2026_01_03,2026-04-18 16:40
BORLS,0.09,279.91,2026_01_03,2026-04-18 16:40
BORSK,3.71,,2026_01_03,2026-04-18 16:40
BOSSA,0.2,995.716,2026_01_03,2026-04-18 16:40
BRISA,0.03,10.968,2026_01_03,2026-04-18 16:40
BRKO,-0.02,-24.453,2026_01_03,2026-04-18 16:40
BRKSN,0.25,157.106,2026_01_03,2026-04-18 16:40
BRKVY,0.52,71.779,2026_01_03,2026-04-18 16:40
BRLSM,1.27,,2026_01_03,2026-04-18 16:40
BRMEN,-0.01,-6.0,2026_01_03,2026-04-18 16:40
AHSGY,-0.55,,2026_01_03,2026-04-18 16:40
ACSEL,0.11,8.767,2026_01_03,2026-04-18 16:40
AKCNS,-1.11,-439.151,2026_01_03,2026-04-18 16:40
AKENR,0.08,306.26,2026_01_03,2026-04-18 16:40
BUCIM,-0.23,,2026_01_03,2026-04-18 16:40
BULGS,-1.38,-995.877,2026_01_03,2026-04-18 16:40
BURCE,-0.05,-22.244,2026_01_03,2026-04-18 16:40
BURVA,0.11,5.304,2026_01_03,2026-04-18 16:40
BVSAN,-0.93,-127.289,2026_01_03,2026-04-18 16:40
BYDNR,0.23,39.919,2026_01_03,2026-04-18 16:40
AKFGY,0.29,,2026_01_03,2026-04-18 16:40
CASA,0.0,-1.0,2026_01_03,2026-04-18 16:40
CATES,2.47,816.301,2026_01_03,2026-04-18 16:40
AKFIS,1.11,741.263,2026_01_03,2026-04-18 16:40
CELHA,-0.16,-237.126,2026_01_03,2026-04-18 16:40
CEMAS,-0.52,,2026_01_03,2026-04-18 16:40
CEMTS,-0.36,-846.458,2026_01_03,2026-04-18 16:40
CEMZY,-0.33,-409.378,2026_01_03,2026-04-18 16:40
CEOEM,0.3,52.014,2026_01_03,2026-04-18 16:40
CGCAM,0.62,262.237,2026_01_03,2026-04-18 16:40
AKFYE,-0.06,-290.474,2026_01_03,2026-04-18 16:40
CLEBI,0.09,4.73,2026_01_03,2026-04-18 16:40
CMBTN,0.25,2.551,2026_01_03,2026-04-18 16:40
CMENT,0.0,0.0,2026_01_03,2026-04-18 16:40
CONSE,0.29,,2026_01_03,2026-04-18 16:40
COSMO,0.0,-1.0,2026_01_03,2026-04-18 16:40
CRDFA,-0.36,-269.352,2026_01_03,2026-04-18 16:40
CRFSA,0.98,179.53,2026_01_03,2026-04-18 16:40
CUSAN,0.17,32.08,2026_01_03,2026-04-18 16:40
CVKMD,-1.73,,2026_01_03,2026-04-18 16:40
AKGRT,-0.9,,2026_01_03,2026-04-18 16:40
TRHOL,1.44,254.107,2026_01_03,2026-04-18 16:40
DAGI,0.04,68.281,2026_01_03,2026-04-18 16:40
AKMGY,-0.01,-1.881,2026_01_03,2026-04-18 16:40
DARDL,0.9,,2026_01_03,2026-04-18 16:40
DCTTR,-1.89,,2026_01_03,2026-04-18 16:40
DENGE,-0.18,-930.81,2026_01_03,2026-04-18 16:40
DERHL,-0.04,-70.697,2026_01_03,2026-04-18 16:40
DERIM,0.37,150.047,2026_01_03,2026-04-18 16:40
DESA,-0.09,-144.425,2026_01_03,2026-04-18 16:40
DESPC,-0.02,-2.614,2026_01_03,2026-04-18 16:40
DEVA,-0.02,-44.948,2026_01_03,2026-04-18 16:40
DGATE,0.64,96.522,2026_01_03,2026-04-18 16:40
DGGYO,0.0,7.176,2026_01_03,2026-04-18 16:40
DGNMO,-0.13,-455.968,2026_01_03,2026-04-18 16:40
DIRIT,0.0,0.0,2026_01_03,2026-04-18 16:40
DITAS,1.55,,2026_01_03,2026-04-18 16:40
DMRGD,-3.44,,2026_01_03,2026-04-18 16:40
DMSAS,0.51,,2026_01_03,2026-04-18 16:40
DNISI,0.99,587.707,2026_01_03,2026-04-18 16:40
ADEL,-1.0,,2026_01_03,2026-04-18 16:40
DOCO,0.96,2.896,2026_01_03,2026-04-18 16:40
DOFER,-1.29,-251.228,2026_01_03,2026-04-18 16:40
DOFRB,2.88,,2026_01_03,2026-04-18 16:40
DOGUB,-0.38,-74.834,2026_01_03,2026-04-18 16:40
ADESE,-0.24,,2026_01_03,2026-04-18 16:40
DOKTA,0.11,166.198,2026_01_03,2026-04-18 16:40
AKSGY,-0.06,-994.491,2026_01_03,2026-04-18 16:40
DUNYH,0.3,106.571,2026_01_03,2026-04-18 16:40
DURDO,0.58,,2026_01_03,2026-04-18 16:40
DURKN,1.1,465.129,2026_01_03,2026-04-18 16:40
DYOBY,0.24,444.402,2026_01_03,2026-04-18 16:40
DZGYO,0.49,,2026_01_03,2026-04-18 16:40
EBEBK,0.51,206.102,2026_01_03,2026-04-18 16:40
AKSUE,0.34,190.638,2026_01_03,2026-04-18 16:40
ECOGR,7.67,,2026_01_03,2026-04-18 16:40
ECZYT,0.17,74.699,2026_01_03,2026-04-18 16:40
EDATA,0.46,745.013,2026_01_03,2026-04-18 16:40
EDIP,2.23,813.173,2026_01_03,2026-04-18 16:40
AKYHO,-0.84,,2026_01_03,2026-04-18 16:40
ADGYO,0.17,648.8,2026_01_03,2026-04-18 16:40
EGEGY,-1.62,-991.35,2026_01_03,2026-04-18 16:40
EGEPO,1.1,,2026_01_03,2026-04-18 16:40
EGGUB,0.06,46.079,2026_01_03,2026-04-18 16:40
EGPRO,0.28,494.317,2026_01_03,2026-04-18 16:40
EGSER,0.07,396.702,2026_01_03,2026-04-18 16:40
ALBRK,0.68,,2026_01_03,2026-04-18 16:40
EKIZ,0.0,0.0,2026_01_03,2026-04-18 16:40
EKOS,0.06,183.466,2026_01_03,2026-04-18 16:40
EKSUN,-1.24,,2026_01_03,2026-04-18 16:40
ELITE,1.11,495.31,2026_01_03,2026-04-18 16:40
EMKEL,0.07,91.756,2026_01_03,2026-04-18 16:40
EMNIS,0.0,0.0,2026_01_03,2026-04-18 16:40
ENDAE,0.29,354.656,2026_01_03,2026-04-18 16:40
ALCAR,-1.96,-33.602,2026_01_03,2026-04-18 16:40
ALCTL,3.09,418.914,2026_01_03,2026-04-18 16:40
ALFAS,-0.03,-30.086,2026_01_03,2026-04-18 16:40
ENSRI,-1.27,,2026_01_03,2026-04-18 16:40
ENTRA,-0.03,-146.201,2026_01_03,2026-04-18 16:40
EPLAS,0.24,459.435,2026_01_03,2026-04-18 16:40
ERBOS,0.37,58.759,2026_01_03,2026-04-18 16:40
ERCB,0.16,62.948,2026_01_03,2026-04-18 16:40
ALGYO,0.61,,2026_01_03,2026-04-18 16:40
ERSU,0.1,30.55,2026_01_03,2026-04-18 16:40
ESCAR,2.02,,2026_01_03,2026-04-18 16:40
ESCOM,2.13,,2026_01_03,2026-04-18 16:40
ESEN,-0.94,,2026_01_03,2026-04-18 16:40
ETILR,1.69,,2026_01_03,2026-04-18 16:40
ETYAT,-0.25,-47.122,2026_01_03,2026-04-18 16:40
EUHOL,0.1,143.995,2026_01_03,2026-04-18 16:40
EUKYO,0.0,0.0,2026_01_03,2026-04-18 16:40
ALKA,0.62,,2026_01_03,2026-04-18 16:40
EUREN,-8.07,,2026_01_03,2026-04-18 16:40
EUYO,-0.13,-25.614,2026_01_03,2026-04-18 16:40
EYGYO,-0.58,,2026_01_03,2026-04-18 16:40
FADE,0.66,279.596,2026_01_03,2026-04-18 16:40
ALKIM,0.26,468.501,2026_01_03,2026-04-18 16:40
FLAP,0.4,372.187,2026_01_03,2026-04-18 16:40
FMIZP,1.38,48.038,2026_01_03,2026-04-18 16:40
FONET,1.37,,2026_01_03,2026-04-18 16:40
FORMT,2.21,,2026_01_03,2026-04-18 16:40
FORTE,1.61,352.847,2026_01_03,2026-04-18 16:40
FRIGO,6.08,,2026_01_03,2026-04-18 16:40
FRMPL,-16.57,,2026_01_03,2026-04-18 16:40
ALKLC,0.26,119.287,2026_01_03,2026-04-18 16:40
FZLGY,-0.19,-749.35,2026_01_03,2026-04-18 16:40
RUZYE,0.06,166.192,2026_01_03,2026-04-18 16:40
GARFA,-0.02,-32.901,2026_01_03,2026-04-18 16:40
GATEG,6.23,690.0,2026_01_03,2026-04-18 16:40
GEDIK,-0.41,,2026_01_03,2026-04-18 16:40
GEDZA,0.39,168.308,2026_01_03,2026-04-18 16:40
A1CAP,0.16,416.129,2026_01_03,2026-04-18 16:40
GENTS,1.5,,2026_01_03,2026-04-18 16:40
GEREL,-0.1,-207.045,2026_01_03,2026-04-18 16:40
ALVES,-0.73,,2026_01_03,2026-04-18 16:40
GIPTA,-0.06,-33.861,2026_01_03,2026-04-18 16:40
GLBMD,-0.05,-13.857,2026_01_03,2026-04-18 16:40
GLCVY,0.95,251.373,2026_01_03,2026-04-18 16:40
ANELE,-0.38,-578.926,2026_01_03,2026-04-18 16:40
GLRYH,0.55,,2026_01_03,2026-04-18 16:40
GLYHO,0.6,,2026_01_03,2026-04-18 16:40
GMTAS,-0.62,,2026_01_03,2026-04-18 16:40
GOKNR,0.68,,2026_01_03,2026-04-18 16:40
GOLTS,1.17,145.277,2026_01_03,2026-04-18 16:40
GOODY,0.18,233.674,2026_01_03,2026-04-18 16:40
GOZDE,-0.46,,2026_01_03,2026-04-18 16:40
GRNYO,0.01,5.499,2026_01_03,2026-04-18 16:40
ANGEN,0.6,519.418,2026_01_03,2026-04-18 16:40
ANHYT,-0.36,-313.29,2026_01_03,2026-04-18 16:40
GSDDE,-0.39,-421.742,2026_01_03,2026-04-18 16:40
GSDHO,-0.09,-898.58,2026_01_03,2026-04-18 16:40
AFYON,0.17,642.851,2026_01_03,2026-04-18 16:40
ARASE,0.79,395.747,2026_01_03,2026-04-18 16:40
GUNDG,-0.8,-151.53,2026_01_03,2026-04-18 16:40
GWIND,0.4,717.548,2026_01_03,2026-04-18 16:40
GZNMI,1.81,718.839,2026_01_03,2026-04-18 16:40
AGESA,-0.12,-42.614,2026_01_03,2026-04-18 16:40
HATEK,0.89,560.044,2026_01_03,2026-04-18 16:40
HATSN,0.45,201.724,2026_01_03,2026-04-18 16:40
HDFGS,-0.95,,2026_01_03,2026-04-18 16:40
HEDEF,0.02,95.801,2026_01_03,2026-04-18 16:40
ARDYZ,0.34,968.968,2026_01_03,2026-04-18 16:40
HKTM,0.58,416.757,2026_01_03,2026-04-18 16:40
HLGYO,-0.01,-107.385,2026_01_03,2026-04-18 16:40
HOROZ,0.33,80.972,2026_01_03,2026-04-18 16:40
HRKET,1.5,359.786,2026_01_03,2026-04-18 16:40
HTTBT,0.55,449.526,2026_01_03,2026-04-18 16:40
HUBVC,-0.13,-378.687,2026_01_03,2026-04-18 16:40
HUNER,-2.06,,2026_01_03,2026-04-18 16:40
HURGZ,-0.08,-171.553,2026_01_03,2026-04-18 16:40
ICBCT,-0.08,-181.159,2026_01_03,2026-04-18 16:40
ICUGS,0.3,,2026_01_03,2026-04-18 16:40
IDGYO,0.82,980.574,2026_01_03,2026-04-18 16:40
IEYHO,0.53,,2026_01_03,2026-04-18 16:40
IHAAS,1.11,625.655,2026_01_03,2026-04-18 16:40
IHEVA,0.28,806.955,2026_01_03,2026-04-18 16:40
IHGZT,0.13,751.178,2026_01_03,2026-04-18 16:40
IHLAS,0.62,,2026_01_03,2026-04-18 16:40
IHLGM,-0.41,,2026_01_03,2026-04-18 16:40
IHYAY,-0.88,,2026_01_03,2026-04-18 16:40
IMASM,0.04,273.064,2026_01_03,2026-04-18 16:40
INDES,-1.09,,2026_01_03,2026-04-18 16:40
INFO,0.99,,2026_01_03,2026-04-18 16:40
INGRM,-0.44,-66.465,2026_01_03,2026-04-18 16:40
INTEK,-0.03,-1.5,2026_01_03,2026-04-18 16:40
INTEM,0.69,64.826,2026_01_03,2026-04-18 16:40
INVEO,-0.09,-914.814,2026_01_03,2026-04-18 16:40
INVES,0.15,56.337,2026_01_03,2026-04-18 16:40
ARENA,0.09,64.495,2026_01_03,2026-04-18 16:40
ISATR,0.0,0.0,2026_01_03,2026-04-18 16:40
ISBIR,0.01,604.0,2026_01_03,2026-04-18 16:40
ISBTR,0.01,0.0,2026_01_03,2026-04-18 16:40
ARFYE,-13.32,,2026_01_03,2026-04-18 16:40
ISDMR,-0.2,-298.356,2026_01_03,2026-04-18 16:40
ISFIN,0.38,,2026_01_03,2026-04-18 16:40
ISGSY,0.08,38.032,2026_01_03,2026-04-18 16:40
ISGYO,0.05,230.975,2026_01_03,2026-04-18 16:40
ISKPL,-0.63,,2026_01_03,2026-04-18 16:40
ISKUR,0.0,0.0,2026_01_03,2026-04-18 16:40
ARMGD,2.73,,2026_01_03,2026-04-18 16:40
ISSEN,-0.07,-78.224,2026_01_03,2026-04-18 16:40
ISYAT,0.01,20.173,2026_01_03,2026-04-18 16:40
ARSAN,-0.79,,2026_01_03,2026-04-18 16:40
IZFAS,0.82,,2026_01_03,2026-04-18 16:40
IZINV,0.18,24.738,2026_01_03,2026-04-18 16:40
IZMDC,0.1,736.911,2026_01_03,2026-04-18 16:40
JANTS,0.18,371.987,2026_01_03,2026-04-18 16:40
KAPLM,0.47,21.26,2026_01_03,2026-04-18 16:40
KAREL,-0.26,-836.657,2026_01_03,2026-04-18 16:40
KARSN,0.04,406.333,2026_01_03,2026-04-18 16:40
KARTN,0.08,59.649,2026_01_03,2026-04-18 16:40
KATMR,-0.46,,2026_01_03,2026-04-18 16:40
KAYSE,-0.01,-47.616,2026_01_03,2026-04-18 16:40
KBORU,-0.59,-845.235,2026_01_03,2026-04-18 16:40
ARTMS,0.85,205.712,2026_01_03,2026-04-18 16:40
ARZUM,0.84,,2026_01_03,2026-04-18 16:40
KENT,-0.09,-1.007,2026_01_03,2026-04-18 16:40
KERVN,0.0,0.0,2026_01_03,2026-04-18 16:40
KFEIN,0.19,292.351,2026_01_03,2026-04-18 16:40
KGYO,0.51,,2026_01_03,2026-04-18 16:40
KIMMR,0.26,189.762,2026_01_03,2026-04-18 16:40
KLGYO,-0.81,,2026_01_03,2026-04-18 16:40
KLKIM,1.11,,2026_01_03,2026-04-18 16:40
KLMSN,-1.17,-360.213,2026_01_03,2026-04-18 16:40
KLNMA,-0.01,-4.944,2026_01_03,2026-04-18 16:40
A1YEN,1.77,732.422,2026_01_03,2026-04-18 16:40
KLSER,-0.19,-211.038,2026_01_03,2026-04-18 16:40
KLSYN,-3.59,,2026_01_03,2026-04-18 16:40
KLYPV,-2.5,,2026_01_03,2026-04-18 16:40
KMPUR,-0.22,-291.29,2026_01_03,2026-04-18 16:40
KNFRT,0.42,559.85,2026_01_03,2026-04-18 16:40
KOCMT,0.06,-473.815,2026_01_03,2026-04-18 16:40
KONKA,0.42,380.239,2026_01_03,2026-04-18 16:40
ASGYO,-0.22,-376.22,2026_01_03,2026-04-18 16:40
KONYA,-0.03,-425.0,2026_01_03,2026-04-18 16:40
KOPOL,0.31,814.301,2026_01_03,2026-04-18 16:40
KORDS,-0.07,-49.907,2026_01_03,2026-04-18 16:40
KOTON,2.58,,2026_01_03,2026-04-18 16:40
AGROT,-0.29,,2026_01_03,2026-04-18 16:40
ASUZU,0.03,13.131,2026_01_03,2026-04-18 16:40
KRDMA,-0.16,-364.009,2026_01_03,2026-04-18 16:40
KRDMB,1.21,,2026_01_03,2026-04-18 16:40
ATAGY,-0.29,-131.476,2026_01_03,2026-04-18 16:40
KRGYO,0.75,,2026_01_03,2026-04-18 16:40
KRONT,0.23,264.16,2026_01_03,2026-04-18 16:40
KRPLS,-0.25,-196.923,2026_01_03,2026-04-18 16:40
KRSTL,-0.22,-399.044,2026_01_03,2026-04-18 16:40
KRTEK,0.19,36.015,2026_01_03,2026-04-18 16:40
KRVGD,1.09,,2026_01_03,2026-04-18 16:40
KSTUR,0.0,-1.0,2026_01_03,2026-04-18 16:40
ATAKP,0.14,37.341,2026_01_03,2026-04-18 16:40
KTSKR,0.2,29.356,2026_01_03,2026-04-18 16:40
KUTPO,-0.14,-14.742,2026_01_03,2026-04-18 16:40
KUVVA,0.0,-1.002,2026_01_03,2026-04-18 16:40
ATATP,3.64,683.604,2026_01_03,2026-04-18 16:40
KZBGY,-0.57,,2026_01_03,2026-04-18 16:40
KZGYO,0.2,101.621,2026_01_03,2026-04-18 16:40
LIDER,0.14,390.848,2026_01_03,2026-04-18 16:40
LIDFA,0.85,,2026_01_03,2026-04-18 16:40
LILAK,0.06,155.77,2026_01_03,2026-04-18 16:40
LINK,-2.23,-406.512,2026_01_03,2026-04-18 16:40
LKMNH,-0.58,-934.4,2026_01_03,2026-04-18 16:40
LMKDC,3.33,,2026_01_03,2026-04-18 16:40
LOGO,0.14,109.461,2026_01_03,2026-04-18 16:40
LRSHO,-0.46,,2026_01_03,2026-04-18 16:40
LUKSK,0.32,87.213,2026_01_03,2026-04-18 16:40
LYDHO,0.22,412.357,2026_01_03,2026-04-18 16:40
LYDYE,-0.01,-93.0,2026_01_03,2026-04-18 16:40
MAALT,0.28,13.371,2026_01_03,2026-04-18 16:40
MACKO,-1.4,-598.688,2026_01_03,2026-04-18 16:40
ATEKS,0.0,0.0,2026_01_03,2026-04-18 16:40
MAKIM,1.66,705.415,2026_01_03,2026-04-18 16:40
MAKTK,-0.15,-290.701,2026_01_03,2026-04-18 16:40
MANAS,-0.17,-217.811,2026_01_03,2026-04-18 16:40
MARBL,-0.21,-139.574,2026_01_03,2026-04-18 16:40
MARKA,0.21,42.674,2026_01_03,2026-04-18 16:40
MARMR,-0.85,,2026_01_03,2026-04-18 16:40
MARTI,0.35,,2026_01_03,2026-04-18 16:40
ATLAS,0.11,69.956,2026_01_03,2026-04-18 16:40
MEDTR,-1.66,-408.021,2026_01_03,2026-04-18 16:40
MEGAP,0.0,9.0,2026_01_03,2026-04-18 16:40
MEGMT,-0.29,-207.854,2026_01_03,2026-04-18 16:40
MEKAG,-0.01,-12.88,2026_01_03,2026-04-18 16:40
MEPET,0.33,240.613,2026_01_03,2026-04-18 16:40
MERCN,-1.11,-824.227,2026_01_03,2026-04-18 16:40
MERIT,-0.53,,2026_01_03,2026-04-18 16:40
MERKO,1.82,,2026_01_03,2026-04-18 16:40
METRO,0.39,,2026_01_03,2026-04-18 16:40
MEYSU,-23.73,,2026_01_03,2026-04-18 16:40
ATSYH,0.0,0.0,2026_01_03,2026-04-18 16:40
MHRGY,0.72,,2026_01_03,2026-04-18 16:40
AVGYO,0.03,33.617,2026_01_03,2026-04-18 16:40
MMCAS,0.0,-2.0,2026_01_03,2026-04-18 16:40
MNDRS,0.35,781.239,2026_01_03,2026-04-18 16:40
MNDTR,0.07,640.171,2026_01_03,2026-04-18 16:40
MOBTL,0.43,905.853,2026_01_03,2026-04-18 16:40
MOGAN,-0.62,,2026_01_03,2026-04-18 16:40
MOPAS,0.28,161.726,2026_01_03,2026-04-18 16:40
AVHOL,0.4,103.658,2026_01_03,2026-04-18 16:40
MRGYO,1.55,,2026_01_03,2026-04-18 16:40
MRSHL,-0.08,-3.515,2026_01_03,2026-04-18 16:40
MSGYO,0.15,263.45,2026_01_03,2026-04-18 16:40
MTRKS,-0.88,-380.452,2026_01_03,2026-04-18 16:40
MTRYO,-0.05,-20.0,2026_01_03,2026-04-18 16:40
MZHLD,-0.88,-637.201,2026_01_03,2026-04-18 16:40
NATEN,0.18,555.933,2026_01_03,2026-04-18 16:40
NETAS,0.3,97.179,2026_01_03,2026-04-18 16:40
NIBAS,-0.07,-194.095,2026_01_03,2026-04-18 16:40
NTGAZ,0.4,,2026_01_03,2026-04-18 16:40
NTHOL,-0.05,-241.19,2026_01_03,2026-04-18 16:40
NUGYO,0.07,222.81,2026_01_03,2026-04-18 16:40
NUHCM,0.11,37.54,2026_01_03,2026-04-18 16:40
AVOD,0.57,,2026_01_03,2026-04-18 16:40
OBASE,1.4,208.592,2026_01_03,2026-04-18 16:40
AVPGY,0.22,215.522,2026_01_03,2026-04-18 16:40
ODINE,0.46,239.268,2026_01_03,2026-04-18 16:40
OFSYM,1.66,377.717,2026_01_03,2026-04-18 16:40
ONCSM,-2.89,-291.991,2026_01_03,2026-04-18 16:40
ONRYT,0.99,196.81,2026_01_03,2026-04-18 16:40
ORCAY,0.11,180.393,2026_01_03,2026-04-18 16:40
ORGE,0.58,245.385,2026_01_03,2026-04-18 16:40
ORMA,0.0,0.0,2026_01_03,2026-04-18 16:40
OSMEN,0.23,358.866,2026_01_03,2026-04-18 16:40
OSTIM,0.39,,2026_01_03,2026-04-18 16:40
AVTUR,-0.08,-32.67,2026_01_03,2026-04-18 16:40
OTTO,-0.11,-6.018,2026_01_03,2026-04-18 16:40
AYCES,1.31,24.67,2026_01_03,2026-04-18 16:40
OYAYO,-0.21,-42.058,2026_01_03,2026-04-18 16:40
OYLUM,0.2,161.867,2026_01_03,2026-04-18 16:40
OYYAT,-0.3,-269.341,2026_01_03,2026-04-18 16:40
OZATD,-0.06,-7.979,2026_01_03,2026-04-18 16:40
OZGYO,1.88,,2026_01_03,2026-04-18 16:40
OZKGY,0.03,124.828,2026_01_03,2026-04-18 16:40
OZRDN,-0.2,-117.011,2026_01_03,2026-04-18 16:40
OZSUB,-0.64,-270.479,2026_01_03,2026-04-18 16:40
OZYSR,-0.05,-21.002,2026_01_03,2026-04-18 16:40
PAGYO,-0.17,-100.458,2026_01_03,2026-04-18 16:40
PAHOL,0.52,,2026_01_03,2026-04-18 16:40
PAMEL,0.2,42.975,2026_01_03,2026-04-18 16:40
PAPIL,-0.73,,2026_01_03,2026-04-18 16:40
PARSN,0.01,5.014,2026_01_03,2026-04-18 16:40
AYDEM,1.55,,2026_01_03,2026-04-18 16:40
AYEN,-0.08,-42.217,2026_01_03,2026-04-18 16:40
PCILT,-0.01,-6.961,2026_01_03,2026-04-18 16:40
TEHOL,-4.5,,2026_01_03,2026-04-18 16:40
PEKGY,2.47,,2026_01_03,2026-04-18 16:40
PENGD,1.03,,2026_01_03,2026-04-18 16:40
PENTA,-0.05,-80.988,2026_01_03,2026-04-18 16:40
AYES,0.2,174.738,2026_01_03,2026-04-18 16:40
PETUN,-0.36,-486.624,2026_01_03,2026-04-18 16:40
AYGAZ,0.03,31.112,2026_01_03,2026-04-18 16:40
PINSU,0.22,224.453,2026_01_03,2026-04-18 16:40
PKART,0.56,61.838,2026_01_03,2026-04-18 16:40
PKENT,0.11,26.64,2026_01_03,2026-04-18 16:40
PLTUR,0.32,156.327,2026_01_03,2026-04-18 16:40
PNLSN,0.17,61.569,2026_01_03,2026-04-18 16:40
PNSUT,0.16,200.496,2026_01_03,2026-04-18 16:40
POLHO,-0.07,-117.92,2026_01_03,2026-04-18 16:40
POLTK,-2.03,-22.798,2026_01_03,2026-04-18 16:40
PRDGS,0.82,909.271,2026_01_03,2026-04-18 16:40
PRKAB,-1.23,-433.453,2026_01_03,2026-04-18 16:40
PRKME,-2.86,,2026_01_03,2026-04-18 16:40
PRZMA,0.03,18.915,2026_01_03,2026-04-18 16:40
PSDTC,-0.16,-10.366,2026_01_03,2026-04-18 16:40
PSGYO,0.02,729.501,2026_01_03,2026-04-18 16:40
QNBFK,0.0,-10.0,2026_01_03,2026-04-18 16:40
QNBTR,0.0,-9.0,2026_01_03,2026-04-18 16:40
AZTEK,1.05,,2026_01_03,2026-04-18 16:40
BAGFS,0.13,133.378,2026_01_03,2026-04-18 16:40
RAYSG,0.28,147.233,2026_01_03,2026-04-18 16:40
BAHKM,1.38,321.422,2026_01_03,2026-04-18 16:40
RGYAS,-1.03,,2026_01_03,2026-04-18 16:40
RNPOL,0.18,30.968,2026_01_03,2026-04-18 16:40
RODRG,0.76,129.065,2026_01_03,2026-04-18 16:40
ROYAL,0.0,0.0,2026_01_03,2026-04-18 16:40
RTALB,1.86,,2026_01_03,2026-04-18 16:40
RUBNS,7.52,,2026_01_03,2026-04-18 16:40
RYGYO,0.64,,2026_01_03,2026-04-18 16:40
RYSAS,-0.38,,2026_01_03,2026-04-18 16:40
SAFKR,1.05,,2026_01_03,2026-04-18 16:40
BAKAB,0.4,139.394,2026_01_03,2026-04-18 16:40
SAMAT,0.04,41.123,2026_01_03,2026-04-18 16:40
SANEL,0.6,108.577,2026_01_03,2026-04-18 16:40
SANFM,0.19,420.869,2026_01_03,2026-04-18 16:40
SANKO,0.05,20.954,2026_01_03,2026-04-18 16:40
SARKY,-0.34,,2026_01_03,2026-04-18 16:40
BALAT,0.0,0.0,2026_01_03,2026-04-18 16:40
SAYAS,0.36,155.215,2026_01_03,2026-04-18 16:40
SDTTR,0.44,71.242,2026_01_03,2026-04-18 16:40
SEGMN,3.99,,2026_01_03,2026-04-18 16:40
SEGYO,-2.35,,2026_01_03,2026-04-18 16:40
SEKFK,-0.09,-58.994,2026_01_03,2026-04-18 16:40
SEKUR,-0.01,-9.317,2026_01_03,2026-04-18 16:40
SELEC,-0.1,-117.9,2026_01_03,2026-04-18 16:40
SELVA,0.03,270.662,2026_01_03,2026-04-18 16:40
SERNT,1.46,,2026_01_03,2026-04-18 16:40
SEYKM,-0.06,-84.855,2026_01_03,2026-04-18 16:40
SILVR,0.51,,2026_01_03,2026-04-18 16:40
AGYO,-0.04,-48.05,2026_01_03,2026-04-18 16:40
BANVT,-0.04,-12.778,2026_01_03,2026-04-18 16:40
SKTAS,0.02,51.963,2026_01_03,2026-04-18 16:40
SKYLP,2.03,145.225,2026_01_03,2026-04-18 16:40
SKYMD,0.59,309.321,2026_01_03,2026-04-18 16:40
SMART,0.18,53.125,2026_01_03,2026-04-18 16:40
SMRTG,0.42,918.823,2026_01_03,2026-04-18 16:40
SMRVA,-2.96,-828.914,2026_01_03,2026-04-18 16:40
SNGYO,0.13,,2026_01_03,2026-04-18 16:40
SNICA,0.76,,2026_01_03,2026-04-18 16:40
SNPAM,0.0,77.0,2026_01_03,2026-04-18 16:40
SODSN,-0.03,-2.0,2026_01_03,2026-04-18 16:40
SOKE,0.6,766.249,2026_01_03,2026-04-18 16:40
BARMA,-2.63,,2026_01_03,2026-04-18 16:40
SONME,-0.01,-540.0,2026_01_03,2026-04-18 16:40
SRVGY,2.04,,2026_01_03,2026-04-18 16:40
SUMAS,0.0,201.0,2026_01_03,2026-04-18 16:40
SUNTK,0.17,-534.891,2026_01_03,2026-04-18 16:40
SURGY,-0.07,-73.454,2026_01_03,2026-04-18 16:40
SUWEN,0.15,535.813,2026_01_03,2026-04-18 16:40
BASCM,0.01,7.319,2026_01_03,2026-04-18 16:40
TARKM,0.51,25.298,2026_01_03,2026-04-18 16:40
TATEN,0.09,322.163,2026_01_03,2026-04-18 16:40
TATGD,1.32,,2026_01_03,2026-04-18 16:40
BASGZ,0.14,247.823,2026_01_03,2026-04-18 16:40
TBORG,-0.02,-14.909,2026_01_03,2026-04-18 16:40
BAYRK,-1.33,,2026_01_03,2026-04-18 16:40
TCKRC,0.01,4.534,2026_01_03,2026-04-18 16:40
TDGYO,-0.05,-35.312,2026_01_03,2026-04-18 16:40
TEKTU,2.96,,2026_01_03,2026-04-18 16:40
TERA,4.81,,2026_01_03,2026-04-18 16:40
TEZOL,0.51,693.205,2026_01_03,2026-04-18 16:40
TGSAS,-0.01,-1.465,2026_01_03,2026-04-18 16:40
BEGYO,1.07,,2026_01_03,2026-04-18 16:40
BERA,-0.36,,2026_01_03,2026-04-18 16:40
TKNSA,0.35,350.853,2026_01_03,2026-04-18 16:40
TLMAN,0.29,29.84,2026_01_03,2026-04-18 16:40
TMPOL,0.65,71.747,2026_01_03,2026-04-18 16:40
TMSN,0.53,233.888,2026_01_03,2026-04-18 16:40
TNZTP,-0.45,-393.735,2026_01_03,2026-04-18 16:40
BESLR,0.08,522.268,2026_01_03,2026-04-18 16:40
TRCAS,0.13,256.437,2026_01_03,2026-04-18 16:40
TRGYO,-0.14,-358.028,2026_01_03,2026-04-18 16:40
TRILC,0.57,677.287,2026_01_03,2026-04-18 16:40
TSGYO,0.62,,2026_01_03,2026-04-18 16:40
BEYAZ,0.68,284.744,2026_01_03,2026-04-18 16:40
BFREN,0.19,45.578,2026_01_03,2026-04-18 16:40
BIENY,0.17,136.343,2026_01_03,2026-04-18 16:40
BIGCH,1.02,755.931,2026_01_03,2026-04-18 16:40
TUCLK,2.71,,2026_01_03,2026-04-18 16:40
BIGEN,-0.51,-591.892,2026_01_03,2026-04-18 16:40
BIGTK,-29.99,29.538,2026_01_03,2026-04-18 16:40
AHGAZ,-0.22,,2026_01_03,2026-04-18 16:40
TURGG,-1.77,-566.443,2026_01_03,2026-04-18 16:40
BINBN,-2.53,-431.171,2026_01_03,2026-04-18 16:40
UCAYM,20.28,,2026_01_03,2026-04-18 16:40
UFUK,0.0,3.081,2026_01_03,2026-04-18 16:40
ULAS,0.13,34.09,2026_01_03,2026-04-18 16:40
BINHO,-0.33,,2026_01_03,2026-04-18 16:40
ULUFA,1.22,,2026_01_03,2026-04-18 16:40
ULUSE,0.01,2.966,2026_01_03,2026-04-18 16:40
ULUUN,-0.96,,2026_01_03,2026-04-18 16:40
UMPAS,0.0,0.0,2026_01_03,2026-04-18 16:40
UNLU,1.01,,2026_01_03,2026-04-18 16:40
USAK,0.04,486.321,2026_01_03,2026-04-18 16:40
BIOEN,-0.58,,2026_01_03,2026-04-18 16:40
VAKFA,-2.86,,2026_01_03,2026-04-18 16:40
VAKFN,-0.16,,2026_01_03,2026-04-18 16:40
VAKKO,0.94,288.94,2026_01_03,2026-04-18 16:40
VANGD,-0.11,-27.594,2026_01_03,2026-04-18 16:40
VBTYZ,-0.22,-121.095,2026_01_03,2026-04-18 16:40
VERTU,0.54,119.005,2026_01_03,2026-04-18 16:40
VERUS,-0.09,-29.962,2026_01_03,2026-04-18 16:40
VESBE,-0.31,,2026_01_03,2026-04-18 16:40
BIZIM,0.6,167.274,2026_01_03,2026-04-18 16:40
VKFYO,-0.34,-92.151,2026_01_03,2026-04-18 16:40
VKGYO,1.39,,2026_01_03,2026-04-18 16:40
VKING,0.0,-1.381,2026_01_03,2026-04-18 16:40
VRGYO,0.28,,2026_01_03,2026-04-18 16:40
VSNMD,-5.02,,2026_01_03,2026-04-18 16:40
YAPRK,0.17,7.177,2026_01_03,2026-04-18 16:40
YATAS,0.63,604.896,2026_01_03,2026-04-18 16:40
YAYLA,-0.36,-147.167,2026_01_03,2026-04-18 16:40
YBTAS,0.0,0.0,2026_01_03,2026-04-18 16:40
BJKAS,-0.73,,2026_01_03,2026-04-18 16:40
YESIL,-2.62,,2026_01_03,2026-04-18 16:40
YGGYO,0.0,4.09,2026_01_03,2026-04-18 16:40
YGYO,-0.19,,2026_01_03,2026-04-18 16:40
YIGIT,-1.04,-779.346,2026_01_03,2026-04-18 16:40
BLCYT,-0.13,-65.242,2026_01_03,2026-04-18 16:40
YKSLN,1.03,,2026_01_03,2026-04-18 16:40
YONGA,-0.32,-23.08,2026_01_03,2026-04-18 16:40
YUNSA,1.78,,2026_01_03,2026-04-18 16:40
YYAPI,-0.92,,2026_01_03,2026-04-18 16:40
YYLGD,-0.35,,2026_01_03,2026-04-18 16:40
ZEDUR,-0.41,-285.099,2026_01_03,2026-04-18 16:40
ZERGY,0.01,7.824,2026_01_03,2026-04-18 16:40
ZGYO,-1.71,,2026_01_03,2026-04-18 16:40
BLUME,-0.11,-201.931,2026_01_03,2026-04-18 16:40
ZRGYO,0.05,511.518,2026_01_03,2026-04-18 16:40
THYAO,0.7,,2026_01_04,2026-04-18 16:42
TUPRS,0.88,,2026_01_04,2026-04-18 16:42
SASA,-0.07,,2026_01_04,2026-04-18 16:42
ASELS,-0.27,,2026_01_04,2026-04-18 16:42
ISCTR,2.25,,2026_01_04,2026-04-18 16:42
SISE,2.53,,2026_01_04,2026-04-18 16:42
HEKTS,1.47,,2026_01_04,2026-04-18 16:42
EREGL,1.62,,2026_01_04,2026-04-18 16:42
PGSUS,-1.76,,2026_01_04,2026-04-18 16:42
ALTNY,1.81,,2026_01_04,2026-04-18 16:42
REEDR,-0.22,-934.783,2026_01_04,2026-04-18 16:42
KCHOL,0.06,389.384,2026_01_04,2026-04-18 16:42
KONTR,0.46,,2026_01_04,2026-04-18 16:42
FROTO,1.02,,2026_01_04,2026-04-18 16:42
ASTOR,0.09,304.632,2026_01_04,2026-04-18 16:42
CWENE,0.78,,2026_01_04,2026-04-18 16:42
PATEK,0.03,85.604,2026_01_04,2026-04-18 16:42
TABGD,0.64,335.29,2026_01_04,2026-04-18 16:42
IZENR,-0.2,,2026_01_04,2026-04-18 16:42
ZOREN,1.54,,2026_01_04,2026-04-18 16:42
CANTE,0.45,,2026_01_04,2026-04-18 16:42
ENERY,0.09,,2026_01_04,2026-04-18 16:42
DOAS,0.93,906.83,2026_01_04,2026-04-18 16:42
OBAMS,-0.03,-205.112,2026_01_04,2026-04-18 16:42
PETKM,0.81,,2026_01_04,2026-04-18 16:42
ENJSA,0.53,,2026_01_04,2026-04-18 16:42
AKBNK,1.62,,2026_01_04,2026-04-18 16:42
SAHOL,1.46,,2026_01_04,2026-04-18 16:42
TCELL,0.02,397.295,2026_01_04,2026-04-18 16:42
KCAER,-1.36,,2026_01_04,2026-04-18 16:42
MIATK,0.93,,2026_01_04,2026-04-18 16:42
EUPWR,0.67,,2026_01_04,2026-04-18 16:42
BIMAS,0.6,,2026_01_04,2026-04-18 16:42
YKBNK,0.77,,2026_01_04,2026-04-18 16:42
OYAKC,0.09,,2026_01_04,2026-04-18 16:42
TTRAK,0.56,139.085,2026_01_04,2026-04-18 16:42
TOASO,1.38,,2026_01_04,2026-04-18 16:42
TUKAS,-0.53,,2026_01_04,2026-04-18 16:42
ENKAI,0.83,,2026_01_04,2026-04-18 16:42
GARAN,0.92,,2026_01_04,2026-04-18 16:42
KRDMD,-0.06,-476.288,2026_01_04,2026-04-18 16:42
MGROS,-0.92,-883.466,2026_01_04,2026-04-18 16:42
TRALT,1.25,,2026_01_04,2026-04-18 16:42
AEFES,2.15,,2026_01_04,2026-04-18 16:42
GSRAY,0.45,,2026_01_04,2026-04-18 16:42
ISMEN,-0.69,,2026_01_04,2026-04-18 16:42
AKSA,0.46,,2026_01_04,2026-04-18 16:42
ODAS,2.24,,2026_01_04,2026-04-18 16:42
TSPOR,-0.42,,2026_01_04,2026-04-18 16:42
YEOTK,-0.41,-669.292,2026_01_04,2026-04-18 16:42
ALARK,0.72,,2026_01_04,2026-04-18 16:42
GESAN,1.41,,2026_01_04,2026-04-18 16:42
EKGYO,2.06,,2026_01_04,2026-04-18 16:42
FENER,1.5,,2026_01_04,2026-04-18 16:42
ARCLK,0.36,600.357,2026_01_04,2026-04-18 16:42
MAVI,0.25,,2026_01_04,2026-04-18 16:42
CIMSA,1.74,,2026_01_04,2026-04-18 16:42
TTKOM,0.01,87.05,2026_01_04,2026-04-18 16:42
TAVHL,0.3,635.645,2026_01_04,2026-04-18 16:42
ULKER,0.46,,2026_01_04,2026-04-18 16:42
VESTL,0.72,,2026_01_04,2026-04-18 16:42
CCOLA,0.06,447.615,2026_01_04,2026-04-18 16:42
SKBNK,0.76,,2026_01_04,2026-04-18 16:42
AKSEN,0.26,,2026_01_04,2026-04-18 16:42
TURSG,-0.43,,2026_01_04,2026-04-18 16:42
DOHOL,0.16,,2026_01_04,2026-04-18 16:42
SOKM,0.74,,2026_01_04,2026-04-18 16:42
QUAGR,1.99,,2026_01_04,2026-04-18 16:42
HALKB,-0.23,,2026_01_04,2026-04-18 16:42
GLRMK,0.61,237.189,2026_01_04,2026-04-18 16:42
BRSAN,1.22,437.622,2026_01_04,2026-04-18 16:42
KTLEV,-0.54,,2026_01_04,2026-04-18 16:42
TSKB,2.24,,2026_01_04,2026-04-18 16:42
GUBRF,1.5,,2026_01_04,2026-04-18 16:42
TUREX,-2.43,,2026_01_04,2026-04-18 16:42
VAKBN,0.08,,2026_01_04,2026-04-18 16:42
PASEU,-0.14,-285.604,2026_01_04,2026-04-18 16:42
OTKAR,-0.64,-214.714,2026_01_04,2026-04-18 16:42
EFOR,-0.38,,2026_01_04,2026-04-18 16:42
AGHOL,0.38,,2026_01_04,2026-04-18 16:42
ECILC,0.64,,2026_01_04,2026-04-18 16:42
BTCIM,0.19,,2026_01_04,2026-04-18 16:42
TKFEN,0.44,,2026_01_04,2026-04-18 16:42
BALSU,-1.7,,2026_01_04,2026-04-18 16:42
ANSGR,0.04,729.073,2026_01_04,2026-04-18 16:42
DAPGM,0.49,,2026_01_04,2026-04-18 16:42
GRTHO,0.33,123.439,2026_01_04,2026-04-18 16:42
TRMET,1.48,,2026_01_04,2026-04-18 16:42
MAGEN,-0.14,,2026_01_04,2026-04-18 16:42
EGEEN,-0.4,-4.519,2026_01_04,2026-04-18 16:42
BRYAT,0.59,60.584,2026_01_04,2026-04-18 16:42
BSOKE,0.31,,2026_01_04,2026-04-18 16:42
KUYAS,-0.79,,2026_01_04,2026-04-18 16:42
MPARK,-0.21,-171.956,2026_01_04,2026-04-18 16:42
GENIL,-3.48,,2026_01_04,2026-04-18 16:42
TRENJ,-0.15,-144.707,2026_01_04,2026-04-18 16:42
DSTKF,0.43,357.821,2026_01_04,2026-04-18 16:42
GRSEL,0.92,271.735,2026_01_04,2026-04-18 16:42
RALYH,-0.52,-917.595,2026_01_04,2026-04-18 16:42
KLRHO,0.1,337.183,2026_01_04,2026-04-18 16:42
BMSCH,-2.26,,2026_01_04,2026-04-18 16:42
BMSTL,1.17,879.174,2026_01_04,2026-04-18 16:42
BNTAS,-1.15,,2026_01_04,2026-04-18 16:42
BOBET,-0.48,-542.551,2026_01_04,2026-04-18 16:42
BORLS,0.25,785.138,2026_01_04,2026-04-18 16:42
BORSK,-4.12,,2026_01_04,2026-04-18 16:42
BOSSA,0.23,,2026_01_04,2026-04-18 16:42
BRISA,0.07,23.082,2026_01_04,2026-04-18 16:42
BRKO,-0.01,-15.443,2026_01_04,2026-04-18 16:42
BRKSN,-0.1,-62.8,2026_01_04,2026-04-18 16:42
BRKVY,-0.26,-35.816,2026_01_04,2026-04-18 16:42
BRLSM,-0.63,-680.232,2026_01_04,2026-04-18 16:42
BRMEN,0.0,0.0,2026_01_04,2026-04-18 16:42
AHSGY,-0.1,-193.946,2026_01_04,2026-04-18 16:42
ACSEL,0.09,8.335,2026_01_04,2026-04-18 16:42
AKCNS,2.3,905.021,2026_01_04,2026-04-18 16:42
AKENR,0.36,,2026_01_04,2026-04-18 16:42
BUCIM,-0.63,,2026_01_04,2026-04-18 16:42
BULGS,1.1,792.087,2026_01_04,2026-04-18 16:42
BURCE,0.21,91.9,2026_01_04,2026-04-18 16:42
BURVA,-0.14,-6.802,2026_01_04,2026-04-18 16:42
BVSAN,-0.13,-17.745,2026_01_04,2026-04-18 16:42
BYDNR,-1.22,-44.304,2026_01_04,2026-04-18 16:42
AKFGY,0.18,,2026_01_04,2026-04-18 16:42
CASA,0.0,2.0,2026_01_04,2026-04-18 16:42
CATES,-1.49,-493.192,2026_01_04,2026-04-18 16:42
AKFIS,0.92,616.791,2026_01_04,2026-04-18 16:42
CELHA,0.19,257.27,2026_01_04,2026-04-18 16:42
CEMAS,-0.17,,2026_01_04,2026-04-18 16:42
CEMTS,0.48,,2026_01_04,2026-04-18 16:42
CEMZY,0.53,654.062,2026_01_04,2026-04-18 16:42
CEOEM,-1.64,-353.277,2026_01_04,2026-04-18 16:42
CGCAM,1.6,668.975,2026_01_04,2026-04-18 16:42
AKFYE,0.39,,2026_01_04,2026-04-18 16:42
CLEBI,0.25,13.805,2026_01_04,2026-04-18 16:42
CMBTN,0.1,965.0,2026_01_04,2026-04-18 16:42
CMENT,0.0,0.0,2026_01_04,2026-04-18 16:42
CONSE,1.98,,2026_01_04,2026-04-18 16:42
COSMO,0.0,0.0,2026_01_04,2026-04-18 16:42
CRDFA,0.1,78.263,2026_01_04,2026-04-18 16:42
CRFSA,-1.88,-343.249,2026_01_04,2026-04-18 16:42
CUSAN,2.87,530.604,2026_01_04,2026-04-18 16:42
CVKMD,0.78,,2026_01_04,2026-04-18 16:42
AKGRT,0.07,384.165,2026_01_04,2026-04-18 16:42
TRHOL,0.85,150.301,2026_01_04,2026-04-18 16:42
DAGI,0.63,,2026_01_04,2026-04-18 16:42
AKMGY,-0.05,-10.408,2026_01_04,2026-04-18 16:42
DARDL,-0.03,-524.922,2026_01_04,2026-04-18 16:42
DCTTR,5.56,,2026_01_04,2026-04-18 16:42
DENGE,-0.09,-449.336,2026_01_04,2026-04-18 16:42
DERHL,-1.08,,2026_01_04,2026-04-18 16:42
DERIM,0.07,26.191,2026_01_04,2026-04-18 16:42
DESA,-0.11,-189.208,2026_01_04,2026-04-18 16:42
DESPC,-0.74,-118.975,2026_01_04,2026-04-18 16:42
DEVA,0.02,55.82,2026_01_04,2026-04-18 16:42
DGATE,-0.4,-60.622,2026_01_04,2026-04-18 16:42
DGGYO,0.01,39.631,2026_01_04,2026-04-18 16:42
DGNMO,-0.44,,2026_01_04,2026-04-18 16:42
DIRIT,0.0,0.0,2026_01_04,2026-04-18 16:42
DITAS,-0.97,-810.142,2026_01_04,2026-04-18 16:42
DMRGD,-0.25,,2026_01_04,2026-04-18 16:42
DMSAS,-4.78,,2026_01_04,2026-04-18 16:42
DNISI,-0.64,-384.017,2026_01_04,2026-04-18 16:42
ADEL,-0.15,-159.287,2026_01_04,2026-04-18 16:42
DOCO,-0.83,-4.583,2026_01_04,2026-04-18 16:42
DOFER,-2.54,-498.926,2026_01_04,2026-04-18 16:42
DOFRB,-0.43,-196.339,2026_01_04,2026-04-18 16:42
DOGUB,0.29,56.41,2026_01_04,2026-04-18 16:42
ADESE,-4.35,,2026_01_04,2026-04-18 16:42
DOKTA,0.3,444.436,2026_01_04,2026-04-18 16:42
AKSGY,0.1,,2026_01_04,2026-04-18 16:42
DUNYH,-0.24,-84.246,2026_01_04,2026-04-18 16:42
DURDO,-0.37,,2026_01_04,2026-04-18 16:42
DURKN,0.72,309.066,2026_01_04,2026-04-18 16:42
DYOBY,0.43,798.529,2026_01_04,2026-04-18 16:42
DZGYO,0.53,,2026_01_04,2026-04-18 16:42
EBEBK,-0.34,-136.201,2026_01_04,2026-04-18 16:42
AKSUE,-0.02,-11.791,2026_01_04,2026-04-18 16:42
ECOGR,0.08,85.786,2026_01_04,2026-04-18 16:42
ECZYT,-0.05,-22.157,2026_01_04,2026-04-18 16:42
EDATA,0.1,157.721,2026_01_04,2026-04-18 16:42
EDIP,0.03,10.26,2026_01_04,2026-04-18 16:42
AKYHO,-0.11,-252.484,2026_01_04,2026-04-18 16:42
ADGYO,0.13,488.253,2026_01_04,2026-04-18 16:42
EGEGY,1.85,,2026_01_04,2026-04-18 16:42
EGEPO,1.26,,2026_01_04,2026-04-18 16:42
EGGUB,0.13,98.439,2026_01_04,2026-04-18 16:42
EGPRO,0.42,742.516,2026_01_04,2026-04-18 16:42
EGSER,0.35,,2026_01_04,2026-04-18 16:42
ALBRK,1.59,,2026_01_04,2026-04-18 16:42
EKIZ,0.0,0.0,2026_01_04,2026-04-18 16:42
EKOS,-0.11,-341.634,2026_01_04,2026-04-18 16:42
EKSUN,-2.13,,2026_01_04,2026-04-18 16:42
ELITE,0.23,105.534,2026_01_04,2026-04-18 16:42
EMKEL,-0.01,-7.139,2026_01_04,2026-04-18 16:42
EMNIS,0.0,0.0,2026_01_04,2026-04-18 16:42
ENDAE,-0.77,-927.042,2026_01_04,2026-04-18 16:42
ALCAR,-0.06,-1.06,2026_01_04,2026-04-18 16:42
ALCTL,7.47,,2026_01_04,2026-04-18 16:42
ALFAS,0.34,287.567,2026_01_04,2026-04-18 16:42
ENSRI,0.96,,2026_01_04,2026-04-18 16:42
ENTRA,-0.98,,2026_01_04,2026-04-18 16:42
EPLAS,2.19,,2026_01_04,2026-04-18 16:42
ERBOS,0.09,14.174,2026_01_04,2026-04-18 16:42
ERCB,-0.1,-36.595,2026_01_04,2026-04-18 16:42
ALGYO,-0.14,,2026_01_04,2026-04-18 16:42
ERSU,-0.21,-66.721,2026_01_04,2026-04-18 16:42
ESCAR,-0.5,-508.42,2026_01_04,2026-04-18 16:42
ESCOM,0.13,583.804,2026_01_04,2026-04-18 16:42
ESEN,-36.78,,2026_01_04,2026-04-18 16:42
ETILR,-1.22,,2026_01_04,2026-04-18 16:42
ETYAT,0.84,157.361,2026_01_04,2026-04-18 16:42
EUHOL,-0.21,-299.998,2026_01_04,2026-04-18 16:42
EUKYO,0.0,0.0,2026_01_04,2026-04-18 16:42
ALKA,-0.62,,2026_01_04,2026-04-18 16:42
EUREN,0.44,,2026_01_04,2026-04-18 16:42
EUYO,1.1,218.639,2026_01_04,2026-04-18 16:42
EYGYO,-1.46,,2026_01_04,2026-04-18 16:42
FADE,0.01,3.926,2026_01_04,2026-04-18 16:42
ALKIM,-0.58,,2026_01_04,2026-04-18 16:42
FLAP,0.04,35.825,2026_01_04,2026-04-18 16:42
FMIZP,-0.1,-3.374,2026_01_04,2026-04-18 16:42
FONET,2.96,,2026_01_04,2026-04-18 16:42
FORMT,-0.53,,2026_01_04,2026-04-18 16:42
FORTE,-1.17,-255.92,2026_01_04,2026-04-18 16:42
FRIGO,-4.01,,2026_01_04,2026-04-18 16:42
FRMPL,-4.23,,2026_01_04,2026-04-18 16:42
ALKLC,0.73,330.304,2026_01_04,2026-04-18 16:42
FZLGY,-1.43,,2026_01_04,2026-04-18 16:42
RUZYE,-1.31,,2026_01_04,2026-04-18 16:42
GARFA,0.26,354.778,2026_01_04,2026-04-18 16:42
GATEG,-0.01,-1.015,2026_01_04,2026-04-18 16:42
GEDIK,0.3,,2026_01_04,2026-04-18 16:42
GEDZA,-0.58,-251.478,2026_01_04,2026-04-18 16:42
A1CAP,-0.36,-916.606,2026_01_04,2026-04-18 16:42
GENTS,-0.21,,2026_01_04,2026-04-18 16:42
GEREL,-0.13,-289.434,2026_01_04,2026-04-18 16:42
ALVES,4.01,,2026_01_04,2026-04-18 16:42
GIPTA,0.25,132.247,2026_01_04,2026-04-18 16:42
GLBMD,-0.2,-57.136,2026_01_04,2026-04-18 16:42
GLCVY,-1.54,-406.274,2026_01_04,2026-04-18 16:42
ANELE,0.14,222.027,2026_01_04,2026-04-18 16:42
GLRYH,0.38,,2026_01_04,2026-04-18 16:42
GLYHO,0.78,,2026_01_04,2026-04-18 16:42
GMTAS,0.65,,2026_01_04,2026-04-18 16:42
GOKNR,0.4,718.522,2026_01_04,2026-04-18 16:42
GOLTS,0.16,20.507,2026_01_04,2026-04-18 16:42
GOODY,0.01,13.354,2026_01_04,2026-04-18 16:42
GOZDE,-0.44,,2026_01_04,2026-04-18 16:42
GRNYO,0.04,15.593,2026_01_04,2026-04-18 16:42
ANGEN,0.23,198.457,2026_01_04,2026-04-18 16:42
ANHYT,-1.61,,2026_01_04,2026-04-18 16:42
GSDDE,-0.72,-769.848,2026_01_04,2026-04-18 16:42
GSDHO,0.02,275.712,2026_01_04,2026-04-18 16:42
AFYON,0.3,,2026_01_04,2026-04-18 16:42
ARASE,0.77,385.367,2026_01_04,2026-04-18 16:42
GUNDG,0.42,80.624,2026_01_04,2026-04-18 16:42
GWIND,-1.64,,2026_01_04,2026-04-18 16:42
GZNMI,0.47,192.264,2026_01_04,2026-04-18 16:42
AGESA,0.06,21.932,2026_01_04,2026-04-18 16:42
HATEK,0.57,356.39,2026_01_04,2026-04-18 16:42
HATSN,-0.93,-413.358,2026_01_04,2026-04-18 16:42
HDFGS,0.89,,2026_01_04,2026-04-18 16:42
HEDEF,0.1,555.405,2026_01_04,2026-04-18 16:42
ARDYZ,0.04,95.064,2026_01_04,2026-04-18 16:42
HKTM,-0.81,-585.079,2026_01_04,2026-04-18 16:42
HLGYO,-1.63,,2026_01_04,2026-04-18 16:42
HOROZ,0.92,227.867,2026_01_04,2026-04-18 16:42
HRKET,2.01,483.451,2026_01_04,2026-04-18 16:42
HTTBT,-0.63,-522.861,2026_01_04,2026-04-18 16:42
HUBVC,-0.52,,2026_01_04,2026-04-18 16:42
HUNER,-1.3,,2026_01_04,2026-04-18 16:42
HURGZ,0.12,247.972,2026_01_04,2026-04-18 16:42
ICBCT,-0.12,-264.874,2026_01_04,2026-04-18 16:42
ICUGS,-0.39,,2026_01_04,2026-04-18 16:42
IDGYO,-0.52,-624.124,2026_01_04,2026-04-18 16:42
IEYHO,-0.21,,2026_01_04,2026-04-18 16:42
IHAAS,1.97,,2026_01_04,2026-04-18 16:42
IHEVA,-0.06,-183.781,2026_01_04,2026-04-18 16:42
IHGZT,1.6,,2026_01_04,2026-04-18 16:42
IHLAS,-0.44,,2026_01_04,2026-04-18 16:42
IHLGM,0.09,916.519,2026_01_04,2026-04-18 16:42
IHYAY,1.12,,2026_01_04,2026-04-18 16:42
IMASM,0.37,,2026_01_04,2026-04-18 16:42
INDES,0.94,,2026_01_04,2026-04-18 16:42
INFO,1.21,,2026_01_04,2026-04-18 16:42
INGRM,0.1,15.709,2026_01_04,2026-04-18 16:42
INTEK,0.0,0.0,2026_01_04,2026-04-18 16:42
INTEM,0.37,34.876,2026_01_04,2026-04-18 16:42
INVEO,-0.28,,2026_01_04,2026-04-18 16:42
INVES,-0.17,-63.338,2026_01_04,2026-04-18 16:42
ARENA,0.18,118.103,2026_01_04,2026-04-18 16:42
ISATR,0.0,0.0,2026_01_04,2026-04-18 16:42
ISBIR,0.09,14.209,2026_01_04,2026-04-18 16:42
ISBTR,0.0,0.0,2026_01_04,2026-04-18 16:42
ARFYE,4.15,,2026_01_04,2026-04-18 16:42
ISDMR,-0.03,-41.132,2026_01_04,2026-04-18 16:42
ISFIN,0.62,,2026_01_04,2026-04-18 16:42
ISGSY,0.17,80.768,2026_01_04,2026-04-18 16:42
ISGYO,0.42,,2026_01_04,2026-04-18 16:42
ISKPL,-0.26,,2026_01_04,2026-04-18 16:42
ISKUR,0.0,0.0,2026_01_04,2026-04-18 16:42
ARMGD,-0.81,-448.56,2026_01_04,2026-04-18 16:42
ISSEN,0.23,252.898,2026_01_04,2026-04-18 16:42
ISYAT,-0.81,,2026_01_04,2026-04-18 16:42
ARSAN,0.16,,2026_01_04,2026-04-18 16:42
IZFAS,-1.95,,2026_01_04,2026-04-18 16:42
IZINV,-0.2,-27.3,2026_01_04,2026-04-18 16:42
IZMDC,0.08,613.338,2026_01_04,2026-04-18 16:42
JANTS,0.6,,2026_01_04,2026-04-18 16:42
KAPLM,-0.11,-5.221,2026_01_04,2026-04-18 16:42
KAREL,0.15,503.96,2026_01_04,2026-04-18 16:42
KARSN,0.33,,2026_01_04,2026-04-18 16:42
KARTN,0.0,3.557,2026_01_04,2026-04-18 16:42
KATMR,0.19,,2026_01_04,2026-04-18 16:42
KAYSE,0.42,,2026_01_04,2026-04-18 16:42
KBORU,1.74,,2026_01_04,2026-04-18 16:42
ARTMS,-1.3,-313.623,2026_01_04,2026-04-18 16:42
ARZUM,-1.77,,2026_01_04,2026-04-18 16:42
KENT,0.0,5.0,2026_01_04,2026-04-18 16:42
KERVN,0.0,-5.0,2026_01_04,2026-04-18 16:42
KFEIN,0.79,,2026_01_04,2026-04-18 16:42
KGYO,0.56,,2026_01_04,2026-04-18 16:42
KIMMR,0.86,647.11,2026_01_04,2026-04-18 16:42
KLGYO,2.08,,2026_01_04,2026-04-18 16:42
KLKIM,-0.63,-874.207,2026_01_04,2026-04-18 16:42
KLMSN,0.42,130.38,2026_01_04,2026-04-18 16:42
KLNMA,-0.01,-4.996,2026_01_04,2026-04-18 16:42
A1YEN,0.27,108.416,2026_01_04,2026-04-18 16:42
KLSER,0.01,19.573,2026_01_04,2026-04-18 16:42
KLSYN,2.01,,2026_01_04,2026-04-18 16:42
KLYPV,-0.82,-382.015,2026_01_04,2026-04-18 16:42
KMPUR,-0.26,-345.241,2026_01_04,2026-04-18 16:42
KNFRT,-0.21,-283.064,2026_01_04,2026-04-18 16:42
KOCMT,0.76,,2026_01_04,2026-04-18 16:42
KONKA,0.02,15.134,2026_01_04,2026-04-18 16:42
ASGYO,0.48,803.601,2026_01_04,2026-04-18 16:42
KONYA,-0.08,-1.329,2026_01_04,2026-04-18 16:42
KOPOL,-0.08,-215.291,2026_01_04,2026-04-18 16:42
KORDS,-0.04,-23.175,2026_01_04,2026-04-18 16:42
KOTON,1.03,,2026_01_04,2026-04-18 16:42
AGROT,0.18,,2026_01_04,2026-04-18 16:42
ASUZU,0.18,73.993,2026_01_04,2026-04-18 16:42
KRDMA,-0.09,-230.067,2026_01_04,2026-04-18 16:42
KRDMB,1.89,,2026_01_04,2026-04-18 16:42
ATAGY,-0.16,-72.355,2026_01_04,2026-04-18 16:42
KRGYO,0.45,,2026_01_04,2026-04-18 16:42
KRONT,0.13,159.144,2026_01_04,2026-04-18 16:42
KRPLS,1.38,,2026_01_04,2026-04-18 16:42
KRSTL,0.15,277.454,2026_01_04,2026-04-18 16:42
KRTEK,1.49,281.66,2026_01_04,2026-04-18 16:42
KRVGD,0.79,,2026_01_04,2026-04-18 16:42
KSTUR,0.0,-24.0,2026_01_04,2026-04-18 16:42
ATAKP,1.21,341.998,2026_01_04,2026-04-18 16:42
KTSKR,1.33,195.648,2026_01_04,2026-04-18 16:42
KUTPO,1.95,204.829,2026_01_04,2026-04-18 16:42
KUVVA,-0.01,-1.0,2026_01_04,2026-04-18 16:42
ATATP,-2.48,-466.032,2026_01_04,2026-04-18 16:42
KZBGY,0.27,,2026_01_04,2026-04-18 16:42
KZGYO,2.18,,2026_01_04,2026-04-18 16:42
LIDER,0.11,313.292,2026_01_04,2026-04-18 16:42
LIDFA,1.14,,2026_01_04,2026-04-18 16:42
LILAK,-0.07,-187.429,2026_01_04,2026-04-18 16:42
LINK,-0.18,-33.966,2026_01_04,2026-04-18 16:42
LKMNH,0.0,2.804,2026_01_04,2026-04-18 16:42
LMKDC,2.06,,2026_01_04,2026-04-18 16:42
LOGO,-0.28,-208.614,2026_01_04,2026-04-18 16:42
LRSHO,0.03,206.555,2026_01_04,2026-04-18 16:42
LUKSK,0.18,49.047,2026_01_04,2026-04-18 16:42
LYDHO,-0.19,528.789,2026_01_04,2026-04-18 16:42
LYDYE,0.02,255.0,2026_01_04,2026-04-18 16:42
MAALT,0.31,14.631,2026_01_04,2026-04-18 16:42
MACKO,-0.18,-76.407,2026_01_04,2026-04-18 16:42
ATEKS,0.0,-176.0,2026_01_04,2026-04-18 16:42
MAKIM,0.42,181.251,2026_01_04,2026-04-18 16:42
MAKTK,0.03,61.382,2026_01_04,2026-04-18 16:42
MANAS,1.47,,2026_01_04,2026-04-18 16:42
MARBL,-3.05,,2026_01_04,2026-04-18 16:42
MARKA,-0.34,-68.901,2026_01_04,2026-04-18 16:42
MARMR,-5.81,,2026_01_04,2026-04-18 16:42
MARTI,-0.67,,2026_01_04,2026-04-18 16:42
ATLAS,0.25,149.566,2026_01_04,2026-04-18 16:42
MEDTR,0.54,131.588,2026_01_04,2026-04-18 16:42
MEGAP,0.0,-11.0,2026_01_04,2026-04-18 16:42
MEGMT,0.51,368.859,2026_01_04,2026-04-18 16:42
MEKAG,0.24,,2026_01_04,2026-04-18 16:42
MEPET,0.54,401.266,2026_01_04,2026-04-18 16:42
MERCN,1.61,,2026_01_04,2026-04-18 16:42
MERIT,-0.83,,2026_01_04,2026-04-18 16:42
MERKO,-3.12,,2026_01_04,2026-04-18 16:42
METRO,0.23,,2026_01_04,2026-04-18 16:42
MEYSU,-12.53,,2026_01_04,2026-04-18 16:42
ATSYH,0.0,2.0,2026_01_04,2026-04-18 16:42
MHRGY,-0.26,-822.842,2026_01_04,2026-04-18 16:42
AVGYO,1.05,,2026_01_04,2026-04-18 16:42
MMCAS,0.0,194.0,2026_01_04,2026-04-18 16:42
MNDRS,-0.17,-379.023,2026_01_04,2026-04-18 16:42
MNDTR,0.35,,2026_01_04,2026-04-18 16:42
MOBTL,1.33,,2026_01_04,2026-04-18 16:42
MOGAN,1.07,,2026_01_04,2026-04-18 16:42
MOPAS,2.91,,2026_01_04,2026-04-18 16:42
AVHOL,0.25,64.854,2026_01_04,2026-04-18 16:42
MRGYO,0.54,,2026_01_04,2026-04-18 16:42
MRSHL,-0.05,-2.223,2026_01_04,2026-04-18 16:42
MSGYO,-0.14,-236.075,2026_01_04,2026-04-18 16:42
MTRKS,-0.11,-49.428,2026_01_04,2026-04-18 16:42
MTRYO,0.0,1.0,2026_01_04,2026-04-18 16:42
MZHLD,-0.04,-23.673,2026_01_04,2026-04-18 16:42
NATEN,-0.01,-34.189,2026_01_04,2026-04-18 16:42
NETAS,-1.44,-458.107,2026_01_04,2026-04-18 16:42
NIBAS,0.62,,2026_01_04,2026-04-18 16:42
NTGAZ,1.5,,2026_01_04,2026-04-18 16:42
NTHOL,0.03,165.194,2026_01_04,2026-04-18 16:42
NUGYO,-0.07,-250.906,2026_01_04,2026-04-18 16:42
NUHCM,-0.12,-40.116,2026_01_04,2026-04-18 16:42
AVOD,-1.26,,2026_01_04,2026-04-18 16:42
OBASE,1.8,269.402,2026_01_04,2026-04-18 16:42
AVPGY,0.33,336.537,2026_01_04,2026-04-18 16:42
ODINE,2.18,,2026_01_04,2026-04-18 16:42
OFSYM,-1.8,-411.127,2026_01_04,2026-04-18 16:42
ONCSM,0.03,3.658,2026_01_04,2026-04-18 16:42
ONRYT,0.98,192.401,2026_01_04,2026-04-18 16:42
ORCAY,0.7,,2026_01_04,2026-04-18 16:42
ORGE,0.44,180.731,2026_01_04,2026-04-18 16:42
ORMA,0.0,0.0,2026_01_04,2026-04-18 16:42
OSMEN,-0.75,,2026_01_04,2026-04-18 16:42
OSTIM,0.62,,2026_01_04,2026-04-18 16:42
AVTUR,-0.12,-50.302,2026_01_04,2026-04-18 16:42
OTTO,-0.18,-9.742,2026_01_04,2026-04-18 16:42
AYCES,4.34,82.321,2026_01_04,2026-04-18 16:42
OYAYO,0.34,66.229,2026_01_04,2026-04-18 16:42
OYLUM,-0.56,-452.663,2026_01_04,2026-04-18 16:42
OYYAT,0.17,152.649,2026_01_04,2026-04-18 16:42
OZATD,-0.76,-101.429,2026_01_04,2026-04-18 16:42
OZGYO,0.22,,2026_01_04,2026-04-18 16:42
OZKGY,0.16,579.744,2026_01_04,2026-04-18 16:42
OZRDN,-0.18,-102.995,2026_01_04,2026-04-18 16:42
OZSUB,1.44,613.915,2026_01_04,2026-04-18 16:42
OZYSR,-0.46,-185.688,2026_01_04,2026-04-18 16:42
PAGYO,0.1,63.164,2026_01_04,2026-04-18 16:42
PAHOL,0.05,,2026_01_04,2026-04-18 16:42
PAMEL,0.05,10.961,2026_01_04,2026-04-18 16:42
PAPIL,2.17,,2026_01_04,2026-04-18 16:42
PARSN,-1.1,-374.421,2026_01_04,2026-04-18 16:42
AYDEM,2.82,,2026_01_04,2026-04-18 16:42
AYEN,-0.83,-460.479,2026_01_04,2026-04-18 16:42
PCILT,0.12,56.233,2026_01_04,2026-04-18 16:42
TEHOL,-3.51,,2026_01_04,2026-04-18 16:42
PEKGY,-0.59,,2026_01_04,2026-04-18 16:42
PENGD,-0.82,,2026_01_04,2026-04-18 16:42
PENTA,0.31,555.306,2026_01_04,2026-04-18 16:42
AYES,0.04,35.48,2026_01_04,2026-04-18 16:42
PETUN,0.53,713.214,2026_01_04,2026-04-18 16:42
AYGAZ,-0.13,-127.472,2026_01_04,2026-04-18 16:42
PINSU,0.06,64.34,2026_01_04,2026-04-18 16:42
PKART,-0.22,-23.567,2026_01_04,2026-04-18 16:42
PKENT,0.33,78.854,2026_01_04,2026-04-18 16:42
PLTUR,-0.18,-86.943,2026_01_04,2026-04-18 16:42
PNLSN,1.22,424.111,2026_01_04,2026-04-18 16:42
PNSUT,0.04,49.45,2026_01_04,2026-04-18 16:42
POLHO,0.07,112.34,2026_01_04,2026-04-18 16:42
POLTK,-2.87,-32.34,2026_01_04,2026-04-18 16:42
PRDGS,0.78,867.499,2026_01_04,2026-04-18 16:42
PRKAB,0.91,318.573,2026_01_04,2026-04-18 16:42
PRKME,-3.1,,2026_01_04,2026-04-18 16:42
PRZMA,0.05,29.138,2026_01_04,2026-04-18 16:42
PSDTC,-0.46,-30.707,2026_01_04,2026-04-18 16:42
PSGYO,-0.82,,2026_01_04,2026-04-18 16:42
QNBFK,0.0,6.0,2026_01_04,2026-04-18 16:42
QNBTR,0.0,,2026_01_04,2026-04-18 16:42
AZTEK,-1.19,,2026_01_04,2026-04-18 16:42
BAGFS,-0.24,-239.474,2026_01_04,2026-04-18 16:42
RAYSG,0.05,26.435,2026_01_04,2026-04-18 16:42
BAHKM,1.98,462.24,2026_01_04,2026-04-18 16:42
RGYAS,0.17,177.744,2026_01_04,2026-04-18 16:42
RNPOL,-0.54,-91.021,2026_01_04,2026-04-18 16:42
RODRG,-0.2,-33.683,2026_01_04,2026-04-18 16:42
ROYAL,0.0,86.0,2026_01_04,2026-04-18 16:42
RTALB,1.81,,2026_01_04,2026-04-18 16:42
RUBNS,-0.23,-97.598,2026_01_04,2026-04-18 16:42
RYGYO,0.34,,2026_01_04,2026-04-18 16:42
RYSAS,-0.01,-59.609,2026_01_04,2026-04-18 16:42
SAFKR,0.44,609.827,2026_01_04,2026-04-18 16:42
BAKAB,0.02,5.863,2026_01_04,2026-04-18 16:42
SAMAT,-0.04,-41.45,2026_01_04,2026-04-18 16:42
SANEL,0.5,90.817,2026_01_04,2026-04-18 16:42
SANFM,-0.26,-565.865,2026_01_04,2026-04-18 16:42
SANKO,0.3,111.237,2026_01_04,2026-04-18 16:42
SARKY,-0.13,,2026_01_04,2026-04-18 16:42
BALAT,0.0,0.0,2026_01_04,2026-04-18 16:42
SAYAS,0.97,410.383,2026_01_04,2026-04-18 16:42
SDTTR,1.38,220.012,2026_01_04,2026-04-18 16:42
SEGMN,0.84,679.501,2026_01_04,2026-04-18 16:42
SEGYO,-2.25,,2026_01_04,2026-04-18 16:42
SEKFK,0.0,0.0,2026_01_04,2026-04-18 16:42
SEKUR,-0.61,-803.203,2026_01_04,2026-04-18 16:42
SELEC,-0.61,-756.123,2026_01_04,2026-04-18 16:42
SELVA,-0.59,,2026_01_04,2026-04-18 16:42
SERNT,-2.52,,2026_01_04,2026-04-18 16:42
SEYKM,0.31,474.609,2026_01_04,2026-04-18 16:42
SILVR,0.39,826.208,2026_01_04,2026-04-18 16:42
AGYO,-0.19,-243.829,2026_01_04,2026-04-18 16:42
BANVT,0.22,79.048,2026_01_04,2026-04-18 16:42
SKTAS,0.34,,2026_01_04,2026-04-18 16:42
SKYLP,0.65,46.737,2026_01_04,2026-04-18 16:42
SKYMD,0.61,321.604,2026_01_04,2026-04-18 16:42
SMART,1.03,308.099,2026_01_04,2026-04-18 16:42
SMRTG,0.09,,2026_01_04,2026-04-18 16:42
SMRVA,-8.56,,2026_01_04,2026-04-18 16:42
SNGYO,0.29,,2026_01_04,2026-04-18 16:42
SNICA,0.69,,2026_01_04,2026-04-18 16:42
SNPAM,0.0,0.0,2026_01_04,2026-04-18 16:42
SODSN,0.0,23.681,2026_01_04,2026-04-18 16:42
SOKE,2.71,,2026_01_04,2026-04-18 16:42
BARMA,-6.88,,2026_01_04,2026-04-18 16:42
SONME,0.0,-46.0,2026_01_04,2026-04-18 16:42
SRVGY,0.07,502.694,2026_01_04,2026-04-18 16:42
SUMAS,0.0,0.0,2026_01_04,2026-04-18 16:42
SUNTK,0.06,98.122,2026_01_04,2026-04-18 16:42
SURGY,1.5,672.871,2026_01_04,2026-04-18 16:42
SUWEN,-0.41,,2026_01_04,2026-04-18 16:42
BASCM,-0.01,-7.321,2026_01_04,2026-04-18 16:42
TARKM,1.07,53.591,2026_01_04,2026-04-18 16:42
TATEN,-1.76,,2026_01_04,2026-04-18 16:42
TATGD,0.23,273.014,2026_01_04,2026-04-18 16:42
BASGZ,0.2,345.177,2026_01_04,2026-04-18 16:42
TBORG,0.09,56.716,2026_01_04,2026-04-18 16:42
BAYRK,-1.11,,2026_01_04,2026-04-18 16:42
TCKRC,0.38,270.668,2026_01_04,2026-04-18 16:42
TDGYO,-0.17,-96.51,2026_01_04,2026-04-18 16:42
TEKTU,1.52,,2026_01_04,2026-04-18 16:42
TERA,4.01,,2026_01_04,2026-04-18 16:42
TEZOL,1.07,,2026_01_04,2026-04-18 16:42
TGSAS,0.15,18.344,2026_01_04,2026-04-18 16:42
BEGYO,1.35,,2026_01_04,2026-04-18 16:42
BERA,-0.11,-515.363,2026_01_04,2026-04-18 16:42
TKNSA,-0.22,-220.37,2026_01_04,2026-04-18 16:42
TLMAN,0.89,92.356,2026_01_04,2026-04-18 16:42
TMPOL,1.18,130.664,2026_01_04,2026-04-18 16:42
TMSN,0.05,24.523,2026_01_04,2026-04-18 16:42
TNZTP,-2.32,,2026_01_04,2026-04-18 16:42
BESLR,0.02,147.311,2026_01_04,2026-04-18 16:42
TRCAS,-0.23,-470.64,2026_01_04,2026-04-18 16:42
TRGYO,-0.19,-481.485,2026_01_04,2026-04-18 16:42
TRILC,-1.65,,2026_01_04,2026-04-18 16:42
TSGYO,0.32,843.415,2026_01_04,2026-04-18 16:42
BEYAZ,0.83,354.593,2026_01_04,2026-04-18 16:42
BFREN,0.53,129.788,2026_01_04,2026-04-18 16:42
BIENY,0.19,163.172,2026_01_04,2026-04-18 16:42
BIGCH,4.81,,2026_01_04,2026-04-18 16:42
TUCLK,-2.97,,2026_01_04,2026-04-18 16:42
BIGEN,1.3,,2026_01_04,2026-04-18 16:42
BIGTK,0.1,23.151,2026_01_04,2026-04-18 16:42
AHGAZ,-0.09,-590.034,2026_01_04,2026-04-18 16:42
TURGG,0.45,143.331,2026_01_04,2026-04-18 16:42
BINBN,0.61,104.839,2026_01_04,2026-04-18 16:42
UCAYM,0.25,148.412,2026_01_04,2026-04-18 16:42
UFUK,0.01,3.536,2026_01_04,2026-04-18 16:42
ULAS,0.02,4.789,2026_01_04,2026-04-18 16:42
BINHO,0.73,,2026_01_04,2026-04-18 16:42
ULUFA,-0.15,-448.709,2026_01_04,2026-04-18 16:42
ULUSE,-0.23,-54.34,2026_01_04,2026-04-18 16:42
ULUUN,0.64,,2026_01_04,2026-04-18 16:42
UMPAS,0.0,0.0,2026_01_04,2026-04-18 16:42
UNLU,0.47,481.852,2026_01_04,2026-04-18 16:42
USAK,-0.31,,2026_01_04,2026-04-18 16:42
BIOEN,-0.11,-229.326,2026_01_04,2026-04-18 16:42
VAKFA,-0.06,-130.816,2026_01_04,2026-04-18 16:42
VAKFN,-0.43,,2026_01_04,2026-04-18 16:42
VAKKO,0.65,200.212,2026_01_04,2026-04-18 16:42
VANGD,0.0,1.372,2026_01_04,2026-04-18 16:42
VBTYZ,-1.9,,2026_01_04,2026-04-18 16:42
VERTU,-0.03,-6.581,2026_01_04,2026-04-18 16:42
VERUS,-0.34,-118.977,2026_01_04,2026-04-18 16:42
VESBE,0.84,,2026_01_04,2026-04-18 16:42
BIZIM,0.26,71.902,2026_01_04,2026-04-18 16:42
VKFYO,0.0,891.0,2026_01_04,2026-04-18 16:42
VKGYO,0.43,,2026_01_04,2026-04-18 16:42
VKING,0.19,58.139,2026_01_04,2026-04-18 16:42
VRGYO,1.56,,2026_01_04,2026-04-18 16:42
VSNMD,-1.31,-313.297,2026_01_04,2026-04-18 16:42
YAPRK,-0.43,-18.017,2026_01_04,2026-04-18 16:42
YATAS,0.29,269.347,2026_01_04,2026-04-18 16:42
YAYLA,0.2,83.024,2026_01_04,2026-04-18 16:42
YBTAS,0.0,0.0,2026_01_04,2026-04-18 16:42
BJKAS,0.26,,2026_01_04,2026-04-18 16:42
YESIL,0.24,,2026_01_04,2026-04-18 16:42
YGGYO,0.04,97.321,2026_01_04,2026-04-18 16:42
YGYO,-0.04,-455.546,2026_01_04,2026-04-18 16:42
YIGIT,-1.73,,2026_01_04,2026-04-18 16:42
BLCYT,0.46,224.227,2026_01_04,2026-04-18 16:42
YKSLN,-3.0,,2026_01_04,2026-04-18 16:42
YONGA,-0.04,-2.5,2026_01_04,2026-04-18 16:42
YUNSA,1.31,,2026_01_04,2026-04-18 16:42
YYAPI,-0.22,,2026_01_04,2026-04-18 16:42
YYLGD,-0.23,-874.524,2026_01_04,2026-04-18 16:42
ZEDUR,-1.67,,2026_01_04,2026-04-18 16:42
ZERGY,4.08,,2026_01_04,2026-04-18 16:42
ZGYO,-7.68,,2026_01_04,2026-04-18 16:42
BLUME,0.27,480.828,2026_01_04,2026-04-18 16:42
ZRGYO,0.0,78.584,2026_01_04,2026-04-18 16:42
TUPRS,-0.86,,2026_02_02,2026-04-18 17:18
THYAO,1.4,,2026_02_02,2026-04-18 17:18
SASA,0.87,,2026_02_02,2026-04-18 17:18
ASELS,0.6,,2026_02_02,2026-04-18 17:18
ISCTR,1.07,,2026_02_02,2026-04-18 17:18
HEKTS,0.18,,2026_02_02,2026-04-18 17:18
SISE,1.11,,2026_02_02,2026-04-18 17:18
PGSUS,2.8,,2026_02_02,2026-04-18 17:18
EREGL,0.27,,2026_02_02,2026-04-18 17:18
ALTNY,0.37,,2026_02_02,2026-04-18 17:18
REEDR,0.7,,2026_02_02,2026-04-18 17:18
KCHOL,1.0,,2026_02_02,2026-04-18 17:18
KONTR,0.27,,2026_02_02,2026-04-18 17:18
FROTO,1.79,,2026_02_02,2026-04-18 17:18
CWENE,0.55,,2026_02_02,2026-04-18 17:18
ASTOR,2.92,,2026_02_02,2026-04-18 17:18
PATEK,-0.2,-585.451,2026_02_02,2026-04-18 17:18
TABGD,-0.64,-333.455,2026_02_02,2026-04-18 17:18
IZENR,-0.02,-222.702,2026_02_02,2026-04-18 17:18
ZOREN,0.4,,2026_02_02,2026-04-18 17:18
CANTE,-1.88,,2026_02_02,2026-04-18 17:18
ENERY,0.3,,2026_02_02,2026-04-18 17:18
DOAS,0.33,325.818,2026_02_02,2026-04-18 17:18
PETKM,1.44,,2026_02_02,2026-04-18 17:18
OBAMS,-0.48,,2026_02_02,2026-04-18 17:18
ENJSA,0.21,501.243,2026_02_02,2026-04-18 17:18
AKBNK,1.56,,2026_02_02,2026-04-18 17:18
SAHOL,-0.06,-622.971,2026_02_02,2026-04-18 17:18
TCELL,0.16,,2026_02_02,2026-04-18 17:18
KCAER,0.59,,2026_02_02,2026-04-18 17:18
BIMAS,-0.04,-173.556,2026_02_02,2026-04-18 17:18
EUPWR,1.64,,2026_02_02,2026-04-18 17:18
MIATK,0.69,,2026_02_02,2026-04-18 17:18
YKBNK,1.95,,2026_02_02,2026-04-18 17:18
OYAKC,0.1,,2026_02_02,2026-04-18 17:18
TTRAK,0.33,84.246,2026_02_02,2026-04-18 17:18
TOASO,0.29,351.16,2026_02_02,2026-04-18 17:18
TUKAS,0.05,,2026_02_02,2026-04-18 17:18
ENKAI,0.17,,2026_02_02,2026-04-18 17:18
GARAN,0.09,,2026_02_02,2026-04-18 17:18
KRDMD,2.32,,2026_02_02,2026-04-18 17:18
MGROS,-0.37,-352.129,2026_02_02,2026-04-18 17:18
TRALT,2.59,,2026_02_02,2026-04-18 17:18
ISMEN,0.2,957.942,2026_02_02,2026-04-18 17:18
GSRAY,1.23,,2026_02_02,2026-04-18 17:18
AEFES,1.49,,2026_02_02,2026-04-18 17:18
TSPOR,2.6,,2026_02_02,2026-04-18 17:18
AKSA,0.25,,2026_02_02,2026-04-18 17:18
ODAS,1.24,,2026_02_02,2026-04-18 17:18
YEOTK,0.35,552.174,2026_02_02,2026-04-18 17:18
ALARK,0.93,,2026_02_02,2026-04-18 17:18
GESAN,0.5,701.945,2026_02_02,2026-04-18 17:18
EKGYO,0.61,,2026_02_02,2026-04-18 17:18
FENER,0.18,,2026_02_02,2026-04-18 17:18
ARCLK,0.98,,2026_02_02,2026-04-18 17:18
MAVI,0.24,,2026_02_02,2026-04-18 17:18
CIMSA,-0.19,-931.779,2026_02_02,2026-04-18 17:18
TTKOM,-0.52,,2026_02_02,2026-04-18 17:18
TAVHL,-0.36,-778.353,2026_02_02,2026-04-18 17:18
ULKER,-0.1,-356.475,2026_02_02,2026-04-18 17:18
VESTL,0.37,,2026_02_02,2026-04-18 17:18
SKBNK,0.11,,2026_02_02,2026-04-18 17:18
CCOLA,0.17,,2026_02_02,2026-04-18 17:18
AKSEN,-0.02,-126.928,2026_02_02,2026-04-18 17:18
TURSG,0.24,,2026_02_02,2026-04-18 17:18
QUAGR,-2.32,,2026_02_02,2026-04-18 17:18
DOHOL,0.05,567.516,2026_02_02,2026-04-18 17:18
GLRMK,-2.1,-812.604,2026_02_02,2026-04-18 17:18
SOKM,0.56,,2026_02_02,2026-04-18 17:18
HALKB,0.06,,2026_02_02,2026-04-18 17:18
BRSAN,1.31,469.558,2026_02_02,2026-04-18 17:18
TSKB,1.52,,2026_02_02,2026-04-18 17:18
KTLEV,1.04,,2026_02_02,2026-04-18 17:18
GUBRF,0.3,258.175,2026_02_02,2026-04-18 17:18
TUREX,1.83,,2026_02_02,2026-04-18 17:18
VAKBN,0.02,,2026_02_02,2026-04-18 17:18
PASEU,-1.01,,2026_02_02,2026-04-18 17:18
OTKAR,0.89,295.67,2026_02_02,2026-04-18 17:18
EFOR,0.16,,2026_02_02,2026-04-18 17:18
ECILC,-0.51,,2026_02_02,2026-04-18 17:18
TKFEN,0.46,,2026_02_02,2026-04-18 17:18
AGHOL,0.16,,2026_02_02,2026-04-18 17:18
BALSU,0.16,422.008,2026_02_02,2026-04-18 17:18
BTCIM,0.57,,2026_02_02,2026-04-18 17:18
ANSGR,-0.06,-933.929,2026_02_02,2026-04-18 17:18
GRTHO,-0.8,-293.369,2026_02_02,2026-04-18 17:18
DAPGM,0.42,,2026_02_02,2026-04-18 17:18
MAGEN,0.2,,2026_02_02,2026-04-18 17:18
TRMET,-0.26,-452.126,2026_02_02,2026-04-18 17:18
EGEEN,0.25,2.831,2026_02_02,2026-04-18 17:18
GENIL,-1.52,,2026_02_02,2026-04-18 17:18
BSOKE,0.58,,2026_02_02,2026-04-18 17:18
BRYAT,0.15,15.638,2026_02_02,2026-04-18 17:18
KUYAS,0.27,,2026_02_02,2026-04-18 17:18
MPARK,0.23,185.677,2026_02_02,2026-04-18 17:18
TRENJ,-0.01,-7.855,2026_02_02,2026-04-18 17:18
DSTKF,0.15,,2026_02_02,2026-04-18 17:18
KLRHO,0.01,53.77,2026_02_02,2026-04-18 17:18
GRSEL,0.54,160.395,2026_02_02,2026-04-18 17:18
RALYH,0.23,393.188,2026_02_02,2026-04-18 17:18
BLCYT,1.27,621.768,2026_02_02,2026-04-18 17:18
BLUME,0.32,563.583,2026_02_02,2026-04-18 17:18
BMSCH,1.16,800.498,2026_02_02,2026-04-18 17:18
BMSTL,0.27,202.448,2026_02_02,2026-04-18 17:18
BNTAS,1.41,,2026_02_02,2026-04-18 17:18
BOBET,0.6,692.078,2026_02_02,2026-04-18 17:18
BORLS,1.26,,2026_02_02,2026-04-18 17:18
BORSK,3.05,,2026_02_02,2026-04-18 17:18
BOSSA,0.13,652.21,2026_02_02,2026-04-18 17:18
BRISA,0.4,124.003,2026_02_02,2026-04-18 17:18
BRKO,0.02,35.801,2026_02_02,2026-04-18 17:18
BRKSN,-0.11,-64.801,2026_02_02,2026-04-18 17:18
BRKVY,0.42,58.124,2026_02_02,2026-04-18 17:18
BRLSM,-0.73,-779.074,2026_02_02,2026-04-18 17:18
BRMEN,0.0,1.0,2026_02_02,2026-04-18 17:18
AHSGY,0.13,238.044,2026_02_02,2026-04-18 17:18
ACSEL,0.15,13.224,2026_02_02,2026-04-18 17:18
AKCNS,1.58,619.415,2026_02_02,2026-04-18 17:18
AKENR,0.79,,2026_02_02,2026-04-18 17:18
BUCIM,-0.14,-463.779,2026_02_02,2026-04-18 17:18
BULGS,3.38,,2026_02_02,2026-04-18 17:18
BURCE,-0.12,-53.923,2026_02_02,2026-04-18 17:18
BURVA,0.2,9.432,2026_02_02,2026-04-18 17:18
BVSAN,1.21,166.126,2026_02_02,2026-04-18 17:18
BYDNR,-0.75,2.78,2026_02_02,2026-04-18 17:18
AKFGY,0.18,,2026_02_02,2026-04-18 17:18
CASA,-0.02,-1.0,2026_02_02,2026-04-18 17:18
CATES,1.49,490.535,2026_02_02,2026-04-18 17:18
AKFIS,0.55,370.347,2026_02_02,2026-04-18 17:18
CELHA,0.08,118.147,2026_02_02,2026-04-18 17:18
CEMAS,-1.66,,2026_02_02,2026-04-18 17:18
CEMTS,0.92,,2026_02_02,2026-04-18 17:18
CEMZY,0.43,535.393,2026_02_02,2026-04-18 17:18
CEOEM,0.34,75.504,2026_02_02,2026-04-18 17:18
CGCAM,4.03,,2026_02_02,2026-04-18 17:18
AKFYE,-0.15,-796.067,2026_02_02,2026-04-18 17:18
CLEBI,0.52,28.123,2026_02_02,2026-04-18 17:18
CMBTN,0.66,6.831,2026_02_02,2026-04-18 17:18
CMENT,0.0,0.0,2026_02_02,2026-04-18 17:18
CONSE,1.09,,2026_02_02,2026-04-18 17:18
COSMO,0.04,3.224,2026_02_02,2026-04-18 17:18
CRDFA,0.83,622.487,2026_02_02,2026-04-18 17:18
CRFSA,-1.28,-235.457,2026_02_02,2026-04-18 17:18
CUSAN,-1.11,-206.14,2026_02_02,2026-04-18 17:18
CVKMD,2.66,,2026_02_02,2026-04-18 17:18
AKGRT,0.58,,2026_02_02,2026-04-18 17:18
TRHOL,1.04,183.385,2026_02_02,2026-04-18 17:18
DAGI,-1.59,,2026_02_02,2026-04-18 17:18
AKHAN,-33.34,,2026_02_02,2026-04-18 17:18
DARDL,0.52,,2026_02_02,2026-04-18 17:18
DCTTR,-0.11,-172.896,2026_02_02,2026-04-18 17:18
DENGE,0.91,,2026_02_02,2026-04-18 17:18
DERHL,0.42,823.182,2026_02_02,2026-04-18 17:18
DERIM,0.26,105.992,2026_02_02,2026-04-18 17:18
DESA,-0.15,-257.966,2026_02_02,2026-04-18 17:18
DESPC,1.2,191.596,2026_02_02,2026-04-18 17:18
DEVA,0.33,667.368,2026_02_02,2026-04-18 17:18
DGATE,-0.54,-81.638,2026_02_02,2026-04-18 17:18
DGGYO,0.0,1.766,2026_02_02,2026-04-18 17:18
DGNMO,0.0,17.719,2026_02_02,2026-04-18 17:18
DIRIT,0.0,84.0,2026_02_02,2026-04-18 17:18
DITAS,-2.21,,2026_02_02,2026-04-18 17:18
DMRGD,-0.9,,2026_02_02,2026-04-18 17:18
DMSAS,0.8,,2026_02_02,2026-04-18 17:18
DNISI,0.01,9.101,2026_02_02,2026-04-18 17:18
AKMGY,0.0,-739.0,2026_02_02,2026-04-18 17:18
DOCO,1.37,3.995,2026_02_02,2026-04-18 17:18
DOFER,1.01,207.577,2026_02_02,2026-04-18 17:18
DOFRB,0.94,425.539,2026_02_02,2026-04-18 17:18
DOGUB,-0.52,-104.093,2026_02_02,2026-04-18 17:18
ADEL,0.08,87.798,2026_02_02,2026-04-18 17:18
DOKTA,0.03,33.003,2026_02_02,2026-04-18 17:18
ADESE,2.57,,2026_02_02,2026-04-18 17:18
DUNYH,0.03,11.778,2026_02_02,2026-04-18 17:18
DURDO,-1.35,,2026_02_02,2026-04-18 17:18
DURKN,-1.52,-644.963,2026_02_02,2026-04-18 17:18
DYOBY,0.67,,2026_02_02,2026-04-18 17:18
DZGYO,0.07,277.489,2026_02_02,2026-04-18 17:18
EBEBK,-0.29,-119.331,2026_02_02,2026-04-18 17:18
AKSGY,0.04,590.442,2026_02_02,2026-04-18 17:18
ECOGR,0.88,969.595,2026_02_02,2026-04-18 17:18
ECZYT,0.23,105.376,2026_02_02,2026-04-18 17:18
EDATA,-3.93,,2026_02_02,2026-04-18 17:18
EDIP,1.29,470.759,2026_02_02,2026-04-18 17:18
AKSUE,-0.32,-180.975,2026_02_02,2026-04-18 17:18
AKYHO,0.28,624.575,2026_02_02,2026-04-18 17:18
EGEGY,1.14,782.254,2026_02_02,2026-04-18 17:18
EGEPO,1.81,,2026_02_02,2026-04-18 17:18
EGGUB,-0.07,-54.918,2026_02_02,2026-04-18 17:18
EGPRO,0.28,497.838,2026_02_02,2026-04-18 17:18
EGSER,0.5,,2026_02_02,2026-04-18 17:18
ADGYO,-0.06,-218.521,2026_02_02,2026-04-18 17:18
EKIZ,-0.05,-4.384,2026_02_02,2026-04-18 17:18
EKOS,0.32,979.533,2026_02_02,2026-04-18 17:18
EKSUN,1.62,,2026_02_02,2026-04-18 17:18
ELITE,0.69,309.094,2026_02_02,2026-04-18 17:18
EMKEL,-1.02,,2026_02_02,2026-04-18 17:18
EMNIS,0.0,1.0,2026_02_02,2026-04-18 17:18
ENDAE,-0.38,-470.795,2026_02_02,2026-04-18 17:18
ALBRK,1.8,,2026_02_02,2026-04-18 17:18
ALCAR,0.16,2.644,2026_02_02,2026-04-18 17:18
ALCTL,1.19,161.428,2026_02_02,2026-04-18 17:18
ENSRI,0.7,,2026_02_02,2026-04-18 17:18
ENTRA,-0.51,,2026_02_02,2026-04-18 17:18
EPLAS,-0.77,,2026_02_02,2026-04-18 17:18
ERBOS,0.19,31.272,2026_02_02,2026-04-18 17:18
ERCB,0.38,159.079,2026_02_02,2026-04-18 17:18
ALFAS,0.57,483.187,2026_02_02,2026-04-18 17:18
ERSU,-0.28,-89.072,2026_02_02,2026-04-18 17:18
ESCAR,0.78,787.36,2026_02_02,2026-04-18 17:18
ESCOM,0.75,,2026_02_02,2026-04-18 17:18
ESEN,-0.66,,2026_02_02,2026-04-18 17:18
ETILR,0.95,,2026_02_02,2026-04-18 17:18
ETYAT,0.06,11.44,2026_02_02,2026-04-18 17:18
EUHOL,0.0,1.0,2026_02_02,2026-04-18 17:18
EUKYO,0.88,174.693,2026_02_02,2026-04-18 17:18
ALGYO,1.32,,2026_02_02,2026-04-18 17:18
EUREN,0.29,,2026_02_02,2026-04-18 17:18
EUYO,0.25,49.196,2026_02_02,2026-04-18 17:18
EYGYO,0.44,,2026_02_02,2026-04-18 17:18
FADE,1.06,449.995,2026_02_02,2026-04-18 17:18
ALKA,0.21,704.296,2026_02_02,2026-04-18 17:18
FLAP,-0.28,-257.247,2026_02_02,2026-04-18 17:18
FMIZP,0.74,25.65,2026_02_02,2026-04-18 17:18
FONET,1.64,,2026_02_02,2026-04-18 17:18
FORMT,-3.7,,2026_02_02,2026-04-18 17:18
FORTE,-0.61,-134.655,2026_02_02,2026-04-18 17:18
FRIGO,2.34,,2026_02_02,2026-04-18 17:18
FRMPL,1.38,551.485,2026_02_02,2026-04-18 17:18
ALKIM,0.16,307.809,2026_02_02,2026-04-18 17:18
FZLGY,0.1,416.981,2026_02_02,2026-04-18 17:18
ALKLC,1.36,617.328,2026_02_02,2026-04-18 17:18
GARFA,0.17,230.271,2026_02_02,2026-04-18 17:18
GATEG,0.17,18.0,2026_02_02,2026-04-18 17:18
GEDIK,-0.22,,2026_02_02,2026-04-18 17:18
GEDZA,-0.15,-65.693,2026_02_02,2026-04-18 17:18
RUZYE,0.07,198.781,2026_02_02,2026-04-18 17:18
GENTS,-0.01,-88.094,2026_02_02,2026-04-18 17:18
GEREL,1.31,,2026_02_02,2026-04-18 17:18
A1CAP,2.0,,2026_02_02,2026-04-18 17:18
GIPTA,0.24,123.076,2026_02_02,2026-04-18 17:18
GLBMD,0.05,15.62,2026_02_02,2026-04-18 17:18
GLCVY,3.12,823.487,2026_02_02,2026-04-18 17:18
ALVES,1.18,,2026_02_02,2026-04-18 17:18
GLRYH,0.42,,2026_02_02,2026-04-18 17:18
GLYHO,0.18,,2026_02_02,2026-04-18 17:18
GMTAS,0.19,580.565,2026_02_02,2026-04-18 17:18
GOKNR,1.11,,2026_02_02,2026-04-18 17:18
GOLTS,0.98,122.01,2026_02_02,2026-04-18 17:18
GOODY,0.09,128.694,2026_02_02,2026-04-18 17:18
GOZDE,-0.21,-801.74,2026_02_02,2026-04-18 17:18
GRNYO,0.0,3.0,2026_02_02,2026-04-18 17:18
ANELE,0.44,657.471,2026_02_02,2026-04-18 17:18
ANGEN,0.66,575.041,2026_02_02,2026-04-18 17:18
GSDDE,0.36,378.465,2026_02_02,2026-04-18 17:18
GSDHO,0.45,,2026_02_02,2026-04-18 17:18
ANHYT,-0.42,-377.964,2026_02_02,2026-04-18 17:18
AFYON,0.22,899.601,2026_02_02,2026-04-18 17:18
GUNDG,4.07,770.65,2026_02_02,2026-04-18 17:18
GWIND,2.55,,2026_02_02,2026-04-18 17:18
GZNMI,-1.48,-606.852,2026_02_02,2026-04-18 17:18
ARASE,0.73,368.1,2026_02_02,2026-04-18 17:18
HATEK,0.16,102.318,2026_02_02,2026-04-18 17:18
HATSN,-1.56,-689.832,2026_02_02,2026-04-18 17:18
HDFGS,0.15,,2026_02_02,2026-04-18 17:18
HEDEF,0.37,,2026_02_02,2026-04-18 17:18
AGESA,0.23,83.375,2026_02_02,2026-04-18 17:18
HKTM,0.81,588.285,2026_02_02,2026-04-18 17:18
HLGYO,-0.06,-749.027,2026_02_02,2026-04-18 17:18
HOROZ,1.8,442.432,2026_02_02,2026-04-18 17:18
HRKET,0.89,213.291,2026_02_02,2026-04-18 17:18
HTTBT,-0.09,-73.098,2026_02_02,2026-04-18 17:18
HUBVC,0.07,204.364,2026_02_02,2026-04-18 17:18
HUNER,0.96,,2026_02_02,2026-04-18 17:18
HURGZ,0.11,250.048,2026_02_02,2026-04-18 17:18
ICBCT,0.2,417.845,2026_02_02,2026-04-18 17:18
ICUGS,0.27,893.913,2026_02_02,2026-04-18 17:18
IDGYO,0.01,2.02,2026_02_02,2026-04-18 17:18
IEYHO,-0.4,,2026_02_02,2026-04-18 17:18
IHAAS,-4.73,,2026_02_02,2026-04-18 17:18
IHEVA,0.1,278.693,2026_02_02,2026-04-18 17:18
IHGZT,0.99,,2026_02_02,2026-04-18 17:18
IHLAS,1.34,,2026_02_02,2026-04-18 17:18
IHLGM,0.8,,2026_02_02,2026-04-18 17:18
IHYAY,1.21,,2026_02_02,2026-04-18 17:18
IMASM,-0.56,,2026_02_02,2026-04-18 17:18
INDES,0.41,,2026_02_02,2026-04-18 17:18
INFO,0.51,,2026_02_02,2026-04-18 17:18
INGRM,0.08,11.33,2026_02_02,2026-04-18 17:18
INTEK,0.0,0.0,2026_02_02,2026-04-18 17:18
INTEM,0.39,36.621,2026_02_02,2026-04-18 17:18
INVEO,-0.05,-489.122,2026_02_02,2026-04-18 17:18
INVES,-0.17,-65.517,2026_02_02,2026-04-18 17:18
ARDYZ,0.15,432.599,2026_02_02,2026-04-18 17:18
ISATR,0.02,0.0,2026_02_02,2026-04-18 17:18
ISBIR,0.0,0.0,2026_02_02,2026-04-18 17:18
ISBTR,0.01,1.0,2026_02_02,2026-04-18 17:18
ARENA,0.0,1.93,2026_02_02,2026-04-18 17:18
ISDMR,0.85,,2026_02_02,2026-04-18 17:18
ISFIN,0.24,739.452,2026_02_02,2026-04-18 17:18
ISGSY,0.0,4.5,2026_02_02,2026-04-18 17:18
ISGYO,-0.26,,2026_02_02,2026-04-18 17:18
ISKPL,1.18,,2026_02_02,2026-04-18 17:18
ISKUR,0.0,0.0,2026_02_02,2026-04-18 17:18
ARFYE,2.94,,2026_02_02,2026-04-18 17:18
ISSEN,0.41,440.314,2026_02_02,2026-04-18 17:18
ISYAT,0.3,448.95,2026_02_02,2026-04-18 17:18
ARMGD,-1.81,-994.36,2026_02_02,2026-04-18 17:18
IZFAS,-0.48,-749.046,2026_02_02,2026-04-18 17:18
IZINV,-0.13,-17.85,2026_02_02,2026-04-18 17:18
IZMDC,0.73,,2026_02_02,2026-04-18 17:18
JANTS,0.0,-17.429,2026_02_02,2026-04-18 17:18
KAPLM,0.07,3.074,2026_02_02,2026-04-18 17:18
KAREL,0.72,,2026_02_02,2026-04-18 17:18
KARSN,0.54,,2026_02_02,2026-04-18 17:18
KARTN,0.09,69.229,2026_02_02,2026-04-18 17:18
KATMR,0.94,,2026_02_02,2026-04-18 17:18
KAYSE,-1.52,,2026_02_02,2026-04-18 17:18
KBORU,0.7,,2026_02_02,2026-04-18 17:18
ARSAN,0.08,657.305,2026_02_02,2026-04-18 17:18
ARTMS,0.96,232.267,2026_02_02,2026-04-18 17:18
KENT,0.03,1.012,2026_02_02,2026-04-18 17:18
KERVN,0.0,1.0,2026_02_02,2026-04-18 17:18
KFEIN,-2.39,,2026_02_02,2026-04-18 17:18
KGYO,0.35,,2026_02_02,2026-04-18 17:18
KIMMR,0.11,86.707,2026_02_02,2026-04-18 17:18
KLGYO,0.64,,2026_02_02,2026-04-18 17:18
KLKIM,0.41,562.838,2026_02_02,2026-04-18 17:18
KLMSN,1.86,572.149,2026_02_02,2026-04-18 17:18
KLNMA,-0.01,-5.672,2026_02_02,2026-04-18 17:18
ARZUM,2.24,,2026_02_02,2026-04-18 17:18
KLSER,-0.02,-23.022,2026_02_02,2026-04-18 17:18
KLSYN,3.46,,2026_02_02,2026-04-18 17:18
KLYPV,-0.84,-386.207,2026_02_02,2026-04-18 17:18
KMPUR,0.23,307.343,2026_02_02,2026-04-18 17:18
KNFRT,-0.51,-669.865,2026_02_02,2026-04-18 17:18
KOCMT,0.45,,2026_02_02,2026-04-18 17:18
KONKA,-0.42,-379.4,2026_02_02,2026-04-18 17:18
A1YEN,0.0,-1.747,2026_02_02,2026-04-18 17:18
KONYA,0.3,5.07,2026_02_02,2026-04-18 17:18
KOPOL,0.33,879.543,2026_02_02,2026-04-18 17:18
KORDS,0.33,216.219,2026_02_02,2026-04-18 17:18
KOTON,-2.92,,2026_02_02,2026-04-18 17:18
ASGYO,0.24,401.162,2026_02_02,2026-04-18 17:18
AGROT,1.35,,2026_02_02,2026-04-18 17:18
KRDMA,-0.16,-376.691,2026_02_02,2026-04-18 17:18
KRDMB,-0.54,-637.207,2026_02_02,2026-04-18 17:18
ASUZU,2.13,877.35,2026_02_02,2026-04-18 17:18
KRGYO,0.05,134.488,2026_02_02,2026-04-18 17:18
KRONT,0.7,816.232,2026_02_02,2026-04-18 17:18
KRPLS,-1.1,-866.904,2026_02_02,2026-04-18 17:18
KRSTL,0.34,632.186,2026_02_02,2026-04-18 17:18
KRTEK,0.27,51.764,2026_02_02,2026-04-18 17:18
KRVGD,0.72,,2026_02_02,2026-04-18 17:18
KSTUR,0.0,-33.0,2026_02_02,2026-04-18 17:18
ATAGY,0.19,85.192,2026_02_02,2026-04-18 17:18
KTSKR,1.33,194.312,2026_02_02,2026-04-18 17:18
KUTPO,0.5,53.129,2026_02_02,2026-04-18 17:18
KUVVA,0.0,0.0,2026_02_02,2026-04-18 17:18
ATAKP,1.27,358.444,2026_02_02,2026-04-18 17:18
KZBGY,-0.06,364.746,2026_02_02,2026-04-18 17:18
KZGYO,1.11,553.369,2026_02_02,2026-04-18 17:18
LIDER,-0.03,-81.186,2026_02_02,2026-04-18 17:18
LIDFA,0.18,842.723,2026_02_02,2026-04-18 17:18
LILAK,-0.42,,2026_02_02,2026-04-18 17:18
LINK,-0.45,-81.342,2026_02_02,2026-04-18 17:18
LKMNH,0.85,,2026_02_02,2026-04-18 17:18
LMKDC,1.43,,2026_02_02,2026-04-18 17:18
LOGO,-0.81,-608.271,2026_02_02,2026-04-18 17:18
LRSHO,1.0,,2026_02_02,2026-04-18 17:18
LUKSK,0.0,728.0,2026_02_02,2026-04-18 17:18
LYDHO,0.0,-4.216,2026_02_02,2026-04-18 17:18
LYDYE,-0.02,-213.0,2026_02_02,2026-04-18 17:18
MAALT,-0.02,-1.15,2026_02_02,2026-04-18 17:18
MACKO,-0.3,-124.049,2026_02_02,2026-04-18 17:18
ATATP,0.65,121.822,2026_02_02,2026-04-18 17:18
MAKIM,-0.05,-20.892,2026_02_02,2026-04-18 17:18
MAKTK,0.51,938.29,2026_02_02,2026-04-18 17:18
MANAS,-3.93,,2026_02_02,2026-04-18 17:18
MARBL,1.01,658.363,2026_02_02,2026-04-18 17:18
MARKA,0.69,142.961,2026_02_02,2026-04-18 17:18
MARMR,3.46,,2026_02_02,2026-04-18 17:18
MARTI,-0.03,-173.921,2026_02_02,2026-04-18 17:18
ATEKS,0.0,-70.0,2026_02_02,2026-04-18 17:18
MEDTR,-0.1,-25.661,2026_02_02,2026-04-18 17:18
MEGAP,0.0,6.0,2026_02_02,2026-04-18 17:18
MEGMT,-0.65,-477.175,2026_02_02,2026-04-18 17:18
MEKAG,1.01,,2026_02_02,2026-04-18 17:18
MEPET,0.83,614.482,2026_02_02,2026-04-18 17:18
MERCN,-0.51,-380.587,2026_02_02,2026-04-18 17:18
MERIT,0.56,,2026_02_02,2026-04-18 17:18
MERKO,-3.09,,2026_02_02,2026-04-18 17:18
METRO,-0.65,,2026_02_02,2026-04-18 17:18
MEYSU,-2.4,,2026_02_02,2026-04-18 17:18
ATLAS,0.0,0.0,2026_02_02,2026-04-18 17:18
MHRGY,0.4,,2026_02_02,2026-04-18 17:18
ATSYH,0.0,0.0,2026_02_02,2026-04-18 17:18
MMCAS,0.0,0.0,2026_02_02,2026-04-18 17:18
MNDRS,0.6,,2026_02_02,2026-04-18 17:18
MNDTR,0.09,848.198,2026_02_02,2026-04-18 17:18
MOBTL,3.36,,2026_02_02,2026-04-18 17:18
MOGAN,0.17,467.878,2026_02_02,2026-04-18 17:18
MOPAS,2.6,,2026_02_02,2026-04-18 17:18
AVGYO,0.71,792.634,2026_02_02,2026-04-18 17:18
MRGYO,0.19,,2026_02_02,2026-04-18 17:18
MRSHL,0.0,235.0,2026_02_02,2026-04-18 17:18
MSGYO,0.57,965.299,2026_02_02,2026-04-18 17:18
MTRKS,0.32,140.12,2026_02_02,2026-04-18 17:18
MTRYO,0.0,0.0,2026_02_02,2026-04-18 17:18
MZHLD,0.0,-3.225,2026_02_02,2026-04-18 17:18
NATEN,0.09,297.726,2026_02_02,2026-04-18 17:18
NETAS,-0.01,-3.257,2026_02_02,2026-04-18 17:18
NETCD,-34.25,,2026_02_02,2026-04-18 17:18
NIBAS,0.81,,2026_02_02,2026-04-18 17:18
NTGAZ,0.69,,2026_02_02,2026-04-18 17:18
NTHOL,0.16,768.018,2026_02_02,2026-04-18 17:18
NUGYO,0.09,305.636,2026_02_02,2026-04-18 17:18
NUHCM,-0.02,8.473,2026_02_02,2026-04-18 17:18
AVHOL,0.49,128.64,2026_02_02,2026-04-18 17:18
OBASE,-0.07,-9.483,2026_02_02,2026-04-18 17:18
AVOD,0.27,689.729,2026_02_02,2026-04-18 17:18
ODINE,0.33,233.84,2026_02_02,2026-04-18 17:18
OFSYM,-0.74,-168.382,2026_02_02,2026-04-18 17:18
ONCSM,-0.03,-3.28,2026_02_02,2026-04-18 17:18
ONRYT,-5.19,,2026_02_02,2026-04-18 17:18
ORCAY,0.31,464.4,2026_02_02,2026-04-18 17:18
ORGE,0.12,48.355,2026_02_02,2026-04-18 17:18
ORMA,0.0,0.0,2026_02_02,2026-04-18 17:18
OSMEN,0.31,489.747,2026_02_02,2026-04-18 17:18
OSTIM,0.92,,2026_02_02,2026-04-18 17:18
AVPGY,-0.17,-169.481,2026_02_02,2026-04-18 17:18
OTTO,3.66,248.108,2026_02_02,2026-04-18 17:18
AVTUR,0.02,10.983,2026_02_02,2026-04-18 17:18
OYAYO,0.35,68.852,2026_02_02,2026-04-18 17:18
OYLUM,-0.11,-88.243,2026_02_02,2026-04-18 17:18
OYYAT,-0.06,-51.966,2026_02_02,2026-04-18 17:18
OZATD,-2.98,-397.66,2026_02_02,2026-04-18 17:18
OZGYO,1.06,,2026_02_02,2026-04-18 17:18
OZKGY,-0.06,-234.116,2026_02_02,2026-04-18 17:18
OZRDN,30.06,,2026_02_02,2026-04-18 17:18
OZSUB,1.67,709.199,2026_02_02,2026-04-18 17:18
OZYSR,0.76,305.811,2026_02_02,2026-04-18 17:18
PAGYO,-0.13,-76.503,2026_02_02,2026-04-18 17:18
PAHOL,1.55,,2026_02_02,2026-04-18 17:18
PAMEL,0.11,24.383,2026_02_02,2026-04-18 17:18
PAPIL,0.64,,2026_02_02,2026-04-18 17:18
PARSN,0.44,149.266,2026_02_02,2026-04-18 17:18
AYCES,1.81,34.34,2026_02_02,2026-04-18 17:18
AYDEM,1.21,,2026_02_02,2026-04-18 17:18
PCILT,0.03,12.874,2026_02_02,2026-04-18 17:18
TEHOL,-2.59,,2026_02_02,2026-04-18 17:18
PEKGY,-2.0,,2026_02_02,2026-04-18 17:18
PENGD,0.14,239.158,2026_02_02,2026-04-18 17:18
PENTA,-0.07,-135.098,2026_02_02,2026-04-18 17:18
AYEN,-0.56,-309.93,2026_02_02,2026-04-18 17:18
PETUN,0.67,906.244,2026_02_02,2026-04-18 17:18
AYES,0.04,48.322,2026_02_02,2026-04-18 17:18
PINSU,0.81,822.92,2026_02_02,2026-04-18 17:18
PKART,0.95,104.766,2026_02_02,2026-04-18 17:18
PKENT,-0.14,-31.453,2026_02_02,2026-04-18 17:18
PLTUR,-0.9,-444.523,2026_02_02,2026-04-18 17:18
PNLSN,0.69,242.144,2026_02_02,2026-04-18 17:18
PNSUT,-0.18,-228.19,2026_02_02,2026-04-18 17:18
POLHO,0.14,242.869,2026_02_02,2026-04-18 17:18
POLTK,0.11,1.264,2026_02_02,2026-04-18 17:18
PRDGS,-2.95,,2026_02_02,2026-04-18 17:18
PRKAB,-0.67,-235.663,2026_02_02,2026-04-18 17:18
PRKME,2.27,,2026_02_02,2026-04-18 17:18
PRZMA,-0.19,-117.541,2026_02_02,2026-04-18 17:18
PSDTC,-0.03,-1.855,2026_02_02,2026-04-18 17:18
PSGYO,0.58,,2026_02_02,2026-04-18 17:18
QNBFK,0.0,6.0,2026_02_02,2026-04-18 17:18
QNBTR,0.0,29.0,2026_02_02,2026-04-18 17:18
AYGAZ,0.18,176.97,2026_02_02,2026-04-18 17:18
AZTEK,1.69,,2026_02_02,2026-04-18 17:18
RAYSG,-0.38,-201.16,2026_02_02,2026-04-18 17:18
BAGFS,-0.14,-139.881,2026_02_02,2026-04-18 17:18
RGYAS,-0.09,-94.211,2026_02_02,2026-04-18 17:18
RNPOL,-0.03,-4.114,2026_02_02,2026-04-18 17:18
RODRG,0.48,79.745,2026_02_02,2026-04-18 17:18
ROYAL,0.0,0.0,2026_02_02,2026-04-18 17:18
RTALB,2.67,,2026_02_02,2026-04-18 17:18
RUBNS,-2.76,,2026_02_02,2026-04-18 17:18
RYGYO,0.47,,2026_02_02,2026-04-18 17:18
RYSAS,-0.18,,2026_02_02,2026-04-18 17:18
SAFKR,0.68,953.554,2026_02_02,2026-04-18 17:18
BAHKM,2.96,688.8,2026_02_02,2026-04-18 17:18
SAMAT,0.27,271.816,2026_02_02,2026-04-18 17:18
SANEL,-1.19,-216.827,2026_02_02,2026-04-18 17:18
SANFM,0.8,,2026_02_02,2026-04-18 17:18
SANKO,0.25,96.263,2026_02_02,2026-04-18 17:18
SARKY,0.18,,2026_02_02,2026-04-18 17:18
BAKAB,0.13,45.546,2026_02_02,2026-04-18 17:18
SAYAS,-1.6,-678.377,2026_02_02,2026-04-18 17:18
SDTTR,-0.76,-121.049,2026_02_02,2026-04-18 17:18
SEGMN,-0.66,-531.895,2026_02_02,2026-04-18 17:18
SEGYO,12.45,,2026_02_02,2026-04-18 17:18
SEKFK,0.0,0.0,2026_02_02,2026-04-18 17:18
SEKUR,0.84,,2026_02_02,2026-04-18 17:18
SELEC,-0.12,-149.328,2026_02_02,2026-04-18 17:18
SELVA,0.72,,2026_02_02,2026-04-18 17:18
SERNT,1.54,,2026_02_02,2026-04-18 17:18
SEYKM,0.71,,2026_02_02,2026-04-18 17:18
SILVR,0.46,970.671,2026_02_02,2026-04-18 17:18
BALAT,0.0,0.0,2026_02_02,2026-04-18 17:18
AGYO,0.22,286.352,2026_02_02,2026-04-18 17:18
SKTAS,0.61,,2026_02_02,2026-04-18 17:18
SKYLP,-0.16,-11.301,2026_02_02,2026-04-18 17:18
SKYMD,0.08,44.551,2026_02_02,2026-04-18 17:18
SMART,0.32,94.465,2026_02_02,2026-04-18 17:18
SMRTG,0.77,,2026_02_02,2026-04-18 17:18
SMRVA,1.46,409.215,2026_02_02,2026-04-18 17:18
SNGYO,0.21,,2026_02_02,2026-04-18 17:18
SNICA,-1.49,,2026_02_02,2026-04-18 17:18
SNPAM,0.0,0.0,2026_02_02,2026-04-18 17:18
SODSN,0.0,0.0,2026_02_02,2026-04-18 17:18
SOKE,1.57,,2026_02_02,2026-04-18 17:18
BANVT,0.53,198.214,2026_02_02,2026-04-18 17:18
SONME,0.04,1.682,2026_02_02,2026-04-18 17:18
SRVGY,-2.1,,2026_02_02,2026-04-18 17:18
SUMAS,0.0,0.0,2026_02_02,2026-04-18 17:18
SUNTK,-1.03,-726.62,2026_02_02,2026-04-18 17:18
SURGY,4.08,,2026_02_02,2026-04-18 17:18
SUWEN,-0.51,,2026_02_02,2026-04-18 17:18
BARMA,1.13,770.13,2026_02_02,2026-04-18 17:18
TARKM,0.06,2.813,2026_02_02,2026-04-18 17:18
TATEN,-1.39,,2026_02_02,2026-04-18 17:18
TATGD,0.44,528.663,2026_02_02,2026-04-18 17:18
BASCM,0.1,50.002,2026_02_02,2026-04-18 17:18
TBORG,0.07,43.938,2026_02_02,2026-04-18 17:18
BASGZ,0.1,168.34,2026_02_02,2026-04-18 17:18
TCKRC,-1.73,,2026_02_02,2026-04-18 17:18
TDGYO,0.0,25.0,2026_02_02,2026-04-18 17:18
TEKTU,2.91,,2026_02_02,2026-04-18 17:18
TERA,1.18,,2026_02_02,2026-04-18 17:18
TEZOL,-0.48,-668.403,2026_02_02,2026-04-18 17:18
TGSAS,0.98,121.169,2026_02_02,2026-04-18 17:18
BAYRK,0.7,,2026_02_02,2026-04-18 17:18
BEGYO,1.63,,2026_02_02,2026-04-18 17:18
TKNSA,1.05,,2026_02_02,2026-04-18 17:18
TLMAN,0.86,88.502,2026_02_02,2026-04-18 17:18
TMPOL,3.18,350.589,2026_02_02,2026-04-18 17:18
TMSN,0.0,341.0,2026_02_02,2026-04-18 17:18
TNZTP,1.23,,2026_02_02,2026-04-18 17:18
BERA,-4.29,,2026_02_02,2026-04-18 17:18
TRCAS,-0.12,-252.221,2026_02_02,2026-04-18 17:18
TRGYO,-0.07,-159.607,2026_02_02,2026-04-18 17:18
TRILC,1.48,,2026_02_02,2026-04-18 17:18
TSGYO,0.73,,2026_02_02,2026-04-18 17:18
BESLR,0.06,384.134,2026_02_02,2026-04-18 17:18
BESTE,0.3,165.2,2026_02_02,2026-04-18 17:18
BEYAZ,-0.35,-148.973,2026_02_02,2026-04-18 17:18
BFREN,0.07,17.102,2026_02_02,2026-04-18 17:18
TUCLK,0.44,,2026_02_02,2026-04-18 17:18
BIENY,0.67,554.867,2026_02_02,2026-04-18 17:18
BIGCH,0.73,,2026_02_02,2026-04-18 17:18
BIGEN,0.58,666.866,2026_02_02,2026-04-18 17:18
TURGG,-1.71,-548.077,2026_02_02,2026-04-18 17:18
BIGTK,2.0,563.183,2026_02_02,2026-04-18 17:18
UCAYM,-2.12,,2026_02_02,2026-04-18 17:18
UFUK,0.01,5.411,2026_02_02,2026-04-18 17:18
ULAS,0.31,77.219,2026_02_02,2026-04-18 17:18
AHGAZ,0.6,,2026_02_02,2026-04-18 17:18
ULUFA,1.41,,2026_02_02,2026-04-18 17:18
ULUSE,0.22,52.815,2026_02_02,2026-04-18 17:18
ULUUN,0.04,127.906,2026_02_02,2026-04-18 17:18
UMPAS,0.0,0.0,2026_02_02,2026-04-18 17:18
UNLU,-1.0,,2026_02_02,2026-04-18 17:18
USAK,9.55,,2026_02_02,2026-04-18 17:18
BINBN,-5.22,-886.392,2026_02_02,2026-04-18 17:18
VAKFA,4.46,,2026_02_02,2026-04-18 17:18
VAKFN,2.32,,2026_02_02,2026-04-18 17:18
VAKKO,0.65,202.08,2026_02_02,2026-04-18 17:18
VANGD,-0.08,-19.105,2026_02_02,2026-04-18 17:18
VBTYZ,-1.99,,2026_02_02,2026-04-18 17:18
VERTU,0.23,51.213,2026_02_02,2026-04-18 17:18
VERUS,-0.11,-39.16,2026_02_02,2026-04-18 17:18
VESBE,0.29,,2026_02_02,2026-04-18 17:18
BINHO,-0.87,,2026_02_02,2026-04-18 17:18
VKFYO,-0.13,-34.189,2026_02_02,2026-04-18 17:18
VKGYO,1.43,,2026_02_02,2026-04-18 17:18
VKING,0.13,39.253,2026_02_02,2026-04-18 17:18
VRGYO,0.41,,2026_02_02,2026-04-18 17:18
VSNMD,-3.87,-928.271,2026_02_02,2026-04-18 17:18
YAPRK,2.8,117.855,2026_02_02,2026-04-18 17:18
YATAS,0.15,137.827,2026_02_02,2026-04-18 17:18
YAYLA,0.28,112.425,2026_02_02,2026-04-18 17:18
YBTAS,0.0,0.0,2026_02_02,2026-04-18 17:18
BIOEN,-0.63,,2026_02_02,2026-04-18 17:18
YESIL,0.14,930.479,2026_02_02,2026-04-18 17:18
YGGYO,0.01,42.777,2026_02_02,2026-04-18 17:18
YGYO,0.0,0.0,2026_02_02,2026-04-18 17:18
YIGIT,-0.27,-197.956,2026_02_02,2026-04-18 17:18
BIZIM,0.67,184.64,2026_02_02,2026-04-18 17:18
YKSLN,0.87,,2026_02_02,2026-04-18 17:18
YONGA,-0.03,-2.5,2026_02_02,2026-04-18 17:18
YUNSA,-0.78,,2026_02_02,2026-04-18 17:18
YYAPI,1.07,,2026_02_02,2026-04-18 17:18
YYLGD,-0.38,,2026_02_02,2026-04-18 17:18
ZEDUR,-0.66,-458.854,2026_02_02,2026-04-18 17:18
ZERGY,-2.51,,2026_02_02,2026-04-18 17:18
ZGYO,-5.33,,2026_02_02,2026-04-18 17:18
BJKAS,0.87,,2026_02_02,2026-04-18 17:18
ZRGYO,-0.01,-131.016,2026_02_02,2026-04-18 17:18
TUPRS,-2.27,,2026_02_01,2026-04-18 17:20
THYAO,1.03,,2026_02_01,2026-04-18 17:20
SASA,-0.96,,2026_02_01,2026-04-18 17:20
ASELS,-1.54,,2026_02_01,2026-04-18 17:20
ISCTR,0.46,,2026_02_01,2026-04-18 17:20
SISE,-2.15,,2026_02_01,2026-04-18 17:20
HEKTS,-0.24,,2026_02_01,2026-04-18 17:20
EREGL,1.05,,2026_02_01,2026-04-18 17:20
PGSUS,0.68,,2026_02_01,2026-04-18 17:20
ALTNY,-1.59,,2026_02_01,2026-04-18 17:20
REEDR,0.05,331.154,2026_02_01,2026-04-18 17:20
KCHOL,1.25,,2026_02_01,2026-04-18 17:20
KONTR,-1.13,,2026_02_01,2026-04-18 17:20
FROTO,0.54,,2026_02_01,2026-04-18 17:20
ASTOR,-1.68,,2026_02_01,2026-04-18 17:20
CWENE,-5.19,,2026_02_01,2026-04-18 17:20
PATEK,-0.12,-347.269,2026_02_01,2026-04-18 17:20
TABGD,0.43,223.285,2026_02_01,2026-04-18 17:20
IZENR,0.11,,2026_02_01,2026-04-18 17:20
ZOREN,0.5,,2026_02_01,2026-04-18 17:20
CANTE,3.19,,2026_02_01,2026-04-18 17:20
ENERY,-0.02,-490.491,2026_02_01,2026-04-18 17:20
DOAS,0.26,254.218,2026_02_01,2026-04-18 17:20
OBAMS,-0.15,,2026_02_01,2026-04-18 17:20
PETKM,-1.07,,2026_02_01,2026-04-18 17:20
ENJSA,0.14,322.084,2026_02_01,2026-04-18 17:20
AKBNK,-1.35,,2026_02_01,2026-04-18 17:20
SAHOL,-0.7,,2026_02_01,2026-04-18 17:20
TCELL,-0.06,-980.12,2026_02_01,2026-04-18 17:20
KCAER,-0.26,,2026_02_01,2026-04-18 17:20
BIMAS,-0.16,-705.789,2026_02_01,2026-04-18 17:20
EUPWR,-0.81,,2026_02_01,2026-04-18 17:20
MIATK,-0.08,-250.514,2026_02_01,2026-04-18 17:20
YKBNK,-1.16,,2026_02_01,2026-04-18 17:20
OYAKC,-0.31,,2026_02_01,2026-04-18 17:20
TTRAK,0.91,227.584,2026_02_01,2026-04-18 17:20
TOASO,0.71,855.917,2026_02_01,2026-04-18 17:20
TUKAS,0.25,,2026_02_01,2026-04-18 17:20
ENKAI,0.21,,2026_02_01,2026-04-18 17:20
GARAN,-0.11,,2026_02_01,2026-04-18 17:20
KRDMD,-0.25,,2026_02_01,2026-04-18 17:20
TRALT,-3.55,,2026_02_01,2026-04-18 17:20
MGROS,1.71,,2026_02_01,2026-04-18 17:20
AEFES,1.12,,2026_02_01,2026-04-18 17:20
ISMEN,-0.64,,2026_02_01,2026-04-18 17:20
GSRAY,-0.46,,2026_02_01,2026-04-18 17:20
TSPOR,-0.15,,2026_02_01,2026-04-18 17:20
AKSA,-0.22,,2026_02_01,2026-04-18 17:20
ODAS,-1.77,,2026_02_01,2026-04-18 17:20
YEOTK,-1.45,,2026_02_01,2026-04-18 17:20
ALARK,1.96,,2026_02_01,2026-04-18 17:20
GESAN,1.15,,2026_02_01,2026-04-18 17:20
EKGYO,-1.46,,2026_02_01,2026-04-18 17:20
FENER,-1.28,,2026_02_01,2026-04-18 17:20
ARCLK,0.83,,2026_02_01,2026-04-18 17:20
MAVI,0.48,,2026_02_01,2026-04-18 17:20
CIMSA,-0.16,-810.25,2026_02_01,2026-04-18 17:20
TTKOM,1.6,,2026_02_01,2026-04-18 17:20
TAVHL,0.37,805.547,2026_02_01,2026-04-18 17:20
ULKER,0.2,682.908,2026_02_01,2026-04-18 17:20
VESTL,-0.41,,2026_02_01,2026-04-18 17:20
CCOLA,0.59,,2026_02_01,2026-04-18 17:20
SKBNK,-0.2,,2026_02_01,2026-04-18 17:20
AKSEN,-0.41,,2026_02_01,2026-04-18 17:20
TURSG,0.12,,2026_02_01,2026-04-18 17:20
DOHOL,-0.43,,2026_02_01,2026-04-18 17:20
QUAGR,0.78,,2026_02_01,2026-04-18 17:20
SOKM,0.4,,2026_02_01,2026-04-18 17:20
GLRMK,-4.68,,2026_02_01,2026-04-18 17:20
HALKB,0.15,,2026_02_01,2026-04-18 17:20
BRSAN,0.34,122.741,2026_02_01,2026-04-18 17:20
TSKB,-1.56,,2026_02_01,2026-04-18 17:20
KTLEV,0.81,,2026_02_01,2026-04-18 17:20
GUBRF,-0.49,-414.75,2026_02_01,2026-04-18 17:20
TUREX,0.4,,2026_02_01,2026-04-18 17:20
VAKBN,0.11,,2026_02_01,2026-04-18 17:20
PASEU,2.14,,2026_02_01,2026-04-18 17:20
OTKAR,0.07,26.09,2026_02_01,2026-04-18 17:20
EFOR,-3.97,,2026_02_01,2026-04-18 17:20
AGHOL,0.18,,2026_02_01,2026-04-18 17:20
TKFEN,-1.61,,2026_02_01,2026-04-18 17:20
ECILC,0.16,334.664,2026_02_01,2026-04-18 17:20
BALSU,-2.43,,2026_02_01,2026-04-18 17:20
BTCIM,-0.13,,2026_02_01,2026-04-18 17:20
ANSGR,-0.29,,2026_02_01,2026-04-18 17:20
GRTHO,-0.46,-169.473,2026_02_01,2026-04-18 17:20
DAPGM,2.19,,2026_02_01,2026-04-18 17:20
MAGEN,0.0,-17.448,2026_02_01,2026-04-18 17:20
TRMET,0.49,876.55,2026_02_01,2026-04-18 17:20
EGEEN,0.01,99.0,2026_02_01,2026-04-18 17:20
BSOKE,-0.38,,2026_02_01,2026-04-18 17:20
BRYAT,0.07,6.97,2026_02_01,2026-04-18 17:20
GENIL,-2.2,,2026_02_01,2026-04-18 17:20
KUYAS,1.28,,2026_02_01,2026-04-18 17:20
MPARK,-0.13,-105.556,2026_02_01,2026-04-18 17:20
TRENJ,1.25,,2026_02_01,2026-04-18 17:20
DSTKF,-0.25,-206.962,2026_02_01,2026-04-18 17:20
GRSEL,-0.25,-71.729,2026_02_01,2026-04-18 17:20
KLRHO,-0.1,-352.147,2026_02_01,2026-04-18 17:20
RALYH,0.0,32.032,2026_02_01,2026-04-18 17:20
BLUME,0.2,348.616,2026_02_01,2026-04-18 17:20
BMSCH,-0.14,-97.459,2026_02_01,2026-04-18 17:20
BMSTL,0.08,59.636,2026_02_01,2026-04-18 17:20
BNTAS,0.19,326.412,2026_02_01,2026-04-18 17:20
BOBET,2.19,,2026_02_01,2026-04-18 17:20
BORLS,-0.82,,2026_02_01,2026-04-18 17:20
BORSK,0.46,,2026_02_01,2026-04-18 17:20
BOSSA,0.09,453.453,2026_02_01,2026-04-18 17:20
BRISA,0.15,45.946,2026_02_01,2026-04-18 17:20
BRKO,0.0,-2.5,2026_02_01,2026-04-18 17:20
BRKSN,0.71,439.851,2026_02_01,2026-04-18 17:20
BRKVY,-0.87,-118.962,2026_02_01,2026-04-18 17:20
BRLSM,0.24,254.494,2026_02_01,2026-04-18 17:20
BRMEN,0.0,1.0,2026_02_01,2026-04-18 17:20
AHSGY,0.71,,2026_02_01,2026-04-18 17:20
ACSEL,-0.09,-8.01,2026_02_01,2026-04-18 17:20
AKCNS,2.72,,2026_02_01,2026-04-18 17:20
AKENR,-0.65,,2026_02_01,2026-04-18 17:20
BUCIM,-0.35,,2026_02_01,2026-04-18 17:20
BULGS,-2.46,,2026_02_01,2026-04-18 17:20
BURCE,-4.02,,2026_02_01,2026-04-18 17:20
BURVA,8.32,392.97,2026_02_01,2026-04-18 17:20
BVSAN,-0.21,-28.855,2026_02_01,2026-04-18 17:20
BYDNR,0.03,5.449,2026_02_01,2026-04-18 17:20
AKFGY,0.24,,2026_02_01,2026-04-18 17:20
CASA,0.02,1.001,2026_02_01,2026-04-18 17:20
CATES,2.46,815.324,2026_02_01,2026-04-18 17:20
AKFIS,0.19,121.159,2026_02_01,2026-04-18 17:20
CELHA,-0.16,-208.326,2026_02_01,2026-04-18 17:20
CEMAS,0.86,,2026_02_01,2026-04-18 17:20
CEMTS,0.89,,2026_02_01,2026-04-18 17:20
CEMZY,0.35,435.014,2026_02_01,2026-04-18 17:20
CEOEM,-0.27,-62.993,2026_02_01,2026-04-18 17:20
CGCAM,-1.99,-832.078,2026_02_01,2026-04-18 17:20
AKFYE,-0.33,,2026_02_01,2026-04-18 17:20
CLEBI,0.06,3.533,2026_02_01,2026-04-18 17:20
CMBTN,-0.76,-7.792,2026_02_01,2026-04-18 17:20
CMENT,0.0,1.0,2026_02_01,2026-04-18 17:20
CONSE,1.81,,2026_02_01,2026-04-18 17:20
COSMO,0.04,2.445,2026_02_01,2026-04-18 17:20
CRDFA,-0.15,-112.964,2026_02_01,2026-04-18 17:20
CRFSA,1.52,278.731,2026_02_01,2026-04-18 17:20
CUSAN,0.85,157.651,2026_02_01,2026-04-18 17:20
CVKMD,1.67,,2026_02_01,2026-04-18 17:20
AKGRT,0.46,,2026_02_01,2026-04-18 17:20
TRHOL,2.08,367.127,2026_02_01,2026-04-18 17:20
DAGI,0.9,,2026_02_01,2026-04-18 17:20
AKHAN,40.01,,2026_02_01,2026-04-18 17:20
DARDL,0.35,,2026_02_01,2026-04-18 17:20
DCTTR,0.67,,2026_02_01,2026-04-18 17:20
DENGE,0.41,,2026_02_01,2026-04-18 17:20
DERHL,-2.94,,2026_02_01,2026-04-18 17:20
DERIM,-0.53,-214.038,2026_02_01,2026-04-18 17:20
DESA,0.13,223.774,2026_02_01,2026-04-18 17:20
DESPC,0.73,116.723,2026_02_01,2026-04-18 17:20
DEVA,0.1,191.116,2026_02_01,2026-04-18 17:20
DGATE,-0.51,-77.698,2026_02_01,2026-04-18 17:20
DGGYO,0.0,-16.065,2026_02_01,2026-04-18 17:20
DGNMO,-0.32,,2026_02_01,2026-04-18 17:20
DIRIT,0.0,0.0,2026_02_01,2026-04-18 17:20
DITAS,2.3,,2026_02_01,2026-04-18 17:20
DMRGD,0.82,,2026_02_01,2026-04-18 17:20
DMSAS,0.2,385.522,2026_02_01,2026-04-18 17:20
DNISI,0.13,79.272,2026_02_01,2026-04-18 17:20
AKMGY,0.02,4.738,2026_02_01,2026-04-18 17:20
DOCO,-1.49,-6.427,2026_02_01,2026-04-18 17:20
DOFER,-3.87,-757.312,2026_02_01,2026-04-18 17:20
DOFRB,-2.43,,2026_02_01,2026-04-18 17:20
DOGUB,0.13,26.395,2026_02_01,2026-04-18 17:20
ADEL,-0.08,-96.672,2026_02_01,2026-04-18 17:20
DOKTA,0.18,262.449,2026_02_01,2026-04-18 17:20
ADESE,-29.27,,2026_02_01,2026-04-18 17:20
DUNYH,0.4,143.527,2026_02_01,2026-04-18 17:20
DURDO,-0.39,,2026_02_01,2026-04-18 17:20
DURKN,2.86,,2026_02_01,2026-04-18 17:20
DYOBY,0.06,110.55,2026_02_01,2026-04-18 17:20
DZGYO,0.55,,2026_02_01,2026-04-18 17:20
EBEBK,0.31,126.819,2026_02_01,2026-04-18 17:20
AKSGY,-0.11,,2026_02_01,2026-04-18 17:20
ECOGR,-4.04,,2026_02_01,2026-04-18 17:20
ECZYT,-0.06,-26.106,2026_02_01,2026-04-18 17:20
EDATA,4.51,,2026_02_01,2026-04-18 17:20
EDIP,0.22,81.402,2026_02_01,2026-04-18 17:20
AKSUE,0.2,110.007,2026_02_01,2026-04-18 17:20
AKYHO,0.53,,2026_02_01,2026-04-18 17:20
EGEGY,2.51,,2026_02_01,2026-04-18 17:20
EGEPO,-0.1,-212.219,2026_02_01,2026-04-18 17:20
EGGUB,-0.32,-240.26,2026_02_01,2026-04-18 17:20
EGPRO,0.26,438.721,2026_02_01,2026-04-18 17:20
EGSER,0.19,988.696,2026_02_01,2026-04-18 17:20
ADGYO,0.03,134.464,2026_02_01,2026-04-18 17:20
EKIZ,0.0,0.0,2026_02_01,2026-04-18 17:20
EKOS,-0.15,-459.481,2026_02_01,2026-04-18 17:20
EKSUN,0.87,,2026_02_01,2026-04-18 17:20
ELITE,-1.83,-817.226,2026_02_01,2026-04-18 17:20
EMKEL,-0.62,-926.589,2026_02_01,2026-04-18 17:20
EMNIS,0.0,0.0,2026_02_01,2026-04-18 17:20
ENDAE,-0.05,482.238,2026_02_01,2026-04-18 17:20
ALBRK,-0.67,,2026_02_01,2026-04-18 17:20
ALCAR,-0.23,-3.926,2026_02_01,2026-04-18 17:20
ALCTL,1.4,189.418,2026_02_01,2026-04-18 17:20
ENSRI,1.42,,2026_02_01,2026-04-18 17:20
ENTRA,-0.9,,2026_02_01,2026-04-18 17:20
EPLAS,1.15,,2026_02_01,2026-04-18 17:20
ERBOS,0.0,-232.0,2026_02_01,2026-04-18 17:20
ERCB,-8.79,,2026_02_01,2026-04-18 17:20
ALFAS,-1.43,,2026_02_01,2026-04-18 17:20
ERSU,0.07,23.773,2026_02_01,2026-04-18 17:20
ESCAR,-1.54,,2026_02_01,2026-04-18 17:20
ESCOM,0.33,,2026_02_01,2026-04-18 17:20
ESEN,-1.42,,2026_02_01,2026-04-18 17:20
ETILR,-0.35,-539.055,2026_02_01,2026-04-18 17:20
ETYAT,1.34,227.672,2026_02_01,2026-04-18 17:20
EUHOL,0.0,7.805,2026_02_01,2026-04-18 17:20
EUKYO,0.42,83.086,2026_02_01,2026-04-18 17:20
ALGYO,0.74,,2026_02_01,2026-04-18 17:20
EUREN,-0.51,,2026_02_01,2026-04-18 17:20
EUYO,-0.64,-127.01,2026_02_01,2026-04-18 17:20
EYGYO,-0.63,,2026_02_01,2026-04-18 17:20
FADE,0.49,207.084,2026_02_01,2026-04-18 17:20
ALKA,-0.16,-540.501,2026_02_01,2026-04-18 17:20
FLAP,0.07,64.743,2026_02_01,2026-04-18 17:20
FMIZP,-0.33,-11.488,2026_02_01,2026-04-18 17:20
FONET,-2.51,,2026_02_01,2026-04-18 17:20
FORMT,0.43,,2026_02_01,2026-04-18 17:20
FORTE,-1.87,-411.683,2026_02_01,2026-04-18 17:20
FRIGO,-0.81,,2026_02_01,2026-04-18 17:20
FRMPL,-3.75,,2026_02_01,2026-04-18 17:20
ALKIM,0.34,619.56,2026_02_01,2026-04-18 17:20
FZLGY,0.29,,2026_02_01,2026-04-18 17:20
ALKLC,1.15,520.818,2026_02_01,2026-04-18 17:20
GARFA,-0.2,-264.803,2026_02_01,2026-04-18 17:20
GATEG,17.58,,2026_02_01,2026-04-18 17:20
GEDIK,-0.03,-207.174,2026_02_01,2026-04-18 17:20
GEDZA,0.72,310.789,2026_02_01,2026-04-18 17:20
RUZYE,0.56,,2026_02_01,2026-04-18 17:20
GENTS,-0.43,,2026_02_01,2026-04-18 17:20
GEREL,0.03,64.885,2026_02_01,2026-04-18 17:20
A1CAP,0.27,691.992,2026_02_01,2026-04-18 17:20
GIPTA,-0.1,-52.693,2026_02_01,2026-04-18 17:20
GLBMD,0.01,636.0,2026_02_01,2026-04-18 17:20
GLCVY,-6.06,,2026_02_01,2026-04-18 17:20
ALVES,-5.26,,2026_02_01,2026-04-18 17:20
GLRYH,0.2,,2026_02_01,2026-04-18 17:20
GLYHO,0.57,,2026_02_01,2026-04-18 17:20
GMTAS,0.33,977.331,2026_02_01,2026-04-18 17:20
GOKNR,-1.12,,2026_02_01,2026-04-18 17:20
GOLTS,0.34,41.614,2026_02_01,2026-04-18 17:20
GOODY,0.29,382.19,2026_02_01,2026-04-18 17:20
GOZDE,-0.6,,2026_02_01,2026-04-18 17:20
GRNYO,0.0,-267.0,2026_02_01,2026-04-18 17:20
ANELE,0.32,487.955,2026_02_01,2026-04-18 17:20
ANGEN,-0.32,-281.531,2026_02_01,2026-04-18 17:20
GSDDE,1.2,,2026_02_01,2026-04-18 17:20
GSDHO,0.53,,2026_02_01,2026-04-18 17:20
ANHYT,-0.44,-387.741,2026_02_01,2026-04-18 17:20
AFYON,0.47,,2026_02_01,2026-04-18 17:20
GUNDG,0.31,59.126,2026_02_01,2026-04-18 17:20
GWIND,1.08,,2026_02_01,2026-04-18 17:20
GZNMI,0.85,368.838,2026_02_01,2026-04-18 17:20
ARASE,0.51,251.195,2026_02_01,2026-04-18 17:20
HATEK,0.48,304.228,2026_02_01,2026-04-18 17:20
HATSN,-0.63,-281.866,2026_02_01,2026-04-18 17:20
HDFGS,-1.19,,2026_02_01,2026-04-18 17:20
HEDEF,0.25,,2026_02_01,2026-04-18 17:20
AGESA,0.32,112.178,2026_02_01,2026-04-18 17:20
HKTM,-0.15,-113.868,2026_02_01,2026-04-18 17:20
HLGYO,-1.25,,2026_02_01,2026-04-18 17:20
HOROZ,-1.52,-374.766,2026_02_01,2026-04-18 17:20
HRKET,3.17,760.879,2026_02_01,2026-04-18 17:20
HTTBT,0.13,111.788,2026_02_01,2026-04-18 17:20
HUBVC,0.96,,2026_02_01,2026-04-18 17:20
HUNER,-0.5,,2026_02_01,2026-04-18 17:20
HURGZ,-0.92,,2026_02_01,2026-04-18 17:20
ICBCT,-0.21,-443.16,2026_02_01,2026-04-18 17:20
ICUGS,0.31,,2026_02_01,2026-04-18 17:20
IDGYO,0.56,596.111,2026_02_01,2026-04-18 17:20
IEYHO,-0.76,,2026_02_01,2026-04-18 17:20
IHAAS,-2.13,,2026_02_01,2026-04-18 17:20
IHEVA,0.13,391.034,2026_02_01,2026-04-18 17:20
IHGZT,-0.46,,2026_02_01,2026-04-18 17:20
IHLAS,-0.44,,2026_02_01,2026-04-18 17:20
IHLGM,-0.21,,2026_02_01,2026-04-18 17:20
IHYAY,-0.9,,2026_02_01,2026-04-18 17:20
IMASM,-0.29,,2026_02_01,2026-04-18 17:20
INDES,0.33,,2026_02_01,2026-04-18 17:20
INFO,-0.73,,2026_02_01,2026-04-18 17:20
INGRM,-0.1,-15.129,2026_02_01,2026-04-18 17:20
INTEK,0.0,1.0,2026_02_01,2026-04-18 17:20
INTEM,0.05,4.792,2026_02_01,2026-04-18 17:20
INVEO,-0.32,,2026_02_01,2026-04-18 17:20
INVES,-0.17,-63.868,2026_02_01,2026-04-18 17:20
ARDYZ,0.06,171.069,2026_02_01,2026-04-18 17:20
ISATR,0.0,0.0,2026_02_01,2026-04-18 17:20
ISBIR,0.04,5.956,2026_02_01,2026-04-18 17:20
ISBTR,-0.01,0.0,2026_02_01,2026-04-18 17:20
ARENA,-0.3,-203.555,2026_02_01,2026-04-18 17:20
ISDMR,0.48,703.386,2026_02_01,2026-04-18 17:20
ISFIN,0.12,352.879,2026_02_01,2026-04-18 17:20
ISGSY,-2.36,,2026_02_01,2026-04-18 17:20
ISGYO,0.12,641.442,2026_02_01,2026-04-18 17:20
ISKPL,-0.23,,2026_02_01,2026-04-18 17:20
ISKUR,0.0,0.0,2026_02_01,2026-04-18 17:20
ARFYE,-5.48,,2026_02_01,2026-04-18 17:20
ISSEN,0.0,-5.006,2026_02_01,2026-04-18 17:20
ISYAT,0.22,343.924,2026_02_01,2026-04-18 17:20
ARMGD,0.85,468.006,2026_02_01,2026-04-18 17:20
IZFAS,0.14,223.122,2026_02_01,2026-04-18 17:20
IZINV,-0.09,-11.557,2026_02_01,2026-04-18 17:20
IZMDC,0.65,,2026_02_01,2026-04-18 17:20
JANTS,-0.43,-891.206,2026_02_01,2026-04-18 17:20
KAPLM,-1.03,-46.731,2026_02_01,2026-04-18 17:20
KAREL,0.54,,2026_02_01,2026-04-18 17:20
KARSN,0.43,,2026_02_01,2026-04-18 17:20
KARTN,-0.02,-19.405,2026_02_01,2026-04-18 17:20
KATMR,-0.4,,2026_02_01,2026-04-18 17:20
KAYSE,0.27,,2026_02_01,2026-04-18 17:20
KBORU,-1.45,,2026_02_01,2026-04-18 17:20
ARSAN,-0.33,,2026_02_01,2026-04-18 17:20
ARTMS,-0.3,-73.144,2026_02_01,2026-04-18 17:20
KENT,-0.02,67.0,2026_02_01,2026-04-18 17:20
KERVN,0.0,1.0,2026_02_01,2026-04-18 17:20
KFEIN,0.65,971.093,2026_02_01,2026-04-18 17:20
KGYO,0.31,,2026_02_01,2026-04-18 17:20
KIMMR,0.59,441.183,2026_02_01,2026-04-18 17:20
KLGYO,-0.21,,2026_02_01,2026-04-18 17:20
KLKIM,1.11,,2026_02_01,2026-04-18 17:20
KLMSN,0.36,111.242,2026_02_01,2026-04-18 17:20
KLNMA,0.0,-6.084,2026_02_01,2026-04-18 17:20
ARZUM,-0.13,-366.152,2026_02_01,2026-04-18 17:20
KLSER,-0.06,-69.855,2026_02_01,2026-04-18 17:20
KLSYN,1.76,,2026_02_01,2026-04-18 17:20
KLYPV,-5.96,,2026_02_01,2026-04-18 17:20
KMPUR,-0.38,-505.653,2026_02_01,2026-04-18 17:20
KNFRT,0.23,308.081,2026_02_01,2026-04-18 17:20
KOCMT,0.3,,2026_02_01,2026-04-18 17:20
KONKA,0.8,718.889,2026_02_01,2026-04-18 17:20
A1YEN,-1.37,-563.035,2026_02_01,2026-04-18 17:20
KONYA,-0.28,-4.668,2026_02_01,2026-04-18 17:20
KOPOL,-0.84,,2026_02_01,2026-04-18 17:20
KORDS,0.2,126.543,2026_02_01,2026-04-18 17:20
KOTON,-0.49,-669.677,2026_02_01,2026-04-18 17:20
ASGYO,-0.39,-657.389,2026_02_01,2026-04-18 17:20
AGROT,0.41,,2026_02_01,2026-04-18 17:20
KRDMA,-0.77,,2026_02_01,2026-04-18 17:20
KRDMB,0.69,821.024,2026_02_01,2026-04-18 17:20
ASUZU,0.63,259.357,2026_02_01,2026-04-18 17:20
KRGYO,-0.53,,2026_02_01,2026-04-18 17:20
KRONT,0.92,,2026_02_01,2026-04-18 17:20
KRPLS,-1.51,,2026_02_01,2026-04-18 17:20
KRSTL,-0.32,-587.575,2026_02_01,2026-04-18 17:20
KRTEK,0.77,146.089,2026_02_01,2026-04-18 17:20
KRVGD,0.14,853.612,2026_02_01,2026-04-18 17:20
KSTUR,0.0,-14.0,2026_02_01,2026-04-18 17:20
ATAGY,-0.13,-58.227,2026_02_01,2026-04-18 17:20
KTSKR,-0.12,-16.669,2026_02_01,2026-04-18 17:20
KUTPO,-1.0,-104.893,2026_02_01,2026-04-18 17:20
KUVVA,0.0,-1.149,2026_02_01,2026-04-18 17:20
ATAKP,0.57,160.278,2026_02_01,2026-04-18 17:20
KZBGY,-0.17,,2026_02_01,2026-04-18 17:20
KZGYO,-0.1,-48.362,2026_02_01,2026-04-18 17:20
LIDER,0.18,492.658,2026_02_01,2026-04-18 17:20
LIDFA,-1.24,,2026_02_01,2026-04-18 17:20
LILAK,0.54,,2026_02_01,2026-04-18 17:20
LINK,0.42,77.289,2026_02_01,2026-04-18 17:20
LKMNH,-1.23,,2026_02_01,2026-04-18 17:20
LMKDC,0.56,877.576,2026_02_01,2026-04-18 17:20
LOGO,-1.52,,2026_02_01,2026-04-18 17:20
LRSHO,-0.32,,2026_02_01,2026-04-18 17:20
LUKSK,-0.28,-77.46,2026_02_01,2026-04-18 17:20
LYDHO,0.14,286.862,2026_02_01,2026-04-18 17:20
LYDYE,0.05,708.0,2026_02_01,2026-04-18 17:20
MAALT,-0.78,-36.801,2026_02_01,2026-04-18 17:20
MACKO,-4.03,,2026_02_01,2026-04-18 17:20
ATATP,1.55,291.593,2026_02_01,2026-04-18 17:20
MAKIM,0.2,82.703,2026_02_01,2026-04-18 17:20
MAKTK,-0.26,-478.886,2026_02_01,2026-04-18 17:20
MANAS,2.71,,2026_02_01,2026-04-18 17:20
MARBL,0.03,22.22,2026_02_01,2026-04-18 17:20
MARKA,0.66,135.429,2026_02_01,2026-04-18 17:20
MARMR,0.33,,2026_02_01,2026-04-18 17:20
MARTI,0.4,,2026_02_01,2026-04-18 17:20
ATEKS,0.02,1.5,2026_02_01,2026-04-18 17:20
MEDTR,0.55,136.557,2026_02_01,2026-04-18 17:20
MEGAP,0.0,13.0,2026_02_01,2026-04-18 17:20
MEGMT,0.96,702.537,2026_02_01,2026-04-18 17:20
MEKAG,-1.04,,2026_02_01,2026-04-18 17:20
MEPET,0.08,57.832,2026_02_01,2026-04-18 17:20
MERCN,-0.17,-122.141,2026_02_01,2026-04-18 17:20
MERIT,-0.4,,2026_02_01,2026-04-18 17:20
MERKO,0.82,820.056,2026_02_01,2026-04-18 17:20
METRO,0.88,,2026_02_01,2026-04-18 17:20
MEYSU,-3.16,,2026_02_01,2026-04-18 17:20
ATLAS,-1.37,-822.848,2026_02_01,2026-04-18 17:20
MHRGY,-0.71,,2026_02_01,2026-04-18 17:20
ATSYH,0.0,-52.0,2026_02_01,2026-04-18 17:20
MMCAS,0.2,24.756,2026_02_01,2026-04-18 17:20
MNDRS,0.01,22.249,2026_02_01,2026-04-18 17:20
MNDTR,-0.1,-913.829,2026_02_01,2026-04-18 17:20
MOBTL,-2.06,,2026_02_01,2026-04-18 17:20
MOGAN,-0.81,,2026_02_01,2026-04-18 17:20
MOPAS,5.58,,2026_02_01,2026-04-18 17:20
AVGYO,0.11,122.068,2026_02_01,2026-04-18 17:20
MRGYO,0.18,,2026_02_01,2026-04-18 17:20
MRSHL,-0.09,-3.833,2026_02_01,2026-04-18 17:20
MSGYO,-0.05,-88.783,2026_02_01,2026-04-18 17:20
MTRKS,-0.31,-135.608,2026_02_01,2026-04-18 17:20
MTRYO,0.0,-1.0,2026_02_01,2026-04-18 17:20
MZHLD,0.6,432.529,2026_02_01,2026-04-18 17:20
NATEN,0.02,47.081,2026_02_01,2026-04-18 17:20
NETAS,-0.1,-31.627,2026_02_01,2026-04-18 17:20
NETCD,40.08,,2026_02_01,2026-04-18 17:20
NIBAS,-1.04,,2026_02_01,2026-04-18 17:20
NTGAZ,0.48,,2026_02_01,2026-04-18 17:20
NTHOL,-0.05,-239.803,2026_02_01,2026-04-18 17:20
NUGYO,-0.09,-292.715,2026_02_01,2026-04-18 17:20
NUHCM,-0.05,-16.607,2026_02_01,2026-04-18 17:20
AVHOL,-0.13,-33.454,2026_02_01,2026-04-18 17:20
OBASE,-0.74,-110.873,2026_02_01,2026-04-18 17:20
AVOD,0.44,,2026_02_01,2026-04-18 17:20
ODINE,0.37,192.662,2026_02_01,2026-04-18 17:20
OFSYM,-0.11,-23.021,2026_02_01,2026-04-18 17:20
ONCSM,-2.11,-212.549,2026_02_01,2026-04-18 17:20
ONRYT,0.61,119.769,2026_02_01,2026-04-18 17:20
ORCAY,1.16,,2026_02_01,2026-04-18 17:20
ORGE,-0.09,-36.083,2026_02_01,2026-04-18 17:20
ORMA,0.0,0.0,2026_02_01,2026-04-18 17:20
OSMEN,0.32,501.186,2026_02_01,2026-04-18 17:20
OSTIM,-3.53,,2026_02_01,2026-04-18 17:20
AVPGY,-1.68,,2026_02_01,2026-04-18 17:20
OTTO,4.13,226.028,2026_02_01,2026-04-18 17:20
AVTUR,0.76,323.324,2026_02_01,2026-04-18 17:20
OYAYO,0.2,41.213,2026_02_01,2026-04-18 17:20
OYLUM,0.28,225.783,2026_02_01,2026-04-18 17:20
OYYAT,-0.01,-9.819,2026_02_01,2026-04-18 17:20
OZATD,-2.57,-343.345,2026_02_01,2026-04-18 17:20
OZGYO,-0.37,,2026_02_01,2026-04-18 17:20
OZKGY,0.2,734.001,2026_02_01,2026-04-18 17:20
OZRDN,0.1,58.77,2026_02_01,2026-04-18 17:20
OZSUB,-0.09,-41.107,2026_02_01,2026-04-18 17:20
OZYSR,1.44,584.655,2026_02_01,2026-04-18 17:20
PAGYO,0.16,92.37,2026_02_01,2026-04-18 17:20
PAHOL,-3.2,,2026_02_01,2026-04-18 17:20
PAMEL,0.29,62.19,2026_02_01,2026-04-18 17:20
PAPIL,-1.22,,2026_02_01,2026-04-18 17:20
PARSN,0.44,148.883,2026_02_01,2026-04-18 17:20
AYCES,-1.08,-20.422,2026_02_01,2026-04-18 17:20
AYDEM,0.78,,2026_02_01,2026-04-18 17:20
PCILT,-0.05,-22.454,2026_02_01,2026-04-18 17:20
TEHOL,1.44,,2026_02_01,2026-04-18 17:20
PEKGY,1.0,,2026_02_01,2026-04-18 17:20
PENGD,0.08,133.29,2026_02_01,2026-04-18 17:20
PENTA,-0.16,-286.855,2026_02_01,2026-04-18 17:20
AYEN,0.29,159.533,2026_02_01,2026-04-18 17:20
PETUN,-0.98,,2026_02_01,2026-04-18 17:20
AYES,0.09,75.956,2026_02_01,2026-04-18 17:20
PINSU,0.0,-6.653,2026_02_01,2026-04-18 17:20
PKART,-1.1,-121.648,2026_02_01,2026-04-18 17:20
PKENT,0.13,29.088,2026_02_01,2026-04-18 17:20
PLTUR,1.45,716.324,2026_02_01,2026-04-18 17:20
PNLSN,-2.73,-951.074,2026_02_01,2026-04-18 17:20
PNSUT,-2.17,,2026_02_01,2026-04-18 17:20
POLHO,0.03,43.092,2026_02_01,2026-04-18 17:20
POLTK,-0.18,-2.056,2026_02_01,2026-04-18 17:20
PRDGS,0.87,953.821,2026_02_01,2026-04-18 17:20
PRKAB,3.6,,2026_02_01,2026-04-18 17:20
PRKME,-0.17,-91.13,2026_02_01,2026-04-18 17:20
PRZMA,-0.32,-197.952,2026_02_01,2026-04-18 17:20
PSDTC,-0.38,-24.7,2026_02_01,2026-04-18 17:20
PSGYO,0.02,455.523,2026_02_01,2026-04-18 17:20
QNBFK,0.0,7.0,2026_02_01,2026-04-18 17:20
QNBTR,0.0,46.0,2026_02_01,2026-04-18 17:20
AYGAZ,-0.11,-105.512,2026_02_01,2026-04-18 17:20
AZTEK,0.41,,2026_02_01,2026-04-18 17:20
RAYSG,0.05,27.201,2026_02_01,2026-04-18 17:20
BAGFS,-0.46,-460.71,2026_02_01,2026-04-18 17:20
RGYAS,-1.53,,2026_02_01,2026-04-18 17:20
RNPOL,-0.45,-76.21,2026_02_01,2026-04-18 17:20
RODRG,-0.11,-18.542,2026_02_01,2026-04-18 17:20
ROYAL,0.0,0.0,2026_02_01,2026-04-18 17:20
RTALB,-0.05,-221.23,2026_02_01,2026-04-18 17:20
RUBNS,-5.03,,2026_02_01,2026-04-18 17:20
RYGYO,0.16,,2026_02_01,2026-04-18 17:20
RYSAS,0.51,,2026_02_01,2026-04-18 17:20
SAFKR,-2.99,,2026_02_01,2026-04-18 17:20
BAHKM,1.08,250.629,2026_02_01,2026-04-18 17:20
SAMAT,0.02,28.449,2026_02_01,2026-04-18 17:20
SANEL,0.25,46.009,2026_02_01,2026-04-18 17:20
SANFM,0.56,,2026_02_01,2026-04-18 17:20
SANKO,0.97,361.988,2026_02_01,2026-04-18 17:20
SARKY,-0.39,,2026_02_01,2026-04-18 17:20
BAKAB,0.06,23.747,2026_02_01,2026-04-18 17:20
SAYAS,-0.49,-207.988,2026_02_01,2026-04-18 17:20
SDTTR,0.35,55.776,2026_02_01,2026-04-18 17:20
SEGMN,-1.98,,2026_02_01,2026-04-18 17:20
SEGYO,2.57,,2026_02_01,2026-04-18 17:20
SEKFK,-0.04,-27.616,2026_02_01,2026-04-18 17:20
SEKUR,0.41,540.022,2026_02_01,2026-04-18 17:20
SELEC,0.36,442.131,2026_02_01,2026-04-18 17:20
SELVA,-1.0,,2026_02_01,2026-04-18 17:20
SERNT,-0.59,-675.919,2026_02_01,2026-04-18 17:20
SEYKM,0.1,151.391,2026_02_01,2026-04-18 17:20
SILVR,-0.07,-139.072,2026_02_01,2026-04-18 17:20
BALAT,0.0,0.0,2026_02_01,2026-04-18 17:20
AGYO,0.05,62.284,2026_02_01,2026-04-18 17:20
SKTAS,-0.13,-430.848,2026_02_01,2026-04-18 17:20
SKYLP,0.13,9.075,2026_02_01,2026-04-18 17:20
SKYMD,-0.16,-86.355,2026_02_01,2026-04-18 17:20
SMART,-0.3,-89.73,2026_02_01,2026-04-18 17:20
SMRTG,-0.85,,2026_02_01,2026-04-18 17:20
SMRVA,2.39,671.259,2026_02_01,2026-04-18 17:20
SNGYO,-0.59,,2026_02_01,2026-04-18 17:20
SNICA,0.79,,2026_02_01,2026-04-18 17:20
SNPAM,0.01,3.002,2026_02_01,2026-04-18 17:20
SODSN,0.0,0.0,2026_02_01,2026-04-18 17:20
SOKE,0.85,,2026_02_01,2026-04-18 17:20
BANVT,-0.11,-40.012,2026_02_01,2026-04-18 17:20
SONME,0.0,1.0,2026_02_01,2026-04-18 17:20
SRVGY,0.28,,2026_02_01,2026-04-18 17:20
SUMAS,0.0,100.0,2026_02_01,2026-04-18 17:20
SUNTK,-0.27,-396.81,2026_02_01,2026-04-18 17:20
SURGY,-0.1,-43.633,2026_02_01,2026-04-18 17:20
SUWEN,-0.2,-736.736,2026_02_01,2026-04-18 17:20
BARMA,0.99,806.796,2026_02_01,2026-04-18 17:20
TARKM,3.26,163.224,2026_02_01,2026-04-18 17:20
TATEN,-0.39,,2026_02_01,2026-04-18 17:20
TATGD,0.18,217.288,2026_02_01,2026-04-18 17:20
BASCM,0.04,20.0,2026_02_01,2026-04-18 17:20
TBORG,-0.48,-288.605,2026_02_01,2026-04-18 17:20
BASGZ,0.13,231.608,2026_02_01,2026-04-18 17:20
TCKRC,-1.08,-760.229,2026_02_01,2026-04-18 17:20
TDGYO,0.05,25.515,2026_02_01,2026-04-18 17:20
TEKTU,-3.88,,2026_02_01,2026-04-18 17:20
TERA,1.85,,2026_02_01,2026-04-18 17:20
TEZOL,-0.55,-754.827,2026_02_01,2026-04-18 17:20
TGSAS,0.38,47.204,2026_02_01,2026-04-18 17:20
BAYRK,-1.01,,2026_02_01,2026-04-18 17:20
BEGYO,-2.1,,2026_02_01,2026-04-18 17:20
TKNSA,-0.13,-135.665,2026_02_01,2026-04-18 17:20
TLMAN,0.52,52.72,2026_02_01,2026-04-18 17:20
TMPOL,0.68,75.345,2026_02_01,2026-04-18 17:20
TMSN,-0.56,-250.858,2026_02_01,2026-04-18 17:20
TNZTP,-3.75,,2026_02_01,2026-04-18 17:20
BERA,-0.7,,2026_02_01,2026-04-18 17:20
TRCAS,0.09,184.018,2026_02_01,2026-04-18 17:20
TRGYO,-0.42,,2026_02_01,2026-04-18 17:20
TRILC,-0.1,-123.137,2026_02_01,2026-04-18 17:20
TSGYO,0.43,,2026_02_01,2026-04-18 17:20
BESLR,0.07,480.159,2026_02_01,2026-04-18 17:20
BEYAZ,0.51,215.519,2026_02_01,2026-04-18 17:20
BFREN,-0.08,-19.533,2026_02_01,2026-04-18 17:20
BIENY,0.63,519.902,2026_02_01,2026-04-18 17:20
TUCLK,-1.58,,2026_02_01,2026-04-18 17:20
BIGCH,2.35,,2026_02_01,2026-04-18 17:20
BIGEN,-0.58,-660.553,2026_02_01,2026-04-18 17:20
BIGTK,0.05,11.496,2026_02_01,2026-04-18 17:20
TURGG,0.36,114.969,2026_02_01,2026-04-18 17:20
AHGAZ,0.01,64.83,2026_02_01,2026-04-18 17:20
UCAYM,-15.04,,2026_02_01,2026-04-18 17:20
UFUK,0.0,-1.02,2026_02_01,2026-04-18 17:20
ULAS,0.34,84.711,2026_02_01,2026-04-18 17:20
BINBN,0.66,111.306,2026_02_01,2026-04-18 17:20
ULUFA,2.02,,2026_02_01,2026-04-18 17:20
ULUSE,0.24,56.871,2026_02_01,2026-04-18 17:20
ULUUN,0.37,,2026_02_01,2026-04-18 17:20
UMPAS,0.0,0.0,2026_02_01,2026-04-18 17:20
UNLU,-0.59,-598.88,2026_02_01,2026-04-18 17:20
USAK,-3.45,,2026_02_01,2026-04-18 17:20
BINHO,0.09,424.026,2026_02_01,2026-04-18 17:20
VAKFA,-0.04,-98.281,2026_02_01,2026-04-18 17:20
VAKFN,0.1,,2026_02_01,2026-04-18 17:20
VAKKO,0.59,180.769,2026_02_01,2026-04-18 17:20
VANGD,0.07,16.939,2026_02_01,2026-04-18 17:20
VBTYZ,-0.56,-316.638,2026_02_01,2026-04-18 17:20
VERTU,-0.34,-75.009,2026_02_01,2026-04-18 17:20
VERUS,0.03,11.04,2026_02_01,2026-04-18 17:20
VESBE,0.05,252.154,2026_02_01,2026-04-18 17:20
BIOEN,-0.38,-753.307,2026_02_01,2026-04-18 17:20
VKFYO,0.01,1.474,2026_02_01,2026-04-18 17:20
VKGYO,0.84,,2026_02_01,2026-04-18 17:20
VKING,-0.14,-42.636,2026_02_01,2026-04-18 17:20
VRGYO,-0.59,,2026_02_01,2026-04-18 17:20
VSNMD,-2.31,-553.819,2026_02_01,2026-04-18 17:20
YAPRK,0.54,22.876,2026_02_01,2026-04-18 17:20
YATAS,0.25,238.393,2026_02_01,2026-04-18 17:20
YAYLA,-0.51,-205.952,2026_02_01,2026-04-18 17:20
YBTAS,0.02,8.001,2026_02_01,2026-04-18 17:20
BIZIM,0.59,162.381,2026_02_01,2026-04-18 17:20
YESIL,0.03,176.029,2026_02_01,2026-04-18 17:20
YGGYO,0.04,85.609,2026_02_01,2026-04-18 17:20
YGYO,0.0,1.0,2026_02_01,2026-04-18 17:20
YIGIT,0.71,529.137,2026_02_01,2026-04-18 17:20
BJKAS,-0.01,-169.218,2026_02_01,2026-04-18 17:20
YKSLN,-3.04,,2026_02_01,2026-04-18 17:20
YONGA,0.0,0.0,2026_02_01,2026-04-18 17:20
YUNSA,1.59,,2026_02_01,2026-04-18 17:20
YYAPI,0.29,,2026_02_01,2026-04-18 17:20
YYLGD,0.16,610.928,2026_02_01,2026-04-18 17:20
ZEDUR,0.83,583.144,2026_02_01,2026-04-18 17:20
ZERGY,3.97,,2026_02_01,2026-04-18 17:20
ZGYO,8.8,,2026_02_01,2026-04-18 17:20
BLCYT,-0.14,-67.587,2026_02_01,2026-04-18 17:20
ZRGYO,-0.12,,2026_02_01,2026-04-18 17:20
TUPRS,0.62,,2026_02_03,2026-04-18 17:22
THYAO,-1.34,,2026_02_03,2026-04-18 17:22
SASA,-1.89,,2026_02_03,2026-04-18 17:22
ASELS,0.35,,2026_02_03,2026-04-18 17:22
ISCTR,-3.13,,2026_02_03,2026-04-18 17:22
HEKTS,-0.46,,2026_02_03,2026-04-18 17:22
SISE,-2.51,,2026_02_03,2026-04-18 17:22
PGSUS,-7.32,,2026_02_03,2026-04-18 17:22
EREGL,1.34,,2026_02_03,2026-04-18 17:22
ALTNY,-0.38,,2026_02_03,2026-04-18 17:22
REEDR,0.32,,2026_02_03,2026-04-18 17:22
KCHOL,-0.22,,2026_02_03,2026-04-18 17:22
KONTR,-0.1,-924.726,2026_02_03,2026-04-18 17:22
FROTO,0.17,,2026_02_03,2026-04-18 17:22
CWENE,1.36,,2026_02_03,2026-04-18 17:22
ASTOR,1.14,,2026_02_03,2026-04-18 17:22
PATEK,-0.84,,2026_02_03,2026-04-18 17:22
TABGD,0.6,313.181,2026_02_03,2026-04-18 17:22
IZENR,0.71,,2026_02_03,2026-04-18 17:22
CANTE,-1.49,,2026_02_03,2026-04-18 17:22
ZOREN,0.07,,2026_02_03,2026-04-18 17:22
ENERY,0.78,,2026_02_03,2026-04-18 17:22
DOAS,-0.1,-91.803,2026_02_03,2026-04-18 17:22
PETKM,-1.95,,2026_02_03,2026-04-18 17:22
OBAMS,-1.08,,2026_02_03,2026-04-18 17:22
ENJSA,0.09,219.949,2026_02_03,2026-04-18 17:22
AKBNK,0.4,,2026_02_03,2026-04-18 17:22
SAHOL,-0.64,,2026_02_03,2026-04-18 17:22
TCELL,0.02,321.039,2026_02_03,2026-04-18 17:22
KCAER,0.5,,2026_02_03,2026-04-18 17:22
BIMAS,-0.19,-801.906,2026_02_03,2026-04-18 17:22
OYAKC,-0.57,,2026_02_03,2026-04-18 17:22
EUPWR,-0.6,,2026_02_03,2026-04-18 17:22
MIATK,0.46,,2026_02_03,2026-04-18 17:22
YKBNK,0.14,,2026_02_03,2026-04-18 17:22
TTRAK,0.33,80.946,2026_02_03,2026-04-18 17:22
TOASO,0.15,174.058,2026_02_03,2026-04-18 17:22
TUKAS,-0.03,,2026_02_03,2026-04-18 17:22
ENKAI,0.08,731.404,2026_02_03,2026-04-18 17:22
GARAN,-0.13,,2026_02_03,2026-04-18 17:22
KRDMD,1.03,,2026_02_03,2026-04-18 17:22
MGROS,0.3,288.773,2026_02_03,2026-04-18 17:22
ISMEN,0.49,,2026_02_03,2026-04-18 17:22
TRALT,2.08,,2026_02_03,2026-04-18 17:22
GSRAY,-0.74,,2026_02_03,2026-04-18 17:22
AEFES,0.73,,2026_02_03,2026-04-18 17:22
TSPOR,-2.4,,2026_02_03,2026-04-18 17:22
AKSA,0.25,,2026_02_03,2026-04-18 17:22
YEOTK,0.67,,2026_02_03,2026-04-18 17:22
ODAS,-0.29,,2026_02_03,2026-04-18 17:22
GESAN,-1.91,,2026_02_03,2026-04-18 17:22
ALARK,-0.38,-616.697,2026_02_03,2026-04-18 17:22
EKGYO,0.65,,2026_02_03,2026-04-18 17:22
FENER,1.12,,2026_02_03,2026-04-18 17:22
ARCLK,0.11,187.238,2026_02_03,2026-04-18 17:22
MAVI,0.06,346.943,2026_02_03,2026-04-18 17:22
CIMSA,0.33,,2026_02_03,2026-04-18 17:22
TTKOM,1.16,,2026_02_03,2026-04-18 17:22
TAVHL,-0.35,-745.989,2026_02_03,2026-04-18 17:22
ULKER,-0.18,-615.192,2026_02_03,2026-04-18 17:22
VESTL,-2.25,,2026_02_03,2026-04-18 17:22
SKBNK,0.3,,2026_02_03,2026-04-18 17:22
CCOLA,0.21,,2026_02_03,2026-04-18 17:22
AKSEN,0.37,,2026_02_03,2026-04-18 17:22
QUAGR,-4.67,,2026_02_03,2026-04-18 17:22
TURSG,0.04,,2026_02_03,2026-04-18 17:22
DOHOL,0.28,,2026_02_03,2026-04-18 17:22
GLRMK,-1.33,-516.702,2026_02_03,2026-04-18 17:22
SOKM,1.32,,2026_02_03,2026-04-18 17:22
HALKB,0.11,,2026_02_03,2026-04-18 17:22
BRSAN,-0.92,-329.613,2026_02_03,2026-04-18 17:22
TSKB,-0.27,,2026_02_03,2026-04-18 17:22
KTLEV,1.28,,2026_02_03,2026-04-18 17:22
GUBRF,0.16,136.425,2026_02_03,2026-04-18 17:22
TUREX,-0.61,,2026_02_03,2026-04-18 17:22
VAKBN,-0.01,-47.534,2026_02_03,2026-04-18 17:22
PASEU,-0.93,,2026_02_03,2026-04-18 17:22
OTKAR,-6.14,,2026_02_03,2026-04-18 17:22
EFOR,0.37,,2026_02_03,2026-04-18 17:22
TKFEN,-0.05,-117.024,2026_02_03,2026-04-18 17:22
AGHOL,0.13,,2026_02_03,2026-04-18 17:22
ECILC,1.11,,2026_02_03,2026-04-18 17:22
BALSU,0.07,216.001,2026_02_03,2026-04-18 17:22
ANSGR,-0.21,,2026_02_03,2026-04-18 17:22
BTCIM,-0.29,,2026_02_03,2026-04-18 17:22
DAPGM,0.71,,2026_02_03,2026-04-18 17:22
GRTHO,0.52,189.998,2026_02_03,2026-04-18 17:22
MAGEN,0.49,,2026_02_03,2026-04-18 17:22
EGEEN,-0.48,-5.45,2026_02_03,2026-04-18 17:22
TRMET,0.41,723.117,2026_02_03,2026-04-18 17:22
GENIL,5.08,,2026_02_03,2026-04-18 17:22
BRYAT,-0.12,-12.108,2026_02_03,2026-04-18 17:22
BSOKE,0.55,,2026_02_03,2026-04-18 17:22
KUYAS,1.15,,2026_02_03,2026-04-18 17:22
MPARK,0.23,189.624,2026_02_03,2026-04-18 17:22
TRENJ,1.38,,2026_02_03,2026-04-18 17:22
KLRHO,0.05,151.858,2026_02_03,2026-04-18 17:22
DSTKF,-0.03,-21.314,2026_02_03,2026-04-18 17:22
GRSEL,1.16,341.249,2026_02_03,2026-04-18 17:22
RALYH,1.01,,2026_02_03,2026-04-18 17:22
BJKAS,-2.82,,2026_02_03,2026-04-18 17:22
BLCYT,-0.81,-398.367,2026_02_03,2026-04-18 17:22
BLUME,-0.02,-34.534,2026_02_03,2026-04-18 17:22
BMSCH,0.18,128.081,2026_02_03,2026-04-18 17:22
BMSTL,-2.53,,2026_02_03,2026-04-18 17:22
BNTAS,2.61,,2026_02_03,2026-04-18 17:22
BOBET,-2.79,,2026_02_03,2026-04-18 17:22
BORLS,0.57,,2026_02_03,2026-04-18 17:22
BORSK,3.97,,2026_02_03,2026-04-18 17:22
BOSSA,0.38,,2026_02_03,2026-04-18 17:22
BRISA,0.39,121.133,2026_02_03,2026-04-18 17:22
BRKO,0.02,23.5,2026_02_03,2026-04-18 17:22
BRKSN,1.22,760.034,2026_02_03,2026-04-18 17:22
BRKVY,0.21,28.743,2026_02_03,2026-04-18 17:22
BRLSM,0.33,350.16,2026_02_03,2026-04-18 17:22
BRMEN,0.0,0.0,2026_02_03,2026-04-18 17:22
AHSGY,0.48,879.687,2026_02_03,2026-04-18 17:22
ACSEL,-0.09,-8.086,2026_02_03,2026-04-18 17:22
AKCNS,1.5,591.282,2026_02_03,2026-04-18 17:22
AKENR,-0.3,,2026_02_03,2026-04-18 17:22
BUCIM,-0.1,,2026_02_03,2026-04-18 17:22
BULGS,-7.25,,2026_02_03,2026-04-18 17:22
BURCE,-0.37,-165.493,2026_02_03,2026-04-18 17:22
BURVA,0.0,0.0,2026_02_03,2026-04-18 17:22
BVSAN,-0.28,-38.721,2026_02_03,2026-04-18 17:22
BYDNR,0.01,2.244,2026_02_03,2026-04-18 17:22
AKFGY,-0.07,,2026_02_03,2026-04-18 17:22
CASA,0.0,0.0,2026_02_03,2026-04-18 17:22
CATES,1.94,643.453,2026_02_03,2026-04-18 17:22
AKFIS,16.73,,2026_02_03,2026-04-18 17:22
CELHA,-0.22,-314.984,2026_02_03,2026-04-18 17:22
CEMAS,0.56,,2026_02_03,2026-04-18 17:22
CEMTS,1.02,,2026_02_03,2026-04-18 17:22
CEMZY,-0.54,-672.261,2026_02_03,2026-04-18 17:22
CEOEM,1.55,345.656,2026_02_03,2026-04-18 17:22
CGCAM,-1.19,-497.6,2026_02_03,2026-04-18 17:22
AKFYE,0.89,,2026_02_03,2026-04-18 17:22
CLEBI,-1.04,-56.731,2026_02_03,2026-04-18 17:22
CMBTN,-0.22,-2.327,2026_02_03,2026-04-18 17:22
CMENT,0.0,1.0,2026_02_03,2026-04-18 17:22
CONSE,1.55,,2026_02_03,2026-04-18 17:22
COSMO,-0.1,-6.538,2026_02_03,2026-04-18 17:22
CRDFA,0.45,334.443,2026_02_03,2026-04-18 17:22
CRFSA,2.47,452.281,2026_02_03,2026-04-18 17:22
CUSAN,1.88,349.331,2026_02_03,2026-04-18 17:22
CVKMD,-2.76,,2026_02_03,2026-04-18 17:22
AKGRT,0.52,,2026_02_03,2026-04-18 17:22
TRHOL,1.74,306.506,2026_02_03,2026-04-18 17:22
DAGI,1.76,,2026_02_03,2026-04-18 17:22
AKHAN,4.79,,2026_02_03,2026-04-18 17:22
DARDL,0.18,,2026_02_03,2026-04-18 17:22
DCTTR,1.4,,2026_02_03,2026-04-18 17:22
DENGE,0.58,,2026_02_03,2026-04-18 17:22
DERHL,-0.43,-852.39,2026_02_03,2026-04-18 17:22
DERIM,0.65,263.806,2026_02_03,2026-04-18 17:22
DESA,0.06,104.342,2026_02_03,2026-04-18 17:22
DESPC,1.25,200.402,2026_02_03,2026-04-18 17:22
DEVA,0.22,427.456,2026_02_03,2026-04-18 17:22
DGATE,0.01,282.0,2026_02_03,2026-04-18 17:22
DGGYO,0.02,55.932,2026_02_03,2026-04-18 17:22
DGNMO,-0.33,,2026_02_03,2026-04-18 17:22
DIRIT,0.0,0.0,2026_02_03,2026-04-18 17:22
DITAS,2.04,,2026_02_03,2026-04-18 17:22
DMRGD,1.86,,2026_02_03,2026-04-18 17:22
DMSAS,0.48,963.831,2026_02_03,2026-04-18 17:22
DNISI,0.16,92.321,2026_02_03,2026-04-18 17:22
AKMGY,0.01,2.706,2026_02_03,2026-04-18 17:22
DOCO,1.45,2.056,2026_02_03,2026-04-18 17:22
DOFER,0.42,86.154,2026_02_03,2026-04-18 17:22
DOFRB,-0.47,-213.804,2026_02_03,2026-04-18 17:22
DOGUB,0.53,105.442,2026_02_03,2026-04-18 17:22
ADEL,0.55,626.054,2026_02_03,2026-04-18 17:22
DOKTA,-0.12,-168.312,2026_02_03,2026-04-18 17:22
ADESE,-4.37,,2026_02_03,2026-04-18 17:22
DUNYH,0.36,131.854,2026_02_03,2026-04-18 17:22
DURDO,0.85,,2026_02_03,2026-04-18 17:22
DURKN,-3.72,,2026_02_03,2026-04-18 17:22
DYOBY,0.59,,2026_02_03,2026-04-18 17:22
DZGYO,-0.07,-249.587,2026_02_03,2026-04-18 17:22
EBEBK,-0.01,-2.44,2026_02_03,2026-04-18 17:22
AKSGY,0.05,831.404,2026_02_03,2026-04-18 17:22
ECOGR,5.36,,2026_02_03,2026-04-18 17:22
ECZYT,-0.46,-209.645,2026_02_03,2026-04-18 17:22
EDATA,4.97,,2026_02_03,2026-04-18 17:22
EDIP,0.3,109.615,2026_02_03,2026-04-18 17:22
AKSUE,0.39,223.45,2026_02_03,2026-04-18 17:22
AKYHO,0.07,165.244,2026_02_03,2026-04-18 17:22
EGEGY,1.52,,2026_02_03,2026-04-18 17:22
EGEPO,0.77,,2026_02_03,2026-04-18 17:22
EGGUB,0.25,188.47,2026_02_03,2026-04-18 17:22
EGPRO,0.21,364.755,2026_02_03,2026-04-18 17:22
EGSER,0.4,,2026_02_03,2026-04-18 17:22
ADGYO,36.52,,2026_02_03,2026-04-18 17:22
EKIZ,-0.02,-1.154,2026_02_03,2026-04-18 17:22
EKOS,-0.42,,2026_02_03,2026-04-18 17:22
EKSUN,1.23,,2026_02_03,2026-04-18 17:22
ELITE,-0.15,-68.611,2026_02_03,2026-04-18 17:22
EMKEL,0.29,427.652,2026_02_03,2026-04-18 17:22
EMNIS,0.0,0.0,2026_02_03,2026-04-18 17:22
ENDAE,-0.71,-860.439,2026_02_03,2026-04-18 17:22
ALBRK,-2.28,,2026_02_03,2026-04-18 17:22
ALCAR,0.52,9.073,2026_02_03,2026-04-18 17:22
ALCTL,2.25,304.559,2026_02_03,2026-04-18 17:22
ENSRI,0.28,643.286,2026_02_03,2026-04-18 17:22
ENTRA,0.78,,2026_02_03,2026-04-18 17:22
EPLAS,-0.37,-716.618,2026_02_03,2026-04-18 17:22
ERBOS,0.36,56.067,2026_02_03,2026-04-18 17:22
ERCB,-0.33,-127.664,2026_02_03,2026-04-18 17:22
ALFAS,-0.39,-331.448,2026_02_03,2026-04-18 17:22
ERSU,1.74,552.245,2026_02_03,2026-04-18 17:22
ESCAR,1.44,,2026_02_03,2026-04-18 17:22
ESCOM,1.16,,2026_02_03,2026-04-18 17:22
ESEN,1.75,,2026_02_03,2026-04-18 17:22
ETILR,2.04,,2026_02_03,2026-04-18 17:22
ETYAT,0.04,7.062,2026_02_03,2026-04-18 17:22
EUHOL,-0.07,-100.0,2026_02_03,2026-04-18 17:22
EUKYO,-0.02,-3.709,2026_02_03,2026-04-18 17:22
ALGYO,-0.8,,2026_02_03,2026-04-18 17:22
EUREN,0.32,,2026_02_03,2026-04-18 17:22
EUYO,0.3,58.942,2026_02_03,2026-04-18 17:22
EYGYO,-0.6,215.452,2026_02_03,2026-04-18 17:22
FADE,0.16,64.773,2026_02_03,2026-04-18 17:22
ALKA,0.23,755.911,2026_02_03,2026-04-18 17:22
FLAP,0.21,189.13,2026_02_03,2026-04-18 17:22
FMIZP,0.72,25.283,2026_02_03,2026-04-18 17:22
FONET,-0.4,,2026_02_03,2026-04-18 17:22
FORMT,-0.52,,2026_02_03,2026-04-18 17:22
FORTE,-0.77,-168.445,2026_02_03,2026-04-18 17:22
FRIGO,-0.51,,2026_02_03,2026-04-18 17:22
FRMPL,-1.23,-490.924,2026_02_03,2026-04-18 17:22
ALKIM,0.26,463.834,2026_02_03,2026-04-18 17:22
FZLGY,-1.09,,2026_02_03,2026-04-18 17:22
ALKLC,2.74,,2026_02_03,2026-04-18 17:22
GARFA,0.43,599.219,2026_02_03,2026-04-18 17:22
GATEG,-0.02,-2.464,2026_02_03,2026-04-18 17:22
GEDIK,-0.54,,2026_02_03,2026-04-18 17:22
GEDZA,0.76,327.471,2026_02_03,2026-04-18 17:22
RUZYE,1.1,,2026_02_03,2026-04-18 17:22
GENTS,-0.02,-88.399,2026_02_03,2026-04-18 17:22
GEREL,-1.77,,2026_02_03,2026-04-18 17:22
A1CAP,0.1,245.61,2026_02_03,2026-04-18 17:22
GIPTA,0.17,86.773,2026_02_03,2026-04-18 17:22
GLBMD,-0.18,-52.235,2026_02_03,2026-04-18 17:22
GLCVY,3.4,898.45,2026_02_03,2026-04-18 17:22
ALVES,-1.31,,2026_02_03,2026-04-18 17:22
GLRYH,-0.17,,2026_02_03,2026-04-18 17:22
GLYHO,0.47,,2026_02_03,2026-04-18 17:22
GMTAS,0.83,,2026_02_03,2026-04-18 17:22
GOKNR,-0.18,-321.613,2026_02_03,2026-04-18 17:22
GOLTS,-0.78,-96.391,2026_02_03,2026-04-18 17:22
GOODY,0.29,385.635,2026_02_03,2026-04-18 17:22
GOZDE,0.06,223.412,2026_02_03,2026-04-18 17:22
GRNYO,0.0,6.0,2026_02_03,2026-04-18 17:22
ANELE,0.26,389.673,2026_02_03,2026-04-18 17:22
ANGEN,0.71,611.403,2026_02_03,2026-04-18 17:22
GSDDE,0.79,850.091,2026_02_03,2026-04-18 17:22
GSDHO,0.97,,2026_02_03,2026-04-18 17:22
ANHYT,0.57,507.288,2026_02_03,2026-04-18 17:22
AFYON,0.23,889.051,2026_02_03,2026-04-18 17:22
GUNDG,4.37,829.929,2026_02_03,2026-04-18 17:22
GWIND,0.39,709.656,2026_02_03,2026-04-18 17:22
GZNMI,-1.45,-593.348,2026_02_03,2026-04-18 17:22
ARASE,1.09,543.529,2026_02_03,2026-04-18 17:22
HATEK,-0.66,-417.886,2026_02_03,2026-04-18 17:22
HATSN,-1.46,-647.125,2026_02_03,2026-04-18 17:22
HDFGS,1.58,,2026_02_03,2026-04-18 17:22
HEDEF,0.87,,2026_02_03,2026-04-18 17:22
AGESA,-0.56,-201.075,2026_02_03,2026-04-18 17:22
HKTM,-1.05,-763.452,2026_02_03,2026-04-18 17:22
HLGYO,-0.12,,2026_02_03,2026-04-18 17:22
HOROZ,-0.28,-68.099,2026_02_03,2026-04-18 17:22
HRKET,1.29,309.411,2026_02_03,2026-04-18 17:22
HTTBT,0.59,489.038,2026_02_03,2026-04-18 17:22
HUBVC,0.29,793.931,2026_02_03,2026-04-18 17:22
HUNER,-2.67,,2026_02_03,2026-04-18 17:22
HURGZ,-0.43,-948.789,2026_02_03,2026-04-18 17:22
ICBCT,0.03,81.403,2026_02_03,2026-04-18 17:22
ICUGS,6.96,,2026_02_03,2026-04-18 17:22
IDGYO,-0.86,-944.428,2026_02_03,2026-04-18 17:22
IEYHO,0.87,,2026_02_03,2026-04-18 17:22
IHAAS,0.56,315.918,2026_02_03,2026-04-18 17:22
IHEVA,0.34,,2026_02_03,2026-04-18 17:22
IHGZT,0.56,,2026_02_03,2026-04-18 17:22
IHLAS,-0.86,,2026_02_03,2026-04-18 17:22
IHLGM,-1.28,,2026_02_03,2026-04-18 17:22
IHYAY,-1.04,,2026_02_03,2026-04-18 17:22
IMASM,-0.51,,2026_02_03,2026-04-18 17:22
INDES,0.08,352.724,2026_02_03,2026-04-18 17:22
INFO,-0.65,,2026_02_03,2026-04-18 17:22
INGRM,-0.02,-1.648,2026_02_03,2026-04-18 17:22
INTEK,0.0,0.0,2026_02_03,2026-04-18 17:22
INTEM,0.16,14.635,2026_02_03,2026-04-18 17:22
INVEO,-0.15,,2026_02_03,2026-04-18 17:22
INVES,-0.04,-16.227,2026_02_03,2026-04-18 17:22
ARDYZ,0.0,-7.671,2026_02_03,2026-04-18 17:22
ISATR,-0.02,0.0,2026_02_03,2026-04-18 17:22
ISBIR,0.0,0.0,2026_02_03,2026-04-18 17:22
ISBTR,-0.02,0.0,2026_02_03,2026-04-18 17:22
ARENA,0.01,4.091,2026_02_03,2026-04-18 17:22
ISDMR,0.75,,2026_02_03,2026-04-18 17:22
ISFIN,0.55,,2026_02_03,2026-04-18 17:22
ISGSY,0.26,120.442,2026_02_03,2026-04-18 17:22
ISGYO,0.5,,2026_02_03,2026-04-18 17:22
ISKPL,-1.09,,2026_02_03,2026-04-18 17:22
ISKUR,0.0,0.0,2026_02_03,2026-04-18 17:22
ARFYE,1.4,657.48,2026_02_03,2026-04-18 17:22
ISSEN,1.29,,2026_02_03,2026-04-18 17:22
ISYAT,0.07,110.196,2026_02_03,2026-04-18 17:22
ARMGD,-0.03,-17.336,2026_02_03,2026-04-18 17:22
IZFAS,0.57,881.142,2026_02_03,2026-04-18 17:22
IZINV,-0.09,-12.914,2026_02_03,2026-04-18 17:22
IZMDC,0.37,,2026_02_03,2026-04-18 17:22
JANTS,0.43,892.208,2026_02_03,2026-04-18 17:22
KAPLM,3.65,166.562,2026_02_03,2026-04-18 17:22
KAREL,1.87,,2026_02_03,2026-04-18 17:22
KARSN,0.72,,2026_02_03,2026-04-18 17:22
KARTN,0.07,46.833,2026_02_03,2026-04-18 17:22
KATMR,0.15,,2026_02_03,2026-04-18 17:22
KAYSE,4.14,,2026_02_03,2026-04-18 17:22
KBORU,6.3,,2026_02_03,2026-04-18 17:22
ARSAN,0.23,,2026_02_03,2026-04-18 17:22
ARTMS,1.58,383.973,2026_02_03,2026-04-18 17:22
KENT,0.0,698.0,2026_02_03,2026-04-18 17:22
KERVN,0.0,1.0,2026_02_03,2026-04-18 17:22
KFEIN,1.05,,2026_02_03,2026-04-18 17:22
KGYO,1.35,,2026_02_03,2026-04-18 17:22
KIMMR,0.66,493.953,2026_02_03,2026-04-18 17:22
KLGYO,-0.98,,2026_02_03,2026-04-18 17:22
KLKIM,0.81,,2026_02_03,2026-04-18 17:22
KLMSN,2.26,700.163,2026_02_03,2026-04-18 17:22
KLNMA,0.0,-6.059,2026_02_03,2026-04-18 17:22
ARZUM,3.9,,2026_02_03,2026-04-18 17:22
KLSER,-0.15,-167.123,2026_02_03,2026-04-18 17:22
KLSYN,4.21,,2026_02_03,2026-04-18 17:22
KLYPV,0.62,287.634,2026_02_03,2026-04-18 17:22
KMPUR,-0.13,-177.848,2026_02_03,2026-04-18 17:22
KNFRT,-0.04,-52.177,2026_02_03,2026-04-18 17:22
KOCMT,-0.41,,2026_02_03,2026-04-18 17:22
KONKA,0.61,553.077,2026_02_03,2026-04-18 17:22
A1YEN,1.02,422.363,2026_02_03,2026-04-18 17:22
KONYA,-0.43,-7.079,2026_02_03,2026-04-18 17:22
KOPOL,-1.55,,2026_02_03,2026-04-18 17:22
KORDS,-0.55,-355.775,2026_02_03,2026-04-18 17:22
KOTON,0.39,536.423,2026_02_03,2026-04-18 17:22
ASGYO,-0.47,-779.293,2026_02_03,2026-04-18 17:22
AGROT,0.5,,2026_02_03,2026-04-18 17:22
KRDMA,-0.26,-613.382,2026_02_03,2026-04-18 17:22
KRDMB,-0.91,,2026_02_03,2026-04-18 17:22
ASUZU,2.63,,2026_02_03,2026-04-18 17:22
KRGYO,0.24,638.334,2026_02_03,2026-04-18 17:22
KRONT,0.92,,2026_02_03,2026-04-18 17:22
KRPLS,3.18,,2026_02_03,2026-04-18 17:22
KRSTL,0.04,59.404,2026_02_03,2026-04-18 17:22
KRTEK,2.56,482.371,2026_02_03,2026-04-18 17:22
KRVGD,1.78,,2026_02_03,2026-04-18 17:22
KSTUR,0.0,0.0,2026_02_03,2026-04-18 17:22
ATAGY,1.05,480.952,2026_02_03,2026-04-18 17:22
KTSKR,0.9,131.89,2026_02_03,2026-04-18 17:22
KUTPO,2.26,237.849,2026_02_03,2026-04-18 17:22
KUVVA,0.0,2.0,2026_02_03,2026-04-18 17:22
ATAKP,0.94,266.19,2026_02_03,2026-04-18 17:22
KZBGY,-0.2,,2026_02_03,2026-04-18 17:22
KZGYO,-1.38,-688.796,2026_02_03,2026-04-18 17:22
LIDER,-0.05,-144.123,2026_02_03,2026-04-18 17:22
LIDFA,1.5,,2026_02_03,2026-04-18 17:22
LILAK,-0.47,,2026_02_03,2026-04-18 17:22
LINK,-1.17,-214.263,2026_02_03,2026-04-18 17:22
LKMNH,1.34,,2026_02_03,2026-04-18 17:22
LMKDC,1.47,,2026_02_03,2026-04-18 17:22
LOGO,-1.72,,2026_02_03,2026-04-18 17:22
LRSHO,-0.44,,2026_02_03,2026-04-18 17:22
LUKSK,0.35,93.637,2026_02_03,2026-04-18 17:22
LYDHO,0.19,372.874,2026_02_03,2026-04-18 17:22
LYDYE,-0.01,-121.0,2026_02_03,2026-04-18 17:22
MAALT,0.19,9.056,2026_02_03,2026-04-18 17:22
MACKO,-1.82,-754.743,2026_02_03,2026-04-18 17:22
ATATP,2.17,408.561,2026_02_03,2026-04-18 17:22
MAKIM,0.46,195.534,2026_02_03,2026-04-18 17:22
MAKTK,-0.31,-565.35,2026_02_03,2026-04-18 17:22
MANAS,-2.16,,2026_02_03,2026-04-18 17:22
MARBL,0.03,15.542,2026_02_03,2026-04-18 17:22
MARKA,0.56,116.745,2026_02_03,2026-04-18 17:22
MARMR,-4.28,,2026_02_03,2026-04-18 17:22
MARTI,-0.73,,2026_02_03,2026-04-18 17:22
ATATR,50.62,,2026_02_03,2026-04-18 17:22
MEDTR,-2.83,-694.12,2026_02_03,2026-04-18 17:22
MEGAP,0.0,10.0,2026_02_03,2026-04-18 17:22
MEGMT,8.92,,2026_02_03,2026-04-18 17:22
MEKAG,0.84,,2026_02_03,2026-04-18 17:22
MEPET,0.67,494.125,2026_02_03,2026-04-18 17:22
MERCN,-0.53,-398.6,2026_02_03,2026-04-18 17:22
MERIT,-0.14,-447.655,2026_02_03,2026-04-18 17:22
MERKO,0.65,658.932,2026_02_03,2026-04-18 17:22
METRO,0.07,372.343,2026_02_03,2026-04-18 17:22
MEYSU,0.92,,2026_02_03,2026-04-18 17:22
ATEKS,0.0,-330.0,2026_02_03,2026-04-18 17:22
MHRGY,0.21,646.027,2026_02_03,2026-04-18 17:22
ATLAS,0.0,-1.748,2026_02_03,2026-04-18 17:22
MMCAS,0.0,0.0,2026_02_03,2026-04-18 17:22
MNDRS,0.07,142.574,2026_02_03,2026-04-18 17:22
MNDTR,0.17,,2026_02_03,2026-04-18 17:22
MOBTL,4.13,,2026_02_03,2026-04-18 17:22
MOGAN,5.35,,2026_02_03,2026-04-18 17:22
MOPAS,-0.55,-318.96,2026_02_03,2026-04-18 17:22
ATSYH,0.04,3.0,2026_02_03,2026-04-18 17:22
MRGYO,13.17,,2026_02_03,2026-04-18 17:22
MRSHL,-0.19,-7.973,2026_02_03,2026-04-18 17:22
MSGYO,-0.52,-876.058,2026_02_03,2026-04-18 17:22
MTRKS,0.41,176.798,2026_02_03,2026-04-18 17:22
MTRYO,0.0,0.0,2026_02_03,2026-04-18 17:22
MZHLD,0.01,8.164,2026_02_03,2026-04-18 17:22
NATEN,-0.45,,2026_02_03,2026-04-18 17:22
NETAS,-0.25,-80.744,2026_02_03,2026-04-18 17:22
NETCD,-1.38,-553.051,2026_02_03,2026-04-18 17:22
NIBAS,1.2,,2026_02_03,2026-04-18 17:22
NTGAZ,0.33,910.151,2026_02_03,2026-04-18 17:22
NTHOL,0.02,81.641,2026_02_03,2026-04-18 17:22
NUGYO,0.13,421.595,2026_02_03,2026-04-18 17:22
NUHCM,-0.13,-42.125,2026_02_03,2026-04-18 17:22
AVGYO,0.79,887.376,2026_02_03,2026-04-18 17:22
OBASE,0.23,33.109,2026_02_03,2026-04-18 17:22
AVHOL,2.2,571.065,2026_02_03,2026-04-18 17:22
ODINE,5.46,,2026_02_03,2026-04-18 17:22
OFSYM,-1.48,-336.904,2026_02_03,2026-04-18 17:22
ONCSM,-1.39,-140.357,2026_02_03,2026-04-18 17:22
ONRYT,-3.64,-716.888,2026_02_03,2026-04-18 17:22
ORCAY,-0.07,-91.608,2026_02_03,2026-04-18 17:22
ORGE,0.47,197.963,2026_02_03,2026-04-18 17:22
ORMA,0.0,0.0,2026_02_03,2026-04-18 17:22
OSMEN,-0.31,-480.906,2026_02_03,2026-04-18 17:22
OSTIM,-0.35,,2026_02_03,2026-04-18 17:22
AVOD,0.06,151.398,2026_02_03,2026-04-18 17:22
OTTO,-0.73,-42.308,2026_02_03,2026-04-18 17:22
AVPGY,-1.31,,2026_02_03,2026-04-18 17:22
OYAYO,-0.34,-67.277,2026_02_03,2026-04-18 17:22
OYLUM,0.22,181.004,2026_02_03,2026-04-18 17:22
OYYAT,-0.09,-78.035,2026_02_03,2026-04-18 17:22
OZATD,-2.13,-284.643,2026_02_03,2026-04-18 17:22
OZGYO,0.9,,2026_02_03,2026-04-18 17:22
OZKGY,-0.19,-704.667,2026_02_03,2026-04-18 17:22
OZRDN,0.06,34.473,2026_02_03,2026-04-18 17:22
OZSUB,1.66,706.145,2026_02_03,2026-04-18 17:22
OZYSR,1.26,511.044,2026_02_03,2026-04-18 17:22
PAGYO,0.2,114.362,2026_02_03,2026-04-18 17:22
PAHOL,-2.35,,2026_02_03,2026-04-18 17:22
PAMEL,0.29,62.419,2026_02_03,2026-04-18 17:22
PAPIL,-2.0,,2026_02_03,2026-04-18 17:22
PARSN,0.26,89.944,2026_02_03,2026-04-18 17:22
AVTUR,-0.08,-36.623,2026_02_03,2026-04-18 17:22
AYCES,1.88,35.642,2026_02_03,2026-04-18 17:22
PCILT,-0.82,-369.192,2026_02_03,2026-04-18 17:22
TEHOL,0.42,,2026_02_03,2026-04-18 17:22
PEKGY,1.42,,2026_02_03,2026-04-18 17:22
PENGD,3.48,,2026_02_03,2026-04-18 17:22
PENTA,-0.84,,2026_02_03,2026-04-18 17:22
AYDEM,1.6,,2026_02_03,2026-04-18 17:22
PETUN,1.68,,2026_02_03,2026-04-18 17:22
AYEN,-0.95,-528.155,2026_02_03,2026-04-18 17:22
PINSU,0.13,135.25,2026_02_03,2026-04-18 17:22
PKART,-1.18,-130.216,2026_02_03,2026-04-18 17:22
PKENT,0.08,18.102,2026_02_03,2026-04-18 17:22
PLTUR,0.62,308.809,2026_02_03,2026-04-18 17:22
PNLSN,0.94,326.476,2026_02_03,2026-04-18 17:22
PNSUT,-0.11,-146.581,2026_02_03,2026-04-18 17:22
POLHO,0.02,24.18,2026_02_03,2026-04-18 17:22
POLTK,-0.58,-6.489,2026_02_03,2026-04-18 17:22
PRDGS,0.59,654.261,2026_02_03,2026-04-18 17:22
PRKAB,-2.59,-911.259,2026_02_03,2026-04-18 17:22
PRKME,0.0,-1.886,2026_02_03,2026-04-18 17:22
PRZMA,0.36,221.746,2026_02_03,2026-04-18 17:22
PSDTC,0.2,12.863,2026_02_03,2026-04-18 17:22
PSGYO,0.67,,2026_02_03,2026-04-18 17:22
QNBFK,0.0,8.0,2026_02_03,2026-04-18 17:22
QNBTR,0.0,1.38,2026_02_03,2026-04-18 17:22
AYES,-0.02,-15.993,2026_02_03,2026-04-18 17:22
AYGAZ,-0.37,-364.71,2026_02_03,2026-04-18 17:22
RAYSG,-0.71,-369.032,2026_02_03,2026-04-18 17:22
AZTEK,-1.85,,2026_02_03,2026-04-18 17:22
RGYAS,0.13,136.198,2026_02_03,2026-04-18 17:22
RNPOL,0.03,4.093,2026_02_03,2026-04-18 17:22
RODRG,-0.09,-15.132,2026_02_03,2026-04-18 17:22
ROYAL,0.0,0.0,2026_02_03,2026-04-18 17:22
RTALB,2.81,,2026_02_03,2026-04-18 17:22
RUBNS,1.79,756.684,2026_02_03,2026-04-18 17:22
RYGYO,0.36,,2026_02_03,2026-04-18 17:22
RYSAS,0.19,,2026_02_03,2026-04-18 17:22
SAFKR,1.46,,2026_02_03,2026-04-18 17:22
BAGFS,0.15,146.737,2026_02_03,2026-04-18 17:22
SAMAT,0.18,188.436,2026_02_03,2026-04-18 17:22
SANEL,-0.01,-529.0,2026_02_03,2026-04-18 17:22
SANFM,-1.06,,2026_02_03,2026-04-18 17:22
SANKO,0.62,232.171,2026_02_03,2026-04-18 17:22
SARKY,0.13,,2026_02_03,2026-04-18 17:22
BAHKM,1.99,463.706,2026_02_03,2026-04-18 17:22
SAYAS,0.19,80.451,2026_02_03,2026-04-18 17:22
SDTTR,-2.69,-429.664,2026_02_03,2026-04-18 17:22
SEGMN,0.18,145.127,2026_02_03,2026-04-18 17:22
SEGYO,3.53,,2026_02_03,2026-04-18 17:22
SEKFK,0.04,26.041,2026_02_03,2026-04-18 17:22
SEKUR,0.54,704.679,2026_02_03,2026-04-18 17:22
SELEC,-0.26,-316.471,2026_02_03,2026-04-18 17:22
SELVA,0.75,,2026_02_03,2026-04-18 17:22
SERNT,-2.83,,2026_02_03,2026-04-18 17:22
SEYKM,0.45,670.144,2026_02_03,2026-04-18 17:22
SILVR,0.68,,2026_02_03,2026-04-18 17:22
BAKAB,0.62,215.889,2026_02_03,2026-04-18 17:22
BALAT,0.04,4.1,2026_02_03,2026-04-18 17:22
SKTAS,0.51,,2026_02_03,2026-04-18 17:22
SKYLP,-2.21,-158.204,2026_02_03,2026-04-18 17:22
SKYMD,0.19,101.364,2026_02_03,2026-04-18 17:22
SMART,0.12,35.751,2026_02_03,2026-04-18 17:22
SMRTG,-0.04,-290.892,2026_02_03,2026-04-18 17:22
SMRVA,-0.68,-192.585,2026_02_03,2026-04-18 17:22
SNGYO,0.15,,2026_02_03,2026-04-18 17:22
SNICA,1.51,,2026_02_03,2026-04-18 17:22
SNPAM,0.0,-79.0,2026_02_03,2026-04-18 17:22
SODSN,0.0,1.0,2026_02_03,2026-04-18 17:22
SOKE,1.57,,2026_02_03,2026-04-18 17:22
AGYO,-0.03,-37.983,2026_02_03,2026-04-18 17:22
SONME,-0.18,-7.639,2026_02_03,2026-04-18 17:22
SRVGY,-0.89,,2026_02_03,2026-04-18 17:22
SUMAS,0.0,0.0,2026_02_03,2026-04-18 17:22
SUNTK,0.11,168.192,2026_02_03,2026-04-18 17:22
SURGY,-0.75,-340.098,2026_02_03,2026-04-18 17:22
SUWEN,-0.15,-541.896,2026_02_03,2026-04-18 17:22
BANVT,0.04,14.352,2026_02_03,2026-04-18 17:22
TARKM,0.56,28.102,2026_02_03,2026-04-18 17:22
TATEN,0.09,314.313,2026_02_03,2026-04-18 17:22
TATGD,0.98,,2026_02_03,2026-04-18 17:22
BARMA,-0.87,-586.747,2026_02_03,2026-04-18 17:22
TBORG,0.14,79.191,2026_02_03,2026-04-18 17:22
BASCM,0.06,30.0,2026_02_03,2026-04-18 17:22
TCKRC,-0.55,-383.706,2026_02_03,2026-04-18 17:22
TDGYO,0.3,181.32,2026_02_03,2026-04-18 17:22
TEKTU,-3.0,,2026_02_03,2026-04-18 17:22
TERA,1.04,,2026_02_03,2026-04-18 17:22
TEZOL,2.44,,2026_02_03,2026-04-18 17:22
TGSAS,0.12,14.795,2026_02_03,2026-04-18 17:22
BASGZ,0.18,308.083,2026_02_03,2026-04-18 17:22
BAYRK,-0.46,-870.895,2026_02_03,2026-04-18 17:22
TKNSA,1.01,,2026_02_03,2026-04-18 17:22
TLMAN,1.15,119.168,2026_02_03,2026-04-18 17:22
TMPOL,3.14,346.492,2026_02_03,2026-04-18 17:22
TMSN,-0.16,-70.746,2026_02_03,2026-04-18 17:22
TNZTP,0.1,92.946,2026_02_03,2026-04-18 17:22
BEGYO,0.02,73.376,2026_02_03,2026-04-18 17:22
TRCAS,0.11,243.272,2026_02_03,2026-04-18 17:22
TRGYO,0.1,236.8,2026_02_03,2026-04-18 17:22
TRILC,-2.36,,2026_02_03,2026-04-18 17:22
TSGYO,0.78,,2026_02_03,2026-04-18 17:22
BERA,-0.89,,2026_02_03,2026-04-18 17:22
BESLR,0.07,490.631,2026_02_03,2026-04-18 17:22
BESTE,6.38,,2026_02_03,2026-04-18 17:22
BEYAZ,1.33,562.859,2026_02_03,2026-04-18 17:22
TUCLK,0.01,23.522,2026_02_03,2026-04-18 17:22
BFREN,-0.46,-113.778,2026_02_03,2026-04-18 17:22
BIENY,-2.82,,2026_02_03,2026-04-18 17:22
BIGCH,0.68,,2026_02_03,2026-04-18 17:22
TURGG,-1.52,-486.338,2026_02_03,2026-04-18 17:22
BIGEN,0.52,593.902,2026_02_03,2026-04-18 17:22
UCAYM,-0.43,-255.524,2026_02_03,2026-04-18 17:22
UFUK,0.11,53.138,2026_02_03,2026-04-18 17:22
ULAS,0.94,238.764,2026_02_03,2026-04-18 17:22
BIGTK,0.03,6.007,2026_02_03,2026-04-18 17:22
ULUFA,2.9,,2026_02_03,2026-04-18 17:22
ULUSE,0.45,109.399,2026_02_03,2026-04-18 17:22
ULUUN,0.86,,2026_02_03,2026-04-18 17:22
UMPAS,0.0,0.0,2026_02_03,2026-04-18 17:22
UNLU,-1.49,,2026_02_03,2026-04-18 17:22
USAK,-4.9,,2026_02_03,2026-04-18 17:22
AHGAZ,0.33,,2026_02_03,2026-04-18 17:22
VAKFA,-0.32,-717.224,2026_02_03,2026-04-18 17:22
VAKFN,3.43,,2026_02_03,2026-04-18 17:22
VAKKO,0.48,145.879,2026_02_03,2026-04-18 17:22
VANGD,-0.84,-205.008,2026_02_03,2026-04-18 17:22
VBTYZ,2.26,,2026_02_03,2026-04-18 17:22
VERTU,2.13,467.935,2026_02_03,2026-04-18 17:22
VERUS,0.08,28.908,2026_02_03,2026-04-18 17:22
VESBE,-1.36,,2026_02_03,2026-04-18 17:22
BINBN,0.52,88.019,2026_02_03,2026-04-18 17:22
VKFYO,0.0,1.0,2026_02_03,2026-04-18 17:22
VKGYO,-0.64,,2026_02_03,2026-04-18 17:22
VKING,0.25,77.472,2026_02_03,2026-04-18 17:22
VRGYO,0.86,,2026_02_03,2026-04-18 17:22
VSNMD,1.85,444.027,2026_02_03,2026-04-18 17:22
YAPRK,-1.38,-58.138,2026_02_03,2026-04-18 17:22
YATAS,0.37,356.896,2026_02_03,2026-04-18 17:22
YAYLA,0.06,24.439,2026_02_03,2026-04-18 17:22
YBTAS,0.0,-357.0,2026_02_03,2026-04-18 17:22
BINHO,1.35,,2026_02_03,2026-04-18 17:22
YESIL,-0.48,,2026_02_03,2026-04-18 17:22
YGGYO,0.02,36.966,2026_02_03,2026-04-18 17:22
YGYO,0.0,0.0,2026_02_03,2026-04-18 17:22
YIGIT,0.04,25.437,2026_02_03,2026-04-18 17:22
BIOEN,-1.48,,2026_02_03,2026-04-18 17:22
YKSLN,0.55,,2026_02_03,2026-04-18 17:22
YONGA,0.0,0.0,2026_02_03,2026-04-18 17:22
YUNSA,-0.28,-578.432,2026_02_03,2026-04-18 17:22
YYAPI,0.21,,2026_02_03,2026-04-18 17:22
YYLGD,1.16,,2026_02_03,2026-04-18 17:22
ZEDUR,2.27,,2026_02_03,2026-04-18 17:22
ZERGY,6.84,,2026_02_03,2026-04-18 17:22
ZGYO,1.56,,2026_02_03,2026-04-18 17:22
BIZIM,1.36,374.133,2026_02_03,2026-04-18 17:22
ZRGYO,0.02,336.789,2026_02_03,2026-04-18 17:22
TUPRS,-0.32,,2026_02_04,2026-04-18 17:23
THYAO,-1.35,,2026_02_04,2026-04-18 17:23
SASA,-0.85,,2026_02_04,2026-04-18 17:23
ASELS,0.35,,2026_02_04,2026-04-18 17:23
ISCTR,2.05,,2026_02_04,2026-04-18 17:23
HEKTS,-1.42,,2026_02_04,2026-04-18 17:23
SISE,1.36,,2026_02_04,2026-04-18 17:23
PGSUS,11.06,,2026_02_04,2026-04-18 17:23
EREGL,0.8,,2026_02_04,2026-04-18 17:23
ALTNY,-0.21,-830.861,2026_02_04,2026-04-18 17:23
REEDR,-0.33,,2026_02_04,2026-04-18 17:23
KCHOL,-1.42,,2026_02_04,2026-04-18 17:23
KONTR,0.63,,2026_02_04,2026-04-18 17:23
FROTO,-0.2,,2026_02_04,2026-04-18 17:23
CWENE,0.32,,2026_02_04,2026-04-18 17:23
ASTOR,0.3,,2026_02_04,2026-04-18 17:23
PATEK,0.41,,2026_02_04,2026-04-18 17:23
TABGD,0.04,19.661,2026_02_04,2026-04-18 17:23
IZENR,-0.25,,2026_02_04,2026-04-18 17:23
CANTE,-0.07,,2026_02_04,2026-04-18 17:23
ZOREN,0.26,,2026_02_04,2026-04-18 17:23
ENERY,0.29,,2026_02_04,2026-04-18 17:23
DOAS,-0.75,-743.106,2026_02_04,2026-04-18 17:23
PETKM,1.6,,2026_02_04,2026-04-18 17:23
OBAMS,-0.94,,2026_02_04,2026-04-18 17:23
ENJSA,0.28,659.931,2026_02_04,2026-04-18 17:23
AKBNK,0.65,,2026_02_04,2026-04-18 17:23
SAHOL,0.1,,2026_02_04,2026-04-18 17:23
KCAER,-0.96,,2026_02_04,2026-04-18 17:23
TCELL,0.06,958.449,2026_02_04,2026-04-18 17:23
BIMAS,-0.19,-865.194,2026_02_04,2026-04-18 17:23
OYAKC,0.04,,2026_02_04,2026-04-18 17:23
EUPWR,0.13,252.764,2026_02_04,2026-04-18 17:23
MIATK,-0.42,,2026_02_04,2026-04-18 17:23
YKBNK,0.57,,2026_02_04,2026-04-18 17:23
TOASO,0.21,258.508,2026_02_04,2026-04-18 17:23
TTRAK,0.46,116.311,2026_02_04,2026-04-18 17:23
TUKAS,-0.54,,2026_02_04,2026-04-18 17:23
ENKAI,0.2,,2026_02_04,2026-04-18 17:23
GARAN,0.4,,2026_02_04,2026-04-18 17:23
KRDMD,-0.65,,2026_02_04,2026-04-18 17:23
MGROS,-0.11,-109.744,2026_02_04,2026-04-18 17:23
ISMEN,-0.17,-794.94,2026_02_04,2026-04-18 17:23
GSRAY,-0.48,,2026_02_04,2026-04-18 17:23
TRALT,0.69,,2026_02_04,2026-04-18 17:23
AKSA,-1.11,,2026_02_04,2026-04-18 17:23
AEFES,-0.12,,2026_02_04,2026-04-18 17:23
TSPOR,1.42,,2026_02_04,2026-04-18 17:23
YEOTK,-0.09,-148.951,2026_02_04,2026-04-18 17:23
ODAS,-2.04,,2026_02_04,2026-04-18 17:23
EKGYO,-1.77,,2026_02_04,2026-04-18 17:23
GESAN,-1.67,,2026_02_04,2026-04-18 17:23
ALARK,0.6,983.372,2026_02_04,2026-04-18 17:23
FENER,-1.82,,2026_02_04,2026-04-18 17:23
ARCLK,-0.35,-594.31,2026_02_04,2026-04-18 17:23
MAVI,-0.16,-880.4,2026_02_04,2026-04-18 17:23
CIMSA,-0.4,,2026_02_04,2026-04-18 17:23
TTKOM,0.0,29.129,2026_02_04,2026-04-18 17:23
TAVHL,0.3,646.618,2026_02_04,2026-04-18 17:23
ULKER,0.23,771.329,2026_02_04,2026-04-18 17:23
VESTL,-0.62,,2026_02_04,2026-04-18 17:23
SKBNK,0.23,,2026_02_04,2026-04-18 17:23
CCOLA,0.05,,2026_02_04,2026-04-18 17:23
AKSEN,0.09,525.922,2026_02_04,2026-04-18 17:23
QUAGR,-0.46,,2026_02_04,2026-04-18 17:23
TURSG,0.2,,2026_02_04,2026-04-18 17:23
GLRMK,-3.04,,2026_02_04,2026-04-18 17:23
DOHOL,0.28,,2026_02_04,2026-04-18 17:23
HALKB,-0.2,,2026_02_04,2026-04-18 17:23
SOKM,0.52,,2026_02_04,2026-04-18 17:23
BRSAN,0.27,96.739,2026_02_04,2026-04-18 17:23
TSKB,-1.56,,2026_02_04,2026-04-18 17:23
KTLEV,1.2,,2026_02_04,2026-04-18 17:23
GUBRF,1.14,973.594,2026_02_04,2026-04-18 17:23
TUREX,-1.26,,2026_02_04,2026-04-18 17:23
VAKBN,0.04,,2026_02_04,2026-04-18 17:23
PASEU,0.48,,2026_02_04,2026-04-18 17:23
OTKAR,-1.14,-378.365,2026_02_04,2026-04-18 17:23
EFOR,-0.36,,2026_02_04,2026-04-18 17:23
ECILC,-0.98,,2026_02_04,2026-04-18 17:23
TKFEN,-0.23,-540.712,2026_02_04,2026-04-18 17:23
AGHOL,0.22,,2026_02_04,2026-04-18 17:23
BALSU,-0.59,,2026_02_04,2026-04-18 17:23
ANSGR,0.05,775.757,2026_02_04,2026-04-18 17:23
BTCIM,0.94,,2026_02_04,2026-04-18 17:23
DAPGM,-0.32,,2026_02_04,2026-04-18 17:23
GRTHO,0.08,29.096,2026_02_04,2026-04-18 17:23
MAGEN,0.53,,2026_02_04,2026-04-18 17:23
EGEEN,-0.44,-5.029,2026_02_04,2026-04-18 17:23
GENIL,-0.07,-895.749,2026_02_04,2026-04-18 17:23
TRMET,0.42,725.954,2026_02_04,2026-04-18 17:23
BRYAT,-0.24,-24.51,2026_02_04,2026-04-18 17:23
BSOKE,0.47,,2026_02_04,2026-04-18 17:23
KUYAS,2.77,,2026_02_04,2026-04-18 17:23
MPARK,0.16,129.022,2026_02_04,2026-04-18 17:23
TRENJ,-0.87,-855.014,2026_02_04,2026-04-18 17:23
KLRHO,-0.08,-245.792,2026_02_04,2026-04-18 17:23
DSTKF,0.26,,2026_02_04,2026-04-18 17:23
GRSEL,-0.45,-132.53,2026_02_04,2026-04-18 17:23
RALYH,-0.8,,2026_02_04,2026-04-18 17:23
BJKAS,-0.56,,2026_02_04,2026-04-18 17:23
BLCYT,-0.59,-287.105,2026_02_04,2026-04-18 17:23
BLUME,0.45,779.01,2026_02_04,2026-04-18 17:23
BMSCH,0.11,74.318,2026_02_04,2026-04-18 17:23
BMSTL,-0.31,-232.026,2026_02_04,2026-04-18 17:23
BNTAS,-0.83,,2026_02_04,2026-04-18 17:23
BOBET,-0.2,-222.53,2026_02_04,2026-04-18 17:23
BORLS,-2.49,,2026_02_04,2026-04-18 17:23
BORSK,-1.18,,2026_02_04,2026-04-18 17:23
BOSSA,-0.5,,2026_02_04,2026-04-18 17:23
BRISA,-0.12,-37.252,2026_02_04,2026-04-18 17:23
BRKO,1.5,,2026_02_04,2026-04-18 17:23
BRKSN,-0.85,-530.18,2026_02_04,2026-04-18 17:23
BRKVY,0.45,60.065,2026_02_04,2026-04-18 17:23
BRLSM,-0.66,-710.394,2026_02_04,2026-04-18 17:23
BRMEN,0.0,9.0,2026_02_04,2026-04-18 17:23
AHSGY,-0.71,,2026_02_04,2026-04-18 17:23
ACSEL,0.74,63.918,2026_02_04,2026-04-18 17:23
AKCNS,-1.1,-430.515,2026_02_04,2026-04-18 17:23
AKENR,-0.37,,2026_02_04,2026-04-18 17:23
BUCIM,-0.21,,2026_02_04,2026-04-18 17:23
BULGS,-1.81,,2026_02_04,2026-04-18 17:23
BURCE,0.79,352.676,2026_02_04,2026-04-18 17:23
BURVA,0.31,14.596,2026_02_04,2026-04-18 17:23
BVSAN,-0.21,-28.843,2026_02_04,2026-04-18 17:23
BYDNR,-0.02,-5.564,2026_02_04,2026-04-18 17:23
AKFGY,0.08,,2026_02_04,2026-04-18 17:23
CASA,0.0,1.0,2026_02_04,2026-04-18 17:23
CATES,-1.17,-387.74,2026_02_04,2026-04-18 17:23
AKFIS,-19.81,,2026_02_04,2026-04-18 17:23
CELHA,-0.05,-84.834,2026_02_04,2026-04-18 17:23
CEMAS,-0.59,,2026_02_04,2026-04-18 17:23
CEMTS,-0.96,,2026_02_04,2026-04-18 17:23
CEMZY,-0.46,-570.348,2026_02_04,2026-04-18 17:23
CEOEM,-2.14,-476.781,2026_02_04,2026-04-18 17:23
CGCAM,-1.2,-506.161,2026_02_04,2026-04-18 17:23
AKFYE,-0.63,,2026_02_04,2026-04-18 17:23
CLEBI,-0.18,-9.922,2026_02_04,2026-04-18 17:23
CMBTN,-0.78,-7.886,2026_02_04,2026-04-18 17:23
CMENT,0.0,1.0,2026_02_04,2026-04-18 17:23
CONSE,-0.68,,2026_02_04,2026-04-18 17:23
COSMO,0.16,10.103,2026_02_04,2026-04-18 17:23
CRDFA,0.57,428.339,2026_02_04,2026-04-18 17:23
CRFSA,-0.88,-161.044,2026_02_04,2026-04-18 17:23
CUSAN,1.14,210.461,2026_02_04,2026-04-18 17:23
CVKMD,-7.95,,2026_02_04,2026-04-18 17:23
AKGRT,-0.38,,2026_02_04,2026-04-18 17:23
TRHOL,1.14,200.196,2026_02_04,2026-04-18 17:23
DAGI,0.31,542.866,2026_02_04,2026-04-18 17:23
AKHAN,3.22,,2026_02_04,2026-04-18 17:23
DARDL,-0.24,,2026_02_04,2026-04-18 17:23
DCTTR,-0.47,-737.402,2026_02_04,2026-04-18 17:23
DENGE,-0.29,,2026_02_04,2026-04-18 17:23
DERHL,-0.06,-114.818,2026_02_04,2026-04-18 17:23
DERIM,-0.07,-29.391,2026_02_04,2026-04-18 17:23
DESA,-0.25,-435.183,2026_02_04,2026-04-18 17:23
DESPC,-0.55,-87.072,2026_02_04,2026-04-18 17:23
DEVA,-0.05,-101.256,2026_02_04,2026-04-18 17:23
DGATE,-0.34,-50.786,2026_02_04,2026-04-18 17:23
DGGYO,-0.01,-13.524,2026_02_04,2026-04-18 17:23
DGNMO,-0.9,,2026_02_04,2026-04-18 17:23
DIRIT,0.0,0.0,2026_02_04,2026-04-18 17:23
DITAS,-1.82,,2026_02_04,2026-04-18 17:23
DMRGD,-1.22,,2026_02_04,2026-04-18 17:23
DMSAS,0.3,591.714,2026_02_04,2026-04-18 17:23
DNISI,-0.48,-281.729,2026_02_04,2026-04-18 17:23
AKMGY,-0.03,-5.875,2026_02_04,2026-04-18 17:23
DOCO,0.42,1.214,2026_02_04,2026-04-18 17:23
DOFER,-0.02,-4.451,2026_02_04,2026-04-18 17:23
DOFRB,-1.3,-581.958,2026_02_04,2026-04-18 17:23
DOGUB,1.5,297.96,2026_02_04,2026-04-18 17:23
ADEL,-0.56,-635.515,2026_02_04,2026-04-18 17:23
DOKTA,0.1,139.242,2026_02_04,2026-04-18 17:23
ADESE,0.63,,2026_02_04,2026-04-18 17:23
DUNYH,-0.23,-83.811,2026_02_04,2026-04-18 17:23
DURDO,-0.7,,2026_02_04,2026-04-18 17:23
DURKN,1.03,439.029,2026_02_04,2026-04-18 17:23
DYOBY,-0.05,-100.975,2026_02_04,2026-04-18 17:23
DZGYO,-0.24,-973.343,2026_02_04,2026-04-18 17:23
EBEBK,0.8,324.048,2026_02_04,2026-04-18 17:23
AKSGY,0.0,78.409,2026_02_04,2026-04-18 17:23
ECOGR,-1.11,,2026_02_04,2026-04-18 17:23
ECZYT,-0.34,-158.445,2026_02_04,2026-04-18 17:23
EDATA,2.56,,2026_02_04,2026-04-18 17:23
EDIP,-0.91,-331.189,2026_02_04,2026-04-18 17:23
AKSUE,1.95,,2026_02_04,2026-04-18 17:23
AKYHO,-0.28,-645.897,2026_02_04,2026-04-18 17:23
EGEGY,0.17,120.106,2026_02_04,2026-04-18 17:23
EGEPO,-0.02,-37.946,2026_02_04,2026-04-18 17:23
EGGUB,-0.76,-573.236,2026_02_04,2026-04-18 17:23
EGPRO,0.07,130.714,2026_02_04,2026-04-18 17:23
EGSER,0.41,,2026_02_04,2026-04-18 17:23
ADGYO,8.57,,2026_02_04,2026-04-18 17:23
EKIZ,0.0,0.0,2026_02_04,2026-04-18 17:23
EKOS,-0.57,,2026_02_04,2026-04-18 17:23
EKSUN,-1.23,,2026_02_04,2026-04-18 17:23
ELITE,-0.31,-140.515,2026_02_04,2026-04-18 17:23
EMKEL,0.19,287.244,2026_02_04,2026-04-18 17:23
EMNIS,0.0,1.0,2026_02_04,2026-04-18 17:23
EMPAE,40.16,,2026_02_04,2026-04-18 17:23
ENDAE,-1.46,,2026_02_04,2026-04-18 17:23
ALBRK,-0.22,,2026_02_04,2026-04-18 17:23
ALCAR,-2.22,-38.233,2026_02_04,2026-04-18 17:23
ALCTL,-0.54,-72.777,2026_02_04,2026-04-18 17:23
ENSRI,0.81,,2026_02_04,2026-04-18 17:23
ENTRA,0.11,409.346,2026_02_04,2026-04-18 17:23
EPLAS,-0.65,,2026_02_04,2026-04-18 17:23
ERBOS,0.02,4.062,2026_02_04,2026-04-18 17:23
ERCB,0.09,32.315,2026_02_04,2026-04-18 17:23
ALFAS,-0.34,-290.247,2026_02_04,2026-04-18 17:23
ERSU,1.37,432.622,2026_02_04,2026-04-18 17:23
ESCAR,0.41,418.034,2026_02_04,2026-04-18 17:23
ESCOM,-4.84,,2026_02_04,2026-04-18 17:23
ESEN,-2.26,,2026_02_04,2026-04-18 17:23
ETILR,-0.9,,2026_02_04,2026-04-18 17:23
ETYAT,0.02,3.608,2026_02_04,2026-04-18 17:23
EUHOL,0.06,82.423,2026_02_04,2026-04-18 17:23
EUKYO,0.01,2.171,2026_02_04,2026-04-18 17:23
ALGYO,-0.06,-620.236,2026_02_04,2026-04-18 17:23
EUREN,-3.02,,2026_02_04,2026-04-18 17:23
EUYO,-0.21,-41.722,2026_02_04,2026-04-18 17:23
EYGYO,-1.42,,2026_02_04,2026-04-18 17:23
FADE,0.51,217.087,2026_02_04,2026-04-18 17:23
ALKA,-0.02,-60.269,2026_02_04,2026-04-18 17:23
FLAP,0.26,245.7,2026_02_04,2026-04-18 17:23
FMIZP,-2.23,-78.088,2026_02_04,2026-04-18 17:23
FONET,-5.13,,2026_02_04,2026-04-18 17:23
FORMT,0.15,,2026_02_04,2026-04-18 17:23
FORTE,-0.89,-197.199,2026_02_04,2026-04-18 17:23
FRIGO,-1.62,,2026_02_04,2026-04-18 17:23
FRMPL,0.08,31.548,2026_02_04,2026-04-18 17:23
ALKIM,-0.01,-8.248,2026_02_04,2026-04-18 17:23
FZLGY,0.55,,2026_02_04,2026-04-18 17:23
ALKLC,2.74,,2026_02_04,2026-04-18 17:23
GARFA,-0.2,-276.341,2026_02_04,2026-04-18 17:23
GATEG,-0.14,-14.426,2026_02_04,2026-04-18 17:23
GEDIK,-0.02,-204.585,2026_02_04,2026-04-18 17:23
GEDZA,-2.16,-930.413,2026_02_04,2026-04-18 17:23
RUZYE,-0.49,,2026_02_04,2026-04-18 17:23
GENTS,0.46,,2026_02_04,2026-04-18 17:23
GEREL,-0.65,,2026_02_04,2026-04-18 17:23
A1CAP,-4.92,,2026_02_04,2026-04-18 17:23
GIPTA,-0.54,-280.443,2026_02_04,2026-04-18 17:23
GLBMD,0.0,738.0,2026_02_04,2026-04-18 17:23
GLCVY,-0.7,-185.651,2026_02_04,2026-04-18 17:23
ALVES,18.67,,2026_02_04,2026-04-18 17:23
GLRYH,-0.76,,2026_02_04,2026-04-18 17:23
GLYHO,0.25,,2026_02_04,2026-04-18 17:23
GMTAS,0.55,,2026_02_04,2026-04-18 17:23
GOKNR,-0.45,-796.886,2026_02_04,2026-04-18 17:23
GOLTS,-0.02,-2.238,2026_02_04,2026-04-18 17:23
GOODY,-0.1,-139.297,2026_02_04,2026-04-18 17:23
GOZDE,-0.27,,2026_02_04,2026-04-18 17:23
GRNYO,0.0,2.0,2026_02_04,2026-04-18 17:23
ANELE,0.08,125.233,2026_02_04,2026-04-18 17:23
ANGEN,-1.23,,2026_02_04,2026-04-18 17:23
GSDDE,-0.34,-367.343,2026_02_04,2026-04-18 17:23
GSDHO,-0.08,-805.514,2026_02_04,2026-04-18 17:23
ANHYT,0.04,38.341,2026_02_04,2026-04-18 17:23
AFYON,0.01,61.792,2026_02_04,2026-04-18 17:23
GUNDG,2.78,526.591,2026_02_04,2026-04-18 17:23
GWIND,-1.0,,2026_02_04,2026-04-18 17:23
GZNMI,-1.72,-704.878,2026_02_04,2026-04-18 17:23
ARASE,0.8,399.182,2026_02_04,2026-04-18 17:23
HATEK,-1.24,-780.142,2026_02_04,2026-04-18 17:23
HATSN,-1.29,-572.214,2026_02_04,2026-04-18 17:23
HDFGS,-1.67,,2026_02_04,2026-04-18 17:23
HEDEF,0.46,,2026_02_04,2026-04-18 17:23
AGESA,0.05,19.023,2026_02_04,2026-04-18 17:23
HKTM,-0.78,-564.016,2026_02_04,2026-04-18 17:23
HLGYO,-0.7,,2026_02_04,2026-04-18 17:23
HOROZ,-1.25,-308.152,2026_02_04,2026-04-18 17:23
HRKET,-0.56,-135.192,2026_02_04,2026-04-18 17:23
HTTBT,-0.22,-184.456,2026_02_04,2026-04-18 17:23
HUBVC,-0.15,-426.657,2026_02_04,2026-04-18 17:23
HUNER,-1.32,,2026_02_04,2026-04-18 17:23
HURGZ,0.71,,2026_02_04,2026-04-18 17:23
ICBCT,0.08,175.263,2026_02_04,2026-04-18 17:23
ICUGS,-7.43,,2026_02_04,2026-04-18 17:23
IDGYO,-0.58,-687.453,2026_02_04,2026-04-18 17:23
IEYHO,0.35,,2026_02_04,2026-04-18 17:23
IHAAS,-0.38,-210.224,2026_02_04,2026-04-18 17:23
IHEVA,0.08,221.298,2026_02_04,2026-04-18 17:23
IHGZT,1.95,,2026_02_04,2026-04-18 17:23
IHLAS,0.11,,2026_02_04,2026-04-18 17:23
IHLGM,0.75,,2026_02_04,2026-04-18 17:23
IHYAY,0.13,513.972,2026_02_04,2026-04-18 17:23
IMASM,-0.09,-512.102,2026_02_04,2026-04-18 17:23
INDES,-0.43,,2026_02_04,2026-04-18 17:23
INFO,-0.64,,2026_02_04,2026-04-18 17:23
INGRM,-0.01,-1.465,2026_02_04,2026-04-18 17:23
INTEK,0.0,1.0,2026_02_04,2026-04-18 17:23
INTEM,-0.45,-42.017,2026_02_04,2026-04-18 17:23
INVEO,0.04,391.859,2026_02_04,2026-04-18 17:23
INVES,-0.03,-10.26,2026_02_04,2026-04-18 17:23
ARDYZ,-0.16,-454.286,2026_02_04,2026-04-18 17:23
ISATR,0.0,0.0,2026_02_04,2026-04-18 17:23
ISBIR,0.0,0.0,2026_02_04,2026-04-18 17:23
ISBTR,0.01,1.0,2026_02_04,2026-04-18 17:23
ARENA,-0.11,-71.969,2026_02_04,2026-04-18 17:23
ISDMR,-0.27,-397.974,2026_02_04,2026-04-18 17:23
ISFIN,0.25,783.606,2026_02_04,2026-04-18 17:23
ISGSY,-1.05,-497.293,2026_02_04,2026-04-18 17:23
ISGYO,0.26,,2026_02_04,2026-04-18 17:23
ISKPL,-2.35,,2026_02_04,2026-04-18 17:23
ISKUR,0.0,0.0,2026_02_04,2026-04-18 17:23
ARFYE,-2.17,,2026_02_04,2026-04-18 17:23
ISSEN,-0.41,-435.237,2026_02_04,2026-04-18 17:23
ISYAT,0.12,182.307,2026_02_04,2026-04-18 17:23
ARMGD,-0.63,-344.405,2026_02_04,2026-04-18 17:23
IZFAS,0.58,900.76,2026_02_04,2026-04-18 17:23
IZINV,-0.35,-46.667,2026_02_04,2026-04-18 17:23
IZMDC,-0.25,,2026_02_04,2026-04-18 17:23
JANTS,-0.51,,2026_02_04,2026-04-18 17:23
KAPLM,1.35,61.769,2026_02_04,2026-04-18 17:23
KAREL,-0.99,,2026_02_04,2026-04-18 17:23
KARSN,-0.9,,2026_02_04,2026-04-18 17:23
KARTN,-0.21,-147.007,2026_02_04,2026-04-18 17:23
KATMR,-0.36,,2026_02_04,2026-04-18 17:23
KAYSE,-0.54,,2026_02_04,2026-04-18 17:23
KBORU,-2.41,,2026_02_04,2026-04-18 17:23
ARSAN,-0.81,,2026_02_04,2026-04-18 17:23
ARTMS,-1.31,-317.203,2026_02_04,2026-04-18 17:23
KENT,0.0,11.0,2026_02_04,2026-04-18 17:23
KERVN,0.0,-29.0,2026_02_04,2026-04-18 17:23
KFEIN,0.02,22.337,2026_02_04,2026-04-18 17:23
KGYO,9.93,,2026_02_04,2026-04-18 17:23
KIMMR,-0.22,-170.521,2026_02_04,2026-04-18 17:23
KLGYO,-0.46,,2026_02_04,2026-04-18 17:23
KLKIM,0.39,539.982,2026_02_04,2026-04-18 17:23
KLMSN,-2.29,-707.032,2026_02_04,2026-04-18 17:23
KLNMA,-0.01,-3.968,2026_02_04,2026-04-18 17:23
ARZUM,-4.77,,2026_02_04,2026-04-18 17:23
KLSER,-0.29,-311.008,2026_02_04,2026-04-18 17:23
KLSYN,-0.6,-646.636,2026_02_04,2026-04-18 17:23
KLYPV,0.33,152.422,2026_02_04,2026-04-18 17:23
KMPUR,-1.2,,2026_02_04,2026-04-18 17:23
KNFRT,0.01,5.018,2026_02_04,2026-04-18 17:23
KOCMT,-0.34,,2026_02_04,2026-04-18 17:23
KONKA,-0.2,-178.499,2026_02_04,2026-04-18 17:23
A1YEN,-1.62,-670.907,2026_02_04,2026-04-18 17:23
KONYA,-0.25,-4.211,2026_02_04,2026-04-18 17:23
KOPOL,-0.38,-994.396,2026_02_04,2026-04-18 17:23
KORDS,-0.66,-430.816,2026_02_04,2026-04-18 17:23
KOTON,-1.2,,2026_02_04,2026-04-18 17:23
ASGYO,0.11,192.597,2026_02_04,2026-04-18 17:23
AGROT,0.03,283.722,2026_02_04,2026-04-18 17:23
KRDMA,0.88,,2026_02_04,2026-04-18 17:23
KRDMB,-0.69,-815.779,2026_02_04,2026-04-18 17:23
ASUZU,0.51,209.974,2026_02_04,2026-04-18 17:23
KRGYO,-1.18,,2026_02_04,2026-04-18 17:23
KRONT,-0.24,-278.631,2026_02_04,2026-04-18 17:23
KRPLS,-0.39,-303.102,2026_02_04,2026-04-18 17:23
KRSTL,-0.28,-501.273,2026_02_04,2026-04-18 17:23
KRTEK,-1.34,-252.41,2026_02_04,2026-04-18 17:23
KRVGD,1.26,,2026_02_04,2026-04-18 17:23
KSTUR,0.0,-12.0,2026_02_04,2026-04-18 17:23
ATAGY,0.83,378.969,2026_02_04,2026-04-18 17:23
KTSKR,0.25,37.0,2026_02_04,2026-04-18 17:23
KUTPO,-0.9,-94.739,2026_02_04,2026-04-18 17:23
KUVVA,0.0,0.0,2026_02_04,2026-04-18 17:23
ATAKP,0.02,4.543,2026_02_04,2026-04-18 17:23
KZBGY,0.11,,2026_02_04,2026-04-18 17:23
KZGYO,-6.07,,2026_02_04,2026-04-18 17:23
LIDER,0.07,192.837,2026_02_04,2026-04-18 17:23
LIDFA,0.03,126.816,2026_02_04,2026-04-18 17:23
LILAK,0.22,574.657,2026_02_04,2026-04-18 17:23
LINK,-0.28,-51.736,2026_02_04,2026-04-18 17:23
LKMNH,-0.54,-868.951,2026_02_04,2026-04-18 17:23
LMKDC,-0.53,-833.903,2026_02_04,2026-04-18 17:23
LOGO,-2.68,,2026_02_04,2026-04-18 17:23
LRSHO,0.21,,2026_02_04,2026-04-18 17:23
LUKSK,-0.35,-94.286,2026_02_04,2026-04-18 17:23
LYDHO,0.19,365.669,2026_02_04,2026-04-18 17:23
LYDYE,0.01,33.0,2026_02_04,2026-04-18 17:23
MAALT,-0.08,-3.561,2026_02_04,2026-04-18 17:23
MACKO,1.78,755.063,2026_02_04,2026-04-18 17:23
ATATP,-2.85,-535.393,2026_02_04,2026-04-18 17:23
MAKIM,-0.19,-78.381,2026_02_04,2026-04-18 17:23
MAKTK,-0.04,-74.442,2026_02_04,2026-04-18 17:23
MANAS,-0.98,,2026_02_04,2026-04-18 17:23
MARBL,-0.62,-404.162,2026_02_04,2026-04-18 17:23
MARKA,-0.53,-109.799,2026_02_04,2026-04-18 17:23
MARMR,0.15,,2026_02_04,2026-04-18 17:23
MARTI,-0.82,917.652,2026_02_04,2026-04-18 17:23
ATATR,-47.5,,2026_02_04,2026-04-18 17:23
MEDTR,0.01,3.578,2026_02_04,2026-04-18 17:23
MEGAP,0.0,6.0,2026_02_04,2026-04-18 17:23
MEGMT,-2.41,,2026_02_04,2026-04-18 17:23
MEKAG,-1.19,,2026_02_04,2026-04-18 17:23
MEPET,0.68,505.699,2026_02_04,2026-04-18 17:23
MERCN,-1.48,,2026_02_04,2026-04-18 17:23
MERIT,-1.03,,2026_02_04,2026-04-18 17:23
MERKO,-0.92,-931.541,2026_02_04,2026-04-18 17:23
METRO,0.0,-11.618,2026_02_04,2026-04-18 17:23
MEYSU,-2.74,,2026_02_04,2026-04-18 17:23
ATEKS,0.0,0.0,2026_02_04,2026-04-18 17:23
MHRGY,-2.03,,2026_02_04,2026-04-18 17:23
ATLAS,0.0,0.0,2026_02_04,2026-04-18 17:23
MMCAS,0.0,-1.0,2026_02_04,2026-04-18 17:23
MNDRS,0.06,140.465,2026_02_04,2026-04-18 17:23
MNDTR,-0.38,,2026_02_04,2026-04-18 17:23
MOBTL,1.53,,2026_02_04,2026-04-18 17:23
MOGAN,-4.71,,2026_02_04,2026-04-18 17:23
MOPAS,1.31,755.123,2026_02_04,2026-04-18 17:23
ATSYH,0.0,0.0,2026_02_04,2026-04-18 17:23
MRGYO,-4.48,,2026_02_04,2026-04-18 17:23
MRSHL,0.01,299.0,2026_02_04,2026-04-18 17:23
MSGYO,-0.43,-728.651,2026_02_04,2026-04-18 17:23
MTRKS,-0.63,-274.976,2026_02_04,2026-04-18 17:23
MTRYO,0.0,0.0,2026_02_04,2026-04-18 17:23
MZHLD,-0.02,-18.131,2026_02_04,2026-04-18 17:23
NATEN,0.1,303.619,2026_02_04,2026-04-18 17:23
NETAS,-0.25,-80.26,2026_02_04,2026-04-18 17:23
NETCD,-0.7,-281.702,2026_02_04,2026-04-18 17:23
NIBAS,-1.0,,2026_02_04,2026-04-18 17:23
NTGAZ,-1.11,,2026_02_04,2026-04-18 17:23
NTHOL,0.07,352.184,2026_02_04,2026-04-18 17:23
NUGYO,-0.13,-425.566,2026_02_04,2026-04-18 17:23
NUHCM,-0.1,-35.359,2026_02_04,2026-04-18 17:23
AVGYO,-0.1,-113.366,2026_02_04,2026-04-18 17:23
OBASE,-7.57,,2026_02_04,2026-04-18 17:23
AVHOL,-1.04,-268.751,2026_02_04,2026-04-18 17:23
ODINE,1.0,526.526,2026_02_04,2026-04-18 17:23
OFSYM,1.35,307.438,2026_02_04,2026-04-18 17:23
ONCSM,4.56,459.522,2026_02_04,2026-04-18 17:23
ONRYT,0.08,14.453,2026_02_04,2026-04-18 17:23
ORCAY,-0.72,,2026_02_04,2026-04-18 17:23
ORGE,-0.71,-296.685,2026_02_04,2026-04-18 17:23
ORMA,0.0,0.0,2026_02_04,2026-04-18 17:23
OSMEN,-0.54,-854.786,2026_02_04,2026-04-18 17:23
OSTIM,-0.61,,2026_02_04,2026-04-18 17:23
AVOD,0.29,731.606,2026_02_04,2026-04-18 17:23
OTTO,-3.52,-205.102,2026_02_04,2026-04-18 17:23
AVPGY,-0.39,-384.88,2026_02_04,2026-04-18 17:23
OYAYO,-0.43,-86.136,2026_02_04,2026-04-18 17:23
OYLUM,-0.68,-553.158,2026_02_04,2026-04-18 17:23
OYYAT,-0.61,-557.862,2026_02_04,2026-04-18 17:23
OZATD,-1.35,-179.849,2026_02_04,2026-04-18 17:23
OZGYO,0.08,371.164,2026_02_04,2026-04-18 17:23
OZKGY,-0.78,,2026_02_04,2026-04-18 17:23
OZRDN,-0.66,-376.674,2026_02_04,2026-04-18 17:23
OZSUB,-1.44,-611.851,2026_02_04,2026-04-18 17:23
OZYSR,0.87,352.353,2026_02_04,2026-04-18 17:23
PAGYO,-0.03,-17.407,2026_02_04,2026-04-18 17:23
PAHOL,0.39,,2026_02_04,2026-04-18 17:23
PAMEL,-0.29,-61.824,2026_02_04,2026-04-18 17:23
PAPIL,0.02,45.28,2026_02_04,2026-04-18 17:23
PARSN,-0.23,-80.366,2026_02_04,2026-04-18 17:23
AVTUR,-0.34,-142.949,2026_02_04,2026-04-18 17:23
AYCES,-0.62,-11.897,2026_02_04,2026-04-18 17:23
PCILT,-0.33,-148.119,2026_02_04,2026-04-18 17:23
TEHOL,-2.71,,2026_02_04,2026-04-18 17:23
PEKGY,0.68,,2026_02_04,2026-04-18 17:23
PENGD,-1.09,,2026_02_04,2026-04-18 17:23
PENTA,-2.05,,2026_02_04,2026-04-18 17:23
AYDEM,-1.09,,2026_02_04,2026-04-18 17:23
PETUN,1.1,,2026_02_04,2026-04-18 17:23
AYEN,-0.24,-131.791,2026_02_04,2026-04-18 17:23
PINSU,-0.05,-50.217,2026_02_04,2026-04-18 17:23
PKART,0.87,95.719,2026_02_04,2026-04-18 17:23
PKENT,-0.06,-15.076,2026_02_04,2026-04-18 17:23
PLTUR,-0.43,-217.191,2026_02_04,2026-04-18 17:23
PNLSN,-3.11,,2026_02_04,2026-04-18 17:23
PNSUT,-0.14,-181.306,2026_02_04,2026-04-18 17:23
POLHO,0.29,482.99,2026_02_04,2026-04-18 17:23
POLTK,-0.61,-6.918,2026_02_04,2026-04-18 17:23
PRDGS,-2.08,,2026_02_04,2026-04-18 17:23
PRKAB,-0.79,-278.34,2026_02_04,2026-04-18 17:23
PRKME,-1.44,-763.343,2026_02_04,2026-04-18 17:23
PRZMA,0.49,307.443,2026_02_04,2026-04-18 17:23
PSDTC,-0.31,-20.386,2026_02_04,2026-04-18 17:23
PSGYO,0.34,,2026_02_04,2026-04-18 17:23
QNBFK,0.0,2.0,2026_02_04,2026-04-18 17:23
QNBTR,0.0,28.0,2026_02_04,2026-04-18 17:23
AYES,-0.13,-14.989,2026_02_04,2026-04-18 17:23
AYGAZ,-0.3,-299.637,2026_02_04,2026-04-18 17:23
RAYSG,-0.19,-94.772,2026_02_04,2026-04-18 17:23
AZTEK,-1.91,,2026_02_04,2026-04-18 17:23
RGYAS,-1.5,,2026_02_04,2026-04-18 17:23
RNPOL,-0.68,,2026_02_04,2026-04-18 17:23
RODRG,-1.04,-175.363,2026_02_04,2026-04-18 17:23
ROYAL,0.0,0.0,2026_02_04,2026-04-18 17:23
RTALB,-2.9,,2026_02_04,2026-04-18 17:23
RUBNS,-3.25,,2026_02_04,2026-04-18 17:23
RYGYO,0.21,,2026_02_04,2026-04-18 17:23
RYSAS,0.23,,2026_02_04,2026-04-18 17:23
SAFKR,-1.51,,2026_02_04,2026-04-18 17:23
BAGFS,1.08,,2026_02_04,2026-04-18 17:23
SAMAT,-0.02,-24.777,2026_02_04,2026-04-18 17:23
SANEL,0.0,0.0,2026_02_04,2026-04-18 17:23
SANFM,1.74,,2026_02_04,2026-04-18 17:23
SANKO,-0.06,-21.13,2026_02_04,2026-04-18 17:23
SARKY,0.29,,2026_02_04,2026-04-18 17:23
BAHKM,-0.31,-72.214,2026_02_04,2026-04-18 17:23
SAYAS,-0.93,-397.504,2026_02_04,2026-04-18 17:23
SDTTR,-1.22,-195.207,2026_02_04,2026-04-18 17:23
SEGMN,2.43,,2026_02_04,2026-04-18 17:23
SEGYO,0.83,,2026_02_04,2026-04-18 17:23
SEKFK,0.1,61.735,2026_02_04,2026-04-18 17:23
SEKUR,-2.04,,2026_02_04,2026-04-18 17:23
SELEC,0.14,172.212,2026_02_04,2026-04-18 17:23
SELVA,0.36,,2026_02_04,2026-04-18 17:23
SERNT,-0.84,-947.602,2026_02_04,2026-04-18 17:23
SEYKM,-0.66,-996.065,2026_02_04,2026-04-18 17:23
SILVR,-0.15,-323.113,2026_02_04,2026-04-18 17:23
BAKAB,-0.76,-267.05,2026_02_04,2026-04-18 17:23
BALAT,0.0,0.0,2026_02_04,2026-04-18 17:23
SKTAS,-0.64,,2026_02_04,2026-04-18 17:23
SKYLP,-0.64,-45.383,2026_02_04,2026-04-18 17:23
SKYMD,-3.03,,2026_02_04,2026-04-18 17:23
SMART,1.78,530.581,2026_02_04,2026-04-18 17:23
SMRTG,-0.28,,2026_02_04,2026-04-18 17:23
SMRVA,0.15,43.934,2026_02_04,2026-04-18 17:23
SNGYO,0.03,945.879,2026_02_04,2026-04-18 17:23
SNICA,-1.18,,2026_02_04,2026-04-18 17:23
SNPAM,0.0,2.0,2026_02_04,2026-04-18 17:23
SODSN,0.0,0.0,2026_02_04,2026-04-18 17:23
SOKE,-0.66,-842.3,2026_02_04,2026-04-18 17:23
AGYO,-0.05,-64.764,2026_02_04,2026-04-18 17:23
SONME,-0.16,-7.108,2026_02_04,2026-04-18 17:23
SRVGY,-0.62,,2026_02_04,2026-04-18 17:23
SUMAS,0.0,0.0,2026_02_04,2026-04-18 17:23
SUNTK,-0.41,-592.401,2026_02_04,2026-04-18 17:23
SURGY,0.03,12.996,2026_02_04,2026-04-18 17:23
SUWEN,-1.25,,2026_02_04,2026-04-18 17:23
BANVT,-0.2,-74.552,2026_02_04,2026-04-18 17:23
TARKM,-0.13,-6.79,2026_02_04,2026-04-18 17:23
TATEN,-0.4,,2026_02_04,2026-04-18 17:23
TATGD,2.15,,2026_02_04,2026-04-18 17:23
BARMA,-1.15,-781.855,2026_02_04,2026-04-18 17:23
TBORG,-0.04,-19.073,2026_02_04,2026-04-18 17:23
BASCM,0.06,29.009,2026_02_04,2026-04-18 17:23
TCKRC,-0.69,-485.995,2026_02_04,2026-04-18 17:23
TDGYO,-0.02,-12.506,2026_02_04,2026-04-18 17:23
TEKTU,0.8,,2026_02_04,2026-04-18 17:23
TERA,0.13,323.359,2026_02_04,2026-04-18 17:23
TEZOL,1.7,,2026_02_04,2026-04-18 17:23
TGSAS,-0.65,-80.322,2026_02_04,2026-04-18 17:23
BASGZ,0.04,78.59,2026_02_04,2026-04-18 17:23
BAYRK,-0.06,-127.137,2026_02_04,2026-04-18 17:23
TKNSA,-3.4,,2026_02_04,2026-04-18 17:23
TLMAN,-0.21,-21.892,2026_02_04,2026-04-18 17:23
TMPOL,1.97,217.425,2026_02_04,2026-04-18 17:23
TMSN,-0.34,-153.109,2026_02_04,2026-04-18 17:23
TNZTP,-0.76,-669.672,2026_02_04,2026-04-18 17:23
BEGYO,-0.17,-502.626,2026_02_04,2026-04-18 17:23
TRCAS,-0.57,,2026_02_04,2026-04-18 17:23
TRGYO,-0.08,-208.396,2026_02_04,2026-04-18 17:23
TRILC,-2.2,,2026_02_04,2026-04-18 17:23
TSGYO,-0.45,,2026_02_04,2026-04-18 17:23
BERA,-0.92,,2026_02_04,2026-04-18 17:23
BESLR,-0.17,,2026_02_04,2026-04-18 17:23
BESTE,-4.28,,2026_02_04,2026-04-18 17:23
BEYAZ,-0.68,-289.128,2026_02_04,2026-04-18 17:23
TUCLK,9.13,,2026_02_04,2026-04-18 17:23
BFREN,-0.37,-90.488,2026_02_04,2026-04-18 17:23
BIENY,-0.55,-463.178,2026_02_04,2026-04-18 17:23
BIGCH,-0.16,-604.183,2026_02_04,2026-04-18 17:23
TURGG,-0.56,-177.482,2026_02_04,2026-04-18 17:23
BIGEN,-0.66,-751.637,2026_02_04,2026-04-18 17:23
UCAYM,-2.17,,2026_02_04,2026-04-18 17:23
UFUK,0.05,24.133,2026_02_04,2026-04-18 17:23
ULAS,-0.06,-14.921,2026_02_04,2026-04-18 17:23
BIGTK,0.15,36.453,2026_02_04,2026-04-18 17:23
ULUFA,-0.36,,2026_02_04,2026-04-18 17:23
ULUSE,-0.14,-34.707,2026_02_04,2026-04-18 17:23
ULUUN,0.41,,2026_02_04,2026-04-18 17:23
UMPAS,0.0,0.0,2026_02_04,2026-04-18 17:23
UNLU,-0.52,-527.567,2026_02_04,2026-04-18 17:23
USAK,-0.29,,2026_02_04,2026-04-18 17:23
AHGAZ,-0.46,,2026_02_04,2026-04-18 17:23
VAKFA,0.65,,2026_02_04,2026-04-18 17:23
VAKFN,-0.83,,2026_02_04,2026-04-18 17:23
VAKKO,-0.63,-194.66,2026_02_04,2026-04-18 17:23
VANGD,0.49,118.425,2026_02_04,2026-04-18 17:23
VBTYZ,2.85,,2026_02_04,2026-04-18 17:23
VERTU,-0.58,-126.939,2026_02_04,2026-04-18 17:23
VERUS,0.01,1.787,2026_02_04,2026-04-18 17:23
VESBE,-0.84,,2026_02_04,2026-04-18 17:23
BINBN,1.45,245.948,2026_02_04,2026-04-18 17:23
VKFYO,0.77,203.951,2026_02_04,2026-04-18 17:23
VKGYO,-0.15,,2026_02_04,2026-04-18 17:23
VKING,0.06,18.585,2026_02_04,2026-04-18 17:23
VRGYO,-0.07,-407.477,2026_02_04,2026-04-18 17:23
VSNMD,-2.35,-564.137,2026_02_04,2026-04-18 17:23
YAPRK,-2.49,-104.683,2026_02_04,2026-04-18 17:23
YATAS,-0.06,-62.121,2026_02_04,2026-04-18 17:23
YAYLA,-0.24,-96.261,2026_02_04,2026-04-18 17:23
YBTAS,-0.02,-2.0,2026_02_04,2026-04-18 17:23
BINHO,-0.28,,2026_02_04,2026-04-18 17:23
YESIL,0.06,332.447,2026_02_04,2026-04-18 17:23
YGGYO,-0.03,-78.117,2026_02_04,2026-04-18 17:23
YGYO,0.0,0.0,2026_02_04,2026-04-18 17:23
YIGIT,-1.61,,2026_02_04,2026-04-18 17:23
BIOEN,-1.51,,2026_02_04,2026-04-18 17:23
YKSLN,-0.11,-212.912,2026_02_04,2026-04-18 17:23
YONGA,-0.01,0.0,2026_02_04,2026-04-18 17:23
YUNSA,0.03,75.73,2026_02_04,2026-04-18 17:23
YYAPI,-0.62,,2026_02_04,2026-04-18 17:23
YYLGD,-0.07,-274.198,2026_02_04,2026-04-18 17:23
ZEDUR,-1.43,,2026_02_04,2026-04-18 17:23
ZERGY,-5.88,,2026_02_04,2026-04-18 17:23
ZGYO,-0.09,-76.46,2026_02_04,2026-04-18 17:23
BIZIM,0.1,29.187,2026_02_04,2026-04-18 17:23
ZRGYO,-0.01,-162.374,2026_02_04,2026-04-18 17:23
TUPRS,1.08,,2026_03_01,2026-04-18 17:29
THYAO,-2.29,,2026_03_01,2026-04-18 17:29
SASA,-0.48,,2026_03_01,2026-04-18 17:29
ASELS,1.42,,2026_03_01,2026-04-18 17:29
ISCTR,-2.15,,2026_03_01,2026-04-18 17:29
HEKTS,-0.03,,2026_03_01,2026-04-18 17:29
SISE,-1.25,,2026_03_01,2026-04-18 17:29
PGSUS,-2.86,,2026_03_01,2026-04-18 17:29
EREGL,-0.58,,2026_03_01,2026-04-18 17:29
ALTNY,-0.16,-640.632,2026_03_01,2026-04-18 17:29
REEDR,-0.1,-597.7,2026_03_01,2026-04-18 17:29
KCHOL,-1.14,,2026_03_01,2026-04-18 17:29
KONTR,-0.11,,2026_03_01,2026-04-18 17:29
FROTO,-0.31,,2026_03_01,2026-04-18 17:29
CWENE,0.19,,2026_03_01,2026-04-18 17:29
ASTOR,-0.32,,2026_03_01,2026-04-18 17:29
PATEK,-0.51,,2026_03_01,2026-04-18 17:29
TABGD,-0.01,-2.428,2026_03_01,2026-04-18 17:29
IZENR,1.19,,2026_03_01,2026-04-18 17:29
CANTE,0.34,,2026_03_01,2026-04-18 17:29
ZOREN,-0.78,,2026_03_01,2026-04-18 17:29
ENERY,0.12,,2026_03_01,2026-04-18 17:29
DOAS,-0.97,-945.353,2026_03_01,2026-04-18 17:29
PETKM,1.89,,2026_03_01,2026-04-18 17:29
OBAMS,-0.22,,2026_03_01,2026-04-18 17:29
ENJSA,0.01,24.228,2026_03_01,2026-04-18 17:29
AKBNK,-0.95,,2026_03_01,2026-04-18 17:29
SAHOL,-2.0,,2026_03_01,2026-04-18 17:29
KCAER,0.2,961.271,2026_03_01,2026-04-18 17:29
TCELL,-0.24,,2026_03_01,2026-04-18 17:29
BIMAS,-0.34,,2026_03_01,2026-04-18 17:29
OYAKC,0.0,146.477,2026_03_01,2026-04-18 17:29
YKBNK,-2.62,,2026_03_01,2026-04-18 17:29
EUPWR,1.3,,2026_03_01,2026-04-18 17:29
MIATK,0.18,567.324,2026_03_01,2026-04-18 17:29
TOASO,-1.32,,2026_03_01,2026-04-18 17:29
TTRAK,-1.39,-348.088,2026_03_01,2026-04-18 17:29
GARAN,-0.82,,2026_03_01,2026-04-18 17:29
TUKAS,-0.93,,2026_03_01,2026-04-18 17:29
ENKAI,-0.45,,2026_03_01,2026-04-18 17:29
KRDMD,1.52,,2026_03_01,2026-04-18 17:29
MGROS,-1.08,,2026_03_01,2026-04-18 17:29
TRALT,-1.36,,2026_03_01,2026-04-18 17:29
ISMEN,-0.95,,2026_03_01,2026-04-18 17:29
GSRAY,0.34,,2026_03_01,2026-04-18 17:29
AKSA,-0.21,,2026_03_01,2026-04-18 17:29
TSPOR,-1.13,,2026_03_01,2026-04-18 17:29
AEFES,0.4,,2026_03_01,2026-04-18 17:29
YEOTK,-0.43,-680.623,2026_03_01,2026-04-18 17:29
ODAS,-0.16,,2026_03_01,2026-04-18 17:29
EKGYO,-1.49,,2026_03_01,2026-04-18 17:29
GESAN,-0.36,-510.419,2026_03_01,2026-04-18 17:29
ALARK,-0.29,-480.612,2026_03_01,2026-04-18 17:29
FENER,0.41,,2026_03_01,2026-04-18 17:29
ARCLK,-0.16,-277.046,2026_03_01,2026-04-18 17:29
MAVI,0.14,777.789,2026_03_01,2026-04-18 17:29
TTKOM,-1.76,,2026_03_01,2026-04-18 17:29
CIMSA,0.58,,2026_03_01,2026-04-18 17:29
TAVHL,0.01,8.914,2026_03_01,2026-04-18 17:29
ULKER,-0.34,,2026_03_01,2026-04-18 17:29
VESTL,-0.05,-129.292,2026_03_01,2026-04-18 17:29
SKBNK,-0.86,,2026_03_01,2026-04-18 17:29
CCOLA,0.15,,2026_03_01,2026-04-18 17:29
AKSEN,-0.49,,2026_03_01,2026-04-18 17:29
GLRMK,-3.03,,2026_03_01,2026-04-18 17:29
QUAGR,-0.92,,2026_03_01,2026-04-18 17:29
TURSG,0.27,,2026_03_01,2026-04-18 17:29
DOHOL,-0.38,,2026_03_01,2026-04-18 17:29
HALKB,-0.26,,2026_03_01,2026-04-18 17:29
SOKM,-0.04,-177.23,2026_03_01,2026-04-18 17:29
BRSAN,-2.72,-977.442,2026_03_01,2026-04-18 17:29
TSKB,0.59,,2026_03_01,2026-04-18 17:29
KTLEV,2.24,,2026_03_01,2026-04-18 17:29
GUBRF,0.38,319.348,2026_03_01,2026-04-18 17:29
TUREX,-1.22,,2026_03_01,2026-04-18 17:29
VAKBN,-0.05,,2026_03_01,2026-04-18 17:29
OTKAR,-3.0,,2026_03_01,2026-04-18 17:29
PASEU,0.2,425.716,2026_03_01,2026-04-18 17:29
EFOR,0.41,,2026_03_01,2026-04-18 17:29
TKFEN,-0.41,-931.63,2026_03_01,2026-04-18 17:29
ECILC,0.18,369.428,2026_03_01,2026-04-18 17:29
AGHOL,-0.07,-706.884,2026_03_01,2026-04-18 17:29
BALSU,0.02,60.57,2026_03_01,2026-04-18 17:29
ANSGR,0.2,,2026_03_01,2026-04-18 17:29
BTCIM,1.0,,2026_03_01,2026-04-18 17:29
DAPGM,-0.31,,2026_03_01,2026-04-18 17:29
GRTHO,0.35,127.813,2026_03_01,2026-04-18 17:29
MAGEN,0.02,187.777,2026_03_01,2026-04-18 17:29
EGEEN,-1.27,-14.384,2026_03_01,2026-04-18 17:29
TRMET,0.0,-1.672,2026_03_01,2026-04-18 17:29
GENIL,-2.73,,2026_03_01,2026-04-18 17:29
BRYAT,0.15,14.887,2026_03_01,2026-04-18 17:29
BSOKE,1.06,,2026_03_01,2026-04-18 17:29
KUYAS,0.73,,2026_03_01,2026-04-18 17:29
MPARK,-0.02,-16.069,2026_03_01,2026-04-18 17:29
KLRHO,-0.79,,2026_03_01,2026-04-18 17:29
TRENJ,0.44,428.711,2026_03_01,2026-04-18 17:29
DSTKF,0.03,22.904,2026_03_01,2026-04-18 17:29
GRSEL,-0.02,-4.167,2026_03_01,2026-04-18 17:29
RALYH,0.46,815.425,2026_03_01,2026-04-18 17:29
BJKAS,-0.01,-92.063,2026_03_01,2026-04-18 17:29
BLCYT,0.12,58.695,2026_03_01,2026-04-18 17:29
BLUME,0.55,964.246,2026_03_01,2026-04-18 17:29
BMSCH,1.75,,2026_03_01,2026-04-18 17:29
BMSTL,3.26,,2026_03_01,2026-04-18 17:29
BNTAS,-1.69,,2026_03_01,2026-04-18 17:29
BOBET,-0.09,-106.172,2026_03_01,2026-04-18 17:29
BORLS,2.33,,2026_03_01,2026-04-18 17:29
BORSK,-0.17,-467.245,2026_03_01,2026-04-18 17:29
BOSSA,-0.07,-333.559,2026_03_01,2026-04-18 17:29
BRISA,-0.56,-175.36,2026_03_01,2026-04-18 17:29
BRKO,0.0,1.0,2026_03_01,2026-04-18 17:29
BRKSN,0.63,393.744,2026_03_01,2026-04-18 17:29
BRKVY,-0.27,-36.542,2026_03_01,2026-04-18 17:29
BRLSM,0.32,345.472,2026_03_01,2026-04-18 17:29
BRMEN,0.0,237.0,2026_03_01,2026-04-18 17:29
AHSGY,-0.25,-463.471,2026_03_01,2026-04-18 17:29
ACSEL,-0.33,-28.538,2026_03_01,2026-04-18 17:29
AKCNS,0.49,190.688,2026_03_01,2026-04-18 17:29
AKENR,0.03,129.659,2026_03_01,2026-04-18 17:29
BUCIM,-0.27,,2026_03_01,2026-04-18 17:29
BULGS,2.95,,2026_03_01,2026-04-18 17:29
BURCE,-3.25,,2026_03_01,2026-04-18 17:29
BURVA,2.35,111.063,2026_03_01,2026-04-18 17:29
BVSAN,0.18,25.135,2026_03_01,2026-04-18 17:29
BYDNR,0.32,73.822,2026_03_01,2026-04-18 17:29
AKFGY,0.31,,2026_03_01,2026-04-18 17:29
CASA,0.0,1.0,2026_03_01,2026-04-18 17:29
CATES,-2.81,-929.414,2026_03_01,2026-04-18 17:29
AKFIS,-1.89,,2026_03_01,2026-04-18 17:29
CELHA,-0.06,-80.982,2026_03_01,2026-04-18 17:29
CEMAS,0.5,,2026_03_01,2026-04-18 17:29
CEMTS,-0.6,,2026_03_01,2026-04-18 17:29
CEMZY,-0.77,-945.261,2026_03_01,2026-04-18 17:29
CEOEM,0.05,11.954,2026_03_01,2026-04-18 17:29
CGCAM,-0.99,-413.926,2026_03_01,2026-04-18 17:29
AKFYE,0.71,,2026_03_01,2026-04-18 17:29
CLEBI,0.2,10.718,2026_03_01,2026-04-18 17:29
CMBTN,-0.17,-1.822,2026_03_01,2026-04-18 17:29
CMENT,0.0,0.0,2026_03_01,2026-04-18 17:29
CONSE,-1.3,,2026_03_01,2026-04-18 17:29
COSMO,0.17,11.342,2026_03_01,2026-04-18 17:29
CRDFA,0.13,101.476,2026_03_01,2026-04-18 17:29
CRFSA,-0.02,-2.63,2026_03_01,2026-04-18 17:29
CUSAN,-2.69,-497.202,2026_03_01,2026-04-18 17:29
CVKMD,0.86,,2026_03_01,2026-04-18 17:29
AKGRT,-0.48,,2026_03_01,2026-04-18 17:29
TRHOL,0.83,147.257,2026_03_01,2026-04-18 17:29
DAGI,1.25,,2026_03_01,2026-04-18 17:29
AKHAN,-0.24,-129.29,2026_03_01,2026-04-18 17:29
DARDL,-0.12,,2026_03_01,2026-04-18 17:29
DCTTR,1.94,,2026_03_01,2026-04-18 17:29
DENGE,0.15,814.48,2026_03_01,2026-04-18 17:29
DERHL,2.61,,2026_03_01,2026-04-18 17:29
DERIM,-0.09,-35.703,2026_03_01,2026-04-18 17:29
DESA,-0.04,-58.288,2026_03_01,2026-04-18 17:29
DESPC,-1.0,-160.821,2026_03_01,2026-04-18 17:29
DEVA,0.02,45.411,2026_03_01,2026-04-18 17:29
DGATE,-0.22,-33.089,2026_03_01,2026-04-18 17:29
DGGYO,-0.01,-24.954,2026_03_01,2026-04-18 17:29
DGNMO,-0.44,,2026_03_01,2026-04-18 17:29
DIRIT,0.0,0.0,2026_03_01,2026-04-18 17:29
DITAS,1.01,844.685,2026_03_01,2026-04-18 17:29
DMRGD,-1.32,,2026_03_01,2026-04-18 17:29
DMSAS,-0.28,-547.62,2026_03_01,2026-04-18 17:29
DNISI,-0.22,-134.411,2026_03_01,2026-04-18 17:29
AKMGY,-0.01,-2.832,2026_03_01,2026-04-18 17:29
DOCO,6.08,42.914,2026_03_01,2026-04-18 17:29
DOFER,-0.33,-66.284,2026_03_01,2026-04-18 17:29
DOFRB,1.75,786.083,2026_03_01,2026-04-18 17:29
DOGUB,5.55,,2026_03_01,2026-04-18 17:29
ADEL,0.28,318.241,2026_03_01,2026-04-18 17:29
DOKTA,-0.18,-252.144,2026_03_01,2026-04-18 17:29
ADESE,0.48,,2026_03_01,2026-04-18 17:29
DUNYH,0.01,1.777,2026_03_01,2026-04-18 17:29
DURDO,0.16,591.606,2026_03_01,2026-04-18 17:29
DURKN,-2.88,,2026_03_01,2026-04-18 17:29
DYOBY,-0.08,-138.141,2026_03_01,2026-04-18 17:29
DZGYO,-0.54,,2026_03_01,2026-04-18 17:29
EBEBK,0.41,164.214,2026_03_01,2026-04-18 17:29
AKSGY,-0.02,-375.195,2026_03_01,2026-04-18 17:29
ECOGR,3.59,,2026_03_01,2026-04-18 17:29
ECZYT,-0.05,-22.445,2026_03_01,2026-04-18 17:29
EDATA,0.4,646.787,2026_03_01,2026-04-18 17:29
EDIP,-1.49,-546.034,2026_03_01,2026-04-18 17:29
AKSUE,-0.93,-523.524,2026_03_01,2026-04-18 17:29
AKYHO,0.13,300.688,2026_03_01,2026-04-18 17:29
EGEGY,-2.19,,2026_03_01,2026-04-18 17:29
EGEPO,0.24,479.004,2026_03_01,2026-04-18 17:29
EGGUB,-0.13,-99.273,2026_03_01,2026-04-18 17:29
EGPRO,0.15,264.35,2026_03_01,2026-04-18 17:29
EGSER,-0.4,,2026_03_01,2026-04-18 17:29
ADGYO,0.01,43.111,2026_03_01,2026-04-18 17:29
EKIZ,0.0,0.0,2026_03_01,2026-04-18 17:29
EKOS,0.1,311.416,2026_03_01,2026-04-18 17:29
EKSUN,-0.31,-534.688,2026_03_01,2026-04-18 17:29
ELITE,0.49,219.574,2026_03_01,2026-04-18 17:29
EMKEL,0.35,523.429,2026_03_01,2026-04-18 17:29
EMNIS,0.0,0.0,2026_03_01,2026-04-18 17:29
EMPAE,-29.77,,2026_03_01,2026-04-18 17:29
ENDAE,-0.05,-66.941,2026_03_01,2026-04-18 17:29
ALBRK,-1.26,,2026_03_01,2026-04-18 17:29
ALCAR,-0.85,-14.716,2026_03_01,2026-04-18 17:29
ALCTL,0.21,27.256,2026_03_01,2026-04-18 17:29
ENSRI,1.84,,2026_03_01,2026-04-18 17:29
ENTRA,-0.56,,2026_03_01,2026-04-18 17:29
EPLAS,-0.22,-414.777,2026_03_01,2026-04-18 17:29
ERBOS,-0.22,-36.091,2026_03_01,2026-04-18 17:29
ERCB,1.18,463.169,2026_03_01,2026-04-18 17:29
ALFAS,0.52,440.742,2026_03_01,2026-04-18 17:29
ERSU,0.83,265.324,2026_03_01,2026-04-18 17:29
ESCAR,3.59,,2026_03_01,2026-04-18 17:29
ESCOM,-4.3,,2026_03_01,2026-04-18 17:29
ESEN,2.0,,2026_03_01,2026-04-18 17:29
ETILR,0.55,858.725,2026_03_01,2026-04-18 17:29
ETYAT,-0.02,-2.855,2026_03_01,2026-04-18 17:29
EUHOL,0.2,287.941,2026_03_01,2026-04-18 17:29
EUKYO,-0.05,-10.172,2026_03_01,2026-04-18 17:29
ALGYO,0.01,115.737,2026_03_01,2026-04-18 17:29
EUREN,0.0,6.403,2026_03_01,2026-04-18 17:29
EUYO,0.08,17.223,2026_03_01,2026-04-18 17:29
EYGYO,-0.66,,2026_03_01,2026-04-18 17:29
FADE,0.09,39.381,2026_03_01,2026-04-18 17:29
ALKA,-0.11,-365.404,2026_03_01,2026-04-18 17:29
FLAP,0.0,3.321,2026_03_01,2026-04-18 17:29
FMIZP,-0.45,-15.678,2026_03_01,2026-04-18 17:29
FONET,0.71,,2026_03_01,2026-04-18 17:29
FORMT,0.86,,2026_03_01,2026-04-18 17:29
FORTE,1.06,445.997,2026_03_01,2026-04-18 17:29
FRIGO,-0.38,-995.515,2026_03_01,2026-04-18 17:29
FRMPL,0.22,88.674,2026_03_01,2026-04-18 17:29
ALKIM,0.06,104.857,2026_03_01,2026-04-18 17:29
FZLGY,0.21,843.268,2026_03_01,2026-04-18 17:29
ALKLC,0.12,51.589,2026_03_01,2026-04-18 17:29
GARFA,0.15,207.553,2026_03_01,2026-04-18 17:29
GATEG,-0.08,-8.826,2026_03_01,2026-04-18 17:29
GEDIK,0.23,,2026_03_01,2026-04-18 17:29
GEDZA,-0.02,-7.611,2026_03_01,2026-04-18 17:29
RUZYE,0.24,654.612,2026_03_01,2026-04-18 17:29
GENKM,0.01,14.164,2026_03_01,2026-04-18 17:29
GENTS,0.0,10.297,2026_03_01,2026-04-18 17:29
GEREL,-0.03,-62.168,2026_03_01,2026-04-18 17:29
A1CAP,0.0,-16.222,2026_03_01,2026-04-18 17:29
GIPTA,0.97,505.581,2026_03_01,2026-04-18 17:29
GLBMD,0.34,96.215,2026_03_01,2026-04-18 17:29
GLCVY,-2.99,-787.859,2026_03_01,2026-04-18 17:29
ALVES,0.81,,2026_03_01,2026-04-18 17:29
GLRYH,0.11,658.384,2026_03_01,2026-04-18 17:29
GLYHO,0.1,,2026_03_01,2026-04-18 17:29
GMTAS,0.25,756.422,2026_03_01,2026-04-18 17:29
GOKNR,-0.06,-110.438,2026_03_01,2026-04-18 17:29
GOLTS,-0.01,-1.106,2026_03_01,2026-04-18 17:29
GOODY,-0.4,-530.808,2026_03_01,2026-04-18 17:29
GOZDE,0.06,238.443,2026_03_01,2026-04-18 17:29
GRNYO,0.0,4.0,2026_03_01,2026-04-18 17:29
ANELE,0.29,441.8,2026_03_01,2026-04-18 17:29
ANGEN,0.23,197.033,2026_03_01,2026-04-18 17:29
GSDDE,-0.21,-222.163,2026_03_01,2026-04-18 17:29
GSDHO,-0.35,,2026_03_01,2026-04-18 17:29
ANHYT,0.56,488.807,2026_03_01,2026-04-18 17:29
AFYON,0.32,,2026_03_01,2026-04-18 17:29
GUNDG,2.44,463.191,2026_03_01,2026-04-18 17:29
GWIND,-0.04,-72.095,2026_03_01,2026-04-18 17:29
GZNMI,1.29,530.868,2026_03_01,2026-04-18 17:29
ARASE,0.72,361.99,2026_03_01,2026-04-18 17:29
HATEK,0.78,490.853,2026_03_01,2026-04-18 17:29
HATSN,0.49,220.197,2026_03_01,2026-04-18 17:29
HDFGS,1.74,,2026_03_01,2026-04-18 17:29
HEDEF,0.42,,2026_03_01,2026-04-18 17:29
AGESA,-0.17,-60.729,2026_03_01,2026-04-18 17:29
HKTM,0.2,143.399,2026_03_01,2026-04-18 17:29
HLGYO,-0.48,,2026_03_01,2026-04-18 17:29
HOROZ,1.57,385.878,2026_03_01,2026-04-18 17:29
HRKET,-0.4,-94.799,2026_03_01,2026-04-18 17:29
HTTBT,-1.06,-882.435,2026_03_01,2026-04-18 17:29
HUBVC,-0.15,-406.92,2026_03_01,2026-04-18 17:29
HUNER,-0.47,,2026_03_01,2026-04-18 17:29
HURGZ,0.62,,2026_03_01,2026-04-18 17:29
ICBCT,-0.17,-383.208,2026_03_01,2026-04-18 17:29
ICUGS,-0.06,-199.517,2026_03_01,2026-04-18 17:29
IDGYO,0.35,397.963,2026_03_01,2026-04-18 17:29
IEYHO,-0.19,,2026_03_01,2026-04-18 17:29
IHAAS,-0.53,-300.508,2026_03_01,2026-04-18 17:29
IHEVA,-0.03,-100.525,2026_03_01,2026-04-18 17:29
IHGZT,-0.3,,2026_03_01,2026-04-18 17:29
IHLAS,0.47,,2026_03_01,2026-04-18 17:29
IHLGM,0.36,,2026_03_01,2026-04-18 17:29
IHYAY,0.82,,2026_03_01,2026-04-18 17:29
IMASM,0.49,,2026_03_01,2026-04-18 17:29
INDES,-0.19,-881.729,2026_03_01,2026-04-18 17:29
INFO,0.69,,2026_03_01,2026-04-18 17:29
INGRM,0.02,2.963,2026_03_01,2026-04-18 17:29
INTEK,0.0,0.0,2026_03_01,2026-04-18 17:29
INTEM,-1.87,-176.482,2026_03_01,2026-04-18 17:29
INVEO,0.51,,2026_03_01,2026-04-18 17:29
INVES,-0.44,-163.736,2026_03_01,2026-04-18 17:29
ARDYZ,0.14,392.413,2026_03_01,2026-04-18 17:29
ISATR,0.0,0.0,2026_03_01,2026-04-18 17:29
ISBIR,0.0,0.0,2026_03_01,2026-04-18 17:29
ISBTR,0.0,0.0,2026_03_01,2026-04-18 17:29
ARENA,0.1,71.51,2026_03_01,2026-04-18 17:29
ISDMR,-1.68,,2026_03_01,2026-04-18 17:29
ISFIN,0.4,,2026_03_01,2026-04-18 17:29
ISGSY,0.24,114.199,2026_03_01,2026-04-18 17:29
ISGYO,0.42,,2026_03_01,2026-04-18 17:29
ISKPL,0.41,,2026_03_01,2026-04-18 17:29
ISKUR,0.0,0.0,2026_03_01,2026-04-18 17:29
ARFYE,1.19,562.545,2026_03_01,2026-04-18 17:29
ISSEN,-0.21,-230.409,2026_03_01,2026-04-18 17:29
ISYAT,-0.48,-731.075,2026_03_01,2026-04-18 17:29
ARMGD,-0.5,-276.651,2026_03_01,2026-04-18 17:29
IZFAS,0.34,535.448,2026_03_01,2026-04-18 17:29
IZINV,0.04,5.082,2026_03_01,2026-04-18 17:29
IZMDC,-0.07,-450.23,2026_03_01,2026-04-18 17:29
JANTS,0.14,279.336,2026_03_01,2026-04-18 17:29
KAPLM,-0.13,-6.021,2026_03_01,2026-04-18 17:29
KAREL,-0.54,,2026_03_01,2026-04-18 17:29
KARSN,0.57,,2026_03_01,2026-04-18 17:29
KARTN,-0.03,-22.987,2026_03_01,2026-04-18 17:29
KATMR,1.03,,2026_03_01,2026-04-18 17:29
KAYSE,1.24,,2026_03_01,2026-04-18 17:29
KBORU,0.62,896.602,2026_03_01,2026-04-18 17:29
ARSAN,0.18,,2026_03_01,2026-04-18 17:29
ARTMS,-0.26,-63.433,2026_03_01,2026-04-18 17:29
KENT,0.0,5.0,2026_03_01,2026-04-18 17:29
KERVN,0.0,101.0,2026_03_01,2026-04-18 17:29
KFEIN,-0.04,-55.172,2026_03_01,2026-04-18 17:29
KGYO,0.17,,2026_03_01,2026-04-18 17:29
KIMMR,-2.35,,2026_03_01,2026-04-18 17:29
KLGYO,-0.07,-482.046,2026_03_01,2026-04-18 17:29
KLKIM,0.63,861.803,2026_03_01,2026-04-18 17:29
KLMSN,0.24,73.619,2026_03_01,2026-04-18 17:29
KLNMA,-0.01,-8.946,2026_03_01,2026-04-18 17:29
ARZUM,-0.68,,2026_03_01,2026-04-18 17:29
KLSER,-0.02,-27.853,2026_03_01,2026-04-18 17:29
KLSYN,-0.18,-196.383,2026_03_01,2026-04-18 17:29
KLYPV,0.32,147.589,2026_03_01,2026-04-18 17:29
KMPUR,-0.63,-831.979,2026_03_01,2026-04-18 17:29
KNFRT,0.45,593.159,2026_03_01,2026-04-18 17:29
KOCMT,-0.46,,2026_03_01,2026-04-18 17:29
KONKA,-0.22,-203.16,2026_03_01,2026-04-18 17:29
A1YEN,0.26,109.629,2026_03_01,2026-04-18 17:29
KONYA,-0.16,-2.534,2026_03_01,2026-04-18 17:29
KOPOL,0.53,,2026_03_01,2026-04-18 17:29
KORDS,-0.41,-273.129,2026_03_01,2026-04-18 17:29
KOTON,-1.8,,2026_03_01,2026-04-18 17:29
ASGYO,-0.33,-556.401,2026_03_01,2026-04-18 17:29
AGROT,-0.05,-404.132,2026_03_01,2026-04-18 17:29
KRDMA,-0.02,-57.785,2026_03_01,2026-04-18 17:29
KRDMB,-1.8,,2026_03_01,2026-04-18 17:29
ASUZU,0.37,153.244,2026_03_01,2026-04-18 17:29
KRGYO,0.12,336.648,2026_03_01,2026-04-18 17:29
KRONT,0.24,285.214,2026_03_01,2026-04-18 17:29
KRPLS,-2.98,,2026_03_01,2026-04-18 17:29
KRSTL,-1.0,,2026_03_01,2026-04-18 17:29
KRTEK,-0.37,-69.815,2026_03_01,2026-04-18 17:29
KRVGD,0.34,,2026_03_01,2026-04-18 17:29
KSTUR,0.0,-17.0,2026_03_01,2026-04-18 17:29
ATAGY,0.87,395.037,2026_03_01,2026-04-18 17:29
KTSKR,-0.87,-127.368,2026_03_01,2026-04-18 17:29
KUTPO,1.3,136.738,2026_03_01,2026-04-18 17:29
KUVVA,0.0,0.0,2026_03_01,2026-04-18 17:29
ATAKP,0.74,209.71,2026_03_01,2026-04-18 17:29
KZBGY,-0.31,,2026_03_01,2026-04-18 17:29
KZGYO,-0.1,-45.393,2026_03_01,2026-04-18 17:29
LIDER,0.13,375.795,2026_03_01,2026-04-18 17:29
LIDFA,-0.19,-862.183,2026_03_01,2026-04-18 17:29
LILAK,0.5,,2026_03_01,2026-04-18 17:29
LINK,0.62,114.261,2026_03_01,2026-04-18 17:29
LKMNH,-0.13,-215.186,2026_03_01,2026-04-18 17:29
LMKDC,2.27,,2026_03_01,2026-04-18 17:29
LOGO,-0.6,-448.988,2026_03_01,2026-04-18 17:29
LRSHO,1.92,,2026_03_01,2026-04-18 17:29
LUKSK,0.15,41.059,2026_03_01,2026-04-18 17:29
LYDHO,0.26,520.628,2026_03_01,2026-04-18 17:29
LYDYE,0.37,5.206,2026_03_01,2026-04-18 17:29
MAALT,-0.02,-1.129,2026_03_01,2026-04-18 17:29
MACKO,3.22,,2026_03_01,2026-04-18 17:29
ATATP,-1.59,-299.607,2026_03_01,2026-04-18 17:29
MAKIM,-0.08,-36.675,2026_03_01,2026-04-18 17:29
MAKTK,0.2,366.559,2026_03_01,2026-04-18 17:29
MANAS,19.75,,2026_03_01,2026-04-18 17:29
MARBL,-0.65,-424.447,2026_03_01,2026-04-18 17:29
MARKA,0.93,196.805,2026_03_01,2026-04-18 17:29
MARMR,0.74,,2026_03_01,2026-04-18 17:29
MARTI,5.14,,2026_03_01,2026-04-18 17:29
ATATR,-1.68,,2026_03_01,2026-04-18 17:29
MEDTR,-0.67,-165.032,2026_03_01,2026-04-18 17:29
MEGAP,0.0,4.0,2026_03_01,2026-04-18 17:29
MEGMT,-3.21,,2026_03_01,2026-04-18 17:29
MEKAG,0.9,,2026_03_01,2026-04-18 17:29
MEPET,-0.13,-96.923,2026_03_01,2026-04-18 17:29
MERCN,0.4,296.958,2026_03_01,2026-04-18 17:29
MERIT,0.17,572.304,2026_03_01,2026-04-18 17:29
MERKO,0.03,25.436,2026_03_01,2026-04-18 17:29
METRO,0.75,,2026_03_01,2026-04-18 17:29
MEYSU,2.15,,2026_03_01,2026-04-18 17:29
ATEKS,0.0,205.0,2026_03_01,2026-04-18 17:29
MHRGY,-0.31,-979.19,2026_03_01,2026-04-18 17:29
ATLAS,0.0,0.0,2026_03_01,2026-04-18 17:29
MMCAS,0.0,0.0,2026_03_01,2026-04-18 17:29
MNDRS,-0.63,,2026_03_01,2026-04-18 17:29
MNDTR,0.02,122.123,2026_03_01,2026-04-18 17:29
MOBTL,-0.49,,2026_03_01,2026-04-18 17:29
MOGAN,1.74,,2026_03_01,2026-04-18 17:29
MOPAS,1.39,793.112,2026_03_01,2026-04-18 17:29
ATSYH,0.0,0.0,2026_03_01,2026-04-18 17:29
MRGYO,-8.14,,2026_03_01,2026-04-18 17:29
MRSHL,0.04,1.737,2026_03_01,2026-04-18 17:29
MSGYO,0.09,149.431,2026_03_01,2026-04-18 17:29
MTRKS,0.42,185.422,2026_03_01,2026-04-18 17:29
MTRYO,0.0,1.0,2026_03_01,2026-04-18 17:29
MZHLD,0.05,39.151,2026_03_01,2026-04-18 17:29
NATEN,0.1,330.329,2026_03_01,2026-04-18 17:29
NETAS,-0.13,-39.413,2026_03_01,2026-04-18 17:29
NETCD,3.54,,2026_03_01,2026-04-18 17:29
NIBAS,-0.87,,2026_03_01,2026-04-18 17:29
NTGAZ,-0.55,,2026_03_01,2026-04-18 17:29
NTHOL,-0.04,-175.4,2026_03_01,2026-04-18 17:29
NUGYO,0.1,330.888,2026_03_01,2026-04-18 17:29
NUHCM,0.01,4.175,2026_03_01,2026-04-18 17:29
AVGYO,-0.45,-505.786,2026_03_01,2026-04-18 17:29
OBASE,1.54,231.085,2026_03_01,2026-04-18 17:29
AVHOL,0.39,101.86,2026_03_01,2026-04-18 17:29
ODINE,0.5,263.541,2026_03_01,2026-04-18 17:29
OFSYM,0.33,74.284,2026_03_01,2026-04-18 17:29
ONCSM,-0.51,-51.148,2026_03_01,2026-04-18 17:29
ONRYT,-4.51,-890.08,2026_03_01,2026-04-18 17:29
ORCAY,-0.22,-328.842,2026_03_01,2026-04-18 17:29
ORGE,0.39,162.114,2026_03_01,2026-04-18 17:29
ORMA,0.0,0.0,2026_03_01,2026-04-18 17:29
OSMEN,0.42,667.686,2026_03_01,2026-04-18 17:29
OSTIM,0.34,,2026_03_01,2026-04-18 17:29
AVOD,-1.14,,2026_03_01,2026-04-18 17:29
OTTO,-0.72,-42.034,2026_03_01,2026-04-18 17:29
AVPGY,-0.23,-234.796,2026_03_01,2026-04-18 17:29
OYAYO,0.15,30.839,2026_03_01,2026-04-18 17:29
OYLUM,0.48,387.374,2026_03_01,2026-04-18 17:29
OYYAT,-0.18,-168.361,2026_03_01,2026-04-18 17:29
OZATD,1.7,227.434,2026_03_01,2026-04-18 17:29
OZGYO,0.16,794.788,2026_03_01,2026-04-18 17:29
OZKGY,-1.49,,2026_03_01,2026-04-18 17:29
OZRDN,-0.04,-22.774,2026_03_01,2026-04-18 17:29
OZSUB,-2.44,,2026_03_01,2026-04-18 17:29
OZYSR,-0.54,-217.445,2026_03_01,2026-04-18 17:29
PAGYO,-0.09,-49.998,2026_03_01,2026-04-18 17:29
PAHOL,-1.49,,2026_03_01,2026-04-18 17:29
PAMEL,-0.25,-54.759,2026_03_01,2026-04-18 17:29
PAPIL,-0.1,-216.911,2026_03_01,2026-04-18 17:29
PARSN,-0.1,-33.501,2026_03_01,2026-04-18 17:29
AVTUR,-1.23,-533.005,2026_03_01,2026-04-18 17:29
AYCES,2.04,38.783,2026_03_01,2026-04-18 17:29
PCILT,3.83,,2026_03_01,2026-04-18 17:29
TEHOL,-0.83,,2026_03_01,2026-04-18 17:29
PEKGY,-0.06,,2026_03_01,2026-04-18 17:29
PENGD,0.78,,2026_03_01,2026-04-18 17:29
PENTA,-0.14,-246.172,2026_03_01,2026-04-18 17:29
AYDEM,1.55,,2026_03_01,2026-04-18 17:29
PETUN,-0.7,-943.017,2026_03_01,2026-04-18 17:29
AYEN,-0.06,-32.736,2026_03_01,2026-04-18 17:29
PINSU,0.59,605.451,2026_03_01,2026-04-18 17:29
PKART,0.28,31.124,2026_03_01,2026-04-18 17:29
PKENT,-0.27,-62.85,2026_03_01,2026-04-18 17:29
PLTUR,-0.18,-88.645,2026_03_01,2026-04-18 17:29
PNLSN,-1.14,-396.021,2026_03_01,2026-04-18 17:29
PNSUT,-0.11,-133.536,2026_03_01,2026-04-18 17:29
POLHO,0.17,282.686,2026_03_01,2026-04-18 17:29
POLTK,-0.7,-7.82,2026_03_01,2026-04-18 17:29
PRDGS,0.33,370.581,2026_03_01,2026-04-18 17:29
PRKAB,0.02,3.975,2026_03_01,2026-04-18 17:29
PRKME,0.39,209.751,2026_03_01,2026-04-18 17:29
PRZMA,0.38,230.774,2026_03_01,2026-04-18 17:29
PSDTC,0.27,18.151,2026_03_01,2026-04-18 17:29
PSGYO,0.72,,2026_03_01,2026-04-18 17:29
QNBFK,0.0,2.0,2026_03_01,2026-04-18 17:29
QNBTR,0.0,21.0,2026_03_01,2026-04-18 17:29
AYES,0.44,385.219,2026_03_01,2026-04-18 17:29
AYGAZ,-0.84,-828.64,2026_03_01,2026-04-18 17:29
RAYSG,-0.08,-44.168,2026_03_01,2026-04-18 17:29
AZTEK,0.62,,2026_03_01,2026-04-18 17:29
RGYAS,-1.1,,2026_03_01,2026-04-18 17:29
RNPOL,-0.33,,2026_03_01,2026-04-18 17:29
RODRG,-0.3,-48.955,2026_03_01,2026-04-18 17:29
ROYAL,0.0,0.0,2026_03_01,2026-04-18 17:29
RTALB,2.2,,2026_03_01,2026-04-18 17:29
RUBNS,0.22,93.13,2026_03_01,2026-04-18 17:29
RYGYO,0.19,,2026_03_01,2026-04-18 17:29
RYSAS,-0.19,,2026_03_01,2026-04-18 17:29
SAFKR,0.11,150.129,2026_03_01,2026-04-18 17:29
BAGFS,2.88,,2026_03_01,2026-04-18 17:29
SAMAT,-0.19,-193.906,2026_03_01,2026-04-18 17:29
SANEL,0.0,1.0,2026_03_01,2026-04-18 17:29
SANFM,0.99,,2026_03_01,2026-04-18 17:29
SANKO,-0.18,-69.704,2026_03_01,2026-04-18 17:29
SARKY,0.13,,2026_03_01,2026-04-18 17:29
BAHKM,0.31,71.329,2026_03_01,2026-04-18 17:29
SAYAS,0.46,195.474,2026_03_01,2026-04-18 17:29
SDTTR,-1.01,-161.834,2026_03_01,2026-04-18 17:29
SEGMN,1.3,,2026_03_01,2026-04-18 17:29
SEGYO,-4.18,,2026_03_01,2026-04-18 17:29
SEKFK,0.18,111.789,2026_03_01,2026-04-18 17:29
SEKUR,0.55,724.734,2026_03_01,2026-04-18 17:29
SELEC,-0.04,-51.38,2026_03_01,2026-04-18 17:29
SELVA,-5.8,,2026_03_01,2026-04-18 17:29
SERNT,0.39,438.019,2026_03_01,2026-04-18 17:29
SEYKM,0.05,72.634,2026_03_01,2026-04-18 17:29
SILVR,0.28,588.398,2026_03_01,2026-04-18 17:29
BAKAB,-0.07,-22.829,2026_03_01,2026-04-18 17:29
BALAT,0.0,1.0,2026_03_01,2026-04-18 17:29
SKTAS,0.51,,2026_03_01,2026-04-18 17:29
SKYLP,0.65,46.116,2026_03_01,2026-04-18 17:29
SKYMD,0.15,82.164,2026_03_01,2026-04-18 17:29
SMART,-0.29,-88.784,2026_03_01,2026-04-18 17:29
SMRTG,0.13,901.874,2026_03_01,2026-04-18 17:29
SMRVA,2.49,695.897,2026_03_01,2026-04-18 17:29
SNGYO,-0.43,,2026_03_01,2026-04-18 17:29
SNICA,-0.3,-980.342,2026_03_01,2026-04-18 17:29
SNPAM,0.01,1.5,2026_03_01,2026-04-18 17:29
SODSN,0.0,0.0,2026_03_01,2026-04-18 17:29
SOKE,-0.1,-132.189,2026_03_01,2026-04-18 17:29
AGYO,-0.29,-369.341,2026_03_01,2026-04-18 17:29
SONME,-0.31,-13.514,2026_03_01,2026-04-18 17:29
SRVGY,0.73,,2026_03_01,2026-04-18 17:29
SUMAS,0.0,0.0,2026_03_01,2026-04-18 17:29
SUNTK,-0.02,-29.842,2026_03_01,2026-04-18 17:29
SURGY,0.17,79.981,2026_03_01,2026-04-18 17:29
SUWEN,-0.71,,2026_03_01,2026-04-18 17:29
SVGYO,50.69,,2026_03_01,2026-04-18 17:29
BANVT,0.29,105.184,2026_03_01,2026-04-18 17:29
TARKM,1.11,55.526,2026_03_01,2026-04-18 17:29
TATEN,1.44,,2026_03_01,2026-04-18 17:29
TATGD,-0.2,-245.801,2026_03_01,2026-04-18 17:29
BARMA,7.54,,2026_03_01,2026-04-18 17:29
TBORG,-0.08,-47.557,2026_03_01,2026-04-18 17:29
BASCM,0.07,33.001,2026_03_01,2026-04-18 17:29
TCKRC,-0.55,-383.493,2026_03_01,2026-04-18 17:29
TDGYO,1.56,998.387,2026_03_01,2026-04-18 17:29
TEKTU,3.11,,2026_03_01,2026-04-18 17:29
TERA,1.29,,2026_03_01,2026-04-18 17:29
TEZOL,1.17,,2026_03_01,2026-04-18 17:29
TGSAS,0.64,79.215,2026_03_01,2026-04-18 17:29
BASGZ,-0.15,-267.873,2026_03_01,2026-04-18 17:29
BAYRK,0.32,622.43,2026_03_01,2026-04-18 17:29
TKNSA,0.04,42.177,2026_03_01,2026-04-18 17:29
TLMAN,-0.11,-11.367,2026_03_01,2026-04-18 17:29
TMPOL,0.71,78.856,2026_03_01,2026-04-18 17:29
TMSN,-0.01,-3.375,2026_03_01,2026-04-18 17:29
TNZTP,-0.77,-674.163,2026_03_01,2026-04-18 17:29
BEGYO,0.74,,2026_03_01,2026-04-18 17:29
TRCAS,-1.13,,2026_03_01,2026-04-18 17:29
TRGYO,-0.55,,2026_03_01,2026-04-18 17:29
TRILC,-1.11,,2026_03_01,2026-04-18 17:29
TSGYO,-0.61,,2026_03_01,2026-04-18 17:29
BERA,-0.1,-486.948,2026_03_01,2026-04-18 17:29
BESLR,0.09,584.419,2026_03_01,2026-04-18 17:29
BESTE,-1.45,-791.842,2026_03_01,2026-04-18 17:29
BEYAZ,-0.29,-122.027,2026_03_01,2026-04-18 17:29
TUCLK,-8.87,,2026_03_01,2026-04-18 17:29
BFREN,-0.16,-37.881,2026_03_01,2026-04-18 17:29
BIENY,0.19,160.206,2026_03_01,2026-04-18 17:29
BIGCH,-0.32,,2026_03_01,2026-04-18 17:29
TURGG,-0.16,-52.153,2026_03_01,2026-04-18 17:29
BIGEN,0.43,488.473,2026_03_01,2026-04-18 17:29
UCAYM,0.76,453.492,2026_03_01,2026-04-18 17:29
UFUK,0.01,2.935,2026_03_01,2026-04-18 17:29
ULAS,0.27,67.792,2026_03_01,2026-04-18 17:29
BIGTK,0.02,4.095,2026_03_01,2026-04-18 17:29
ULUFA,0.48,,2026_03_01,2026-04-18 17:29
ULUSE,-0.01,-1.485,2026_03_01,2026-04-18 17:29
ULUUN,0.13,371.71,2026_03_01,2026-04-18 17:29
UMPAS,0.0,0.0,2026_03_01,2026-04-18 17:29
UNLU,-0.09,-95.013,2026_03_01,2026-04-18 17:29
USAK,0.89,,2026_03_01,2026-04-18 17:29
AHGAZ,0.01,47.536,2026_03_01,2026-04-18 17:29
VAKFA,2.61,,2026_03_01,2026-04-18 17:29
VAKFN,-0.42,,2026_03_01,2026-04-18 17:29
VAKKO,-0.28,-85.925,2026_03_01,2026-04-18 17:29
VANGD,0.21,51.5,2026_03_01,2026-04-18 17:29
VBTYZ,0.55,308.809,2026_03_01,2026-04-18 17:29
VERTU,-0.58,-127.367,2026_03_01,2026-04-18 17:29
VERUS,0.08,29.175,2026_03_01,2026-04-18 17:29
VESBE,-0.09,-472.585,2026_03_01,2026-04-18 17:29
BINBN,1.79,305.428,2026_03_01,2026-04-18 17:29
VKFYO,1.86,492.45,2026_03_01,2026-04-18 17:29
VKGYO,-0.27,,2026_03_01,2026-04-18 17:29
VKING,-0.51,-155.588,2026_03_01,2026-04-18 17:29
VRGYO,-0.16,-937.73,2026_03_01,2026-04-18 17:29
VSNMD,1.07,255.821,2026_03_01,2026-04-18 17:29
YAPRK,1.37,,2026_03_01,2026-04-18 17:29
YATAS,-0.11,-95.792,2026_03_01,2026-04-18 17:29
YAYLA,0.16,62.351,2026_03_01,2026-04-18 17:29
YBTAS,0.02,7.0,2026_03_01,2026-04-18 17:29
BINHO,-0.08,-371.686,2026_03_01,2026-04-18 17:29
YESIL,-0.06,-337.462,2026_03_01,2026-04-18 17:29
YGGYO,-0.14,-327.847,2026_03_01,2026-04-18 17:29
YGYO,0.0,0.0,2026_03_01,2026-04-18 17:29
YIGIT,-0.83,-622.825,2026_03_01,2026-04-18 17:29
BIOEN,-0.78,,2026_03_01,2026-04-18 17:29
YKSLN,-1.11,,2026_03_01,2026-04-18 17:29
YONGA,0.0,0.0,2026_03_01,2026-04-18 17:29
YUNSA,-0.03,-62.255,2026_03_01,2026-04-18 17:29
YYAPI,-0.55,,2026_03_01,2026-04-18 17:29
YYLGD,-0.34,,2026_03_01,2026-04-18 17:29
ZEDUR,0.38,265.794,2026_03_01,2026-04-18 17:29
ZERGY,2.21,,2026_03_01,2026-04-18 17:29
ZGYO,1.35,,2026_03_01,2026-04-18 17:29
BIZIM,-2.06,-570.241,2026_03_01,2026-04-18 17:29
ZRGYO,0.02,258.373,2026_03_01,2026-04-18 17:29
TUPRS,0.56,,2026_03_02,2026-04-18 17:30
THYAO,0.33,,2026_03_02,2026-04-18 17:30
SASA,0.2,,2026_03_02,2026-04-18 17:30
ASELS,-0.18,,2026_03_02,2026-04-18 17:30
ISCTR,-0.99,,2026_03_02,2026-04-18 17:30
HEKTS,-0.48,,2026_03_02,2026-04-18 17:30
SISE,0.49,,2026_03_02,2026-04-18 17:30
PGSUS,-2.44,,2026_03_02,2026-04-18 17:30
EREGL,0.29,,2026_03_02,2026-04-18 17:30
ALTNY,0.86,,2026_03_02,2026-04-18 17:30
REEDR,-0.27,,2026_03_02,2026-04-18 17:30
KCHOL,-0.18,,2026_03_02,2026-04-18 17:30
KONTR,-0.06,-598.011,2026_03_02,2026-04-18 17:30
FROTO,-0.38,,2026_03_02,2026-04-18 17:30
CWENE,0.32,,2026_03_02,2026-04-18 17:30
ASTOR,1.24,,2026_03_02,2026-04-18 17:30
PATEK,1.34,,2026_03_02,2026-04-18 17:30
TABGD,0.15,79.371,2026_03_02,2026-04-18 17:30
IZENR,0.97,,2026_03_02,2026-04-18 17:30
CANTE,0.14,,2026_03_02,2026-04-18 17:30
ZOREN,-0.21,,2026_03_02,2026-04-18 17:30
ENERY,-0.07,,2026_03_02,2026-04-18 17:30
DOAS,-0.4,-390.54,2026_03_02,2026-04-18 17:30
PETKM,0.94,,2026_03_02,2026-04-18 17:30
OBAMS,0.4,,2026_03_02,2026-04-18 17:30
AKBNK,-1.01,,2026_03_02,2026-04-18 17:30
ENJSA,0.38,889.136,2026_03_02,2026-04-18 17:30
SAHOL,-0.17,,2026_03_02,2026-04-18 17:30
KCAER,-0.65,,2026_03_02,2026-04-18 17:30
TCELL,-0.03,-482.728,2026_03_02,2026-04-18 17:30
BIMAS,0.56,,2026_03_02,2026-04-18 17:30
YKBNK,-1.15,,2026_03_02,2026-04-18 17:30
OYAKC,-0.09,,2026_03_02,2026-04-18 17:30
EUPWR,-1.04,,2026_03_02,2026-04-18 17:30
MIATK,-0.43,,2026_03_02,2026-04-18 17:30
TOASO,-0.16,-189.214,2026_03_02,2026-04-18 17:30
TTRAK,-0.6,-148.694,2026_03_02,2026-04-18 17:30
GARAN,-0.31,,2026_03_02,2026-04-18 17:30
ENKAI,-0.64,,2026_03_02,2026-04-18 17:30
TUKAS,0.22,,2026_03_02,2026-04-18 17:30
KRDMD,-0.92,,2026_03_02,2026-04-18 17:30
MGROS,-0.86,-830.046,2026_03_02,2026-04-18 17:30
ISMEN,-1.05,,2026_03_02,2026-04-18 17:30
GSRAY,-0.69,,2026_03_02,2026-04-18 17:30
TRALT,0.99,,2026_03_02,2026-04-18 17:30
TSPOR,-0.48,,2026_03_02,2026-04-18 17:30
AEFES,-0.82,,2026_03_02,2026-04-18 17:30
AKSA,0.11,,2026_03_02,2026-04-18 17:30
YEOTK,2.42,,2026_03_02,2026-04-18 17:30
EKGYO,-1.29,,2026_03_02,2026-04-18 17:30
ODAS,1.69,,2026_03_02,2026-04-18 17:30
ALARK,-0.59,-976.973,2026_03_02,2026-04-18 17:30
GESAN,0.64,908.023,2026_03_02,2026-04-18 17:30
FENER,0.02,571.185,2026_03_02,2026-04-18 17:30
ARCLK,-0.06,-113.924,2026_03_02,2026-04-18 17:30
MAVI,0.1,567.27,2026_03_02,2026-04-18 17:30
TTKOM,-0.7,,2026_03_02,2026-04-18 17:30
CIMSA,0.34,,2026_03_02,2026-04-18 17:30
ULKER,-1.34,,2026_03_02,2026-04-18 17:30
TAVHL,-0.18,-364.466,2026_03_02,2026-04-18 17:30
VESTL,0.32,930.371,2026_03_02,2026-04-18 17:30
SKBNK,-0.28,,2026_03_02,2026-04-18 17:30
CCOLA,0.03,248.554,2026_03_02,2026-04-18 17:30
AKSEN,0.45,,2026_03_02,2026-04-18 17:30
QUAGR,-0.45,,2026_03_02,2026-04-18 17:30
GLRMK,0.2,80.272,2026_03_02,2026-04-18 17:30
HALKB,-0.38,,2026_03_02,2026-04-18 17:30
TURSG,0.27,,2026_03_02,2026-04-18 17:30
DOHOL,0.33,,2026_03_02,2026-04-18 17:30
SOKM,-0.18,-817.745,2026_03_02,2026-04-18 17:30
BRSAN,-1.18,-424.666,2026_03_02,2026-04-18 17:30
TSKB,0.26,,2026_03_02,2026-04-18 17:30
KTLEV,1.31,,2026_03_02,2026-04-18 17:30
GUBRF,-0.35,-300.474,2026_03_02,2026-04-18 17:30
VAKBN,-0.29,,2026_03_02,2026-04-18 17:30
TUREX,0.85,,2026_03_02,2026-04-18 17:30
OTKAR,-1.37,-458.981,2026_03_02,2026-04-18 17:30
PASEU,1.16,,2026_03_02,2026-04-18 17:30
EFOR,9.64,,2026_03_02,2026-04-18 17:30
ECILC,0.49,,2026_03_02,2026-04-18 17:30
TKFEN,0.42,965.317,2026_03_02,2026-04-18 17:30
AGHOL,-0.1,,2026_03_02,2026-04-18 17:30
BALSU,-0.68,,2026_03_02,2026-04-18 17:30
ANSGR,0.01,166.593,2026_03_02,2026-04-18 17:30
BTCIM,-0.91,,2026_03_02,2026-04-18 17:30
DAPGM,1.24,,2026_03_02,2026-04-18 17:30
GRTHO,-1.07,-391.375,2026_03_02,2026-04-18 17:30
MAGEN,0.38,,2026_03_02,2026-04-18 17:30
EGEEN,-0.11,-1.239,2026_03_02,2026-04-18 17:30
TRMET,-0.69,,2026_03_02,2026-04-18 17:30
GENIL,0.7,,2026_03_02,2026-04-18 17:30
BRYAT,0.09,9.018,2026_03_02,2026-04-18 17:30
BSOKE,0.93,,2026_03_02,2026-04-18 17:30
MPARK,-0.09,-76.755,2026_03_02,2026-04-18 17:30
KUYAS,1.81,,2026_03_02,2026-04-18 17:30
KLRHO,-0.12,-403.166,2026_03_02,2026-04-18 17:30
DSTKF,0.33,283.308,2026_03_02,2026-04-18 17:30
TRENJ,0.32,311.378,2026_03_02,2026-04-18 17:30
GRSEL,-0.8,-238.347,2026_03_02,2026-04-18 17:30
RALYH,0.14,237.627,2026_03_02,2026-04-18 17:30
BJKAS,-0.45,,2026_03_02,2026-04-18 17:30
BLCYT,-0.51,-250.835,2026_03_02,2026-04-18 17:30
BLUME,0.41,722.363,2026_03_02,2026-04-18 17:30
BMSCH,0.35,238.844,2026_03_02,2026-04-18 17:30
BMSTL,0.36,266.875,2026_03_02,2026-04-18 17:30
BNTAS,-0.59,,2026_03_02,2026-04-18 17:30
BOBET,0.05,58.429,2026_03_02,2026-04-18 17:30
BORLS,-0.62,,2026_03_02,2026-04-18 17:30
BORSK,0.54,,2026_03_02,2026-04-18 17:30
BOSSA,0.08,432.373,2026_03_02,2026-04-18 17:30
BRISA,-0.04,-11.737,2026_03_02,2026-04-18 17:30
BRKO,0.0,3.0,2026_03_02,2026-04-18 17:30
BRKSN,0.13,83.117,2026_03_02,2026-04-18 17:30
BRKVY,-0.08,-10.958,2026_03_02,2026-04-18 17:30
BRLSM,-0.05,-50.459,2026_03_02,2026-04-18 17:30
BRMEN,0.0,0.0,2026_03_02,2026-04-18 17:30
AHSGY,-0.14,-256.789,2026_03_02,2026-04-18 17:30
ACSEL,-0.33,-28.429,2026_03_02,2026-04-18 17:30
AKCNS,-0.1,-38.163,2026_03_02,2026-04-18 17:30
AKENR,0.39,,2026_03_02,2026-04-18 17:30
BUCIM,0.02,213.181,2026_03_02,2026-04-18 17:30
BULGS,0.33,237.702,2026_03_02,2026-04-18 17:30
BURCE,-5.12,,2026_03_02,2026-04-18 17:30
BURVA,0.55,25.821,2026_03_02,2026-04-18 17:30
BVSAN,-0.45,-62.529,2026_03_02,2026-04-18 17:30
BYDNR,-0.74,-170.399,2026_03_02,2026-04-18 17:30
AKFGY,0.09,,2026_03_02,2026-04-18 17:30
CASA,0.0,0.0,2026_03_02,2026-04-18 17:30
CATES,0.1,31.742,2026_03_02,2026-04-18 17:30
AKFIS,1.14,759.469,2026_03_02,2026-04-18 17:30
CELHA,0.17,244.719,2026_03_02,2026-04-18 17:30
CEMAS,-0.33,,2026_03_02,2026-04-18 17:30
CEMTS,0.59,,2026_03_02,2026-04-18 17:30
CEMZY,-0.15,-192.473,2026_03_02,2026-04-18 17:30
CEOEM,1.41,312.114,2026_03_02,2026-04-18 17:30
CGCAM,0.88,368.068,2026_03_02,2026-04-18 17:30
AKFYE,0.35,,2026_03_02,2026-04-18 17:30
CLEBI,-0.19,-10.131,2026_03_02,2026-04-18 17:30
CMBTN,0.06,598.0,2026_03_02,2026-04-18 17:30
CMENT,0.0,0.0,2026_03_02,2026-04-18 17:30
CONSE,0.63,,2026_03_02,2026-04-18 17:30
COSMO,0.1,6.492,2026_03_02,2026-04-18 17:30
CRDFA,0.29,211.227,2026_03_02,2026-04-18 17:30
CRFSA,0.33,60.244,2026_03_02,2026-04-18 17:30
CUSAN,0.3,54.492,2026_03_02,2026-04-18 17:30
CVKMD,-1.69,,2026_03_02,2026-04-18 17:30
AKGRT,1.53,,2026_03_02,2026-04-18 17:30
TRHOL,2.78,490.607,2026_03_02,2026-04-18 17:30
DAGI,0.89,,2026_03_02,2026-04-18 17:30
AKHAN,-1.34,-733.591,2026_03_02,2026-04-18 17:30
DARDL,0.42,,2026_03_02,2026-04-18 17:30
DCTTR,0.52,813.118,2026_03_02,2026-04-18 17:30
DENGE,0.12,611.235,2026_03_02,2026-04-18 17:30
DERHL,0.46,914.32,2026_03_02,2026-04-18 17:30
DERIM,-0.12,-50.646,2026_03_02,2026-04-18 17:30
DESA,-0.16,-288.48,2026_03_02,2026-04-18 17:30
DESPC,0.62,99.839,2026_03_02,2026-04-18 17:30
DEVA,0.03,64.625,2026_03_02,2026-04-18 17:30
DGATE,-1.27,-194.113,2026_03_02,2026-04-18 17:30
DGGYO,0.01,25.736,2026_03_02,2026-04-18 17:30
DGNMO,-2.89,,2026_03_02,2026-04-18 17:30
DIRIT,0.0,0.0,2026_03_02,2026-04-18 17:30
DITAS,-0.56,-470.584,2026_03_02,2026-04-18 17:30
DMRGD,-0.51,,2026_03_02,2026-04-18 17:30
DMSAS,-0.59,,2026_03_02,2026-04-18 17:30
DNISI,0.21,126.818,2026_03_02,2026-04-18 17:30
AKMGY,-0.03,-6.09,2026_03_02,2026-04-18 17:30
DOCO,-2.69,-9.064,2026_03_02,2026-04-18 17:30
DOFER,2.39,482.038,2026_03_02,2026-04-18 17:30
DOFRB,-0.23,-102.259,2026_03_02,2026-04-18 17:30
DOGUB,1.61,318.068,2026_03_02,2026-04-18 17:30
ADEL,-0.33,-373.162,2026_03_02,2026-04-18 17:30
DOKTA,0.06,74.172,2026_03_02,2026-04-18 17:30
ADESE,1.98,,2026_03_02,2026-04-18 17:30
DUNYH,-0.61,-221.977,2026_03_02,2026-04-18 17:30
DURDO,-0.26,-979.214,2026_03_02,2026-04-18 17:30
DURKN,0.66,280.863,2026_03_02,2026-04-18 17:30
DYOBY,-0.13,-246.084,2026_03_02,2026-04-18 17:30
DZGYO,0.09,339.185,2026_03_02,2026-04-18 17:30
EBEBK,-0.27,-110.15,2026_03_02,2026-04-18 17:30
AKSGY,0.01,159.242,2026_03_02,2026-04-18 17:30
ECOGR,-1.81,,2026_03_02,2026-04-18 17:30
ECZYT,-0.11,-50.896,2026_03_02,2026-04-18 17:30
EDATA,-0.04,-76.527,2026_03_02,2026-04-18 17:30
EDIP,-0.06,-19.104,2026_03_02,2026-04-18 17:30
AKSUE,2.34,,2026_03_02,2026-04-18 17:30
AKYHO,-0.39,-869.032,2026_03_02,2026-04-18 17:30
EGEGY,-1.64,,2026_03_02,2026-04-18 17:30
EGEPO,-0.05,-104.321,2026_03_02,2026-04-18 17:30
EGGUB,0.01,7.8,2026_03_02,2026-04-18 17:30
EGPRO,0.02,37.886,2026_03_02,2026-04-18 17:30
EGSER,0.14,789.334,2026_03_02,2026-04-18 17:30
ADGYO,0.01,50.829,2026_03_02,2026-04-18 17:30
EKIZ,-0.02,-1.633,2026_03_02,2026-04-18 17:30
EKOS,0.03,91.209,2026_03_02,2026-04-18 17:30
EKSUN,0.11,198.703,2026_03_02,2026-04-18 17:30
ELITE,0.17,76.681,2026_03_02,2026-04-18 17:30
EMKEL,1.33,,2026_03_02,2026-04-18 17:30
EMNIS,0.0,0.0,2026_03_02,2026-04-18 17:30
EMPAE,-5.53,,2026_03_02,2026-04-18 17:30
ENDAE,1.46,,2026_03_02,2026-04-18 17:30
ALBRK,-1.29,,2026_03_02,2026-04-18 17:30
ALCAR,-0.39,-6.634,2026_03_02,2026-04-18 17:30
ALCTL,0.22,30.173,2026_03_02,2026-04-18 17:30
ENSRI,1.74,,2026_03_02,2026-04-18 17:30
ENTRA,0.35,,2026_03_02,2026-04-18 17:30
EPLAS,0.29,539.242,2026_03_02,2026-04-18 17:30
ERBOS,-0.12,-17.698,2026_03_02,2026-04-18 17:30
ERCB,0.35,138.458,2026_03_02,2026-04-18 17:30
ALFAS,-0.01,-5.372,2026_03_02,2026-04-18 17:30
ERSU,1.11,353.05,2026_03_02,2026-04-18 17:30
ESCAR,-0.3,-298.092,2026_03_02,2026-04-18 17:30
ESCOM,-2.21,,2026_03_02,2026-04-18 17:30
ESEN,3.15,,2026_03_02,2026-04-18 17:30
ETILR,-0.34,-526.485,2026_03_02,2026-04-18 17:30
ETYAT,-0.01,-1.702,2026_03_02,2026-04-18 17:30
EUHOL,0.54,774.078,2026_03_02,2026-04-18 17:30
EUKYO,0.06,12.905,2026_03_02,2026-04-18 17:30
ALGYO,-0.59,,2026_03_02,2026-04-18 17:30
EUREN,0.97,,2026_03_02,2026-04-18 17:30
EUYO,0.2,38.695,2026_03_02,2026-04-18 17:30
EYGYO,-1.5,,2026_03_02,2026-04-18 17:30
FADE,-0.46,-194.341,2026_03_02,2026-04-18 17:30
ALKA,-0.11,-368.024,2026_03_02,2026-04-18 17:30
FLAP,0.12,108.984,2026_03_02,2026-04-18 17:30
FMIZP,-0.22,-7.676,2026_03_02,2026-04-18 17:30
FONET,-1.87,,2026_03_02,2026-04-18 17:30
FORMT,-0.52,,2026_03_02,2026-04-18 17:30
FORTE,-1.69,-48.557,2026_03_02,2026-04-18 17:30
FRIGO,0.65,,2026_03_02,2026-04-18 17:30
FRMPL,3.31,,2026_03_02,2026-04-18 17:30
ALKIM,-0.21,-392.585,2026_03_02,2026-04-18 17:30
FZLGY,0.49,,2026_03_02,2026-04-18 17:30
ALKLC,0.37,168.018,2026_03_02,2026-04-18 17:30
GARFA,-0.18,-260.195,2026_03_02,2026-04-18 17:30
GATEG,-0.15,-16.075,2026_03_02,2026-04-18 17:30
GEDIK,0.13,,2026_03_02,2026-04-18 17:30
GEDZA,1.18,505.929,2026_03_02,2026-04-18 17:30
RUZYE,-1.14,,2026_03_02,2026-04-18 17:30
GENKM,4.96,,2026_03_02,2026-04-18 17:30
GENTS,0.0,8.521,2026_03_02,2026-04-18 17:30
GEREL,0.27,570.604,2026_03_02,2026-04-18 17:30
A1CAP,-0.73,,2026_03_02,2026-04-18 17:30
GIPTA,-0.35,-181.272,2026_03_02,2026-04-18 17:30
GLBMD,-0.04,-9.575,2026_03_02,2026-04-18 17:30
GLCVY,0.3,76.688,2026_03_02,2026-04-18 17:30
ALVES,-0.91,,2026_03_02,2026-04-18 17:30
GLRYH,-1.55,,2026_03_02,2026-04-18 17:30
GLYHO,-0.05,,2026_03_02,2026-04-18 17:30
GMTAS,-0.01,-30.621,2026_03_02,2026-04-18 17:30
GOKNR,-2.62,,2026_03_02,2026-04-18 17:30
GOLTS,-0.85,-106.059,2026_03_02,2026-04-18 17:30
GOODY,0.03,37.021,2026_03_02,2026-04-18 17:30
GOZDE,-0.05,-204.929,2026_03_02,2026-04-18 17:30
GRNYO,0.0,3.0,2026_03_02,2026-04-18 17:30
ANELE,0.25,380.917,2026_03_02,2026-04-18 17:30
ANGEN,0.69,598.713,2026_03_02,2026-04-18 17:30
GSDDE,-0.56,-598.874,2026_03_02,2026-04-18 17:30
GSDHO,-0.33,,2026_03_02,2026-04-18 17:30
ANHYT,-0.13,-107.081,2026_03_02,2026-04-18 17:30
AFYON,0.11,440.76,2026_03_02,2026-04-18 17:30
GUNDG,1.48,281.39,2026_03_02,2026-04-18 17:30
GWIND,-0.04,-56.762,2026_03_02,2026-04-18 17:30
GZNMI,-0.03,-11.652,2026_03_02,2026-04-18 17:30
ARASE,0.25,126.276,2026_03_02,2026-04-18 17:30
HATEK,0.56,350.744,2026_03_02,2026-04-18 17:30
HATSN,-0.36,-160.068,2026_03_02,2026-04-18 17:30
HDFGS,2.99,,2026_03_02,2026-04-18 17:30
HEDEF,0.46,,2026_03_02,2026-04-18 17:30
AGESA,-0.32,-114.344,2026_03_02,2026-04-18 17:30
HKTM,-0.11,-80.751,2026_03_02,2026-04-18 17:30
HLGYO,0.45,,2026_03_02,2026-04-18 17:30
HOROZ,0.69,170.743,2026_03_02,2026-04-18 17:30
HRKET,-1.77,-424.761,2026_03_02,2026-04-18 17:30
HTTBT,-0.36,-291.606,2026_03_02,2026-04-18 17:30
HUBVC,0.04,107.522,2026_03_02,2026-04-18 17:30
HUNER,0.6,,2026_03_02,2026-04-18 17:30
HURGZ,-0.86,,2026_03_02,2026-04-18 17:30
ICBCT,-0.28,-595.735,2026_03_02,2026-04-18 17:30
ICUGS,0.72,,2026_03_02,2026-04-18 17:30
IDGYO,0.13,157.127,2026_03_02,2026-04-18 17:30
IEYHO,-0.2,,2026_03_02,2026-04-18 17:30
IHAAS,0.19,105.933,2026_03_02,2026-04-18 17:30
IHEVA,-0.14,-404.21,2026_03_02,2026-04-18 17:30
IHGZT,1.12,,2026_03_02,2026-04-18 17:30
IHLAS,0.73,,2026_03_02,2026-04-18 17:30
IHLGM,0.24,,2026_03_02,2026-04-18 17:30
IHYAY,1.27,,2026_03_02,2026-04-18 17:30
IMASM,4.03,,2026_03_02,2026-04-18 17:30
INDES,0.04,200.323,2026_03_02,2026-04-18 17:30
INFO,0.25,,2026_03_02,2026-04-18 17:30
INGRM,0.01,346.0,2026_03_02,2026-04-18 17:30
INTEK,0.0,0.0,2026_03_02,2026-04-18 17:30
INTEM,-1.26,-119.108,2026_03_02,2026-04-18 17:30
INVEO,0.14,,2026_03_02,2026-04-18 17:30
INVES,0.21,79.435,2026_03_02,2026-04-18 17:30
ARDYZ,-0.04,-103.465,2026_03_02,2026-04-18 17:30
ISATR,0.0,0.0,2026_03_02,2026-04-18 17:30
ISBIR,-0.01,0.0,2026_03_02,2026-04-18 17:30
ISBTR,0.0,0.0,2026_03_02,2026-04-18 17:30
ARENA,-0.08,-54.084,2026_03_02,2026-04-18 17:30
ISDMR,-0.5,-730.184,2026_03_02,2026-04-18 17:30
ISFIN,0.02,63.218,2026_03_02,2026-04-18 17:30
ISGSY,0.86,406.916,2026_03_02,2026-04-18 17:30
ISGYO,0.35,,2026_03_02,2026-04-18 17:30
ISKPL,-1.19,,2026_03_02,2026-04-18 17:30
ISKUR,0.0,0.0,2026_03_02,2026-04-18 17:30
ARFYE,2.22,,2026_03_02,2026-04-18 17:30
ISSEN,-0.96,,2026_03_02,2026-04-18 17:30
ISYAT,-0.36,-547.381,2026_03_02,2026-04-18 17:30
ARMGD,-1.29,-708.848,2026_03_02,2026-04-18 17:30
IZFAS,0.71,,2026_03_02,2026-04-18 17:30
IZINV,0.11,14.436,2026_03_02,2026-04-18 17:30
IZMDC,-0.04,-352.104,2026_03_02,2026-04-18 17:30
JANTS,0.17,371.504,2026_03_02,2026-04-18 17:30
KAPLM,-0.11,-4.936,2026_03_02,2026-04-18 17:30
KAREL,1.23,,2026_03_02,2026-04-18 17:30
KARSN,0.09,705.55,2026_03_02,2026-04-18 17:30
KARTN,0.01,6.144,2026_03_02,2026-04-18 17:30
KATMR,2.31,,2026_03_02,2026-04-18 17:30
KAYSE,0.12,989.608,2026_03_02,2026-04-18 17:30
KBORU,-2.97,,2026_03_02,2026-04-18 17:30
ARSAN,0.24,,2026_03_02,2026-04-18 17:30
ARTMS,-1.56,-235.923,2026_03_02,2026-04-18 17:30
KENT,0.0,6.0,2026_03_02,2026-04-18 17:30
KERVN,0.0,41.0,2026_03_02,2026-04-18 17:30
KFEIN,-0.34,-518.493,2026_03_02,2026-04-18 17:30
KGYO,-4.67,,2026_03_02,2026-04-18 17:30
KIMMR,-0.44,-323.563,2026_03_02,2026-04-18 17:30
KLGYO,0.66,,2026_03_02,2026-04-18 17:30
KLKIM,-0.44,-610.613,2026_03_02,2026-04-18 17:30
KLMSN,-0.36,-110.31,2026_03_02,2026-04-18 17:30
KLNMA,0.01,11.365,2026_03_02,2026-04-18 17:30
ARZUM,-0.29,,2026_03_02,2026-04-18 17:30
KLSER,0.08,85.322,2026_03_02,2026-04-18 17:30
KLSYN,0.13,136.379,2026_03_02,2026-04-18 17:30
KLYPV,0.25,116.136,2026_03_02,2026-04-18 17:30
KMPUR,-0.55,-731.002,2026_03_02,2026-04-18 17:30
KNFRT,-0.34,-448.441,2026_03_02,2026-04-18 17:30
KOCMT,0.55,,2026_03_02,2026-04-18 17:30
KONKA,-0.64,-567.592,2026_03_02,2026-04-18 17:30
A1YEN,0.7,288.446,2026_03_02,2026-04-18 17:30
KONYA,-0.12,-2.07,2026_03_02,2026-04-18 17:30
KOPOL,0.18,474.855,2026_03_02,2026-04-18 17:30
KORDS,0.44,293.228,2026_03_02,2026-04-18 17:30
KOTON,-0.04,-53.933,2026_03_02,2026-04-18 17:30
ASGYO,0.39,650.319,2026_03_02,2026-04-18 17:30
AGROT,0.5,,2026_03_02,2026-04-18 17:30
KRDMA,-1.58,,2026_03_02,2026-04-18 17:30
KRDMB,-0.01,-9.438,2026_03_02,2026-04-18 17:30
ASUZU,0.2,81.739,2026_03_02,2026-04-18 17:30
KRGYO,-0.02,-59.819,2026_03_02,2026-04-18 17:30
KRONT,0.6,696.419,2026_03_02,2026-04-18 17:30
KRPLS,-1.32,,2026_03_02,2026-04-18 17:30
KRSTL,-2.41,,2026_03_02,2026-04-18 17:30
KRTEK,0.38,71.891,2026_03_02,2026-04-18 17:30
KRVGD,-0.08,-506.222,2026_03_02,2026-04-18 17:30
KSTUR,0.0,-11.0,2026_03_02,2026-04-18 17:30
ATAGY,0.3,138.098,2026_03_02,2026-04-18 17:30
KTSKR,-1.81,-265.726,2026_03_02,2026-04-18 17:30
KUTPO,-0.78,-82.741,2026_03_02,2026-04-18 17:30
KUVVA,0.23,56.717,2026_03_02,2026-04-18 17:30
ATAKP,0.64,181.995,2026_03_02,2026-04-18 17:30
KZBGY,0.16,,2026_03_02,2026-04-18 17:30
KZGYO,-0.65,-325.073,2026_03_02,2026-04-18 17:30
LIDER,0.17,472.246,2026_03_02,2026-04-18 17:30
LIDFA,0.92,,2026_03_02,2026-04-18 17:30
LILAK,0.28,719.377,2026_03_02,2026-04-18 17:30
LINK,-2.2,-402.219,2026_03_02,2026-04-18 17:30
LKMNH,0.07,102.32,2026_03_02,2026-04-18 17:30
LMKDC,1.54,,2026_03_02,2026-04-18 17:30
LOGO,-0.72,-535.553,2026_03_02,2026-04-18 17:30
LRSHO,1.88,,2026_03_02,2026-04-18 17:30
LUKSK,0.19,51.84,2026_03_02,2026-04-18 17:30
LXGYO,50.83,,2026_03_02,2026-04-18 17:30
LYDHO,0.03,64.343,2026_03_02,2026-04-18 17:30
LYDYE,0.14,1.881,2026_03_02,2026-04-18 17:30
MAALT,0.22,10.645,2026_03_02,2026-04-18 17:30
MACKO,-0.44,-181.572,2026_03_02,2026-04-18 17:30
ATATP,-0.55,-103.702,2026_03_02,2026-04-18 17:30
MAKIM,0.32,136.777,2026_03_02,2026-04-18 17:30
MAKTK,-0.1,-175.337,2026_03_02,2026-04-18 17:30
MANAS,-12.59,,2026_03_02,2026-04-18 17:30
MARBL,-0.47,-304.647,2026_03_02,2026-04-18 17:30
MARKA,-1.98,-411.597,2026_03_02,2026-04-18 17:30
MARMR,2.45,,2026_03_02,2026-04-18 17:30
MARTI,-4.04,,2026_03_02,2026-04-18 17:30
ATATR,0.61,,2026_03_02,2026-04-18 17:30
MCARD,41.98,,2026_03_02,2026-04-18 17:30
MEDTR,-0.7,-170.796,2026_03_02,2026-04-18 17:30
MEGAP,0.0,4.0,2026_03_02,2026-04-18 17:30
MEGMT,0.75,545.771,2026_03_02,2026-04-18 17:30
MEKAG,0.07,214.736,2026_03_02,2026-04-18 17:30
MEPET,0.04,33.118,2026_03_02,2026-04-18 17:30
MERCN,-0.69,-509.931,2026_03_02,2026-04-18 17:30
MERIT,-0.6,,2026_03_02,2026-04-18 17:30
MERKO,-0.11,-103.134,2026_03_02,2026-04-18 17:30
METRO,0.27,,2026_03_02,2026-04-18 17:30
MEYSU,-2.54,,2026_03_02,2026-04-18 17:30
ATEKS,0.0,0.0,2026_03_02,2026-04-18 17:30
MHRGY,1.15,,2026_03_02,2026-04-18 17:30
ATLAS,0.0,-1.0,2026_03_02,2026-04-18 17:30
MMCAS,0.0,0.0,2026_03_02,2026-04-18 17:30
MNDRS,-0.22,-484.594,2026_03_02,2026-04-18 17:30
MNDTR,0.03,299.731,2026_03_02,2026-04-18 17:30
MOBTL,-0.4,-819.025,2026_03_02,2026-04-18 17:30
MOGAN,-0.51,,2026_03_02,2026-04-18 17:30
MOPAS,-7.53,,2026_03_02,2026-04-18 17:30
ATSYH,0.0,0.0,2026_03_02,2026-04-18 17:30
MRGYO,-1.02,,2026_03_02,2026-04-18 17:30
MRSHL,0.03,1.302,2026_03_02,2026-04-18 17:30
MSGYO,-0.26,-451.592,2026_03_02,2026-04-18 17:30
MTRKS,-0.43,-187.518,2026_03_02,2026-04-18 17:30
MTRYO,0.0,0.0,2026_03_02,2026-04-18 17:30
MZHLD,-0.11,-81.075,2026_03_02,2026-04-18 17:30
NATEN,-0.02,-76.699,2026_03_02,2026-04-18 17:30
NETAS,0.35,111.311,2026_03_02,2026-04-18 17:30
NETCD,-0.23,-89.759,2026_03_02,2026-04-18 17:30
NIBAS,-0.09,-235.771,2026_03_02,2026-04-18 17:30
NTGAZ,0.63,,2026_03_02,2026-04-18 17:30
NTHOL,-0.07,-345.82,2026_03_02,2026-04-18 17:30
NUGYO,-0.01,-33.251,2026_03_02,2026-04-18 17:30
NUHCM,-0.34,-109.848,2026_03_02,2026-04-18 17:30
AVGYO,-0.48,-538.427,2026_03_02,2026-04-18 17:30
OBASE,0.17,24.336,2026_03_02,2026-04-18 17:30
AVHOL,-0.14,-37.909,2026_03_02,2026-04-18 17:30
ODINE,0.83,442.033,2026_03_02,2026-04-18 17:30
OFSYM,-1.91,-434.778,2026_03_02,2026-04-18 17:30
ONCSM,6.39,644.161,2026_03_02,2026-04-18 17:30
ONRYT,0.42,84.653,2026_03_02,2026-04-18 17:30
ORCAY,0.14,211.889,2026_03_02,2026-04-18 17:30
ORGE,0.28,120.094,2026_03_02,2026-04-18 17:30
ORMA,0.0,1.0,2026_03_02,2026-04-18 17:30
OSMEN,-0.15,-250.214,2026_03_02,2026-04-18 17:30
OSTIM,-0.55,,2026_03_02,2026-04-18 17:30
AVOD,0.31,775.843,2026_03_02,2026-04-18 17:30
OTTO,-0.85,-49.555,2026_03_02,2026-04-18 17:30
AVPGY,-0.47,-470.743,2026_03_02,2026-04-18 17:30
OYAYO,0.09,18.45,2026_03_02,2026-04-18 17:30
OYLUM,-0.18,-142.821,2026_03_02,2026-04-18 17:30
OYYAT,0.08,79.084,2026_03_02,2026-04-18 17:30
OZATD,2.86,381.945,2026_03_02,2026-04-18 17:30
OZGYO,-0.45,,2026_03_02,2026-04-18 17:30
OZKGY,-0.43,,2026_03_02,2026-04-18 17:30
OZRDN,-0.09,-52.492,2026_03_02,2026-04-18 17:30
OZSUB,-0.3,-128.201,2026_03_02,2026-04-18 17:30
OZYSR,0.16,64.342,2026_03_02,2026-04-18 17:30
PAGYO,-0.01,-3.84,2026_03_02,2026-04-18 17:30
PAHOL,0.2,,2026_03_02,2026-04-18 17:30
PAMEL,-0.04,-7.664,2026_03_02,2026-04-18 17:30
PAPIL,0.31,645.761,2026_03_02,2026-04-18 17:30
PARSN,-0.17,-58.84,2026_03_02,2026-04-18 17:30
AVTUR,-0.18,-76.832,2026_03_02,2026-04-18 17:30
AYCES,1.08,20.346,2026_03_02,2026-04-18 17:30
PCILT,-1.38,-620.178,2026_03_02,2026-04-18 17:30
TEHOL,0.11,,2026_03_02,2026-04-18 17:30
PEKGY,1.3,,2026_03_02,2026-04-18 17:30
PENGD,-0.69,,2026_03_02,2026-04-18 17:30
PENTA,0.8,,2026_03_02,2026-04-18 17:30
AYDEM,2.09,,2026_03_02,2026-04-18 17:30
PETUN,-0.45,-606.852,2026_03_02,2026-04-18 17:30
AYEN,1.59,882.389,2026_03_02,2026-04-18 17:30
PINSU,-1.51,,2026_03_02,2026-04-18 17:30
PKART,-0.33,-36.677,2026_03_02,2026-04-18 17:30
PKENT,0.02,4.575,2026_03_02,2026-04-18 17:30
PLTUR,-0.08,-35.626,2026_03_02,2026-04-18 17:30
PNLSN,0.52,180.888,2026_03_02,2026-04-18 17:30
PNSUT,0.2,247.806,2026_03_02,2026-04-18 17:30
POLHO,1.73,,2026_03_02,2026-04-18 17:30
POLTK,-0.61,-6.865,2026_03_02,2026-04-18 17:30
PRDGS,-2.08,,2026_03_02,2026-04-18 17:30
PRKAB,0.07,24.821,2026_03_02,2026-04-18 17:30
PRKME,-0.11,-59.791,2026_03_02,2026-04-18 17:30
PRZMA,-0.36,-222.275,2026_03_02,2026-04-18 17:30
PSDTC,-0.11,-7.502,2026_03_02,2026-04-18 17:30
PSGYO,0.29,,2026_03_02,2026-04-18 17:30
QNBFK,0.0,4.0,2026_03_02,2026-04-18 17:30
QNBTR,0.0,22.0,2026_03_02,2026-04-18 17:30
AYES,0.17,152.315,2026_03_02,2026-04-18 17:30
AYGAZ,-0.29,-278.36,2026_03_02,2026-04-18 17:30
RAYSG,0.04,19.782,2026_03_02,2026-04-18 17:30
AZTEK,1.04,,2026_03_02,2026-04-18 17:30
RGYAS,-0.52,-543.741,2026_03_02,2026-04-18 17:30
RNPOL,0.42,,2026_03_02,2026-04-18 17:30
RODRG,0.58,96.058,2026_03_02,2026-04-18 17:30
ROYAL,0.0,0.0,2026_03_02,2026-04-18 17:30
RTALB,1.51,,2026_03_02,2026-04-18 17:30
RUBNS,0.24,101.699,2026_03_02,2026-04-18 17:30
RYGYO,0.19,,2026_03_02,2026-04-18 17:30
RYSAS,-0.02,-285.973,2026_03_02,2026-04-18 17:30
SAFKR,-0.13,-178.071,2026_03_02,2026-04-18 17:30
BAGFS,-0.75,-747.537,2026_03_02,2026-04-18 17:30
SAMAT,-0.05,-45.545,2026_03_02,2026-04-18 17:30
SANEL,0.14,24.514,2026_03_02,2026-04-18 17:30
SANFM,-2.02,,2026_03_02,2026-04-18 17:30
SANKO,0.11,43.462,2026_03_02,2026-04-18 17:30
SARKY,0.24,,2026_03_02,2026-04-18 17:30
BAHKM,0.7,164.005,2026_03_02,2026-04-18 17:30
SAYAS,-0.06,-25.029,2026_03_02,2026-04-18 17:30
SDTTR,4.45,711.411,2026_03_02,2026-04-18 17:30
SEGMN,-1.37,,2026_03_02,2026-04-18 17:30
SEGYO,3.94,,2026_03_02,2026-04-18 17:30
SEKFK,0.03,21.434,2026_03_02,2026-04-18 17:30
SEKUR,0.03,35.525,2026_03_02,2026-04-18 17:30
SELEC,-0.51,-636.728,2026_03_02,2026-04-18 17:30
SELVA,0.88,,2026_03_02,2026-04-18 17:30
SERNT,0.99,,2026_03_02,2026-04-18 17:30
SEYKM,0.39,592.145,2026_03_02,2026-04-18 17:30
SILVR,0.2,430.015,2026_03_02,2026-04-18 17:30
BAKAB,-0.18,-65.086,2026_03_02,2026-04-18 17:30
BALAT,0.06,7.385,2026_03_02,2026-04-18 17:30
SKTAS,-0.1,-319.593,2026_03_02,2026-04-18 17:30
SKYLP,0.48,34.252,2026_03_02,2026-04-18 17:30
SKYMD,0.16,80.652,2026_03_02,2026-04-18 17:30
SMART,-2.73,-811.747,2026_03_02,2026-04-18 17:30
SMRTG,-0.34,,2026_03_02,2026-04-18 17:30
SMRVA,-0.88,-247.042,2026_03_02,2026-04-18 17:30
SNGYO,-0.07,,2026_03_02,2026-04-18 17:30
SNICA,0.33,,2026_03_02,2026-04-18 17:30
SNPAM,0.0,1.0,2026_03_02,2026-04-18 17:30
SODSN,0.09,40.004,2026_03_02,2026-04-18 17:30
SOKE,1.72,,2026_03_02,2026-04-18 17:30
AGYO,0.01,8.011,2026_03_02,2026-04-18 17:30
SONME,0.08,3.468,2026_03_02,2026-04-18 17:30
SRVGY,-0.16,,2026_03_02,2026-04-18 17:30
SUMAS,0.0,0.0,2026_03_02,2026-04-18 17:30
SUNTK,-0.16,-242.26,2026_03_02,2026-04-18 17:30
SURGY,-6.0,,2026_03_02,2026-04-18 17:30
SUWEN,-0.11,-385.674,2026_03_02,2026-04-18 17:30
SVGYO,-26.35,,2026_03_02,2026-04-18 17:30
BANVT,0.04,18.017,2026_03_02,2026-04-18 17:30
TARKM,0.13,6.735,2026_03_02,2026-04-18 17:30
TATEN,0.07,240.481,2026_03_02,2026-04-18 17:30
TATGD,-0.13,-155.376,2026_03_02,2026-04-18 17:30
BARMA,1.38,,2026_03_02,2026-04-18 17:30
TBORG,-0.15,-92.827,2026_03_02,2026-04-18 17:30
BASCM,0.05,27.846,2026_03_02,2026-04-18 17:30
TCKRC,-2.03,,2026_03_02,2026-04-18 17:30
TDGYO,1.64,,2026_03_02,2026-04-18 17:30
TEKTU,0.58,,2026_03_02,2026-04-18 17:30
TERA,-0.05,-115.781,2026_03_02,2026-04-18 17:30
TEZOL,2.04,,2026_03_02,2026-04-18 17:30
TGSAS,-0.27,-33.803,2026_03_02,2026-04-18 17:30
BASGZ,0.23,410.861,2026_03_02,2026-04-18 17:30
BAYRK,-0.05,-93.936,2026_03_02,2026-04-18 17:30
TKNSA,-2.15,,2026_03_02,2026-04-18 17:30
TLMAN,-0.68,-69.884,2026_03_02,2026-04-18 17:30
TMPOL,1.62,178.372,2026_03_02,2026-04-18 17:30
TMSN,-0.12,-51.338,2026_03_02,2026-04-18 17:30
TNZTP,-1.4,,2026_03_02,2026-04-18 17:30
BEGYO,0.9,,2026_03_02,2026-04-18 17:30
TRCAS,-0.43,-899.745,2026_03_02,2026-04-18 17:30
TRGYO,-0.33,-824.92,2026_03_02,2026-04-18 17:30
TRILC,0.38,455.111,2026_03_02,2026-04-18 17:30
TSGYO,0.0,-5.047,2026_03_02,2026-04-18 17:30
BERA,1.45,,2026_03_02,2026-04-18 17:30
BESLR,-0.36,,2026_03_02,2026-04-18 17:30
BESTE,6.27,,2026_03_02,2026-04-18 17:30
BEYAZ,0.07,28.784,2026_03_02,2026-04-18 17:30
TUCLK,0.43,,2026_03_02,2026-04-18 17:30
BFREN,0.09,21.937,2026_03_02,2026-04-18 17:30
BIENY,0.29,239.792,2026_03_02,2026-04-18 17:30
BIGCH,-0.21,-772.704,2026_03_02,2026-04-18 17:30
TURGG,0.36,114.315,2026_03_02,2026-04-18 17:30
BIGEN,0.37,433.14,2026_03_02,2026-04-18 17:30
UCAYM,0.1,60.794,2026_03_02,2026-04-18 17:30
UFUK,0.01,3.052,2026_03_02,2026-04-18 17:30
ULAS,-0.01,-2.504,2026_03_02,2026-04-18 17:30
BIGTK,0.1,24.849,2026_03_02,2026-04-18 17:30
ULUFA,0.27,828.232,2026_03_02,2026-04-18 17:30
ULUSE,0.18,41.667,2026_03_02,2026-04-18 17:30
ULUUN,0.65,,2026_03_02,2026-04-18 17:30
UMPAS,0.0,0.0,2026_03_02,2026-04-18 17:30
UNLU,-0.48,-493.263,2026_03_02,2026-04-18 17:30
USAK,0.52,,2026_03_02,2026-04-18 17:30
AHGAZ,-0.61,,2026_03_02,2026-04-18 17:30
VAKFA,1.11,,2026_03_02,2026-04-18 17:30
VAKFN,0.1,,2026_03_02,2026-04-18 17:30
VAKKO,1.18,364.603,2026_03_02,2026-04-18 17:30
VANGD,-0.04,-9.706,2026_03_02,2026-04-18 17:30
VBTYZ,1.03,576.245,2026_03_02,2026-04-18 17:30
VERTU,0.24,50.844,2026_03_02,2026-04-18 17:30
VERUS,0.11,37.979,2026_03_02,2026-04-18 17:30
VESBE,0.14,736.018,2026_03_02,2026-04-18 17:30
BINBN,1.28,217.551,2026_03_02,2026-04-18 17:30
VKFYO,-0.98,-258.975,2026_03_02,2026-04-18 17:30
VKGYO,0.47,,2026_03_02,2026-04-18 17:30
VKING,-0.04,-12.489,2026_03_02,2026-04-18 17:30
VRGYO,-0.82,,2026_03_02,2026-04-18 17:30
VSNMD,2.4,576.824,2026_03_02,2026-04-18 17:30
YAPRK,-1.03,-907.746,2026_03_02,2026-04-18 17:30
YATAS,-0.25,-243.747,2026_03_02,2026-04-18 17:30
YAYLA,0.13,53.558,2026_03_02,2026-04-18 17:30
YBTAS,0.01,5.0,2026_03_02,2026-04-18 17:30
BINHO,-0.31,,2026_03_02,2026-04-18 17:30
YESIL,0.0,37.0,2026_03_02,2026-04-18 17:30
YGGYO,0.11,255.458,2026_03_02,2026-04-18 17:30
YGYO,0.0,0.0,2026_03_02,2026-04-18 17:30
YIGIT,-1.16,-869.818,2026_03_02,2026-04-18 17:30
BIOEN,0.02,25.029,2026_03_02,2026-04-18 17:30
YKSLN,-0.02,-38.138,2026_03_02,2026-04-18 17:30
YONGA,0.0,0.0,2026_03_02,2026-04-18 17:30
YUNSA,-1.44,,2026_03_02,2026-04-18 17:30
YYAPI,0.0,7.0,2026_03_02,2026-04-18 17:30
YYLGD,-0.46,,2026_03_02,2026-04-18 17:30
ZEDUR,-0.21,-142.913,2026_03_02,2026-04-18 17:30
ZERGY,1.03,,2026_03_02,2026-04-18 17:30
ZGYO,-2.11,,2026_03_02,2026-04-18 17:30
BIZIM,-0.61,-166.398,2026_03_02,2026-04-18 17:30
ZRGYO,-0.01,-141.666,2026_03_02,2026-04-18 17:30
TUPRS,-0.11,,2026_03_03,2026-04-18 17:31
THYAO,0.07,564.728,2026_03_03,2026-04-18 17:31
SASA,-0.02,,2026_03_03,2026-04-18 17:31
ASELS,0.39,,2026_03_03,2026-04-18 17:31
ISCTR,-0.7,,2026_03_03,2026-04-18 17:31
HEKTS,-0.39,,2026_03_03,2026-04-18 17:31
SISE,0.43,,2026_03_03,2026-04-18 17:31
PGSUS,0.41,,2026_03_03,2026-04-18 17:31
ALTNY,-0.4,,2026_03_03,2026-04-18 17:31
EREGL,-0.38,,2026_03_03,2026-04-18 17:31
REEDR,0.6,,2026_03_03,2026-04-18 17:31
KCHOL,-0.39,,2026_03_03,2026-04-18 17:31
KONTR,0.35,,2026_03_03,2026-04-18 17:31
FROTO,-0.46,,2026_03_03,2026-04-18 17:31
CWENE,0.68,,2026_03_03,2026-04-18 17:31
ASTOR,-1.01,,2026_03_03,2026-04-18 17:31
PATEK,-0.31,-904.727,2026_03_03,2026-04-18 17:31
TABGD,0.12,62.051,2026_03_03,2026-04-18 17:31
IZENR,1.31,,2026_03_03,2026-04-18 17:31
CANTE,0.59,,2026_03_03,2026-04-18 17:31
ZOREN,-0.21,,2026_03_03,2026-04-18 17:31
ENERY,0.01,437.583,2026_03_03,2026-04-18 17:31
DOAS,-0.24,-234.347,2026_03_03,2026-04-18 17:31
PETKM,3.0,,2026_03_03,2026-04-18 17:31
OBAMS,-0.21,,2026_03_03,2026-04-18 17:31
AKBNK,-0.06,,2026_03_03,2026-04-18 17:31
ENJSA,0.2,478.359,2026_03_03,2026-04-18 17:31
SAHOL,-0.04,,2026_03_03,2026-04-18 17:31
TCELL,-0.07,,2026_03_03,2026-04-18 17:31
KCAER,0.57,,2026_03_03,2026-04-18 17:31
BIMAS,-0.2,-853.029,2026_03_03,2026-04-18 17:31
YKBNK,0.05,,2026_03_03,2026-04-18 17:31
OYAKC,0.01,570.505,2026_03_03,2026-04-18 17:31
EUPWR,0.18,347.23,2026_03_03,2026-04-18 17:31
MIATK,0.23,697.257,2026_03_03,2026-04-18 17:31
TOASO,-0.76,-918.752,2026_03_03,2026-04-18 17:31
TTRAK,-0.01,-3.703,2026_03_03,2026-04-18 17:31
GARAN,-0.01,-181.92,2026_03_03,2026-04-18 17:31
ENKAI,0.27,,2026_03_03,2026-04-18 17:31
TUKAS,0.37,,2026_03_03,2026-04-18 17:31
KRDMD,0.62,,2026_03_03,2026-04-18 17:31
MGROS,-0.32,-311.394,2026_03_03,2026-04-18 17:31
ISMEN,-0.82,,2026_03_03,2026-04-18 17:31
GSRAY,0.14,,2026_03_03,2026-04-18 17:31
TRALT,-0.27,,2026_03_03,2026-04-18 17:31
TSPOR,-0.15,,2026_03_03,2026-04-18 17:31
AEFES,0.16,,2026_03_03,2026-04-18 17:31
AKSA,0.48,,2026_03_03,2026-04-18 17:31
YEOTK,0.51,826.955,2026_03_03,2026-04-18 17:31
EKGYO,0.53,,2026_03_03,2026-04-18 17:31
ODAS,0.74,,2026_03_03,2026-04-18 17:31
ALARK,-0.24,-386.401,2026_03_03,2026-04-18 17:31
GESAN,0.35,506.751,2026_03_03,2026-04-18 17:31
FENER,-0.51,,2026_03_03,2026-04-18 17:31
ARCLK,0.22,379.12,2026_03_03,2026-04-18 17:31
MAVI,0.01,96.085,2026_03_03,2026-04-18 17:31
TTKOM,-0.11,-556.924,2026_03_03,2026-04-18 17:31
ULKER,0.04,126.707,2026_03_03,2026-04-18 17:31
CIMSA,0.28,,2026_03_03,2026-04-18 17:31
TAVHL,-0.07,-161.109,2026_03_03,2026-04-18 17:31
VESTL,0.18,530.734,2026_03_03,2026-04-18 17:31
SKBNK,0.26,,2026_03_03,2026-04-18 17:31
CCOLA,0.02,206.728,2026_03_03,2026-04-18 17:31
AKSEN,0.01,55.14,2026_03_03,2026-04-18 17:31
HALKB,0.0,184.311,2026_03_03,2026-04-18 17:31
QUAGR,0.62,,2026_03_03,2026-04-18 17:31
TURSG,0.27,,2026_03_03,2026-04-18 17:31
GLRMK,-0.61,-239.236,2026_03_03,2026-04-18 17:31
DOHOL,-1.01,,2026_03_03,2026-04-18 17:31
SOKM,0.01,44.548,2026_03_03,2026-04-18 17:31
BRSAN,0.19,70.554,2026_03_03,2026-04-18 17:31
KTLEV,0.54,,2026_03_03,2026-04-18 17:31
TSKB,0.39,,2026_03_03,2026-04-18 17:31
VAKBN,-0.01,-935.532,2026_03_03,2026-04-18 17:31
GUBRF,0.18,159.964,2026_03_03,2026-04-18 17:31
TUREX,0.61,,2026_03_03,2026-04-18 17:31
OTKAR,-0.2,-66.056,2026_03_03,2026-04-18 17:31
PASEU,-0.53,,2026_03_03,2026-04-18 17:31
EFOR,-1.36,,2026_03_03,2026-04-18 17:31
ECILC,-0.65,,2026_03_03,2026-04-18 17:31
AGHOL,-0.06,-680.154,2026_03_03,2026-04-18 17:31
TKFEN,-0.08,-186.337,2026_03_03,2026-04-18 17:31
BALSU,0.02,45.968,2026_03_03,2026-04-18 17:31
ANSGR,-0.03,-472.47,2026_03_03,2026-04-18 17:31
BTCIM,-0.22,,2026_03_03,2026-04-18 17:31
DAPGM,0.09,829.099,2026_03_03,2026-04-18 17:31
GRTHO,-0.16,-59.077,2026_03_03,2026-04-18 17:31
MAGEN,-0.11,-826.363,2026_03_03,2026-04-18 17:31
EGEEN,-0.24,-2.761,2026_03_03,2026-04-18 17:31
TRMET,-0.26,-452.317,2026_03_03,2026-04-18 17:31
GENIL,-0.83,,2026_03_03,2026-04-18 17:31
BRYAT,-0.02,-1.86,2026_03_03,2026-04-18 17:31
BSOKE,0.21,951.1,2026_03_03,2026-04-18 17:31
KLRHO,-0.44,,2026_03_03,2026-04-18 17:31
MPARK,-0.01,-8.896,2026_03_03,2026-04-18 17:31
KUYAS,0.92,,2026_03_03,2026-04-18 17:31
TRENJ,-0.27,-266.359,2026_03_03,2026-04-18 17:31
DSTKF,0.2,167.217,2026_03_03,2026-04-18 17:31
GRSEL,0.16,48.447,2026_03_03,2026-04-18 17:31
RALYH,-0.1,-178.432,2026_03_03,2026-04-18 17:31
BJKAS,0.56,,2026_03_03,2026-04-18 17:31
BLCYT,0.36,177.139,2026_03_03,2026-04-18 17:31
BLUME,1.27,,2026_03_03,2026-04-18 17:31
BMSCH,0.0,3.599,2026_03_03,2026-04-18 17:31
BMSTL,-0.06,-43.044,2026_03_03,2026-04-18 17:31
BNTAS,-0.23,-384.656,2026_03_03,2026-04-18 17:31
BOBET,-0.11,-133.975,2026_03_03,2026-04-18 17:31
BORLS,0.29,870.844,2026_03_03,2026-04-18 17:31
BORSK,-1.02,,2026_03_03,2026-04-18 17:31
BOSSA,0.17,854.856,2026_03_03,2026-04-18 17:31
BRISA,0.14,45.891,2026_03_03,2026-04-18 17:31
BRKO,0.0,-3.0,2026_03_03,2026-04-18 17:31
BRKSN,0.18,109.726,2026_03_03,2026-04-18 17:31
BRKVY,-0.35,-46.844,2026_03_03,2026-04-18 17:31
BRLSM,0.57,610.31,2026_03_03,2026-04-18 17:31
BRMEN,0.0,0.0,2026_03_03,2026-04-18 17:31
AHSGY,-0.12,-230.103,2026_03_03,2026-04-18 17:31
ACSEL,0.05,3.856,2026_03_03,2026-04-18 17:31
AKCNS,-0.29,-113.545,2026_03_03,2026-04-18 17:31
AKENR,0.07,256.303,2026_03_03,2026-04-18 17:31
BUCIM,0.02,253.224,2026_03_03,2026-04-18 17:31
BULGS,0.3,218.81,2026_03_03,2026-04-18 17:31
BURCE,-0.66,-292.283,2026_03_03,2026-04-18 17:31
BURVA,-0.82,-38.41,2026_03_03,2026-04-18 17:31
BVSAN,0.11,15.818,2026_03_03,2026-04-18 17:31
BYDNR,-0.55,-126.678,2026_03_03,2026-04-18 17:31
AKFGY,-0.03,,2026_03_03,2026-04-18 17:31
CASA,0.0,2.0,2026_03_03,2026-04-18 17:31
CATES,0.04,14.001,2026_03_03,2026-04-18 17:31
AKFIS,1.44,967.128,2026_03_03,2026-04-18 17:31
CELHA,0.18,265.744,2026_03_03,2026-04-18 17:31
CEMAS,0.17,,2026_03_03,2026-04-18 17:31
CEMTS,0.0,2.397,2026_03_03,2026-04-18 17:31
CEMZY,1.76,,2026_03_03,2026-04-18 17:31
CEOEM,1.27,282.229,2026_03_03,2026-04-18 17:31
CGCAM,0.18,75.01,2026_03_03,2026-04-18 17:31
AKFYE,0.08,462.229,2026_03_03,2026-04-18 17:31
CLEBI,0.04,2.087,2026_03_03,2026-04-18 17:31
CMBTN,-0.06,-559.0,2026_03_03,2026-04-18 17:31
CMENT,0.0,0.0,2026_03_03,2026-04-18 17:31
CONSE,-0.26,-971.159,2026_03_03,2026-04-18 17:31
COSMO,-0.18,-11.994,2026_03_03,2026-04-18 17:31
CRDFA,0.04,30.673,2026_03_03,2026-04-18 17:31
CRFSA,-0.41,-76.494,2026_03_03,2026-04-18 17:31
CUSAN,-0.12,-21.784,2026_03_03,2026-04-18 17:31
CVKMD,-0.31,,2026_03_03,2026-04-18 17:31
AKGRT,0.82,,2026_03_03,2026-04-18 17:31
TRHOL,1.07,160.583,2026_03_03,2026-04-18 17:31
DAGI,0.44,770.798,2026_03_03,2026-04-18 17:31
AKHAN,-1.14,-625.866,2026_03_03,2026-04-18 17:31
DARDL,-0.03,-515.321,2026_03_03,2026-04-18 17:31
DCTTR,1.36,,2026_03_03,2026-04-18 17:31
DENGE,0.44,,2026_03_03,2026-04-18 17:31
DERHL,0.15,305.97,2026_03_03,2026-04-18 17:31
DERIM,0.26,105.627,2026_03_03,2026-04-18 17:31
DESA,-0.14,-228.689,2026_03_03,2026-04-18 17:31
DESPC,1.42,226.474,2026_03_03,2026-04-18 17:31
DEVA,0.02,34.572,2026_03_03,2026-04-18 17:31
DGATE,1.49,226.382,2026_03_03,2026-04-18 17:31
DGGYO,0.01,8.663,2026_03_03,2026-04-18 17:31
DGNMO,-0.67,,2026_03_03,2026-04-18 17:31
DIRIT,0.0,0.0,2026_03_03,2026-04-18 17:31
DITAS,-0.53,-437.711,2026_03_03,2026-04-18 17:31
DMRGD,0.48,,2026_03_03,2026-04-18 17:31
DMSAS,0.48,945.495,2026_03_03,2026-04-18 17:31
DNISI,0.18,102.975,2026_03_03,2026-04-18 17:31
AKMGY,0.0,292.0,2026_03_03,2026-04-18 17:31
DOCO,-2.06,-6.979,2026_03_03,2026-04-18 17:31
DOFER,1.84,370.768,2026_03_03,2026-04-18 17:31
DOFRB,5.04,,2026_03_03,2026-04-18 17:31
DOGUB,0.09,18.099,2026_03_03,2026-04-18 17:31
ADEL,0.16,179.259,2026_03_03,2026-04-18 17:31
DOKTA,0.03,55.706,2026_03_03,2026-04-18 17:31
ADESE,-0.52,,2026_03_03,2026-04-18 17:31
DUNYH,-0.19,-69.321,2026_03_03,2026-04-18 17:31
DURDO,0.29,,2026_03_03,2026-04-18 17:31
DURKN,1.91,811.727,2026_03_03,2026-04-18 17:31
DYOBY,-0.21,-393.625,2026_03_03,2026-04-18 17:31
DZGYO,0.2,794.311,2026_03_03,2026-04-18 17:31
EBEBK,-0.33,-130.936,2026_03_03,2026-04-18 17:31
AKSGY,-0.02,-288.609,2026_03_03,2026-04-18 17:31
ECOGR,11.91,,2026_03_03,2026-04-18 17:31
ECZYT,-0.12,-53.778,2026_03_03,2026-04-18 17:31
EDATA,0.61,982.676,2026_03_03,2026-04-18 17:31
EDIP,0.12,41.878,2026_03_03,2026-04-18 17:31
AKSUE,0.6,339.269,2026_03_03,2026-04-18 17:31
AKYHO,0.04,78.396,2026_03_03,2026-04-18 17:31
EGEGY,-0.41,-284.79,2026_03_03,2026-04-18 17:31
EGEPO,0.31,634.122,2026_03_03,2026-04-18 17:31
EGGUB,0.6,458.113,2026_03_03,2026-04-18 17:31
EGPRO,0.03,39.289,2026_03_03,2026-04-18 17:31
EGSER,0.1,552.729,2026_03_03,2026-04-18 17:31
ADGYO,0.13,496.425,2026_03_03,2026-04-18 17:31
EKIZ,0.0,0.0,2026_03_03,2026-04-18 17:31
EKOS,-0.03,-89.522,2026_03_03,2026-04-18 17:31
EKSUN,0.33,560.174,2026_03_03,2026-04-18 17:31
ELITE,-0.09,-39.575,2026_03_03,2026-04-18 17:31
EMKEL,-0.46,-680.722,2026_03_03,2026-04-18 17:31
EMNIS,0.0,-1.0,2026_03_03,2026-04-18 17:31
EMPAE,6.84,,2026_03_03,2026-04-18 17:31
ENDAE,0.05,65.156,2026_03_03,2026-04-18 17:31
ALBRK,-0.13,,2026_03_03,2026-04-18 17:31
ALCAR,0.02,334.0,2026_03_03,2026-04-18 17:31
ALCTL,0.35,47.775,2026_03_03,2026-04-18 17:31
ENSRI,0.79,,2026_03_03,2026-04-18 17:31
ENTRA,0.11,403.361,2026_03_03,2026-04-18 17:31
EPLAS,-0.99,,2026_03_03,2026-04-18 17:31
ERBOS,0.14,22.32,2026_03_03,2026-04-18 17:31
ERCB,0.02,7.052,2026_03_03,2026-04-18 17:31
ALFAS,0.03,18.625,2026_03_03,2026-04-18 17:31
ERSU,0.6,191.114,2026_03_03,2026-04-18 17:31
ESCAR,-0.11,-113.006,2026_03_03,2026-04-18 17:31
ESCOM,-0.45,,2026_03_03,2026-04-18 17:31
ESEN,1.5,,2026_03_03,2026-04-18 17:31
ETILR,0.78,,2026_03_03,2026-04-18 17:31
ETYAT,-0.06,-11.902,2026_03_03,2026-04-18 17:31
EUHOL,0.04,49.998,2026_03_03,2026-04-18 17:31
EUKYO,-0.04,-9.615,2026_03_03,2026-04-18 17:31
ALGYO,-0.56,,2026_03_03,2026-04-18 17:31
EUREN,0.1,,2026_03_03,2026-04-18 17:31
EUYO,0.12,23.779,2026_03_03,2026-04-18 17:31
EYGYO,-0.96,,2026_03_03,2026-04-18 17:31
FADE,0.3,124.615,2026_03_03,2026-04-18 17:31
ALKA,0.0,-6.104,2026_03_03,2026-04-18 17:31
FLAP,-0.27,-251.297,2026_03_03,2026-04-18 17:31
FMIZP,-0.27,-9.296,2026_03_03,2026-04-18 17:31
FONET,-0.5,,2026_03_03,2026-04-18 17:31
FORMT,-0.51,,2026_03_03,2026-04-18 17:31
FORTE,0.55,153.114,2026_03_03,2026-04-18 17:31
FRIGO,0.96,,2026_03_03,2026-04-18 17:31
FRMPL,0.49,198.595,2026_03_03,2026-04-18 17:31
ALKIM,0.07,126.825,2026_03_03,2026-04-18 17:31
FZLGY,0.72,,2026_03_03,2026-04-18 17:31
ALKLC,0.32,99.066,2026_03_03,2026-04-18 17:31
GARFA,0.02,35.262,2026_03_03,2026-04-18 17:31
GATEG,-0.02,-2.185,2026_03_03,2026-04-18 17:31
GEDIK,-0.05,-553.201,2026_03_03,2026-04-18 17:31
GEDZA,-0.19,-78.04,2026_03_03,2026-04-18 17:31
RUZYE,-1.91,,2026_03_03,2026-04-18 17:31
GENKM,-4.85,,2026_03_03,2026-04-18 17:31
GENTS,0.12,936.763,2026_03_03,2026-04-18 17:31
GEREL,0.68,,2026_03_03,2026-04-18 17:31
A1CAP,-0.69,,2026_03_03,2026-04-18 17:31
GIPTA,-0.47,-242.035,2026_03_03,2026-04-18 17:31
GLBMD,0.35,99.827,2026_03_03,2026-04-18 17:31
GLCVY,-0.81,-213.744,2026_03_03,2026-04-18 17:31
ALVES,0.64,,2026_03_03,2026-04-18 17:31
GLRYH,-0.16,-977.038,2026_03_03,2026-04-18 17:31
GLYHO,0.03,566.703,2026_03_03,2026-04-18 17:31
GMTAS,0.04,113.141,2026_03_03,2026-04-18 17:31
GOKNR,0.35,621.296,2026_03_03,2026-04-18 17:31
GOLTS,-0.32,-40.202,2026_03_03,2026-04-18 17:31
GOODY,-0.14,-184.745,2026_03_03,2026-04-18 17:31
GOZDE,-0.08,-295.868,2026_03_03,2026-04-18 17:31
GRNYO,-0.06,-23.145,2026_03_03,2026-04-18 17:31
ANELE,0.04,50.976,2026_03_03,2026-04-18 17:31
ANGEN,0.45,387.3,2026_03_03,2026-04-18 17:31
GSDDE,1.12,,2026_03_03,2026-04-18 17:31
GSDHO,0.23,,2026_03_03,2026-04-18 17:31
ANHYT,-0.55,-494.865,2026_03_03,2026-04-18 17:31
AFYON,-0.38,,2026_03_03,2026-04-18 17:31
GUNDG,1.8,340.283,2026_03_03,2026-04-18 17:31
GWIND,-0.21,-384.687,2026_03_03,2026-04-18 17:31
GZNMI,-0.56,-230.867,2026_03_03,2026-04-18 17:31
ARASE,0.17,80.872,2026_03_03,2026-04-18 17:31
HATEK,0.2,128.272,2026_03_03,2026-04-18 17:31
HATSN,-0.39,-171.547,2026_03_03,2026-04-18 17:31
HDFGS,0.33,,2026_03_03,2026-04-18 17:31
HEDEF,0.34,,2026_03_03,2026-04-18 17:31
AGESA,0.01,3.934,2026_03_03,2026-04-18 17:31
HKTM,0.14,104.244,2026_03_03,2026-04-18 17:31
HLGYO,-1.91,,2026_03_03,2026-04-18 17:31
HOROZ,-2.34,-575.846,2026_03_03,2026-04-18 17:31
HRKET,-0.81,-195.402,2026_03_03,2026-04-18 17:31
HTTBT,-0.42,-354.112,2026_03_03,2026-04-18 17:31
HUBVC,0.14,382.869,2026_03_03,2026-04-18 17:31
HUNER,0.32,,2026_03_03,2026-04-18 17:31
HURGZ,-0.45,,2026_03_03,2026-04-18 17:31
ICBCT,0.25,533.686,2026_03_03,2026-04-18 17:31
ICUGS,-0.36,,2026_03_03,2026-04-18 17:31
IDGYO,0.11,124.667,2026_03_03,2026-04-18 17:31
IEYHO,0.16,881.044,2026_03_03,2026-04-18 17:31
IHAAS,0.12,70.594,2026_03_03,2026-04-18 17:31
IHEVA,0.01,42.071,2026_03_03,2026-04-18 17:31
IHGZT,0.0,-4.508,2026_03_03,2026-04-18 17:31
IHLAS,0.15,,2026_03_03,2026-04-18 17:31
IHLGM,0.84,,2026_03_03,2026-04-18 17:31
IHYAY,0.73,,2026_03_03,2026-04-18 17:31
IMASM,-0.01,-62.654,2026_03_03,2026-04-18 17:31
INDES,-0.25,,2026_03_03,2026-04-18 17:31
INFO,0.26,,2026_03_03,2026-04-18 17:31
INGRM,0.0,252.0,2026_03_03,2026-04-18 17:31
INTEK,0.0,-1.0,2026_03_03,2026-04-18 17:31
INTEM,0.06,6.474,2026_03_03,2026-04-18 17:31
INVEO,0.11,,2026_03_03,2026-04-18 17:31
INVES,0.27,97.896,2026_03_03,2026-04-18 17:31
ARDYZ,-0.11,-314.509,2026_03_03,2026-04-18 17:31
ISATR,0.0,0.0,2026_03_03,2026-04-18 17:31
ISBIR,0.0,0.0,2026_03_03,2026-04-18 17:31
ISBTR,-0.01,-1.0,2026_03_03,2026-04-18 17:31
ARENA,-0.12,-80.922,2026_03_03,2026-04-18 17:31
ISDMR,-0.66,-973.833,2026_03_03,2026-04-18 17:31
ISFIN,-0.07,-216.426,2026_03_03,2026-04-18 17:31
ISGSY,-0.66,-312.527,2026_03_03,2026-04-18 17:31
ISGYO,0.11,622.206,2026_03_03,2026-04-18 17:31
ISKPL,0.35,,2026_03_03,2026-04-18 17:31
ISKUR,0.0,0.0,2026_03_03,2026-04-18 17:31
ARFYE,1.96,924.425,2026_03_03,2026-04-18 17:31
ISSEN,0.19,208.572,2026_03_03,2026-04-18 17:31
ISYAT,0.2,313.227,2026_03_03,2026-04-18 17:31
ARMGD,-1.31,-717.209,2026_03_03,2026-04-18 17:31
IZFAS,0.73,,2026_03_03,2026-04-18 17:31
IZINV,0.19,25.798,2026_03_03,2026-04-18 17:31
IZMDC,-0.06,-394.115,2026_03_03,2026-04-18 17:31
JANTS,-0.05,-108.521,2026_03_03,2026-04-18 17:31
KAPLM,0.69,31.528,2026_03_03,2026-04-18 17:31
KAREL,-0.36,,2026_03_03,2026-04-18 17:31
KARSN,-0.15,,2026_03_03,2026-04-18 17:31
KARTN,0.0,1.876,2026_03_03,2026-04-18 17:31
KATMR,0.88,,2026_03_03,2026-04-18 17:31
KAYSE,-1.72,,2026_03_03,2026-04-18 17:31
KBORU,0.36,511.08,2026_03_03,2026-04-18 17:31
ARSAN,-0.03,-219.432,2026_03_03,2026-04-18 17:31
ARTMS,0.32,93.278,2026_03_03,2026-04-18 17:31
KENT,-0.01,-158.0,2026_03_03,2026-04-18 17:31
KERVN,0.0,1.144,2026_03_03,2026-04-18 17:31
KFEIN,0.2,298.293,2026_03_03,2026-04-18 17:31
KGYO,3.61,,2026_03_03,2026-04-18 17:31
KIMMR,-0.48,-360.216,2026_03_03,2026-04-18 17:31
KLGYO,-0.17,,2026_03_03,2026-04-18 17:31
KLKIM,0.12,178.558,2026_03_03,2026-04-18 17:31
KLMSN,-0.32,-100.673,2026_03_03,2026-04-18 17:31
KLNMA,0.09,75.825,2026_03_03,2026-04-18 17:31
ARZUM,0.22,890.024,2026_03_03,2026-04-18 17:31
KLSER,-0.02,-21.676,2026_03_03,2026-04-18 17:31
KLSYN,0.31,340.05,2026_03_03,2026-04-18 17:31
KLYPV,-0.08,-35.89,2026_03_03,2026-04-18 17:31
KMPUR,1.55,,2026_03_03,2026-04-18 17:31
KNFRT,0.39,517.919,2026_03_03,2026-04-18 17:31
KOCMT,0.81,,2026_03_03,2026-04-18 17:31
KONKA,0.28,251.94,2026_03_03,2026-04-18 17:31
A1YEN,0.22,91.315,2026_03_03,2026-04-18 17:31
KONYA,0.02,399.0,2026_03_03,2026-04-18 17:31
KOPOL,7.79,,2026_03_03,2026-04-18 17:31
KORDS,-0.06,-43.106,2026_03_03,2026-04-18 17:31
KOTON,-0.5,-684.434,2026_03_03,2026-04-18 17:31
ASGYO,0.62,,2026_03_03,2026-04-18 17:31
AGROT,-1.0,,2026_03_03,2026-04-18 17:31
KRDMA,0.33,797.543,2026_03_03,2026-04-18 17:31
KRDMB,-4.92,,2026_03_03,2026-04-18 17:31
ASUZU,0.11,44.612,2026_03_03,2026-04-18 17:31
KRGYO,1.04,,2026_03_03,2026-04-18 17:31
KRONT,-0.54,-632.446,2026_03_03,2026-04-18 17:31
KRPLS,1.61,,2026_03_03,2026-04-18 17:31
KRSTL,-0.15,-281.897,2026_03_03,2026-04-18 17:31
KRTEK,0.3,57.008,2026_03_03,2026-04-18 17:31
KRVGD,0.3,,2026_03_03,2026-04-18 17:31
KSTUR,0.0,-13.0,2026_03_03,2026-04-18 17:31
ATAGY,0.25,111.871,2026_03_03,2026-04-18 17:31
KTSKR,0.3,43.452,2026_03_03,2026-04-18 17:31
KUTPO,0.22,23.38,2026_03_03,2026-04-18 17:31
KUVVA,0.05,10.652,2026_03_03,2026-04-18 17:31
ATAKP,-0.08,-22.542,2026_03_03,2026-04-18 17:31
KZBGY,-0.1,,2026_03_03,2026-04-18 17:31
KZGYO,-0.15,-77.092,2026_03_03,2026-04-18 17:31
LIDER,-0.02,-48.183,2026_03_03,2026-04-18 17:31
LIDFA,0.06,306.223,2026_03_03,2026-04-18 17:31
LILAK,0.24,630.91,2026_03_03,2026-04-18 17:31
LINK,0.43,,2026_03_03,2026-04-18 17:31
LKMNH,-0.11,-173.33,2026_03_03,2026-04-18 17:31
LMKDC,0.46,720.226,2026_03_03,2026-04-18 17:31
LOGO,-0.33,-238.16,2026_03_03,2026-04-18 17:31
LRSHO,-0.11,-785.9,2026_03_03,2026-04-18 17:31
LUKSK,-0.03,-8.242,2026_03_03,2026-04-18 17:31
LXGYO,-20.79,,2026_03_03,2026-04-18 17:31
LYDHO,0.07,138.22,2026_03_03,2026-04-18 17:31
LYDYE,0.14,2.011,2026_03_03,2026-04-18 17:31
MAALT,0.64,30.22,2026_03_03,2026-04-18 17:31
MACKO,-1.02,-426.102,2026_03_03,2026-04-18 17:31
ATATP,0.78,146.21,2026_03_03,2026-04-18 17:31
MAKIM,-0.41,-172.096,2026_03_03,2026-04-18 17:31
MAKTK,0.0,-3.791,2026_03_03,2026-04-18 17:31
MANAS,0.03,112.465,2026_03_03,2026-04-18 17:31
MARBL,-0.41,-265.025,2026_03_03,2026-04-18 17:31
MARKA,-0.27,-55.88,2026_03_03,2026-04-18 17:31
MARMR,0.45,,2026_03_03,2026-04-18 17:31
MARTI,0.68,,2026_03_03,2026-04-18 17:31
ATATR,-0.49,,2026_03_03,2026-04-18 17:31
MCARD,-32.79,,2026_03_03,2026-04-18 17:31
MEDTR,0.21,50.748,2026_03_03,2026-04-18 17:31
MEGAP,0.01,29.985,2026_03_03,2026-04-18 17:31
MEGMT,-0.54,-393.893,2026_03_03,2026-04-18 17:31
MEKAG,-0.52,,2026_03_03,2026-04-18 17:31
MEPET,0.05,32.835,2026_03_03,2026-04-18 17:31
MERCN,0.49,364.071,2026_03_03,2026-04-18 17:31
MERIT,0.13,411.256,2026_03_03,2026-04-18 17:31
MERKO,0.45,451.674,2026_03_03,2026-04-18 17:31
METRO,-0.69,,2026_03_03,2026-04-18 17:31
MEYSU,0.36,631.859,2026_03_03,2026-04-18 17:31
ATEKS,-0.02,-1.1,2026_03_03,2026-04-18 17:31
MHRGY,0.53,,2026_03_03,2026-04-18 17:31
ATLAS,-0.02,-10.319,2026_03_03,2026-04-18 17:31
MMCAS,0.0,0.0,2026_03_03,2026-04-18 17:31
MNDRS,0.11,228.859,2026_03_03,2026-04-18 17:31
MNDTR,-0.02,-156.159,2026_03_03,2026-04-18 17:31
MOBTL,1.04,,2026_03_03,2026-04-18 17:31
MOGAN,-0.34,-896.7,2026_03_03,2026-04-18 17:31
MOPAS,0.21,118.439,2026_03_03,2026-04-18 17:31
ATSYH,0.0,0.0,2026_03_03,2026-04-18 17:31
MRGYO,0.53,,2026_03_03,2026-04-18 17:31
MRSHL,-0.05,-2.355,2026_03_03,2026-04-18 17:31
MSGYO,-0.06,-98.296,2026_03_03,2026-04-18 17:31
MTRKS,0.37,161.777,2026_03_03,2026-04-18 17:31
MTRYO,0.0,0.0,2026_03_03,2026-04-18 17:31
MZHLD,-0.03,-17.321,2026_03_03,2026-04-18 17:31
NATEN,0.22,692.861,2026_03_03,2026-04-18 17:31
NETAS,-0.05,-18.004,2026_03_03,2026-04-18 17:31
NETCD,0.04,14.296,2026_03_03,2026-04-18 17:31
NIBAS,0.77,,2026_03_03,2026-04-18 17:31
NTGAZ,0.66,,2026_03_03,2026-04-18 17:31
NTHOL,-0.29,,2026_03_03,2026-04-18 17:31
NUGYO,0.13,422.53,2026_03_03,2026-04-18 17:31
NUHCM,-0.22,-75.426,2026_03_03,2026-04-18 17:31
AVGYO,0.16,179.547,2026_03_03,2026-04-18 17:31
OBASE,0.68,101.535,2026_03_03,2026-04-18 17:31
AVHOL,-0.07,-17.385,2026_03_03,2026-04-18 17:31
ODINE,0.08,39.448,2026_03_03,2026-04-18 17:31
OFSYM,-0.24,-55.289,2026_03_03,2026-04-18 17:31
ONCSM,0.95,96.548,2026_03_03,2026-04-18 17:31
ONRYT,0.22,42.584,2026_03_03,2026-04-18 17:31
ORCAY,-0.03,-38.116,2026_03_03,2026-04-18 17:31
ORGE,-0.39,-164.938,2026_03_03,2026-04-18 17:31
ORMA,0.0,0.0,2026_03_03,2026-04-18 17:31
OSMEN,0.15,236.311,2026_03_03,2026-04-18 17:31
OSTIM,0.05,279.382,2026_03_03,2026-04-18 17:31
AVOD,0.45,,2026_03_03,2026-04-18 17:31
OTTO,-0.37,-21.616,2026_03_03,2026-04-18 17:31
AVPGY,-0.57,-564.442,2026_03_03,2026-04-18 17:31
OYAYO,0.07,12.071,2026_03_03,2026-04-18 17:31
OYLUM,0.22,175.434,2026_03_03,2026-04-18 17:31
OYYAT,-0.04,-39.329,2026_03_03,2026-04-18 17:31
OZATD,-0.41,-55.193,2026_03_03,2026-04-18 17:31
OZGYO,0.79,,2026_03_03,2026-04-18 17:31
OZKGY,-0.3,,2026_03_03,2026-04-18 17:31
OZRDN,-0.05,-26.747,2026_03_03,2026-04-18 17:31
OZSUB,0.69,353.251,2026_03_03,2026-04-18 17:31
OZYSR,-0.2,-82.424,2026_03_03,2026-04-18 17:31
PAGYO,-0.3,-174.807,2026_03_03,2026-04-18 17:31
PAHOL,-0.24,,2026_03_03,2026-04-18 17:31
PAMEL,0.07,14.902,2026_03_03,2026-04-18 17:31
PAPIL,0.07,155.477,2026_03_03,2026-04-18 17:31
PARSN,-0.1,-34.05,2026_03_03,2026-04-18 17:31
AVTUR,0.34,146.293,2026_03_03,2026-04-18 17:31
AYCES,-1.09,-20.537,2026_03_03,2026-04-18 17:31
PCILT,0.99,446.981,2026_03_03,2026-04-18 17:31
TEHOL,-0.86,,2026_03_03,2026-04-18 17:31
PEKGY,-2.19,,2026_03_03,2026-04-18 17:31
PENGD,-0.02,-23.897,2026_03_03,2026-04-18 17:31
PENTA,0.03,62.011,2026_03_03,2026-04-18 17:31
AYDEM,0.51,668.295,2026_03_03,2026-04-18 17:31
PETUN,-0.07,-99.988,2026_03_03,2026-04-18 17:31
AYEN,-0.23,-129.982,2026_03_03,2026-04-18 17:31
PINSU,0.17,171.199,2026_03_03,2026-04-18 17:31
PKART,0.28,30.956,2026_03_03,2026-04-18 17:31
PKENT,0.12,27.856,2026_03_03,2026-04-18 17:31
PLTUR,-0.89,-444.377,2026_03_03,2026-04-18 17:31
PNLSN,0.9,310.145,2026_03_03,2026-04-18 17:31
PNSUT,0.01,17.348,2026_03_03,2026-04-18 17:31
POLHO,0.83,,2026_03_03,2026-04-18 17:31
POLTK,0.08,915.0,2026_03_03,2026-04-18 17:31
PRDGS,-0.16,-181.439,2026_03_03,2026-04-18 17:31
PRKAB,-0.67,-233.648,2026_03_03,2026-04-18 17:31
PRKME,0.45,240.281,2026_03_03,2026-04-18 17:31
PRZMA,-0.12,-71.642,2026_03_03,2026-04-18 17:31
PSDTC,-0.02,-1.165,2026_03_03,2026-04-18 17:31
PSGYO,1.1,,2026_03_03,2026-04-18 17:31
QNBFK,0.0,-8.0,2026_03_03,2026-04-18 17:31
QNBTR,0.0,-27.0,2026_03_03,2026-04-18 17:31
AYES,0.0,-5.004,2026_03_03,2026-04-18 17:31
AYGAZ,-0.15,-153.422,2026_03_03,2026-04-18 17:31
RAYSG,0.04,20.54,2026_03_03,2026-04-18 17:31
AZTEK,0.03,80.169,2026_03_03,2026-04-18 17:31
RGYAS,-0.2,-211.639,2026_03_03,2026-04-18 17:31
RNPOL,0.2,668.457,2026_03_03,2026-04-18 17:31
RODRG,0.15,25.409,2026_03_03,2026-04-18 17:31
ROYAL,0.0,0.0,2026_03_03,2026-04-18 17:31
RTALB,0.11,462.369,2026_03_03,2026-04-18 17:31
RUBNS,0.48,203.277,2026_03_03,2026-04-18 17:31
RYGYO,0.08,618.841,2026_03_03,2026-04-18 17:31
RYSAS,0.01,178.721,2026_03_03,2026-04-18 17:31
SAFKR,-0.07,-60.127,2026_03_03,2026-04-18 17:31
BAGFS,-0.32,-316.373,2026_03_03,2026-04-18 17:31
SAMAT,0.29,291.663,2026_03_03,2026-04-18 17:31
SANEL,0.09,16.446,2026_03_03,2026-04-18 17:31
SANFM,-0.16,-347.972,2026_03_03,2026-04-18 17:31
SANKO,-0.09,-34.785,2026_03_03,2026-04-18 17:31
SARKY,0.14,,2026_03_03,2026-04-18 17:31
BAHKM,8.47,,2026_03_03,2026-04-18 17:31
SAYAS,-0.03,-10.674,2026_03_03,2026-04-18 17:31
SDTTR,0.86,137.024,2026_03_03,2026-04-18 17:31
SEGMN,-0.92,-741.229,2026_03_03,2026-04-18 17:31
SEGYO,-13.22,,2026_03_03,2026-04-18 17:31
SEKFK,0.0,0.0,2026_03_03,2026-04-18 17:31
SEKUR,0.22,293.033,2026_03_03,2026-04-18 17:31
SELEC,0.26,321.307,2026_03_03,2026-04-18 17:31
SELVA,3.09,,2026_03_03,2026-04-18 17:31
SERNT,-1.07,,2026_03_03,2026-04-18 17:31
SEYKM,0.05,84.346,2026_03_03,2026-04-18 17:31
SILVR,-0.06,-125.977,2026_03_03,2026-04-18 17:31
BAKAB,0.02,8.352,2026_03_03,2026-04-18 17:31
BALAT,-0.02,-1.374,2026_03_03,2026-04-18 17:31
SKTAS,0.79,,2026_03_03,2026-04-18 17:31
SKYLP,0.12,8.573,2026_03_03,2026-04-18 17:31
SKYMD,-0.2,-101.382,2026_03_03,2026-04-18 17:31
SMART,-0.67,-198.937,2026_03_03,2026-04-18 17:31
SMRTG,0.18,,2026_03_03,2026-04-18 17:31
SMRVA,2.14,599.276,2026_03_03,2026-04-18 17:31
SNGYO,-0.59,,2026_03_03,2026-04-18 17:31
SNICA,-0.06,-175.481,2026_03_03,2026-04-18 17:31
SNPAM,0.0,1.0,2026_03_03,2026-04-18 17:31
SODSN,0.0,0.0,2026_03_03,2026-04-18 17:31
SOKE,0.89,,2026_03_03,2026-04-18 17:31
AGYO,0.05,65.707,2026_03_03,2026-04-18 17:31
SONME,0.07,2.988,2026_03_03,2026-04-18 17:31
SRVGY,1.2,,2026_03_03,2026-04-18 17:31
SUMAS,0.0,0.0,2026_03_03,2026-04-18 17:31
SUNTK,-0.03,-41.304,2026_03_03,2026-04-18 17:31
SURGY,-0.05,-19.441,2026_03_03,2026-04-18 17:31
SUWEN,0.02,55.086,2026_03_03,2026-04-18 17:31
SVGYO,7.51,,2026_03_03,2026-04-18 17:31
BANVT,0.01,3.622,2026_03_03,2026-04-18 17:31
TARKM,0.43,21.579,2026_03_03,2026-04-18 17:31
TATEN,-4.79,,2026_03_03,2026-04-18 17:31
TATGD,0.3,354.746,2026_03_03,2026-04-18 17:31
BARMA,0.3,239.438,2026_03_03,2026-04-18 17:31
TBORG,-0.2,-118.591,2026_03_03,2026-04-18 17:31
BASCM,0.03,13.381,2026_03_03,2026-04-18 17:31
TCKRC,-0.31,-217.99,2026_03_03,2026-04-18 17:31
TDGYO,0.77,473.222,2026_03_03,2026-04-18 17:31
TEKTU,-0.69,,2026_03_03,2026-04-18 17:31
TERA,0.93,,2026_03_03,2026-04-18 17:31
TEZOL,0.86,,2026_03_03,2026-04-18 17:31
TGSAS,-0.12,-14.143,2026_03_03,2026-04-18 17:31
BASGZ,0.17,297.512,2026_03_03,2026-04-18 17:31
BAYRK,0.25,471.586,2026_03_03,2026-04-18 17:31
TKNSA,-0.42,-421.368,2026_03_03,2026-04-18 17:31
TLMAN,-0.28,-28.57,2026_03_03,2026-04-18 17:31
TMPOL,0.62,69.19,2026_03_03,2026-04-18 17:31
TMSN,-0.01,-5.261,2026_03_03,2026-04-18 17:31
TNZTP,-0.52,-526.127,2026_03_03,2026-04-18 17:31
BEGYO,0.33,941.424,2026_03_03,2026-04-18 17:31
TRCAS,-0.13,-259.028,2026_03_03,2026-04-18 17:31
TRGYO,-0.14,-341.392,2026_03_03,2026-04-18 17:31
TRILC,-0.15,-179.319,2026_03_03,2026-04-18 17:31
TSGYO,0.05,126.033,2026_03_03,2026-04-18 17:31
BERA,0.24,,2026_03_03,2026-04-18 17:31
BESLR,0.09,587.053,2026_03_03,2026-04-18 17:31
BESTE,8.02,,2026_03_03,2026-04-18 17:31
BEYAZ,0.35,149.823,2026_03_03,2026-04-18 17:31
TUCLK,0.99,,2026_03_03,2026-04-18 17:31
BFREN,-0.08,-19.803,2026_03_03,2026-04-18 17:31
BIENY,0.67,556.249,2026_03_03,2026-04-18 17:31
BIGCH,-0.32,,2026_03_03,2026-04-18 17:31
TURGG,0.02,6.948,2026_03_03,2026-04-18 17:31
BIGEN,-0.62,-715.605,2026_03_03,2026-04-18 17:31
UCAYM,0.58,347.499,2026_03_03,2026-04-18 17:31
UFUK,0.0,1.223,2026_03_03,2026-04-18 17:31
ULAS,0.08,19.791,2026_03_03,2026-04-18 17:31
BIGTK,0.06,14.645,2026_03_03,2026-04-18 17:31
ULUFA,0.26,803.149,2026_03_03,2026-04-18 17:31
ULUSE,0.04,9.891,2026_03_03,2026-04-18 17:31
ULUUN,-0.6,,2026_03_03,2026-04-18 17:31
UMPAS,0.0,0.0,2026_03_03,2026-04-18 17:31
UNLU,0.3,313.292,2026_03_03,2026-04-18 17:31
USAK,0.65,,2026_03_03,2026-04-18 17:31
AHGAZ,0.24,,2026_03_03,2026-04-18 17:31
VAKFA,0.48,,2026_03_03,2026-04-18 17:31
VAKFN,-0.45,,2026_03_03,2026-04-18 17:31
VAKKO,0.11,33.048,2026_03_03,2026-04-18 17:31
VANGD,0.02,6.218,2026_03_03,2026-04-18 17:31
VBTYZ,0.24,146.526,2026_03_03,2026-04-18 17:31
VERTU,0.25,55.315,2026_03_03,2026-04-18 17:31
VERUS,0.17,57.125,2026_03_03,2026-04-18 17:31
VESBE,-0.05,-280.851,2026_03_03,2026-04-18 17:31
BINBN,0.77,130.833,2026_03_03,2026-04-18 17:31
VKFYO,0.03,8.727,2026_03_03,2026-04-18 17:31
VKGYO,-0.42,,2026_03_03,2026-04-18 17:31
VKING,-3.67,,2026_03_03,2026-04-18 17:31
VRGYO,0.09,547.174,2026_03_03,2026-04-18 17:31
VSNMD,-0.68,-163.312,2026_03_03,2026-04-18 17:31
YAPRK,3.02,,2026_03_03,2026-04-18 17:31
YATAS,-0.04,-35.592,2026_03_03,2026-04-18 17:31
YAYLA,0.58,230.504,2026_03_03,2026-04-18 17:31
YBTAS,0.0,0.0,2026_03_03,2026-04-18 17:31
BINHO,-0.55,,2026_03_03,2026-04-18 17:31
YESIL,0.0,3.0,2026_03_03,2026-04-18 17:31
YGGYO,0.05,122.003,2026_03_03,2026-04-18 17:31
YGYO,-3.89,,2026_03_03,2026-04-18 17:31
YIGIT,0.14,105.208,2026_03_03,2026-04-18 17:31
BIOEN,-0.31,-606.774,2026_03_03,2026-04-18 17:31
YKSLN,0.91,,2026_03_03,2026-04-18 17:31
YONGA,0.0,0.0,2026_03_03,2026-04-18 17:31
YUNSA,-0.21,-432.521,2026_03_03,2026-04-18 17:31
YYAPI,0.0,3.0,2026_03_03,2026-04-18 17:31
YYLGD,-0.11,-431.172,2026_03_03,2026-04-18 17:31
ZEDUR,0.05,28.388,2026_03_03,2026-04-18 17:31
ZERGY,0.69,,2026_03_03,2026-04-18 17:31
ZGYO,-2.31,,2026_03_03,2026-04-18 17:31
BIZIM,0.16,43.385,2026_03_03,2026-04-18 17:31
ZRGYO,0.03,297.892,2026_03_03,2026-04-18 17:31
THYAO,0.61,,2026_03_04,2026-04-18 17:32
TUPRS,3.12,,2026_03_04,2026-04-18 17:32
SASA,-0.3,,2026_03_04,2026-04-18 17:32
ASELS,-0.16,,2026_03_04,2026-04-18 17:32
ISCTR,-1.05,,2026_03_04,2026-04-18 17:32
HEKTS,-0.34,,2026_03_04,2026-04-18 17:32
SISE,1.2,,2026_03_04,2026-04-18 17:32
PGSUS,-0.72,,2026_03_04,2026-04-18 17:32
ALTNY,0.0,-34.238,2026_03_04,2026-04-18 17:32
EREGL,-0.05,,2026_03_04,2026-04-18 17:32
REEDR,1.07,,2026_03_04,2026-04-18 17:32
KCHOL,0.98,,2026_03_04,2026-04-18 17:32
KONTR,0.12,,2026_03_04,2026-04-18 17:32
FROTO,-1.27,,2026_03_04,2026-04-18 17:32
CWENE,0.81,,2026_03_04,2026-04-18 17:32
ASTOR,2.13,,2026_03_04,2026-04-18 17:32
PATEK,0.01,31.368,2026_03_04,2026-04-18 17:32
TABGD,-0.07,-36.086,2026_03_04,2026-04-18 17:32
IZENR,1.43,,2026_03_04,2026-04-18 17:32
CANTE,0.11,,2026_03_04,2026-04-18 17:32
ZOREN,-0.92,,2026_03_04,2026-04-18 17:32
ENERY,0.06,,2026_03_04,2026-04-18 17:32
DOAS,-3.23,,2026_03_04,2026-04-18 17:32
AKBNK,-2.11,,2026_03_04,2026-04-18 17:32
PETKM,2.35,,2026_03_04,2026-04-18 17:32
OBAMS,0.32,,2026_03_04,2026-04-18 17:32
ENJSA,-0.84,,2026_03_04,2026-04-18 17:32
SAHOL,-0.88,,2026_03_04,2026-04-18 17:32
TCELL,-0.25,,2026_03_04,2026-04-18 17:32
KCAER,0.05,245.194,2026_03_04,2026-04-18 17:32
BIMAS,0.21,905.339,2026_03_04,2026-04-18 17:32
YKBNK,-0.87,,2026_03_04,2026-04-18 17:32
OYAKC,0.13,,2026_03_04,2026-04-18 17:32
EUPWR,2.94,,2026_03_04,2026-04-18 17:32
MIATK,1.17,,2026_03_04,2026-04-18 17:32
TOASO,-2.32,,2026_03_04,2026-04-18 17:32
PAHOL,0.16,,2026_03_04,2026-04-18 17:32
TTRAK,0.04,10.068,2026_03_04,2026-04-18 17:32
GARAN,-0.77,,2026_03_04,2026-04-18 17:32
ENKAI,-0.43,,2026_03_04,2026-04-18 17:32
TUKAS,-0.91,,2026_03_04,2026-04-18 17:32
KRDMD,-0.21,,2026_03_04,2026-04-18 17:32
MGROS,0.15,143.311,2026_03_04,2026-04-18 17:32
ISMEN,-2.06,,2026_03_04,2026-04-18 17:32
TRALT,-4.18,,2026_03_04,2026-04-18 17:32
GSRAY,-0.02,,2026_03_04,2026-04-18 17:32
TSPOR,-0.87,,2026_03_04,2026-04-18 17:32
AEFES,-0.11,,2026_03_04,2026-04-18 17:32
AKSA,0.04,515.004,2026_03_04,2026-04-18 17:32
YEOTK,-1.25,,2026_03_04,2026-04-18 17:32
EKGYO,-0.94,,2026_03_04,2026-04-18 17:32
EUREN,-0.36,,2026_03_04,2026-04-18 17:32
ODAS,-1.07,,2026_03_04,2026-04-18 17:32
ALARK,-0.23,-388.015,2026_03_04,2026-04-18 17:32
CVKMD,0.13,633.842,2026_03_04,2026-04-18 17:32
GESAN,-0.56,-800.721,2026_03_04,2026-04-18 17:32
FENER,0.68,,2026_03_04,2026-04-18 17:32
ARCLK,-0.49,-822.285,2026_03_04,2026-04-18 17:32
MAVI,0.14,778.646,2026_03_04,2026-04-18 17:32
TTKOM,-1.44,,2026_03_04,2026-04-18 17:32
SARKY,-0.16,,2026_03_04,2026-04-18 17:32
ULKER,0.98,,2026_03_04,2026-04-18 17:32
CIMSA,1.16,,2026_03_04,2026-04-18 17:32
TAVHL,0.2,423.932,2026_03_04,2026-04-18 17:32
VESTL,-0.37,,2026_03_04,2026-04-18 17:32
SKBNK,-0.43,,2026_03_04,2026-04-18 17:32
CCOLA,0.14,,2026_03_04,2026-04-18 17:32
PSGYO,0.29,,2026_03_04,2026-04-18 17:32
HALKB,-0.07,,2026_03_04,2026-04-18 17:32
AKSEN,-0.2,,2026_03_04,2026-04-18 17:32
TURSG,0.03,,2026_03_04,2026-04-18 17:32
QUAGR,-0.34,,2026_03_04,2026-04-18 17:32
GLRMK,16.83,,2026_03_04,2026-04-18 17:32
DOHOL,-0.28,,2026_03_04,2026-04-18 17:32
SOKM,-0.76,,2026_03_04,2026-04-18 17:32
KTLEV,1.47,,2026_03_04,2026-04-18 17:32
BRSAN,0.52,183.364,2026_03_04,2026-04-18 17:32
TSKB,-1.5,,2026_03_04,2026-04-18 17:32
VAKBN,-0.11,,2026_03_04,2026-04-18 17:32
GUBRF,-0.92,-762.295,2026_03_04,2026-04-18 17:32
TUREX,0.56,,2026_03_04,2026-04-18 17:32
OTKAR,0.13,43.892,2026_03_04,2026-04-18 17:32
EFOR,-5.95,,2026_03_04,2026-04-18 17:32
PASEU,2.88,,2026_03_04,2026-04-18 17:32
ECILC,-1.15,,2026_03_04,2026-04-18 17:32
AGHOL,-0.41,,2026_03_04,2026-04-18 17:32
TKFEN,-0.96,,2026_03_04,2026-04-18 17:32
BALSU,-0.42,,2026_03_04,2026-04-18 17:32
ANSGR,0.15,,2026_03_04,2026-04-18 17:32
BTCIM,0.93,,2026_03_04,2026-04-18 17:32
DAPGM,-0.83,-980.649,2026_03_04,2026-04-18 17:32
MAGEN,1.1,,2026_03_04,2026-04-18 17:32
GRTHO,-1.89,-696.358,2026_03_04,2026-04-18 17:32
TRMET,-1.58,,2026_03_04,2026-04-18 17:32
EGEEN,-0.95,-10.775,2026_03_04,2026-04-18 17:32
GENIL,0.78,,2026_03_04,2026-04-18 17:32
BRYAT,-0.04,-3.951,2026_03_04,2026-04-18 17:32
BSOKE,0.85,,2026_03_04,2026-04-18 17:32
KLRHO,-0.04,-162.824,2026_03_04,2026-04-18 17:32
MPARK,0.02,21.723,2026_03_04,2026-04-18 17:32
KUYAS,4.43,,2026_03_04,2026-04-18 17:32
TRENJ,-0.25,-245.577,2026_03_04,2026-04-18 17:32
DSTKF,-0.77,-647.931,2026_03_04,2026-04-18 17:32
GRSEL,-0.96,-284.913,2026_03_04,2026-04-18 17:32
RALYH,1.2,,2026_03_04,2026-04-18 17:32
BNTAS,-0.34,-578.901,2026_03_04,2026-04-18 17:32
BOBET,-1.39,,2026_03_04,2026-04-18 17:32
BORLS,-0.57,,2026_03_04,2026-04-18 17:32
BORSK,0.1,284.151,2026_03_04,2026-04-18 17:32
BOSSA,-0.28,,2026_03_04,2026-04-18 17:32
BRISA,0.01,462.0,2026_03_04,2026-04-18 17:32
BRKO,0.02,20.001,2026_03_04,2026-04-18 17:32
BRKSN,-0.15,-91.399,2026_03_04,2026-04-18 17:32
BRKVY,0.44,59.774,2026_03_04,2026-04-18 17:32
BRLSM,-0.5,-536.662,2026_03_04,2026-04-18 17:32
BRMEN,0.54,306.405,2026_03_04,2026-04-18 17:32
AHSGY,-0.33,-606.007,2026_03_04,2026-04-18 17:32
ACSEL,-0.46,-38.69,2026_03_04,2026-04-18 17:32
AKCNS,0.47,185.095,2026_03_04,2026-04-18 17:32
AKENR,-0.34,,2026_03_04,2026-04-18 17:32
BUCIM,-0.42,,2026_03_04,2026-04-18 17:32
BULGS,1.06,766.835,2026_03_04,2026-04-18 17:32
BURCE,0.11,47.901,2026_03_04,2026-04-18 17:32
BURVA,2.84,134.091,2026_03_04,2026-04-18 17:32
BVSAN,0.06,7.633,2026_03_04,2026-04-18 17:32
BYDNR,0.51,117.745,2026_03_04,2026-04-18 17:32
AKFGY,-0.58,,2026_03_04,2026-04-18 17:32
CASA,0.0,1.0,2026_03_04,2026-04-18 17:32
CATES,-2.49,-823.466,2026_03_04,2026-04-18 17:32
AKFIS,-4.17,,2026_03_04,2026-04-18 17:32
CELHA,-0.19,-276.235,2026_03_04,2026-04-18 17:32
CEMAS,-0.14,,2026_03_04,2026-04-18 17:32
CEMTS,-0.38,-876.485,2026_03_04,2026-04-18 17:32
CEMZY,0.83,,2026_03_04,2026-04-18 17:32
CEOEM,-5.46,,2026_03_04,2026-04-18 17:32
CGCAM,-1.2,-505.016,2026_03_04,2026-04-18 17:32
AKFYE,-0.07,-411.122,2026_03_04,2026-04-18 17:32
CLEBI,0.17,9.315,2026_03_04,2026-04-18 17:32
CMBTN,-0.08,-842.0,2026_03_04,2026-04-18 17:32
CMENT,0.0,1.0,2026_03_04,2026-04-18 17:32
CONSE,-1.66,,2026_03_04,2026-04-18 17:32
COSMO,-0.27,-17.328,2026_03_04,2026-04-18 17:32
CRDFA,0.64,,2026_03_04,2026-04-18 17:32
CRFSA,-0.42,-76.321,2026_03_04,2026-04-18 17:32
CUSAN,1.35,250.156,2026_03_04,2026-04-18 17:32
AKGRT,-2.25,,2026_03_04,2026-04-18 17:32
AKHAN,1.62,888.717,2026_03_04,2026-04-18 17:32
TRHOL,2.0,350.842,2026_03_04,2026-04-18 17:32
DAGI,2.58,,2026_03_04,2026-04-18 17:32
AKMGY,0.02,3.237,2026_03_04,2026-04-18 17:32
DARDL,-0.16,,2026_03_04,2026-04-18 17:32
DCTTR,0.69,,2026_03_04,2026-04-18 17:32
DENGE,0.85,,2026_03_04,2026-04-18 17:32
DERHL,0.38,740.19,2026_03_04,2026-04-18 17:32
DERIM,-0.94,-380.422,2026_03_04,2026-04-18 17:32
DESA,0.02,29.605,2026_03_04,2026-04-18 17:32
DESPC,-0.62,-99.134,2026_03_04,2026-04-18 17:32
DEVA,-0.08,-162.686,2026_03_04,2026-04-18 17:32
DGATE,-1.14,-172.771,2026_03_04,2026-04-18 17:32
DGGYO,0.0,12.374,2026_03_04,2026-04-18 17:32
DGNMO,0.0,5.213,2026_03_04,2026-04-18 17:32
DIRIT,0.0,0.0,2026_03_04,2026-04-18 17:32
DITAS,-1.21,,2026_03_04,2026-04-18 17:32
DMRGD,-1.02,,2026_03_04,2026-04-18 17:32
DMSAS,-0.45,-882.64,2026_03_04,2026-04-18 17:32
DNISI,-0.18,-106.401,2026_03_04,2026-04-18 17:32
ADEL,-0.44,-494.478,2026_03_04,2026-04-18 17:32
DOCO,-6.0,-24.165,2026_03_04,2026-04-18 17:32
DOFER,-0.37,-74.803,2026_03_04,2026-04-18 17:32
DOFRB,6.57,,2026_03_04,2026-04-18 17:32
DOGUB,0.76,150.43,2026_03_04,2026-04-18 17:32
ADESE,-0.84,,2026_03_04,2026-04-18 17:32
DOKTA,-0.05,-76.497,2026_03_04,2026-04-18 17:32
AKSGY,-0.59,,2026_03_04,2026-04-18 17:32
DUNYH,0.22,81.135,2026_03_04,2026-04-18 17:32
DURDO,-0.36,,2026_03_04,2026-04-18 17:32
DURKN,-2.2,-936.303,2026_03_04,2026-04-18 17:32
DYOBY,0.03,62.962,2026_03_04,2026-04-18 17:32
DZGYO,0.34,,2026_03_04,2026-04-18 17:32
EBEBK,-1.23,-499.307,2026_03_04,2026-04-18 17:32
AKSUE,0.94,529.932,2026_03_04,2026-04-18 17:32
ECOGR,1.56,,2026_03_04,2026-04-18 17:32
ECZYT,0.22,99.242,2026_03_04,2026-04-18 17:32
EDATA,-1.09,,2026_03_04,2026-04-18 17:32
EDIP,-0.22,-79.115,2026_03_04,2026-04-18 17:32
AKYHO,0.07,164.598,2026_03_04,2026-04-18 17:32
ADGYO,0.25,946.851,2026_03_04,2026-04-18 17:32
EGEGY,3.4,,2026_03_04,2026-04-18 17:32
EGEPO,-0.69,,2026_03_04,2026-04-18 17:32
EGGUB,0.69,520.488,2026_03_04,2026-04-18 17:32
EGPRO,-0.18,-315.458,2026_03_04,2026-04-18 17:32
EGSER,-0.01,-38.153,2026_03_04,2026-04-18 17:32
ALBRK,-1.88,,2026_03_04,2026-04-18 17:32
EKIZ,0.04,3.126,2026_03_04,2026-04-18 17:32
EKOS,0.02,67.79,2026_03_04,2026-04-18 17:32
EKSUN,0.37,639.409,2026_03_04,2026-04-18 17:32
ELITE,-0.59,-261.522,2026_03_04,2026-04-18 17:32
EMKEL,-1.93,,2026_03_04,2026-04-18 17:32
EMNIS,0.0,0.0,2026_03_04,2026-04-18 17:32
EMPAE,-4.45,,2026_03_04,2026-04-18 17:32
ENDAE,0.9,,2026_03_04,2026-04-18 17:32
ALCAR,-1.59,-27.369,2026_03_04,2026-04-18 17:32
ALCTL,-0.19,-25.828,2026_03_04,2026-04-18 17:32
ALFAS,-0.86,-725.281,2026_03_04,2026-04-18 17:32
ENSRI,1.91,,2026_03_04,2026-04-18 17:32
ENTRA,1.19,,2026_03_04,2026-04-18 17:32
EPLAS,0.25,480.956,2026_03_04,2026-04-18 17:32
ERBOS,-0.1,-16.013,2026_03_04,2026-04-18 17:32
ERCB,-0.85,-333.211,2026_03_04,2026-04-18 17:32
ALGYO,-0.26,,2026_03_04,2026-04-18 17:32
ERSU,1.04,329.682,2026_03_04,2026-04-18 17:32
ESCAR,-4.35,,2026_03_04,2026-04-18 17:32
ESCOM,0.01,549.96,2026_03_04,2026-04-18 17:32
ESEN,-0.04,-280.466,2026_03_04,2026-04-18 17:32
ETILR,0.2,302.372,2026_03_04,2026-04-18 17:32
ETYAT,-0.19,-33.238,2026_03_04,2026-04-18 17:32
EUHOL,-0.49,-701.482,2026_03_04,2026-04-18 17:32
EUKYO,-0.09,-18.044,2026_03_04,2026-04-18 17:32
ALKA,0.07,230.551,2026_03_04,2026-04-18 17:32
ALKIM,0.08,153.818,2026_03_04,2026-04-18 17:32
EUYO,-0.14,-26.992,2026_03_04,2026-04-18 17:32
EYGYO,-2.04,,2026_03_04,2026-04-18 17:32
FADE,-1.6,-678.305,2026_03_04,2026-04-18 17:32
ALKLC,2.99,,2026_03_04,2026-04-18 17:32
FLAP,0.15,145.276,2026_03_04,2026-04-18 17:32
FMIZP,-3.6,-126.086,2026_03_04,2026-04-18 17:32
FONET,0.25,,2026_03_04,2026-04-18 17:32
FORMT,4.97,,2026_03_04,2026-04-18 17:32
FORTE,-0.77,-213.416,2026_03_04,2026-04-18 17:32
FRIGO,0.65,,2026_03_04,2026-04-18 17:32
FRMPL,-3.61,,2026_03_04,2026-04-18 17:32
RUZYE,0.36,954.769,2026_03_04,2026-04-18 17:32
FZLGY,-11.85,,2026_03_04,2026-04-18 17:32
A1CAP,-0.26,-652.658,2026_03_04,2026-04-18 17:32
GARFA,-0.32,-443.583,2026_03_04,2026-04-18 17:32
GATEG,0.0,750.0,2026_03_04,2026-04-18 17:32
GEDIK,0.12,,2026_03_04,2026-04-18 17:32
GEDZA,-1.18,-508.498,2026_03_04,2026-04-18 17:32
ALVES,2.64,,2026_03_04,2026-04-18 17:32
GENKM,0.85,,2026_03_04,2026-04-18 17:32
GENTS,-0.55,,2026_03_04,2026-04-18 17:32
GEREL,0.95,,2026_03_04,2026-04-18 17:32
ANELE,-3.25,,2026_03_04,2026-04-18 17:32
GIPTA,0.78,401.006,2026_03_04,2026-04-18 17:32
GLBMD,-0.03,-7.638,2026_03_04,2026-04-18 17:32
GLCVY,0.41,109.692,2026_03_04,2026-04-18 17:32
ANGEN,-0.34,-292.165,2026_03_04,2026-04-18 17:32
GLRYH,-1.05,,2026_03_04,2026-04-18 17:32
GLYHO,-0.16,,2026_03_04,2026-04-18 17:32
GMTAS,0.23,699.923,2026_03_04,2026-04-18 17:32
GOKNR,1.48,,2026_03_04,2026-04-18 17:32
GOLTS,0.01,1.688,2026_03_04,2026-04-18 17:32
GOODY,-1.81,,2026_03_04,2026-04-18 17:32
GOZDE,-0.36,,2026_03_04,2026-04-18 17:32
GRNYO,0.0,8.0,2026_03_04,2026-04-18 17:32
ANHYT,-1.1,-965.29,2026_03_04,2026-04-18 17:32
AFYON,-0.13,-519.908,2026_03_04,2026-04-18 17:32
GSDDE,-0.75,-799.147,2026_03_04,2026-04-18 17:32
GSDHO,-0.43,,2026_03_04,2026-04-18 17:32
ARASE,0.52,260.179,2026_03_04,2026-04-18 17:32
AGESA,-0.3,-109.374,2026_03_04,2026-04-18 17:32
GUNDG,3.67,697.528,2026_03_04,2026-04-18 17:32
GWIND,1.24,,2026_03_04,2026-04-18 17:32
GZNMI,-0.2,-83.519,2026_03_04,2026-04-18 17:32
ARDYZ,0.28,798.794,2026_03_04,2026-04-18 17:32
HATEK,0.07,44.453,2026_03_04,2026-04-18 17:32
HATSN,-0.26,-114.947,2026_03_04,2026-04-18 17:32
HDFGS,-2.08,,2026_03_04,2026-04-18 17:32
HEDEF,0.4,,2026_03_04,2026-04-18 17:32
ARENA,-0.65,-435.434,2026_03_04,2026-04-18 17:32
HKTM,0.24,176.303,2026_03_04,2026-04-18 17:32
HLGYO,-0.55,,2026_03_04,2026-04-18 17:32
HOROZ,-1.8,-442.058,2026_03_04,2026-04-18 17:32
HRKET,-2.42,-579.554,2026_03_04,2026-04-18 17:32
HTTBT,-0.09,-70.832,2026_03_04,2026-04-18 17:32
HUBVC,0.07,215.589,2026_03_04,2026-04-18 17:32
HUNER,-0.06,-425.005,2026_03_04,2026-04-18 17:32
HURGZ,0.36,797.124,2026_03_04,2026-04-18 17:32
ICBCT,-0.48,,2026_03_04,2026-04-18 17:32
ICUGS,3.08,,2026_03_04,2026-04-18 17:32
IDGYO,0.37,435.67,2026_03_04,2026-04-18 17:32
IEYHO,1.73,,2026_03_04,2026-04-18 17:32
IHAAS,1.68,941.576,2026_03_04,2026-04-18 17:32
IHEVA,0.17,481.098,2026_03_04,2026-04-18 17:32
IHGZT,-2.32,,2026_03_04,2026-04-18 17:32
IHLAS,1.11,,2026_03_04,2026-04-18 17:32
IHLGM,-0.36,,2026_03_04,2026-04-18 17:32
IHYAY,0.29,,2026_03_04,2026-04-18 17:32
IMASM,-0.28,,2026_03_04,2026-04-18 17:32
INDES,0.6,,2026_03_04,2026-04-18 17:32
INFO,0.19,,2026_03_04,2026-04-18 17:32
INGRM,0.0,-523.0,2026_03_04,2026-04-18 17:32
INTEK,0.0,0.0,2026_03_04,2026-04-18 17:32
INTEM,0.06,5.215,2026_03_04,2026-04-18 17:32
INVEO,0.26,,2026_03_04,2026-04-18 17:32
INVES,0.95,356.729,2026_03_04,2026-04-18 17:32
ARFYE,1.29,604.177,2026_03_04,2026-04-18 17:32
ISATR,0.0,0.0,2026_03_04,2026-04-18 17:32
ISBIR,0.0,0.0,2026_03_04,2026-04-18 17:32
ISBTR,0.0,0.0,2026_03_04,2026-04-18 17:32
ARMGD,-0.92,-511.338,2026_03_04,2026-04-18 17:32
ISDMR,-1.67,,2026_03_04,2026-04-18 17:32
ISFIN,-0.02,-65.151,2026_03_04,2026-04-18 17:32
ISGSY,-1.11,-527.657,2026_03_04,2026-04-18 17:32
ISGYO,0.09,441.196,2026_03_04,2026-04-18 17:32
ISKPL,-8.17,,2026_03_04,2026-04-18 17:32
ISKUR,0.0,0.0,2026_03_04,2026-04-18 17:32
ARSAN,-0.12,,2026_03_04,2026-04-18 17:32
ISSEN,-0.53,-574.963,2026_03_04,2026-04-18 17:32
ISYAT,0.06,78.79,2026_03_04,2026-04-18 17:32
ARTMS,4.03,,2026_03_04,2026-04-18 17:32
IZFAS,2.22,,2026_03_04,2026-04-18 17:32
IZINV,-0.46,-61.319,2026_03_04,2026-04-18 17:32
IZMDC,-0.4,,2026_03_04,2026-04-18 17:32
JANTS,-0.43,-894.272,2026_03_04,2026-04-18 17:32
KAPLM,-0.09,-2.963,2026_03_04,2026-04-18 17:32
KAREL,-0.13,-430.813,2026_03_04,2026-04-18 17:32
KARSN,-0.77,,2026_03_04,2026-04-18 17:32
KARTN,-0.66,-483.401,2026_03_04,2026-04-18 17:32
KATMR,-0.56,,2026_03_04,2026-04-18 17:32
KAYSE,-0.48,,2026_03_04,2026-04-18 17:32
KBORU,-0.16,-227.458,2026_03_04,2026-04-18 17:32
ARZUM,-0.92,,2026_03_04,2026-04-18 17:32
A1YEN,-1.28,-530.241,2026_03_04,2026-04-18 17:32
KENT,0.0,6.0,2026_03_04,2026-04-18 17:32
KERVN,0.0,-1.245,2026_03_04,2026-04-18 17:32
KFEIN,-0.57,-857.157,2026_03_04,2026-04-18 17:32
KGYO,-0.84,,2026_03_04,2026-04-18 17:32
KIMMR,0.33,246.302,2026_03_04,2026-04-18 17:32
KLGYO,0.43,,2026_03_04,2026-04-18 17:32
KLKIM,0.0,-2.054,2026_03_04,2026-04-18 17:32
KLMSN,0.79,245.629,2026_03_04,2026-04-18 17:32
KLNMA,-0.05,-44.274,2026_03_04,2026-04-18 17:32
ASGYO,0.08,132.977,2026_03_04,2026-04-18 17:32
KLSER,-0.51,-548.018,2026_03_04,2026-04-18 17:32
KLSYN,-4.13,,2026_03_04,2026-04-18 17:32
KLYPV,-1.89,-877.785,2026_03_04,2026-04-18 17:32
KMPUR,1.26,,2026_03_04,2026-04-18 17:32
KNFRT,0.23,306.324,2026_03_04,2026-04-18 17:32
KOCMT,-1.26,,2026_03_04,2026-04-18 17:32
KONKA,-0.71,-641.718,2026_03_04,2026-04-18 17:32
AGROT,0.64,,2026_03_04,2026-04-18 17:32
KONYA,-0.11,-1.854,2026_03_04,2026-04-18 17:32
KOPOL,-3.91,,2026_03_04,2026-04-18 17:32
KORDS,0.33,213.583,2026_03_04,2026-04-18 17:32
KOTON,-1.6,,2026_03_04,2026-04-18 17:32
ASUZU,-0.54,-220.919,2026_03_04,2026-04-18 17:32
ATAGY,0.56,255.657,2026_03_04,2026-04-18 17:32
KRDMA,-2.61,,2026_03_04,2026-04-18 17:32
KRDMB,1.09,,2026_03_04,2026-04-18 17:32
ATAKP,-0.3,-85.351,2026_03_04,2026-04-18 17:32
KRGYO,-0.17,-449.92,2026_03_04,2026-04-18 17:32
KRONT,0.33,389.031,2026_03_04,2026-04-18 17:32
KRPLS,3.56,,2026_03_04,2026-04-18 17:32
KRSTL,-1.82,,2026_03_04,2026-04-18 17:32
KRTEK,-4.21,-795.824,2026_03_04,2026-04-18 17:32
KRVGD,0.58,,2026_03_04,2026-04-18 17:32
KSTUR,-0.01,-112.0,2026_03_04,2026-04-18 17:32
ATATP,-1.72,-323.336,2026_03_04,2026-04-18 17:32
KTSKR,-2.07,-304.237,2026_03_04,2026-04-18 17:32
KUTPO,-1.37,-144.339,2026_03_04,2026-04-18 17:32
KUVVA,0.24,58.452,2026_03_04,2026-04-18 17:32
ATATR,1.25,,2026_03_04,2026-04-18 17:32
KZBGY,0.42,,2026_03_04,2026-04-18 17:32
KZGYO,-2.68,,2026_03_04,2026-04-18 17:32
LIDER,-0.07,-215.601,2026_03_04,2026-04-18 17:32
LIDFA,-0.5,,2026_03_04,2026-04-18 17:32
LILAK,2.31,,2026_03_04,2026-04-18 17:32
LINK,-1.98,,2026_03_04,2026-04-18 17:32
LKMNH,-0.7,,2026_03_04,2026-04-18 17:32
LMKDC,-0.74,,2026_03_04,2026-04-18 17:32
LOGO,-0.59,-440.427,2026_03_04,2026-04-18 17:32
LRSHO,-2.89,,2026_03_04,2026-04-18 17:32
LUKSK,0.16,44.701,2026_03_04,2026-04-18 17:32
LXGYO,-23.98,,2026_03_04,2026-04-18 17:32
LYDHO,0.31,605.045,2026_03_04,2026-04-18 17:32
LYDYE,0.13,1.773,2026_03_04,2026-04-18 17:32
MAALT,0.19,8.986,2026_03_04,2026-04-18 17:32
MACKO,-0.82,-339.55,2026_03_04,2026-04-18 17:32
ATEKS,0.0,125.0,2026_03_04,2026-04-18 17:32
MAKIM,0.42,179.208,2026_03_04,2026-04-18 17:32
MAKTK,0.07,122.099,2026_03_04,2026-04-18 17:32
MANAS,-5.57,,2026_03_04,2026-04-18 17:32
MARBL,-0.84,-548.568,2026_03_04,2026-04-18 17:32
MARKA,2.11,438.296,2026_03_04,2026-04-18 17:32
MARMR,-1.74,,2026_03_04,2026-04-18 17:32
MARTI,1.41,,2026_03_04,2026-04-18 17:32
ATLAS,0.65,387.226,2026_03_04,2026-04-18 17:32
MCARD,-3.17,-599.409,2026_03_04,2026-04-18 17:32
MEDTR,-0.21,-51.234,2026_03_04,2026-04-18 17:32
MEGAP,-0.01,-28.989,2026_03_04,2026-04-18 17:32
MEGMT,6.91,,2026_03_04,2026-04-18 17:32
MEKAG,1.6,,2026_03_04,2026-04-18 17:32
MEPET,0.16,116.64,2026_03_04,2026-04-18 17:32
MERCN,0.18,137.367,2026_03_04,2026-04-18 17:32
MERIT,-0.44,,2026_03_04,2026-04-18 17:32
MERKO,1.07,,2026_03_04,2026-04-18 17:32
METRO,-0.45,,2026_03_04,2026-04-18 17:32
MEYSU,0.36,631.109,2026_03_04,2026-04-18 17:32
ATSYH,0.0,0.0,2026_03_04,2026-04-18 17:32
MHRGY,0.3,938.894,2026_03_04,2026-04-18 17:32
AVGYO,-0.81,-894.39,2026_03_04,2026-04-18 17:32
MMCAS,0.0,0.0,2026_03_04,2026-04-18 17:32
MNDRS,-0.06,-135.823,2026_03_04,2026-04-18 17:32
MNDTR,0.09,829.951,2026_03_04,2026-04-18 17:32
MOBTL,-4.52,,2026_03_04,2026-04-18 17:32
MOGAN,0.82,,2026_03_04,2026-04-18 17:32
MOPAS,-4.62,,2026_03_04,2026-04-18 17:32
AVHOL,-0.43,-113.354,2026_03_04,2026-04-18 17:32
MRGYO,2.15,,2026_03_04,2026-04-18 17:32
MRSHL,0.11,4.657,2026_03_04,2026-04-18 17:32
MSGYO,-0.97,,2026_03_04,2026-04-18 17:32
MTRKS,-0.48,-208.194,2026_03_04,2026-04-18 17:32
MTRYO,0.0,0.0,2026_03_04,2026-04-18 17:32
MZHLD,0.05,31.162,2026_03_04,2026-04-18 17:32
NATEN,0.03,79.39,2026_03_04,2026-04-18 17:32
NETAS,0.38,121.714,2026_03_04,2026-04-18 17:32
NETCD,-0.23,-91.5,2026_03_04,2026-04-18 17:32
NIBAS,2.59,,2026_03_04,2026-04-18 17:32
NTGAZ,-2.77,,2026_03_04,2026-04-18 17:32
NTHOL,-0.56,,2026_03_04,2026-04-18 17:32
NUGYO,0.18,598.862,2026_03_04,2026-04-18 17:32
NUHCM,0.36,119.534,2026_03_04,2026-04-18 17:32
AVOD,0.64,,2026_03_04,2026-04-18 17:32
OBASE,-0.37,-54.338,2026_03_04,2026-04-18 17:32
AVPGY,-0.73,-736.935,2026_03_04,2026-04-18 17:32
ODINE,1.02,538.385,2026_03_04,2026-04-18 17:32
OFSYM,-1.6,-364.081,2026_03_04,2026-04-18 17:32
ONCSM,2.19,220.67,2026_03_04,2026-04-18 17:32
ONRYT,0.95,187.602,2026_03_04,2026-04-18 17:32
ORCAY,0.15,234.488,2026_03_04,2026-04-18 17:32
ORGE,0.64,269.022,2026_03_04,2026-04-18 17:32
ORMA,0.0,0.0,2026_03_04,2026-04-18 17:32
OSMEN,0.58,,2026_03_04,2026-04-18 17:32
OSTIM,0.39,,2026_03_04,2026-04-18 17:32
AVTUR,0.82,354.858,2026_03_04,2026-04-18 17:32
OTTO,0.63,36.804,2026_03_04,2026-04-18 17:32
AYCES,2.26,42.775,2026_03_04,2026-04-18 17:32
OYAYO,0.08,16.158,2026_03_04,2026-04-18 17:32
OYLUM,-0.01,-8.715,2026_03_04,2026-04-18 17:32
OYYAT,-0.37,-334.328,2026_03_04,2026-04-18 17:32
OZATD,-0.56,-74.532,2026_03_04,2026-04-18 17:32
OZGYO,0.3,,2026_03_04,2026-04-18 17:32
OZKGY,1.51,,2026_03_04,2026-04-18 17:32
OZRDN,-0.15,-86.25,2026_03_04,2026-04-18 17:32
OZSUB,0.15,196.232,2026_03_04,2026-04-18 17:32
OZYSR,0.21,83.762,2026_03_04,2026-04-18 17:32
PAGYO,-0.16,-96.176,2026_03_04,2026-04-18 17:32
AYDEM,-0.87,,2026_03_04,2026-04-18 17:32
PAMEL,0.09,17.654,2026_03_04,2026-04-18 17:32
PAPIL,0.18,354.251,2026_03_04,2026-04-18 17:32
PARSN,-0.62,-209.693,2026_03_04,2026-04-18 17:32
AYEN,-0.65,-356.485,2026_03_04,2026-04-18 17:32
AYES,-0.01,4.0,2026_03_04,2026-04-18 17:32
PCILT,-1.77,-799.173,2026_03_04,2026-04-18 17:32
TEHOL,-0.67,,2026_03_04,2026-04-18 17:32
PEKGY,-0.49,,2026_03_04,2026-04-18 17:32
PENGD,-2.3,,2026_03_04,2026-04-18 17:32
PENTA,-0.44,-802.548,2026_03_04,2026-04-18 17:32
AYGAZ,0.23,232.226,2026_03_04,2026-04-18 17:32
PETUN,-1.18,,2026_03_04,2026-04-18 17:32
AZTEK,0.01,26.943,2026_03_04,2026-04-18 17:32
PINSU,-0.58,-588.28,2026_03_04,2026-04-18 17:32
PKART,-2.19,-241.913,2026_03_04,2026-04-18 17:32
PKENT,0.18,42.058,2026_03_04,2026-04-18 17:32
PLTUR,0.59,294.265,2026_03_04,2026-04-18 17:32
PNLSN,-0.87,-301.672,2026_03_04,2026-04-18 17:32
PNSUT,0.56,712.339,2026_03_04,2026-04-18 17:32
POLHO,-1.45,,2026_03_04,2026-04-18 17:32
POLTK,-0.39,-4.389,2026_03_04,2026-04-18 17:32
PRDGS,0.2,222.816,2026_03_04,2026-04-18 17:32
PRKAB,1.28,451.021,2026_03_04,2026-04-18 17:32
PRKME,-1.09,-580.719,2026_03_04,2026-04-18 17:32
PRZMA,-0.72,-446.464,2026_03_04,2026-04-18 17:32
PSDTC,-0.48,-32.044,2026_03_04,2026-04-18 17:32
BAGFS,-2.35,,2026_03_04,2026-04-18 17:32
QNBFK,0.0,7.0,2026_03_04,2026-04-18 17:32
QNBTR,0.0,28.0,2026_03_04,2026-04-18 17:32
BAHKM,0.58,136.246,2026_03_04,2026-04-18 17:32
BAKAB,-0.84,-293.364,2026_03_04,2026-04-18 17:32
RAYSG,0.17,91.038,2026_03_04,2026-04-18 17:32
BALAT,0.04,5.3,2026_03_04,2026-04-18 17:32
RGYAS,0.44,465.345,2026_03_04,2026-04-18 17:32
RNPOL,0.3,,2026_03_04,2026-04-18 17:32
RODRG,-0.47,-78.881,2026_03_04,2026-04-18 17:32
ROYAL,0.0,5.0,2026_03_04,2026-04-18 17:32
RTALB,-3.68,,2026_03_04,2026-04-18 17:32
RUBNS,4.62,,2026_03_04,2026-04-18 17:32
RYGYO,-0.03,-238.626,2026_03_04,2026-04-18 17:32
RYSAS,0.0,-16.722,2026_03_04,2026-04-18 17:32
SAFKR,4.74,,2026_03_04,2026-04-18 17:32
AGYO,0.27,343.587,2026_03_04,2026-04-18 17:32
SAMAT,-0.18,-181.164,2026_03_04,2026-04-18 17:32
SANEL,-0.19,-33.81,2026_03_04,2026-04-18 17:32
SANFM,0.42,928.736,2026_03_04,2026-04-18 17:32
SANKO,-0.98,-366.96,2026_03_04,2026-04-18 17:32
BANVT,-0.07,-25.885,2026_03_04,2026-04-18 17:32
BARMA,-2.01,,2026_03_04,2026-04-18 17:32
SAYAS,0.09,37.853,2026_03_04,2026-04-18 17:32
SDTTR,1.16,185.211,2026_03_04,2026-04-18 17:32
SEGMN,-2.53,,2026_03_04,2026-04-18 17:32
SEGYO,-3.79,,2026_03_04,2026-04-18 17:32
SEKFK,0.07,45.0,2026_03_04,2026-04-18 17:32
SEKUR,1.11,,2026_03_04,2026-04-18 17:32
SELEC,-0.47,-577.818,2026_03_04,2026-04-18 17:32
SELVA,0.22,,2026_03_04,2026-04-18 17:32
SERNT,-0.08,-87.558,2026_03_04,2026-04-18 17:32
SEYKM,0.24,360.973,2026_03_04,2026-04-18 17:32
SILVR,-0.01,-14.779,2026_03_04,2026-04-18 17:32
BASCM,0.05,25.0,2026_03_04,2026-04-18 17:32
BASGZ,-0.17,-294.822,2026_03_04,2026-04-18 17:32
SKTAS,0.96,,2026_03_04,2026-04-18 17:32
SKYLP,1.94,139.276,2026_03_04,2026-04-18 17:32
SKYMD,-0.28,-147.76,2026_03_04,2026-04-18 17:32
SMART,2.24,667.563,2026_03_04,2026-04-18 17:32
SMRTG,-3.83,,2026_03_04,2026-04-18 17:32
SMRVA,-0.02,-5.179,2026_03_04,2026-04-18 17:32
SNGYO,-0.23,,2026_03_04,2026-04-18 17:32
SNICA,-3.4,,2026_03_04,2026-04-18 17:32
SNPAM,0.0,2.0,2026_03_04,2026-04-18 17:32
SODSN,0.0,3.0,2026_03_04,2026-04-18 17:32
SOKE,3.69,,2026_03_04,2026-04-18 17:32
BAYRK,-0.2,-393.445,2026_03_04,2026-04-18 17:32
SONME,0.08,3.518,2026_03_04,2026-04-18 17:32
SRVGY,0.27,,2026_03_04,2026-04-18 17:32
SUMAS,0.01,470.0,2026_03_04,2026-04-18 17:32
SUNTK,0.11,159.262,2026_03_04,2026-04-18 17:32
SURGY,-1.41,-636.989,2026_03_04,2026-04-18 17:32
SUWEN,-0.48,,2026_03_04,2026-04-18 17:32
SVGYO,4.17,,2026_03_04,2026-04-18 17:32
BEGYO,-0.35,,2026_03_04,2026-04-18 17:32
TARKM,-0.03,-1.863,2026_03_04,2026-04-18 17:32
TATEN,-0.22,-765.177,2026_03_04,2026-04-18 17:32
TATGD,-2.44,,2026_03_04,2026-04-18 17:32
BERA,0.25,,2026_03_04,2026-04-18 17:32
TBORG,-0.1,-56.115,2026_03_04,2026-04-18 17:32
BESLR,0.43,,2026_03_04,2026-04-18 17:32
TCKRC,-0.09,-57.026,2026_03_04,2026-04-18 17:32
TDGYO,-2.21,,2026_03_04,2026-04-18 17:32
TEKTU,-1.67,,2026_03_04,2026-04-18 17:32
TERA,1.4,,2026_03_04,2026-04-18 17:32
TEZOL,2.91,,2026_03_04,2026-04-18 17:32
TGSAS,0.11,13.737,2026_03_04,2026-04-18 17:32
BESTE,-14.16,,2026_03_04,2026-04-18 17:32
BEYAZ,0.7,297.133,2026_03_04,2026-04-18 17:32
TKNSA,0.12,125.319,2026_03_04,2026-04-18 17:32
TLMAN,-0.18,-18.586,2026_03_04,2026-04-18 17:32
TMPOL,0.37,40.132,2026_03_04,2026-04-18 17:32
TMSN,-0.1,-44.645,2026_03_04,2026-04-18 17:32
TNZTP,-0.08,7.001,2026_03_04,2026-04-18 17:32
BFREN,-0.28,-68.494,2026_03_04,2026-04-18 17:32
TRCAS,-0.25,-528.761,2026_03_04,2026-04-18 17:32
TRGYO,-0.14,-356.116,2026_03_04,2026-04-18 17:32
TRILC,-0.34,-403.463,2026_03_04,2026-04-18 17:32
TSGYO,-0.45,,2026_03_04,2026-04-18 17:32
BIENY,-0.07,-59.095,2026_03_04,2026-04-18 17:32
BIGCH,-0.01,-8.295,2026_03_04,2026-04-18 17:32
BIGEN,-0.77,-890.833,2026_03_04,2026-04-18 17:32
BIGTK,-5.53,,2026_03_04,2026-04-18 17:32
TUCLK,-0.74,,2026_03_04,2026-04-18 17:32
AHGAZ,0.09,619.848,2026_03_04,2026-04-18 17:32
BINBN,-1.59,-270.178,2026_03_04,2026-04-18 17:32
BINHO,-0.32,,2026_03_04,2026-04-18 17:32
TURGG,0.2,62.98,2026_03_04,2026-04-18 17:32
BIOEN,0.14,272.635,2026_03_04,2026-04-18 17:32
UCAYM,-1.09,-651.02,2026_03_04,2026-04-18 17:32
UFUK,0.16,74.673,2026_03_04,2026-04-18 17:32
ULAS,-0.85,-214.316,2026_03_04,2026-04-18 17:32
BIZIM,-0.68,-187.135,2026_03_04,2026-04-18 17:32
ULUFA,2.33,,2026_03_04,2026-04-18 17:32
ULUSE,-0.24,-56.43,2026_03_04,2026-04-18 17:32
ULUUN,-0.72,,2026_03_04,2026-04-18 17:32
UMPAS,0.0,0.0,2026_03_04,2026-04-18 17:32
UNLU,-1.01,,2026_03_04,2026-04-18 17:32
USAK,-0.01,-62.188,2026_03_04,2026-04-18 17:32
BJKAS,-0.87,,2026_03_04,2026-04-18 17:32
VAKFA,-2.9,,2026_03_04,2026-04-18 17:32
VAKFN,-1.46,,2026_03_04,2026-04-18 17:32
VAKKO,0.42,131.017,2026_03_04,2026-04-18 17:32
VANGD,0.74,178.179,2026_03_04,2026-04-18 17:32
VBTYZ,0.06,37.45,2026_03_04,2026-04-18 17:32
VERTU,-0.07,-13.687,2026_03_04,2026-04-18 17:32
VERUS,0.86,297.729,2026_03_04,2026-04-18 17:32
VESBE,-0.6,,2026_03_04,2026-04-18 17:32
BLCYT,0.29,141.531,2026_03_04,2026-04-18 17:32
VKFYO,0.26,67.14,2026_03_04,2026-04-18 17:32
VKGYO,-0.53,,2026_03_04,2026-04-18 17:32
VKING,-8.61,,2026_03_04,2026-04-18 17:32
VRGYO,-1.23,,2026_03_04,2026-04-18 17:32
VSNMD,1.34,320.468,2026_03_04,2026-04-18 17:32
YAPRK,-3.59,,2026_03_04,2026-04-18 17:32
YATAS,0.11,108.468,2026_03_04,2026-04-18 17:32
YAYLA,-0.79,-315.723,2026_03_04,2026-04-18 17:32
YBTAS,0.0,0.0,2026_03_04,2026-04-18 17:32
BLUME,-0.21,-354.528,2026_03_04,2026-04-18 17:32
YESIL,0.56,,2026_03_04,2026-04-18 17:32
YGGYO,0.21,516.646,2026_03_04,2026-04-18 17:32
YIGIT,-1.55,,2026_03_04,2026-04-18 17:32
BMSCH,-1.98,,2026_03_04,2026-04-18 17:32
YKSLN,0.27,537.645,2026_03_04,2026-04-18 17:32
YONGA,0.0,0.0,2026_03_04,2026-04-18 17:32
YUNSA,0.22,442.728,2026_03_04,2026-04-18 17:32
YYAPI,-0.23,,2026_03_04,2026-04-18 17:32
YYLGD,-1.04,,2026_03_04,2026-04-18 17:32
ZEDUR,0.37,259.457,2026_03_04,2026-04-18 17:32
ZERGY,-1.43,,2026_03_04,2026-04-18 17:32
ZGYO,0.82,694.13,2026_03_04,2026-04-18 17:32
BMSTL,3.42,,2026_03_04,2026-04-18 17:32
ZRGYO,0.06,767.594,2026_03_04,2026-04-18 17:32
THYAO,0.44,,2026_04_01,2026-04-18 17:34
TUPRS,0.47,,2026_04_01,2026-04-18 17:34
SASA,0.29,,2026_04_01,2026-04-18 17:34
ASELS,-0.01,-159.195,2026_04_01,2026-04-18 17:34
ISCTR,-0.03,,2026_04_01,2026-04-18 17:34
HEKTS,1.15,,2026_04_01,2026-04-18 17:34
SISE,0.31,,2026_04_01,2026-04-18 17:34
PGSUS,0.12,365.597,2026_04_01,2026-04-18 17:34
ALTNY,-0.01,-36.543,2026_04_01,2026-04-18 17:34
EREGL,0.04,,2026_04_01,2026-04-18 17:34
REEDR,-0.47,,2026_04_01,2026-04-18 17:34
KCHOL,0.52,,2026_04_01,2026-04-18 17:34
KONTR,-0.63,,2026_04_01,2026-04-18 17:34
FROTO,-0.8,,2026_04_01,2026-04-18 17:34
CWENE,-0.21,,2026_04_01,2026-04-18 17:34
ASTOR,1.07,,2026_04_01,2026-04-18 17:34
PATEK,-0.16,-464.08,2026_04_01,2026-04-18 17:34
TABGD,-0.04,-23.297,2026_04_01,2026-04-18 17:34
IZENR,-0.81,,2026_04_01,2026-04-18 17:34
CANTE,0.84,,2026_04_01,2026-04-18 17:34
ZOREN,-0.06,,2026_04_01,2026-04-18 17:34
ENERY,-0.06,,2026_04_01,2026-04-18 17:34
DOAS,0.26,249.791,2026_04_01,2026-04-18 17:34
AKBNK,0.1,,2026_04_01,2026-04-18 17:34
PETKM,1.4,,2026_04_01,2026-04-18 17:34
OBAMS,-0.82,,2026_04_01,2026-04-18 17:34
ENJSA,0.16,375.369,2026_04_01,2026-04-18 17:34
SAHOL,-0.31,,2026_04_01,2026-04-18 17:34
TCELL,-0.06,-941.225,2026_04_01,2026-04-18 17:34
KCAER,0.19,960.003,2026_04_01,2026-04-18 17:34
BIMAS,0.47,,2026_04_01,2026-04-18 17:34
YKBNK,0.27,,2026_04_01,2026-04-18 17:34
OYAKC,0.11,,2026_04_01,2026-04-18 17:34
EUPWR,1.21,,2026_04_01,2026-04-18 17:34
MIATK,0.81,,2026_04_01,2026-04-18 17:34
TOASO,-0.49,-594.048,2026_04_01,2026-04-18 17:34
PAHOL,0.26,,2026_04_01,2026-04-18 17:34
TTRAK,-0.14,-33.502,2026_04_01,2026-04-18 17:34
GARAN,0.02,433.897,2026_04_01,2026-04-18 17:34
ENKAI,0.08,743.306,2026_04_01,2026-04-18 17:34
TUKAS,-0.01,-576.535,2026_04_01,2026-04-18 17:34
KRDMD,2.12,,2026_04_01,2026-04-18 17:34
ISMEN,-0.84,,2026_04_01,2026-04-18 17:34
MGROS,0.26,242.686,2026_04_01,2026-04-18 17:34
TRALT,1.28,,2026_04_01,2026-04-18 17:34
GSRAY,0.18,,2026_04_01,2026-04-18 17:34
TSPOR,0.34,,2026_04_01,2026-04-18 17:34
AEFES,-0.19,,2026_04_01,2026-04-18 17:34
AKSA,-0.57,,2026_04_01,2026-04-18 17:34
YEOTK,0.28,450.848,2026_04_01,2026-04-18 17:34
EUREN,-0.49,,2026_04_01,2026-04-18 17:34
EKGYO,-0.3,,2026_04_01,2026-04-18 17:34
ODAS,1.75,,2026_04_01,2026-04-18 17:34
ALARK,0.3,483.731,2026_04_01,2026-04-18 17:34
CVKMD,2.02,,2026_04_01,2026-04-18 17:34
GESAN,-0.08,-113.183,2026_04_01,2026-04-18 17:34
FENER,0.91,,2026_04_01,2026-04-18 17:34
ARCLK,-0.28,-482.822,2026_04_01,2026-04-18 17:34
MAVI,-0.17,-989.041,2026_04_01,2026-04-18 17:34
TTKOM,-0.78,,2026_04_01,2026-04-18 17:34
SARKY,-0.08,-778.704,2026_04_01,2026-04-18 17:34
ULKER,1.21,,2026_04_01,2026-04-18 17:34
CIMSA,0.76,,2026_04_01,2026-04-18 17:34
TAVHL,0.19,405.568,2026_04_01,2026-04-18 17:34
VESTL,0.69,,2026_04_01,2026-04-18 17:34
SKBNK,-0.31,,2026_04_01,2026-04-18 17:34
CCOLA,-0.11,-849.39,2026_04_01,2026-04-18 17:34
AKSEN,-0.38,,2026_04_01,2026-04-18 17:34
PSGYO,-2.03,,2026_04_01,2026-04-18 17:34
HALKB,0.06,,2026_04_01,2026-04-18 17:34
TURSG,-0.02,,2026_04_01,2026-04-18 17:34
QUAGR,-0.35,,2026_04_01,2026-04-18 17:34
GLRMK,0.66,384.477,2026_04_01,2026-04-18 17:34
DOHOL,-8.02,,2026_04_01,2026-04-18 17:34
KTLEV,1.76,,2026_04_01,2026-04-18 17:34
SOKM,0.34,,2026_04_01,2026-04-18 17:34
BRSAN,0.16,56.983,2026_04_01,2026-04-18 17:34
TSKB,0.44,,2026_04_01,2026-04-18 17:34
VAKBN,0.03,,2026_04_01,2026-04-18 17:34
GUBRF,-0.42,-362.612,2026_04_01,2026-04-18 17:34
TUREX,-0.15,-644.641,2026_04_01,2026-04-18 17:34
EFOR,-5.92,,2026_04_01,2026-04-18 17:34
OTKAR,-0.28,-93.87,2026_04_01,2026-04-18 17:34
PASEU,-0.27,-573.758,2026_04_01,2026-04-18 17:34
ECILC,-0.89,,2026_04_01,2026-04-18 17:34
AGHOL,-0.08,-893.247,2026_04_01,2026-04-18 17:34
TKFEN,-0.77,,2026_04_01,2026-04-18 17:34
BALSU,0.2,559.411,2026_04_01,2026-04-18 17:34
ANSGR,-0.07,-961.953,2026_04_01,2026-04-18 17:34
BTCIM,2.02,,2026_04_01,2026-04-18 17:34
DAPGM,-0.58,,2026_04_01,2026-04-18 17:34
MAGEN,0.6,,2026_04_01,2026-04-18 17:34
GRTHO,-0.52,-190.632,2026_04_01,2026-04-18 17:34
TRMET,-0.12,-206.069,2026_04_01,2026-04-18 17:34
EGEEN,-0.25,-2.886,2026_04_01,2026-04-18 17:34
GENIL,1.04,,2026_04_01,2026-04-18 17:34
BRYAT,-0.03,-3.253,2026_04_01,2026-04-18 17:34
KLRHO,-0.58,,2026_04_01,2026-04-18 17:34
BSOKE,0.32,,2026_04_01,2026-04-18 17:34
MPARK,-0.23,-185.193,2026_04_01,2026-04-18 17:34
KUYAS,0.75,,2026_04_01,2026-04-18 17:34
TRENJ,-0.06,-63.708,2026_04_01,2026-04-18 17:34
DSTKF,-0.9,-768.351,2026_04_01,2026-04-18 17:34
GRSEL,0.45,132.652,2026_04_01,2026-04-18 17:34
RALYH,-0.51,-897.389,2026_04_01,2026-04-18 17:34
BNTAS,0.11,181.817,2026_04_01,2026-04-18 17:34
BOBET,0.03,32.213,2026_04_01,2026-04-18 17:34
BORLS,0.7,,2026_04_01,2026-04-18 17:34
BORSK,2.04,,2026_04_01,2026-04-18 17:34
BOSSA,0.06,311.151,2026_04_01,2026-04-18 17:34
BRISA,0.21,66.816,2026_04_01,2026-04-18 17:34
BRKO,0.02,20.0,2026_04_01,2026-04-18 17:34
BRKSN,0.63,396.075,2026_04_01,2026-04-18 17:34
BRKVY,-0.44,-59.632,2026_04_01,2026-04-18 17:34
BRLSM,-0.08,-83.899,2026_04_01,2026-04-18 17:34
BRMEN,0.53,305.955,2026_04_01,2026-04-18 17:34
AHSGY,-0.05,-98.324,2026_04_01,2026-04-18 17:34
ACSEL,0.38,32.656,2026_04_01,2026-04-18 17:34
AKCNS,-0.23,-89.591,2026_04_01,2026-04-18 17:34
AKENR,0.0,-3.413,2026_04_01,2026-04-18 17:34
BUCIM,-0.23,,2026_04_01,2026-04-18 17:34
BULGS,2.64,,2026_04_01,2026-04-18 17:34
BURCE,4.57,,2026_04_01,2026-04-18 17:34
BURVA,1.34,63.252,2026_04_01,2026-04-18 17:34
BVSAN,0.98,133.795,2026_04_01,2026-04-18 17:34
BYDNR,-0.5,-116.24,2026_04_01,2026-04-18 17:34
AKFGY,-0.24,,2026_04_01,2026-04-18 17:34
CASA,0.0,-2.0,2026_04_01,2026-04-18 17:34
CATES,-1.74,-572.402,2026_04_01,2026-04-18 17:34
AKFIS,-6.85,,2026_04_01,2026-04-18 17:34
CELHA,0.33,471.345,2026_04_01,2026-04-18 17:34
CEMAS,-0.23,,2026_04_01,2026-04-18 17:34
CEMTS,0.45,,2026_04_01,2026-04-18 17:34
CEMZY,0.01,689.121,2026_04_01,2026-04-18 17:34
CEOEM,1.54,340.666,2026_04_01,2026-04-18 17:34
CGCAM,-4.35,,2026_04_01,2026-04-18 17:34
AKFYE,-0.21,,2026_04_01,2026-04-18 17:34
CLEBI,0.12,6.542,2026_04_01,2026-04-18 17:34
CMBTN,0.19,1.973,2026_04_01,2026-04-18 17:34
CMENT,0.0,1.0,2026_04_01,2026-04-18 17:34
CONSE,-0.87,,2026_04_01,2026-04-18 17:34
COSMO,-0.15,-9.363,2026_04_01,2026-04-18 17:34
CRDFA,-0.19,,2026_04_01,2026-04-18 17:34
CRFSA,-0.21,-38.006,2026_04_01,2026-04-18 17:34
CUSAN,0.59,109.278,2026_04_01,2026-04-18 17:34
AKGRT,-1.3,,2026_04_01,2026-04-18 17:34
AKHAN,2.08,,2026_04_01,2026-04-18 17:34
TRHOL,1.13,199.369,2026_04_01,2026-04-18 17:34
DAGI,2.31,,2026_04_01,2026-04-18 17:34
AKMGY,0.02,5.806,2026_04_01,2026-04-18 17:34
DARDL,0.28,,2026_04_01,2026-04-18 17:34
DCTTR,-3.82,,2026_04_01,2026-04-18 17:34
DENGE,-0.63,,2026_04_01,2026-04-18 17:34
DERHL,0.25,500.478,2026_04_01,2026-04-18 17:34
DERIM,-0.12,-47.906,2026_04_01,2026-04-18 17:34
DESA,0.36,608.265,2026_04_01,2026-04-18 17:34
DESPC,-1.55,-248.911,2026_04_01,2026-04-18 17:34
DEVA,0.02,36.527,2026_04_01,2026-04-18 17:34
DGATE,-1.56,-237.665,2026_04_01,2026-04-18 17:34
DGGYO,0.0,9.755,2026_04_01,2026-04-18 17:34
DGNMO,-0.51,,2026_04_01,2026-04-18 17:34
DIRIT,0.0,0.0,2026_04_01,2026-04-18 17:34
DITAS,-1.07,-888.374,2026_04_01,2026-04-18 17:34
DMRGD,-0.07,-972.486,2026_04_01,2026-04-18 17:34
DMSAS,-0.1,-199.071,2026_04_01,2026-04-18 17:34
DNISI,0.37,216.695,2026_04_01,2026-04-18 17:34
ADEL,1.98,,2026_04_01,2026-04-18 17:34
DOCO,-0.48,-1.564,2026_04_01,2026-04-18 17:34
DOFER,0.22,44.11,2026_04_01,2026-04-18 17:34
DOFRB,-2.8,,2026_04_01,2026-04-18 17:34
DOGUB,0.58,116.055,2026_04_01,2026-04-18 17:34
ADESE,0.19,,2026_04_01,2026-04-18 17:34
DOKTA,0.14,203.365,2026_04_01,2026-04-18 17:34
AKSGY,-0.37,,2026_04_01,2026-04-18 17:34
DUNYH,-0.05,-16.872,2026_04_01,2026-04-18 17:34
DURDO,0.44,,2026_04_01,2026-04-18 17:34
DURKN,-0.32,-136.737,2026_04_01,2026-04-18 17:34
DYOBY,0.29,539.4,2026_04_01,2026-04-18 17:34
DZGYO,0.49,,2026_04_01,2026-04-18 17:34
EBEBK,-0.2,-80.494,2026_04_01,2026-04-18 17:34
AKSUE,1.04,588.405,2026_04_01,2026-04-18 17:34
ECOGR,2.66,,2026_04_01,2026-04-18 17:34
ECZYT,1.77,814.746,2026_04_01,2026-04-18 17:34
EDATA,1.65,,2026_04_01,2026-04-18 17:34
EDIP,0.79,290.889,2026_04_01,2026-04-18 17:34
AKYHO,-0.01,-35.419,2026_04_01,2026-04-18 17:34
ADGYO,0.16,600.666,2026_04_01,2026-04-18 17:34
EGEGY,4.82,,2026_04_01,2026-04-18 17:34
EGEPO,-0.16,-307.806,2026_04_01,2026-04-18 17:34
EGGUB,0.47,358.207,2026_04_01,2026-04-18 17:34
EGPRO,0.16,292.687,2026_04_01,2026-04-18 17:34
EGSER,0.23,,2026_04_01,2026-04-18 17:34
ALBRK,-0.9,,2026_04_01,2026-04-18 17:34
EKIZ,0.01,252.0,2026_04_01,2026-04-18 17:34
EKOS,0.0,-21.058,2026_04_01,2026-04-18 17:34
EKSUN,0.4,693.741,2026_04_01,2026-04-18 17:34
ELITE,-0.33,-144.503,2026_04_01,2026-04-18 17:34
EMKEL,-0.1,-158.186,2026_04_01,2026-04-18 17:34
EMNIS,0.0,1.0,2026_04_01,2026-04-18 17:34
EMPAE,-0.17,-64.391,2026_04_01,2026-04-18 17:34
ENDAE,0.73,961.144,2026_04_01,2026-04-18 17:34
ALCAR,-0.08,-1.49,2026_04_01,2026-04-18 17:34
ALCTL,0.23,30.245,2026_04_01,2026-04-18 17:34
ALFAS,0.19,156.456,2026_04_01,2026-04-18 17:34
ENSRI,0.17,390.602,2026_04_01,2026-04-18 17:34
ENTRA,1.76,,2026_04_01,2026-04-18 17:34
EPLAS,0.78,,2026_04_01,2026-04-18 17:34
ERBOS,0.04,6.772,2026_04_01,2026-04-18 17:34
ERCB,-0.16,-61.827,2026_04_01,2026-04-18 17:34
ALGYO,-1.11,,2026_04_01,2026-04-18 17:34
ERSU,-0.05,-13.927,2026_04_01,2026-04-18 17:34
ESCAR,-4.08,,2026_04_01,2026-04-18 17:34
ESCOM,-8.29,,2026_04_01,2026-04-18 17:34
ESEN,-0.34,,2026_04_01,2026-04-18 17:34
ETILR,2.03,,2026_04_01,2026-04-18 17:34
ETYAT,-0.29,-51.912,2026_04_01,2026-04-18 17:34
EUHOL,-0.39,-552.097,2026_04_01,2026-04-18 17:34
EUKYO,0.22,44.868,2026_04_01,2026-04-18 17:34
ALKA,0.11,356.16,2026_04_01,2026-04-18 17:34
ALKIM,0.47,863.899,2026_04_01,2026-04-18 17:34
EUYO,-0.2,-40.072,2026_04_01,2026-04-18 17:34
EYGYO,-1.27,,2026_04_01,2026-04-18 17:34
FADE,-2.3,-972.881,2026_04_01,2026-04-18 17:34
ALKLC,1.29,587.35,2026_04_01,2026-04-18 17:34
FLAP,-0.07,-57.465,2026_04_01,2026-04-18 17:34
FMIZP,-1.58,-55.27,2026_04_01,2026-04-18 17:34
FONET,-0.35,,2026_04_01,2026-04-18 17:34
FORMT,4.08,,2026_04_01,2026-04-18 17:34
FORTE,2.81,785.787,2026_04_01,2026-04-18 17:34
FRIGO,1.37,,2026_04_01,2026-04-18 17:34
FRMPL,0.52,209.227,2026_04_01,2026-04-18 17:34
RUZYE,0.46,,2026_04_01,2026-04-18 17:34
FZLGY,-1.78,,2026_04_01,2026-04-18 17:34
A1CAP,0.09,212.078,2026_04_01,2026-04-18 17:34
GARFA,0.17,238.736,2026_04_01,2026-04-18 17:34
GATEG,6.35,670.599,2026_04_01,2026-04-18 17:34
GEDIK,0.24,,2026_04_01,2026-04-18 17:34
GEDZA,-0.55,-234.238,2026_04_01,2026-04-18 17:34
ALVES,1.44,,2026_04_01,2026-04-18 17:34
GENKM,0.52,655.389,2026_04_01,2026-04-18 17:34
GENTS,-0.06,-451.56,2026_04_01,2026-04-18 17:34
GEREL,0.46,,2026_04_01,2026-04-18 17:34
ANELE,-5.64,,2026_04_01,2026-04-18 17:34
GIPTA,-0.29,-148.589,2026_04_01,2026-04-18 17:34
GLBMD,0.23,68.611,2026_04_01,2026-04-18 17:34
GLCVY,-0.43,-115.513,2026_04_01,2026-04-18 17:34
ANGEN,0.47,410.652,2026_04_01,2026-04-18 17:34
GLRYH,-1.85,,2026_04_01,2026-04-18 17:34
GLYHO,0.02,435.598,2026_04_01,2026-04-18 17:34
GMTAS,0.35,,2026_04_01,2026-04-18 17:34
GOKNR,0.85,,2026_04_01,2026-04-18 17:34
GOLTS,0.32,39.392,2026_04_01,2026-04-18 17:34
GOODY,-1.24,,2026_04_01,2026-04-18 17:34
GOZDE,0.19,697.094,2026_04_01,2026-04-18 17:34
GRNYO,0.0,-1.0,2026_04_01,2026-04-18 17:34
ANHYT,0.54,471.587,2026_04_01,2026-04-18 17:34
AFYON,-0.29,,2026_04_01,2026-04-18 17:34
GSDDE,-0.25,-267.327,2026_04_01,2026-04-18 17:34
GSDHO,-0.38,,2026_04_01,2026-04-18 17:34
ARASE,0.28,139.679,2026_04_01,2026-04-18 17:34
AGESA,-0.02,-4.717,2026_04_01,2026-04-18 17:34
GUNDG,0.72,136.661,2026_04_01,2026-04-18 17:34
GWIND,1.67,,2026_04_01,2026-04-18 17:34
GZNMI,-0.78,-318.316,2026_04_01,2026-04-18 17:34
ARDYZ,0.06,170.929,2026_04_01,2026-04-18 17:34
HATEK,1.2,757.843,2026_04_01,2026-04-18 17:34
HATSN,0.17,73.308,2026_04_01,2026-04-18 17:34
HDFGS,0.06,537.492,2026_04_01,2026-04-18 17:34
HEDEF,0.25,,2026_04_01,2026-04-18 17:34
ARENA,-0.39,-259.564,2026_04_01,2026-04-18 17:34
HKTM,0.28,208.754,2026_04_01,2026-04-18 17:34
HLGYO,0.21,,2026_04_01,2026-04-18 17:34
HOROZ,-2.33,-572.564,2026_04_01,2026-04-18 17:34
HRKET,0.17,39.947,2026_04_01,2026-04-18 17:34
HTTBT,-0.16,-130.118,2026_04_01,2026-04-18 17:34
HUBVC,-0.29,-814.772,2026_04_01,2026-04-18 17:34
HUNER,0.57,,2026_04_01,2026-04-18 17:34
HURGZ,0.24,535.851,2026_04_01,2026-04-18 17:34
ICBCT,0.15,321.545,2026_04_01,2026-04-18 17:34
ICUGS,3.26,,2026_04_01,2026-04-18 17:34
IDGYO,0.42,507.55,2026_04_01,2026-04-18 17:34
IEYHO,0.2,,2026_04_01,2026-04-18 17:34
IHAAS,0.96,538.126,2026_04_01,2026-04-18 17:34
IHEVA,0.22,623.533,2026_04_01,2026-04-18 17:34
IHGZT,0.41,,2026_04_01,2026-04-18 17:34
IHLAS,1.71,,2026_04_01,2026-04-18 17:34
IHLGM,0.02,228.574,2026_04_01,2026-04-18 17:34
IHYAY,0.7,,2026_04_01,2026-04-18 17:34
IMASM,0.02,147.542,2026_04_01,2026-04-18 17:34
INDES,0.55,,2026_04_01,2026-04-18 17:34
INFO,0.19,,2026_04_01,2026-04-18 17:34
INGRM,-0.01,-1.57,2026_04_01,2026-04-18 17:34
INTEK,0.0,0.0,2026_04_01,2026-04-18 17:34
INTEM,-0.97,-91.729,2026_04_01,2026-04-18 17:34
INVEO,0.36,,2026_04_01,2026-04-18 17:34
INVES,1.26,470.81,2026_04_01,2026-04-18 17:34
ARFYE,1.11,520.99,2026_04_01,2026-04-18 17:34
ISATR,0.0,0.0,2026_04_01,2026-04-18 17:34
ISBIR,0.0,0.0,2026_04_01,2026-04-18 17:34
ISBTR,0.0,0.0,2026_04_01,2026-04-18 17:34
ARMGD,1.84,,2026_04_01,2026-04-18 17:34
ISDMR,-0.78,,2026_04_01,2026-04-18 17:34
ISFIN,0.05,167.247,2026_04_01,2026-04-18 17:34
ISGSY,0.1,48.707,2026_04_01,2026-04-18 17:34
ISGYO,0.02,122.376,2026_04_01,2026-04-18 17:34
ISKPL,-1.15,,2026_04_01,2026-04-18 17:34
ISKUR,0.0,0.0,2026_04_01,2026-04-18 17:34
ARSAN,0.31,,2026_04_01,2026-04-18 17:34
ISSEN,0.14,159.027,2026_04_01,2026-04-18 17:34
ISYAT,0.07,98.09,2026_04_01,2026-04-18 17:34
ARTMS,0.5,139.576,2026_04_01,2026-04-18 17:34
IZFAS,0.15,238.044,2026_04_01,2026-04-18 17:34
IZINV,-0.74,-99.613,2026_04_01,2026-04-18 17:34
IZMDC,0.45,,2026_04_01,2026-04-18 17:34
JANTS,-0.07,-155.382,2026_04_01,2026-04-18 17:34
KAPLM,-0.08,-2.664,2026_04_01,2026-04-18 17:34
KAREL,0.28,923.368,2026_04_01,2026-04-18 17:34
KARSN,-0.21,,2026_04_01,2026-04-18 17:34
KARTN,-0.33,-239.089,2026_04_01,2026-04-18 17:34
KATMR,-0.06,,2026_04_01,2026-04-18 17:34
KAYSE,0.12,988.787,2026_04_01,2026-04-18 17:34
KBORU,0.26,369.25,2026_04_01,2026-04-18 17:34
ARZUM,-1.13,,2026_04_01,2026-04-18 17:34
A1YEN,0.74,303.77,2026_04_01,2026-04-18 17:34
KENT,0.0,1.0,2026_04_01,2026-04-18 17:34
KERVN,0.0,-11.0,2026_04_01,2026-04-18 17:34
KFEIN,-0.57,-847.957,2026_04_01,2026-04-18 17:34
KGYO,1.56,,2026_04_01,2026-04-18 17:34
KIMMR,0.45,339.441,2026_04_01,2026-04-18 17:34
KLGYO,0.82,,2026_04_01,2026-04-18 17:34
KLKIM,-0.88,,2026_04_01,2026-04-18 17:34
KLMSN,1.7,526.932,2026_04_01,2026-04-18 17:34
KLNMA,-0.02,-15.527,2026_04_01,2026-04-18 17:34
ASGYO,-0.58,-960.675,2026_04_01,2026-04-18 17:34
KLSER,0.11,122.025,2026_04_01,2026-04-18 17:34
KLSYN,-4.65,,2026_04_01,2026-04-18 17:34
KLYPV,-4.48,,2026_04_01,2026-04-18 17:34
KMPUR,-0.07,-91.762,2026_04_01,2026-04-18 17:34
KNFRT,0.39,510.965,2026_04_01,2026-04-18 17:34
KOCMT,0.11,635.043,2026_04_01,2026-04-18 17:34
KONKA,0.15,137.784,2026_04_01,2026-04-18 17:34
AGROT,1.11,,2026_04_01,2026-04-18 17:34
KONYA,-0.04,-603.0,2026_04_01,2026-04-18 17:34
KOPOL,0.15,404.14,2026_04_01,2026-04-18 17:34
KORDS,0.93,609.928,2026_04_01,2026-04-18 17:34
KOTON,0.24,326.56,2026_04_01,2026-04-18 17:34
ASUZU,-0.29,-119.977,2026_04_01,2026-04-18 17:34
ATAGY,0.36,165.705,2026_04_01,2026-04-18 17:34
KRDMA,-2.55,,2026_04_01,2026-04-18 17:34
KRDMB,0.12,140.777,2026_04_01,2026-04-18 17:34
ATAKP,0.08,21.916,2026_04_01,2026-04-18 17:34
KRGYO,1.21,,2026_04_01,2026-04-18 17:34
KRONT,0.16,191.266,2026_04_01,2026-04-18 17:34
KRPLS,1.66,,2026_04_01,2026-04-18 17:34
KRSTL,-0.94,,2026_04_01,2026-04-18 17:34
KRTEK,-3.57,-674.0,2026_04_01,2026-04-18 17:34
KRVGD,-0.06,-362.564,2026_04_01,2026-04-18 17:34
KSTUR,0.0,-59.0,2026_04_01,2026-04-18 17:34
ATATP,-2.1,-394.746,2026_04_01,2026-04-18 17:34
KTSKR,-0.16,-23.443,2026_04_01,2026-04-18 17:34
KUTPO,-0.25,-26.758,2026_04_01,2026-04-18 17:34
KUVVA,0.03,8.56,2026_04_01,2026-04-18 17:34
ATATR,3.41,,2026_04_01,2026-04-18 17:34
KZBGY,0.05,972.549,2026_04_01,2026-04-18 17:34
KZGYO,-1.35,-674.868,2026_04_01,2026-04-18 17:34
LIDER,0.0,43.0,2026_04_01,2026-04-18 17:34
LIDFA,0.7,,2026_04_01,2026-04-18 17:34
LILAK,0.7,,2026_04_01,2026-04-18 17:34
LINK,0.12,930.918,2026_04_01,2026-04-18 17:34
LKMNH,-0.72,,2026_04_01,2026-04-18 17:34
LMKDC,-1.4,,2026_04_01,2026-04-18 17:34
LOGO,-0.01,-5.932,2026_04_01,2026-04-18 17:34
LRSHO,-1.74,,2026_04_01,2026-04-18 17:34
LUKSK,0.16,43.018,2026_04_01,2026-04-18 17:34
LXGYO,-32.14,,2026_04_01,2026-04-18 17:34
LYDHO,0.11,207.736,2026_04_01,2026-04-18 17:34
LYDYE,-0.03,-400.0,2026_04_01,2026-04-18 17:34
MAALT,0.23,11.093,2026_04_01,2026-04-18 17:34
MACKO,-1.64,-682.127,2026_04_01,2026-04-18 17:34
ATEKS,0.0,0.0,2026_04_01,2026-04-18 17:34
MAKIM,-1.3,-555.165,2026_04_01,2026-04-18 17:34
MAKTK,0.01,25.414,2026_04_01,2026-04-18 17:34
MANAS,-0.03,-94.052,2026_04_01,2026-04-18 17:34
MARBL,0.1,63.849,2026_04_01,2026-04-18 17:34
MARKA,-0.49,-103.004,2026_04_01,2026-04-18 17:34
MARMR,-2.14,,2026_04_01,2026-04-18 17:34
MARTI,-0.89,,2026_04_01,2026-04-18 17:34
ATLAS,0.6,360.933,2026_04_01,2026-04-18 17:34
MCARD,1.01,190.843,2026_04_01,2026-04-18 17:34
MEDTR,0.0,1.026,2026_04_01,2026-04-18 17:34
MEGAP,0.0,6.0,2026_04_01,2026-04-18 17:34
MEGMT,5.59,,2026_04_01,2026-04-18 17:34
MEKAG,1.18,,2026_04_01,2026-04-18 17:34
MEPET,0.0,-2.719,2026_04_01,2026-04-18 17:34
MERCN,0.25,186.444,2026_04_01,2026-04-18 17:34
MERIT,-0.01,-33.487,2026_04_01,2026-04-18 17:34
MERKO,0.79,804.479,2026_04_01,2026-04-18 17:34
METRO,-0.02,-135.738,2026_04_01,2026-04-18 17:34
MEYSU,1.41,,2026_04_01,2026-04-18 17:34
ATSYH,0.0,0.0,2026_04_01,2026-04-18 17:34
MHRGY,0.99,,2026_04_01,2026-04-18 17:34
AVGYO,0.43,470.774,2026_04_01,2026-04-18 17:34
MMCAS,0.0,0.0,2026_04_01,2026-04-18 17:34
MNDRS,1.02,,2026_04_01,2026-04-18 17:34
MNDTR,-0.08,-663.752,2026_04_01,2026-04-18 17:34
MOBTL,0.32,672.086,2026_04_01,2026-04-18 17:34
MOGAN,1.54,,2026_04_01,2026-04-18 17:34
MOPAS,-3.23,,2026_04_01,2026-04-18 17:34
AVHOL,0.01,2.896,2026_04_01,2026-04-18 17:34
MRGYO,-0.39,,2026_04_01,2026-04-18 17:34
MRSHL,0.23,9.743,2026_04_01,2026-04-18 17:34
MSGYO,-3.57,,2026_04_01,2026-04-18 17:34
MTRKS,0.12,53.323,2026_04_01,2026-04-18 17:34
MTRYO,0.0,-4.0,2026_04_01,2026-04-18 17:34
MZHLD,0.06,43.457,2026_04_01,2026-04-18 17:34
NATEN,0.94,,2026_04_01,2026-04-18 17:34
NETAS,-0.21,-66.915,2026_04_01,2026-04-18 17:34
NETCD,-1.0,-400.013,2026_04_01,2026-04-18 17:34
NIBAS,3.26,,2026_04_01,2026-04-18 17:34
NTGAZ,0.04,105.687,2026_04_01,2026-04-18 17:34
NTHOL,-0.31,,2026_04_01,2026-04-18 17:34
NUGYO,0.02,42.473,2026_04_01,2026-04-18 17:34
NUHCM,0.75,246.666,2026_04_01,2026-04-18 17:34
AVOD,1.56,,2026_04_01,2026-04-18 17:34
OBASE,-0.24,-35.233,2026_04_01,2026-04-18 17:34
AVPGY,-0.89,-881.323,2026_04_01,2026-04-18 17:34
ODINE,0.4,212.18,2026_04_01,2026-04-18 17:34
OFSYM,0.01,1.572,2026_04_01,2026-04-18 17:34
ONCSM,1.99,200.818,2026_04_01,2026-04-18 17:34
ONRYT,0.99,194.939,2026_04_01,2026-04-18 17:34
ORCAY,0.06,114.685,2026_04_01,2026-04-18 17:34
ORGE,0.61,253.309,2026_04_01,2026-04-18 17:34
ORMA,0.0,-1.0,2026_04_01,2026-04-18 17:34
OSMEN,0.36,797.329,2026_04_01,2026-04-18 17:34
OSTIM,0.85,,2026_04_01,2026-04-18 17:34
AVTUR,0.25,105.548,2026_04_01,2026-04-18 17:34
OTTO,-2.03,-118.03,2026_04_01,2026-04-18 17:34
AYCES,2.72,51.517,2026_04_01,2026-04-18 17:34
OYAYO,-0.18,-36.935,2026_04_01,2026-04-18 17:34
OYLUM,-0.16,-126.907,2026_04_01,2026-04-18 17:34
OYYAT,-0.06,-57.665,2026_04_01,2026-04-18 17:34
OZATD,0.66,87.871,2026_04_01,2026-04-18 17:34
OZGYO,0.52,,2026_04_01,2026-04-18 17:34
OZKGY,2.05,,2026_04_01,2026-04-18 17:34
OZRDN,-0.11,-63.19,2026_04_01,2026-04-18 17:34
OZSUB,1.77,786.092,2026_04_01,2026-04-18 17:34
OZYSR,0.42,171.167,2026_04_01,2026-04-18 17:34
PAGYO,-0.01,-8.587,2026_04_01,2026-04-18 17:34
AYDEM,0.05,66.772,2026_04_01,2026-04-18 17:34
PAMEL,0.45,97.268,2026_04_01,2026-04-18 17:34
PAPIL,-0.32,-645.24,2026_04_01,2026-04-18 17:34
PARSN,0.09,31.825,2026_04_01,2026-04-18 17:34
AYEN,-0.29,-161.832,2026_04_01,2026-04-18 17:34
AYES,0.08,76.251,2026_04_01,2026-04-18 17:34
PCILT,-1.0,-450.188,2026_04_01,2026-04-18 17:34
TEHOL,1.87,,2026_04_01,2026-04-18 17:34
PEKGY,-0.38,,2026_04_01,2026-04-18 17:34
PENGD,-1.31,,2026_04_01,2026-04-18 17:34
PENTA,-0.07,-134.145,2026_04_01,2026-04-18 17:34
AYGAZ,0.86,847.384,2026_04_01,2026-04-18 17:34
PETUN,0.32,417.802,2026_04_01,2026-04-18 17:34
AZTEK,0.2,569.212,2026_04_01,2026-04-18 17:34
PINSU,-0.55,-559.77,2026_04_01,2026-04-18 17:34
PKART,0.71,79.466,2026_04_01,2026-04-18 17:34
PKENT,-0.22,-51.818,2026_04_01,2026-04-18 17:34
PLTUR,0.54,266.6,2026_04_01,2026-04-18 17:34
PNLSN,0.18,63.079,2026_04_01,2026-04-18 17:34
PNSUT,1.03,,2026_04_01,2026-04-18 17:34
POLHO,0.01,22.848,2026_04_01,2026-04-18 17:34
POLTK,-0.14,-1.547,2026_04_01,2026-04-18 17:34
PRDGS,1.72,,2026_04_01,2026-04-18 17:34
PRKAB,0.27,93.507,2026_04_01,2026-04-18 17:34
PRKME,0.3,156.138,2026_04_01,2026-04-18 17:34
PRZMA,-0.08,-50.0,2026_04_01,2026-04-18 17:34
PSDTC,0.05,3.27,2026_04_01,2026-04-18 17:34
BAGFS,-1.0,-997.765,2026_04_01,2026-04-18 17:34
QNBFK,0.18,,2026_04_01,2026-04-18 17:34
QNBTR,0.0,167.0,2026_04_01,2026-04-18 17:34
BAHKM,-1.38,-321.262,2026_04_01,2026-04-18 17:34
BAKAB,0.72,249.416,2026_04_01,2026-04-18 17:34
RAYSG,0.08,41.32,2026_04_01,2026-04-18 17:34
BALAT,0.0,1.0,2026_04_01,2026-04-18 17:34
RGYAS,1.03,,2026_04_01,2026-04-18 17:34
RNPOL,0.75,,2026_04_01,2026-04-18 17:34
RODRG,-1.64,-276.627,2026_04_01,2026-04-18 17:34
ROYAL,0.0,0.0,2026_04_01,2026-04-18 17:34
RTALB,-1.86,,2026_04_01,2026-04-18 17:34
RUBNS,7.33,,2026_04_01,2026-04-18 17:34
RYGYO,-0.34,,2026_04_01,2026-04-18 17:34
RYSAS,0.05,872.922,2026_04_01,2026-04-18 17:34
SAFKR,3.96,,2026_04_01,2026-04-18 17:34
AGYO,0.09,111.594,2026_04_01,2026-04-18 17:34
SAMAT,0.05,48.298,2026_04_01,2026-04-18 17:34
SANEL,0.04,7.732,2026_04_01,2026-04-18 17:34
SANFM,-0.27,-622.451,2026_04_01,2026-04-18 17:34
SANKO,0.29,110.014,2026_04_01,2026-04-18 17:34
BANVT,0.08,27.417,2026_04_01,2026-04-18 17:34
BARMA,0.04,34.003,2026_04_01,2026-04-18 17:34
SAYAS,0.57,240.981,2026_04_01,2026-04-18 17:34
SDTTR,0.65,105.233,2026_04_01,2026-04-18 17:34
SEGMN,0.44,353.782,2026_04_01,2026-04-18 17:34
SEGYO,0.73,,2026_04_01,2026-04-18 17:34
SEKFK,0.0,-4.0,2026_04_01,2026-04-18 17:34
SEKUR,0.67,881.473,2026_04_01,2026-04-18 17:34
SELEC,0.04,58.85,2026_04_01,2026-04-18 17:34
SELVA,-2.72,,2026_04_01,2026-04-18 17:34
SERNT,2.32,,2026_04_01,2026-04-18 17:34
SEYKM,0.11,161.892,2026_04_01,2026-04-18 17:34
SILVR,-0.51,,2026_04_01,2026-04-18 17:34
BASCM,0.03,15.0,2026_04_01,2026-04-18 17:34
BASGZ,-0.19,-316.769,2026_04_01,2026-04-18 17:34
SKTAS,1.09,,2026_04_01,2026-04-18 17:34
SKYLP,0.35,25.154,2026_04_01,2026-04-18 17:34
SKYMD,0.85,447.214,2026_04_01,2026-04-18 17:34
SMART,2.13,632.34,2026_04_01,2026-04-18 17:34
SMRTG,-2.78,,2026_04_01,2026-04-18 17:34
SMRVA,-4.54,,2026_04_01,2026-04-18 17:34
SNGYO,0.02,746.907,2026_04_01,2026-04-18 17:34
SNICA,-0.15,-482.385,2026_04_01,2026-04-18 17:34
SNPAM,0.0,-397.0,2026_04_01,2026-04-18 17:34
SODSN,0.0,3.0,2026_04_01,2026-04-18 17:34
SOKE,1.31,,2026_04_01,2026-04-18 17:34
BAYRK,0.1,194.696,2026_04_01,2026-04-18 17:34
SONME,0.14,5.978,2026_04_01,2026-04-18 17:34
SRVGY,0.58,,2026_04_01,2026-04-18 17:34
SUMAS,0.0,1.0,2026_04_01,2026-04-18 17:34
SUNTK,0.12,172.598,2026_04_01,2026-04-18 17:34
SURGY,-0.62,-275.329,2026_04_01,2026-04-18 17:34
SUWEN,0.04,115.291,2026_04_01,2026-04-18 17:34
SVGYO,1.07,,2026_04_01,2026-04-18 17:34
BEGYO,-0.96,,2026_04_01,2026-04-18 17:34
TARKM,-0.14,-7.367,2026_04_01,2026-04-18 17:34
TATEN,-0.17,-594.49,2026_04_01,2026-04-18 17:34
TATGD,-0.23,-276.051,2026_04_01,2026-04-18 17:34
BERA,0.18,873.099,2026_04_01,2026-04-18 17:34
TBORG,-0.08,-50.935,2026_04_01,2026-04-18 17:34
BESLR,-0.07,-468.161,2026_04_01,2026-04-18 17:34
TCKRC,0.59,414.121,2026_04_01,2026-04-18 17:34
TDGYO,0.43,265.258,2026_04_01,2026-04-18 17:34
TEKTU,0.76,,2026_04_01,2026-04-18 17:34
TERA,1.1,,2026_04_01,2026-04-18 17:34
TEZOL,1.32,,2026_04_01,2026-04-18 17:34
TGSAS,0.43,52.889,2026_04_01,2026-04-18 17:34
BESTE,-0.08,-44.774,2026_04_01,2026-04-18 17:34
BEYAZ,0.91,385.361,2026_04_01,2026-04-18 17:34
TKNSA,-0.06,-61.005,2026_04_01,2026-04-18 17:34
TLMAN,-0.07,-6.61,2026_04_01,2026-04-18 17:34
TMPOL,0.21,22.987,2026_04_01,2026-04-18 17:34
TMSN,0.18,79.969,2026_04_01,2026-04-18 17:34
TNZTP,-0.85,-667.24,2026_04_01,2026-04-18 17:34
BFREN,0.07,16.573,2026_04_01,2026-04-18 17:34
TRCAS,-0.07,-141.553,2026_04_01,2026-04-18 17:34
TRGYO,-0.24,-602.347,2026_04_01,2026-04-18 17:34
TRILC,-0.12,-149.197,2026_04_01,2026-04-18 17:34
TSGYO,0.06,173.908,2026_04_01,2026-04-18 17:34
BIENY,0.13,106.441,2026_04_01,2026-04-18 17:34
BIGCH,-0.6,,2026_04_01,2026-04-18 17:34
BIGEN,-2.21,,2026_04_01,2026-04-18 17:34
BIGTK,-7.76,,2026_04_01,2026-04-18 17:34
TUCLK,1.3,,2026_04_01,2026-04-18 17:34
AHGAZ,0.04,288.067,2026_04_01,2026-04-18 17:34
BINBN,0.45,75.965,2026_04_01,2026-04-18 17:34
BINHO,0.49,,2026_04_01,2026-04-18 17:34
TURGG,0.49,156.239,2026_04_01,2026-04-18 17:34
BIOEN,0.31,619.478,2026_04_01,2026-04-18 17:34
UCAYM,1.38,828.456,2026_04_01,2026-04-18 17:34
UFUK,0.0,1.083,2026_04_01,2026-04-18 17:34
ULAS,-2.09,-526.908,2026_04_01,2026-04-18 17:34
BIZIM,-0.14,-39.516,2026_04_01,2026-04-18 17:34
ULUFA,0.07,227.375,2026_04_01,2026-04-18 17:34
ULUSE,0.05,12.03,2026_04_01,2026-04-18 17:34
ULUUN,0.06,168.224,2026_04_01,2026-04-18 17:34
UMPAS,0.08,16.24,2026_04_01,2026-04-18 17:34
UNLU,0.1,104.995,2026_04_01,2026-04-18 17:34
USAK,0.29,,2026_04_01,2026-04-18 17:34
BJKAS,0.29,,2026_04_01,2026-04-18 17:34
VAKFA,0.37,816.152,2026_04_01,2026-04-18 17:34
VAKFN,-0.09,,2026_04_01,2026-04-18 17:34
VAKKO,0.56,172.751,2026_04_01,2026-04-18 17:34
VANGD,-0.24,-58.394,2026_04_01,2026-04-18 17:34
VBTYZ,0.7,392.554,2026_04_01,2026-04-18 17:34
VERTU,1.32,290.41,2026_04_01,2026-04-18 17:34
VERUS,0.83,286.638,2026_04_01,2026-04-18 17:34
VESBE,-0.22,,2026_04_01,2026-04-18 17:34
BLCYT,5.92,,2026_04_01,2026-04-18 17:34
VKFYO,-0.26,-68.795,2026_04_01,2026-04-18 17:34
VKGYO,0.19,,2026_04_01,2026-04-18 17:34
VKING,-2.24,-693.764,2026_04_01,2026-04-18 17:34
VRGYO,-0.2,,2026_04_01,2026-04-18 17:34
VSNMD,1.79,429.325,2026_04_01,2026-04-18 17:34
YAPRK,0.29,254.752,2026_04_01,2026-04-18 17:34
YATAS,-0.72,-677.566,2026_04_01,2026-04-18 17:34
YAYLA,-1.64,-652.954,2026_04_01,2026-04-18 17:34
YBTAS,0.01,3.0,2026_04_01,2026-04-18 17:34
BLUME,-0.31,-546.77,2026_04_01,2026-04-18 17:34
YESIL,-0.32,,2026_04_01,2026-04-18 17:34
YGGYO,0.2,487.114,2026_04_01,2026-04-18 17:34
YIGIT,0.26,194.979,2026_04_01,2026-04-18 17:34
BMSCH,-0.44,-304.113,2026_04_01,2026-04-18 17:34
YKSLN,1.52,,2026_04_01,2026-04-18 17:34
YONGA,0.0,0.0,2026_04_01,2026-04-18 17:34
YUNSA,0.36,741.497,2026_04_01,2026-04-18 17:34
YYAPI,-0.18,,2026_04_01,2026-04-18 17:34
YYLGD,-0.71,,2026_04_01,2026-04-18 17:34
ZEDUR,1.69,,2026_04_01,2026-04-18 17:34
ZERGY,0.85,,2026_04_01,2026-04-18 17:34
ZGYO,-0.08,-63.864,2026_04_01,2026-04-18 17:34
BMSTL,1.85,,2026_04_01,2026-04-18 17:34
ZRGYO,-0.01,-34.395,2026_04_01,2026-04-18 17:34
TUPRS,0.22,,2026_04_02,2026-04-18 17:35
THYAO,2.22,,2026_04_02,2026-04-18 17:35
SASA,-1.43,,2026_04_02,2026-04-18 17:35
ASELS,1.31,,2026_04_02,2026-04-18 17:35
ISCTR,1.92,,2026_04_02,2026-04-18 17:35
HEKTS,0.08,,2026_04_02,2026-04-18 17:35
SISE,0.21,,2026_04_02,2026-04-18 17:35
PGSUS,0.62,,2026_04_02,2026-04-18 17:35
ALTNY,1.5,,2026_04_02,2026-04-18 17:35
EREGL,1.32,,2026_04_02,2026-04-18 17:35
REEDR,0.14,910.19,2026_04_02,2026-04-18 17:35
KCHOL,0.9,,2026_04_02,2026-04-18 17:35
KONTR,1.48,,2026_04_02,2026-04-18 17:35
FROTO,-0.76,,2026_04_02,2026-04-18 17:35
CWENE,-0.62,,2026_04_02,2026-04-18 17:35
ASTOR,-0.68,,2026_04_02,2026-04-18 17:35
PATEK,-0.32,-952.647,2026_04_02,2026-04-18 17:35
TABGD,0.63,331.021,2026_04_02,2026-04-18 17:35
IZENR,-3.77,,2026_04_02,2026-04-18 17:35
CANTE,-0.41,,2026_04_02,2026-04-18 17:35
ZOREN,0.47,,2026_04_02,2026-04-18 17:35
ENERY,-0.09,,2026_04_02,2026-04-18 17:35
DOAS,-0.11,-107.625,2026_04_02,2026-04-18 17:35
AKBNK,0.84,,2026_04_02,2026-04-18 17:35
PETKM,1.7,,2026_04_02,2026-04-18 17:35
OBAMS,-0.69,,2026_04_02,2026-04-18 17:35
ENJSA,-0.7,,2026_04_02,2026-04-18 17:35
SAHOL,1.04,,2026_04_02,2026-04-18 17:35
TCELL,0.35,,2026_04_02,2026-04-18 17:35
KCAER,0.35,,2026_04_02,2026-04-18 17:35
BIMAS,0.49,,2026_04_02,2026-04-18 17:35
YKBNK,1.19,,2026_04_02,2026-04-18 17:35
OYAKC,0.2,,2026_04_02,2026-04-18 17:35
EUPWR,1.47,,2026_04_02,2026-04-18 17:35
MIATK,1.84,,2026_04_02,2026-04-18 17:35
TOASO,0.61,731.496,2026_04_02,2026-04-18 17:35
TTRAK,0.11,27.405,2026_04_02,2026-04-18 17:35
PAHOL,1.36,,2026_04_02,2026-04-18 17:35
GARAN,0.32,,2026_04_02,2026-04-18 17:35
ENKAI,0.02,173.464,2026_04_02,2026-04-18 17:35
TUKAS,0.84,,2026_04_02,2026-04-18 17:35
KRDMD,1.11,,2026_04_02,2026-04-18 17:35
ISMEN,-0.22,,2026_04_02,2026-04-18 17:35
TRALT,-0.81,,2026_04_02,2026-04-18 17:35
MGROS,1.05,,2026_04_02,2026-04-18 17:35
GSRAY,0.07,,2026_04_02,2026-04-18 17:35
TSPOR,-0.35,,2026_04_02,2026-04-18 17:35
AEFES,-0.05,-886.208,2026_04_02,2026-04-18 17:35
AKSA,-1.18,,2026_04_02,2026-04-18 17:35
EUREN,-3.05,,2026_04_02,2026-04-18 17:35
YEOTK,0.92,,2026_04_02,2026-04-18 17:35
ODAS,-1.63,,2026_04_02,2026-04-18 17:35
EKGYO,0.59,,2026_04_02,2026-04-18 17:35
ALARK,-0.62,,2026_04_02,2026-04-18 17:35
CVKMD,-0.2,-915.474,2026_04_02,2026-04-18 17:35
GESAN,1.11,,2026_04_02,2026-04-18 17:35
FENER,1.63,,2026_04_02,2026-04-18 17:35
ARCLK,0.03,53.922,2026_04_02,2026-04-18 17:35
MAVI,0.12,723.096,2026_04_02,2026-04-18 17:35
TTKOM,1.45,,2026_04_02,2026-04-18 17:35
SARKY,-0.02,-224.924,2026_04_02,2026-04-18 17:35
ULKER,-0.86,,2026_04_02,2026-04-18 17:35
CIMSA,0.66,,2026_04_02,2026-04-18 17:35
TAVHL,0.11,237.259,2026_04_02,2026-04-18 17:35
SKBNK,-1.1,,2026_04_02,2026-04-18 17:35
VESTL,-0.36,,2026_04_02,2026-04-18 17:35
CCOLA,0.13,,2026_04_02,2026-04-18 17:35
PSGYO,-0.68,,2026_04_02,2026-04-18 17:35
AKSEN,0.08,516.418,2026_04_02,2026-04-18 17:35
HALKB,0.15,,2026_04_02,2026-04-18 17:35
GLRMK,-0.02,-17.27,2026_04_02,2026-04-18 17:35
TURSG,0.21,,2026_04_02,2026-04-18 17:35
QUAGR,-1.82,,2026_04_02,2026-04-18 17:35
DOHOL,0.63,,2026_04_02,2026-04-18 17:35
KTLEV,0.41,,2026_04_02,2026-04-18 17:35
SOKM,-0.09,-392.575,2026_04_02,2026-04-18 17:35
BRSAN,-1.04,-373.971,2026_04_02,2026-04-18 17:35
TSKB,0.11,,2026_04_02,2026-04-18 17:35
EFOR,-10.21,,2026_04_02,2026-04-18 17:35
VAKBN,0.1,,2026_04_02,2026-04-18 17:35
TUREX,1.11,,2026_04_02,2026-04-18 17:35
GUBRF,-0.12,-100.285,2026_04_02,2026-04-18 17:35
OTKAR,-0.66,-221.953,2026_04_02,2026-04-18 17:35
PASEU,4.16,,2026_04_02,2026-04-18 17:35
ECILC,0.14,291.817,2026_04_02,2026-04-18 17:35
AGHOL,0.26,,2026_04_02,2026-04-18 17:35
TKFEN,0.74,,2026_04_02,2026-04-18 17:35
BALSU,-0.78,,2026_04_02,2026-04-18 17:35
ANSGR,0.13,,2026_04_02,2026-04-18 17:35
DAPGM,-4.76,,2026_04_02,2026-04-18 17:35
BTCIM,0.11,,2026_04_02,2026-04-18 17:35
MAGEN,-0.04,-310.423,2026_04_02,2026-04-18 17:35
GRTHO,-0.33,-120.666,2026_04_02,2026-04-18 17:35
TRMET,0.83,,2026_04_02,2026-04-18 17:35
EGEEN,0.13,1.473,2026_04_02,2026-04-18 17:35
GENIL,-1.03,,2026_04_02,2026-04-18 17:35
KLRHO,-0.81,,2026_04_02,2026-04-18 17:35
BRYAT,-0.09,-8.859,2026_04_02,2026-04-18 17:35
BSOKE,0.53,,2026_04_02,2026-04-18 17:35
MPARK,-0.04,-34.693,2026_04_02,2026-04-18 17:35
KUYAS,-0.47,,2026_04_02,2026-04-18 17:35
TRENJ,0.04,36.814,2026_04_02,2026-04-18 17:35
DSTKF,1.16,982.598,2026_04_02,2026-04-18 17:35
GRSEL,-0.2,-60.719,2026_04_02,2026-04-18 17:35
RALYH,2.58,,2026_04_02,2026-04-18 17:35
BMSTL,0.16,116.14,2026_04_02,2026-04-18 17:35
BNTAS,-0.89,,2026_04_02,2026-04-18 17:35
BOBET,-1.0,,2026_04_02,2026-04-18 17:35
BORLS,1.79,,2026_04_02,2026-04-18 17:35
BORSK,3.39,,2026_04_02,2026-04-18 17:35
BOSSA,-0.05,-241.897,2026_04_02,2026-04-18 17:35
BRISA,0.09,27.429,2026_04_02,2026-04-18 17:35
BRKO,-0.14,-182.567,2026_04_02,2026-04-18 17:35
BRKSN,-0.74,-462.141,2026_04_02,2026-04-18 17:35
BRKVY,0.8,109.052,2026_04_02,2026-04-18 17:35
BRLSM,0.06,58.016,2026_04_02,2026-04-18 17:35
BRMEN,0.0,-688.0,2026_04_02,2026-04-18 17:35
AHGAZ,-0.29,,2026_04_02,2026-04-18 17:35
AHSGY,0.33,606.943,2026_04_02,2026-04-18 17:35
AAGYO,35.25,,2026_04_02,2026-04-18 17:35
AKCNS,0.01,4.454,2026_04_02,2026-04-18 17:35
BUCIM,-0.16,,2026_04_02,2026-04-18 17:35
BULGS,0.21,152.88,2026_04_02,2026-04-18 17:35
BURCE,-2.32,,2026_04_02,2026-04-18 17:35
BURVA,0.17,8.13,2026_04_02,2026-04-18 17:35
BVSAN,-1.04,-141.989,2026_04_02,2026-04-18 17:35
BYDNR,0.41,94.665,2026_04_02,2026-04-18 17:35
AKENR,-0.41,,2026_04_02,2026-04-18 17:35
CASA,0.0,1.0,2026_04_02,2026-04-18 17:35
CATES,-1.43,-474.613,2026_04_02,2026-04-18 17:35
AKFGY,0.03,,2026_04_02,2026-04-18 17:35
CELHA,0.38,556.094,2026_04_02,2026-04-18 17:35
CEMAS,-0.11,-867.005,2026_04_02,2026-04-18 17:35
CEMTS,0.48,,2026_04_02,2026-04-18 17:35
CEMZY,0.74,910.347,2026_04_02,2026-04-18 17:35
CEOEM,-1.75,-388.461,2026_04_02,2026-04-18 17:35
CGCAM,1.19,500.843,2026_04_02,2026-04-18 17:35
AKFIS,-0.69,-462.016,2026_04_02,2026-04-18 17:35
CLEBI,0.14,7.415,2026_04_02,2026-04-18 17:35
CMBTN,0.0,-2.0,2026_04_02,2026-04-18 17:35
CMENT,0.0,0.0,2026_04_02,2026-04-18 17:35
CONSE,0.05,171.952,2026_04_02,2026-04-18 17:35
COSMO,0.3,19.31,2026_04_02,2026-04-18 17:35
CRDFA,0.16,356.679,2026_04_02,2026-04-18 17:35
CRFSA,2.34,427.853,2026_04_02,2026-04-18 17:35
CUSAN,-0.14,-26.347,2026_04_02,2026-04-18 17:35
AKFYE,-0.18,,2026_04_02,2026-04-18 17:35
AKGRT,0.37,,2026_04_02,2026-04-18 17:35
TRHOL,0.84,147.443,2026_04_02,2026-04-18 17:35
DAGI,0.41,706.268,2026_04_02,2026-04-18 17:35
AKHAN,-1.26,-688.107,2026_04_02,2026-04-18 17:35
DARDL,-0.2,,2026_04_02,2026-04-18 17:35
DCTTR,0.25,398.523,2026_04_02,2026-04-18 17:35
DENGE,0.44,,2026_04_02,2026-04-18 17:35
DERHL,-1.12,,2026_04_02,2026-04-18 17:35
DERIM,0.14,59.575,2026_04_02,2026-04-18 17:35
DESA,0.14,247.957,2026_04_02,2026-04-18 17:35
DESPC,0.59,95.426,2026_04_02,2026-04-18 17:35
DEVA,-0.09,-184.705,2026_04_02,2026-04-18 17:35
DGATE,-0.8,-122.326,2026_04_02,2026-04-18 17:35
DGGYO,0.02,41.235,2026_04_02,2026-04-18 17:35
DGNMO,-3.58,,2026_04_02,2026-04-18 17:35
DIRIT,0.0,0.0,2026_04_02,2026-04-18 17:35
DITAS,0.01,2.135,2026_04_02,2026-04-18 17:35
DMRGD,1.99,,2026_04_02,2026-04-18 17:35
DMSAS,-0.06,-119.626,2026_04_02,2026-04-18 17:35
DNISI,0.09,52.861,2026_04_02,2026-04-18 17:35
AKMGY,0.09,18.907,2026_04_02,2026-04-18 17:35
DOCO,0.65,1.959,2026_04_02,2026-04-18 17:35
DOFER,-0.54,-108.891,2026_04_02,2026-04-18 17:35
DOFRB,-0.32,-145.388,2026_04_02,2026-04-18 17:35
DOGUB,-2.08,-412.381,2026_04_02,2026-04-18 17:35
ACSEL,-0.33,-29.042,2026_04_02,2026-04-18 17:35
DOKTA,0.07,96.676,2026_04_02,2026-04-18 17:35
ADEL,-1.25,,2026_04_02,2026-04-18 17:35
DUNYH,-3.02,,2026_04_02,2026-04-18 17:35
DURDO,1.02,,2026_04_02,2026-04-18 17:35
DURKN,-0.82,-345.867,2026_04_02,2026-04-18 17:35
DYOBY,0.13,247.444,2026_04_02,2026-04-18 17:35
DZGYO,0.32,,2026_04_02,2026-04-18 17:35
EBEBK,1.26,510.478,2026_04_02,2026-04-18 17:35
AKSGY,-0.28,,2026_04_02,2026-04-18 17:35
ECOGR,-0.33,-361.851,2026_04_02,2026-04-18 17:35
ECZYT,0.47,212.07,2026_04_02,2026-04-18 17:35
EDATA,0.71,,2026_04_02,2026-04-18 17:35
EDIP,0.07,24.875,2026_04_02,2026-04-18 17:35
AKSUE,0.1,57.9,2026_04_02,2026-04-18 17:35
AKYHO,-0.06,-125.508,2026_04_02,2026-04-18 17:35
EGEGY,2.39,,2026_04_02,2026-04-18 17:35
EGEPO,-0.17,-350.025,2026_04_02,2026-04-18 17:35
EGGUB,0.42,314.773,2026_04_02,2026-04-18 17:35
EGPRO,0.0,-14.9,2026_04_02,2026-04-18 17:35
EGSER,-0.06,-320.153,2026_04_02,2026-04-18 17:35
ADESE,-0.08,,2026_04_02,2026-04-18 17:35
EKIZ,0.0,0.0,2026_04_02,2026-04-18 17:35
EKOS,0.45,,2026_04_02,2026-04-18 17:35
EKSUN,0.45,777.434,2026_04_02,2026-04-18 17:35
ELITE,0.21,93.129,2026_04_02,2026-04-18 17:35
EMKEL,0.46,701.309,2026_04_02,2026-04-18 17:35
EMNIS,0.0,0.0,2026_04_02,2026-04-18 17:35
EMPAE,0.64,244.06,2026_04_02,2026-04-18 17:35
ENDAE,-0.35,34.11,2026_04_02,2026-04-18 17:35
ALBRK,0.88,,2026_04_02,2026-04-18 17:35
ALCAR,0.04,677.0,2026_04_02,2026-04-18 17:35
ALCTL,5.43,735.494,2026_04_02,2026-04-18 17:35
ENPRA,95.96,,2026_04_02,2026-04-18 17:35
ENSRI,0.31,731.853,2026_04_02,2026-04-18 17:35
ENTRA,0.03,143.762,2026_04_02,2026-04-18 17:35
EPLAS,-2.03,,2026_04_02,2026-04-18 17:35
ERBOS,0.12,18.079,2026_04_02,2026-04-18 17:35
ERCB,0.18,68.353,2026_04_02,2026-04-18 17:35
ALFAS,0.0,728.0,2026_04_02,2026-04-18 17:35
ERSU,-0.06,-20.891,2026_04_02,2026-04-18 17:35
ESCAR,1.34,,2026_04_02,2026-04-18 17:35
ESCOM,-0.06,-244.927,2026_04_02,2026-04-18 17:35
ESEN,1.31,,2026_04_02,2026-04-18 17:35
ETILR,-0.04,-59.055,2026_04_02,2026-04-18 17:35
ETYAT,0.44,78.889,2026_04_02,2026-04-18 17:35
EUHOL,-0.07,-98.745,2026_04_02,2026-04-18 17:35
EUKYO,-0.77,-154.133,2026_04_02,2026-04-18 17:35
ALGYO,-1.43,,2026_04_02,2026-04-18 17:35
ALKA,-0.08,-254.047,2026_04_02,2026-04-18 17:35
EUYO,-0.69,-136.98,2026_04_02,2026-04-18 17:35
EYGYO,-0.5,,2026_04_02,2026-04-18 17:35
FADE,0.05,24.157,2026_04_02,2026-04-18 17:35
ALKIM,-3.0,,2026_04_02,2026-04-18 17:35
FLAP,0.34,315.692,2026_04_02,2026-04-18 17:35
FMIZP,-0.26,-9.306,2026_04_02,2026-04-18 17:35
FONET,1.41,,2026_04_02,2026-04-18 17:35
FORMT,2.61,,2026_04_02,2026-04-18 17:35
FORTE,-0.94,-261.061,2026_04_02,2026-04-18 17:35
FRIGO,-1.3,,2026_04_02,2026-04-18 17:35
FRMPL,1.39,554.476,2026_04_02,2026-04-18 17:35
ALKLC,-1.05,-427.042,2026_04_02,2026-04-18 17:35
FZLGY,2.37,,2026_04_02,2026-04-18 17:35
RUZYE,-0.31,-814.697,2026_04_02,2026-04-18 17:35
GARFA,0.2,282.597,2026_04_02,2026-04-18 17:35
GATEG,-0.14,-14.209,2026_04_02,2026-04-18 17:35
GEDIK,0.27,,2026_04_02,2026-04-18 17:35
GEDZA,0.6,281.472,2026_04_02,2026-04-18 17:35
ADGYO,0.0,14.873,2026_04_02,2026-04-18 17:35
GENKM,0.41,510.499,2026_04_02,2026-04-18 17:35
GENTS,-0.34,,2026_04_02,2026-04-18 17:35
GEREL,2.32,,2026_04_02,2026-04-18 17:35
ALVES,1.04,,2026_04_02,2026-04-18 17:35
GIPTA,-0.24,-121.189,2026_04_02,2026-04-18 17:35
GLBMD,-0.16,-46.764,2026_04_02,2026-04-18 17:35
GLCVY,-6.4,,2026_04_02,2026-04-18 17:35
ANELE,-31.14,,2026_04_02,2026-04-18 17:35
GLRYH,-0.27,,2026_04_02,2026-04-18 17:35
GLYHO,0.1,,2026_04_02,2026-04-18 17:35
GMTAS,0.87,,2026_04_02,2026-04-18 17:35
GOKNR,1.21,,2026_04_02,2026-04-18 17:35
GOLTS,-0.01,-1.285,2026_04_02,2026-04-18 17:35
GOODY,-0.9,,2026_04_02,2026-04-18 17:35
GOZDE,-0.01,-9.08,2026_04_02,2026-04-18 17:35
GRNYO,0.0,1.0,2026_04_02,2026-04-18 17:35
ANGEN,0.75,649.571,2026_04_02,2026-04-18 17:35
ANHYT,0.11,99.816,2026_04_02,2026-04-18 17:35
GSDDE,0.79,841.114,2026_04_02,2026-04-18 17:35
GSDHO,0.08,797.348,2026_04_02,2026-04-18 17:35
A1CAP,-0.72,,2026_04_02,2026-04-18 17:35
ARASE,-0.32,-157.171,2026_04_02,2026-04-18 17:35
GUNDG,1.31,249.206,2026_04_02,2026-04-18 17:35
GWIND,-1.21,,2026_04_02,2026-04-18 17:35
GZNMI,0.55,226.122,2026_04_02,2026-04-18 17:35
AFYON,-0.32,,2026_04_02,2026-04-18 17:35
HATEK,2.08,,2026_04_02,2026-04-18 17:35
HATSN,13.3,,2026_04_02,2026-04-18 17:35
HDFGS,1.12,,2026_04_02,2026-04-18 17:35
HEDEF,0.21,,2026_04_02,2026-04-18 17:35
ARDYZ,0.15,417.405,2026_04_02,2026-04-18 17:35
HKTM,-0.52,-382.948,2026_04_02,2026-04-18 17:35
HLGYO,0.69,,2026_04_02,2026-04-18 17:35
HOROZ,1.2,295.082,2026_04_02,2026-04-18 17:35
HRKET,0.62,149.065,2026_04_02,2026-04-18 17:35
HTTBT,0.41,336.523,2026_04_02,2026-04-18 17:35
HUBVC,-0.01,-28.442,2026_04_02,2026-04-18 17:35
HUNER,0.24,,2026_04_02,2026-04-18 17:35
HURGZ,-0.02,-42.748,2026_04_02,2026-04-18 17:35
ICBCT,0.0,1.623,2026_04_02,2026-04-18 17:35
ICUGS,-0.92,,2026_04_02,2026-04-18 17:35
IDGYO,-1.6,,2026_04_02,2026-04-18 17:35
IEYHO,0.09,460.713,2026_04_02,2026-04-18 17:35
IHAAS,-2.22,,2026_04_02,2026-04-18 17:35
IHEVA,-0.03,-69.609,2026_04_02,2026-04-18 17:35
IHGZT,0.06,344.903,2026_04_02,2026-04-18 17:35
IHLAS,0.9,,2026_04_02,2026-04-18 17:35
IHLGM,0.07,638.655,2026_04_02,2026-04-18 17:35
IHYAY,0.24,934.293,2026_04_02,2026-04-18 17:35
IMASM,0.08,540.928,2026_04_02,2026-04-18 17:35
INDES,-0.47,,2026_04_02,2026-04-18 17:35
INFO,-0.26,,2026_04_02,2026-04-18 17:35
INGRM,0.12,18.384,2026_04_02,2026-04-18 17:35
INTEK,0.0,0.0,2026_04_02,2026-04-18 17:35
INTEM,1.13,106.597,2026_04_02,2026-04-18 17:35
INVEO,0.01,84.864,2026_04_02,2026-04-18 17:35
INVES,0.39,144.395,2026_04_02,2026-04-18 17:35
ARENA,0.33,219.087,2026_04_02,2026-04-18 17:35
ISATR,0.0,0.0,2026_04_02,2026-04-18 17:35
ISBIR,0.0,0.0,2026_04_02,2026-04-18 17:35
ISBTR,0.0,0.0,2026_04_02,2026-04-18 17:35
ARFYE,3.52,,2026_04_02,2026-04-18 17:35
ISDMR,-0.26,-389.834,2026_04_02,2026-04-18 17:35
ISFIN,0.3,915.929,2026_04_02,2026-04-18 17:35
ISGSY,-0.01,-6.805,2026_04_02,2026-04-18 17:35
ISGYO,0.04,179.469,2026_04_02,2026-04-18 17:35
ISKPL,-0.58,,2026_04_02,2026-04-18 17:35
ISKUR,-0.13,-1.0,2026_04_02,2026-04-18 17:35
ARMGD,2.26,,2026_04_02,2026-04-18 17:35
ISSEN,0.24,258.274,2026_04_02,2026-04-18 17:35
ISYAT,0.02,42.186,2026_04_02,2026-04-18 17:35
ARSAN,0.06,527.178,2026_04_02,2026-04-18 17:35
IZFAS,0.66,,2026_04_02,2026-04-18 17:35
IZINV,0.54,73.407,2026_04_02,2026-04-18 17:35
IZMDC,0.08,594.915,2026_04_02,2026-04-18 17:35
JANTS,-0.22,-444.613,2026_04_02,2026-04-18 17:35
KAPLM,0.57,26.065,2026_04_02,2026-04-18 17:35
KAREL,1.21,,2026_04_02,2026-04-18 17:35
KARSN,-0.01,-71.109,2026_04_02,2026-04-18 17:35
KARTN,-0.35,-249.404,2026_04_02,2026-04-18 17:35
KATMR,-0.24,,2026_04_02,2026-04-18 17:35
KAYSE,0.37,,2026_04_02,2026-04-18 17:35
KBORU,-0.71,,2026_04_02,2026-04-18 17:35
ARTMS,-0.6,-168.03,2026_04_02,2026-04-18 17:35
ARZUM,-1.27,,2026_04_02,2026-04-18 17:35
KENT,0.0,3.0,2026_04_02,2026-04-18 17:35
KERVN,0.0,108.0,2026_04_02,2026-04-18 17:35
KFEIN,0.44,655.243,2026_04_02,2026-04-18 17:35
KGYO,0.66,,2026_04_02,2026-04-18 17:35
KIMMR,-0.88,-660.639,2026_04_02,2026-04-18 17:35
KLGYO,-0.54,,2026_04_02,2026-04-18 17:35
KLKIM,-0.89,,2026_04_02,2026-04-18 17:35
KLMSN,-0.95,-293.836,2026_04_02,2026-04-18 17:35
KLNMA,-0.01,-15.596,2026_04_02,2026-04-18 17:35
AGESA,-0.19,-69.099,2026_04_02,2026-04-18 17:35
KLSER,0.27,300.113,2026_04_02,2026-04-18 17:35
KLSYN,2.14,,2026_04_02,2026-04-18 17:35
KLYPV,0.55,254.049,2026_04_02,2026-04-18 17:35
KMPUR,0.12,161.768,2026_04_02,2026-04-18 17:35
KNFRT,-0.06,-77.468,2026_04_02,2026-04-18 17:35
KOCMT,0.21,,2026_04_02,2026-04-18 17:35
KONKA,1.05,939.018,2026_04_02,2026-04-18 17:35
ASGYO,0.08,130.681,2026_04_02,2026-04-18 17:35
KONYA,0.09,1.442,2026_04_02,2026-04-18 17:35
KOPOL,-2.73,,2026_04_02,2026-04-18 17:35
KORDS,-0.32,-213.912,2026_04_02,2026-04-18 17:35
KOTON,0.01,7.01,2026_04_02,2026-04-18 17:35
A1YEN,2.1,868.393,2026_04_02,2026-04-18 17:35
ASUZU,0.32,132.18,2026_04_02,2026-04-18 17:35
KRDMA,1.0,,2026_04_02,2026-04-18 17:35
KRDMB,-4.81,,2026_04_02,2026-04-18 17:35
ATAGY,0.45,205.029,2026_04_02,2026-04-18 17:35
KRGYO,1.39,,2026_04_02,2026-04-18 17:35
KRONT,0.13,148.603,2026_04_02,2026-04-18 17:35
KRPLS,-0.19,-147.543,2026_04_02,2026-04-18 17:35
KRSTL,-0.25,-460.264,2026_04_02,2026-04-18 17:35
KRTEK,-0.55,-105.25,2026_04_02,2026-04-18 17:35
KRVGD,0.66,,2026_04_02,2026-04-18 17:35
KSTUR,0.0,0.0,2026_04_02,2026-04-18 17:35
ATAKP,0.18,50.515,2026_04_02,2026-04-18 17:35
KTSKR,3.58,525.748,2026_04_02,2026-04-18 17:35
KUTPO,-0.05,-4.774,2026_04_02,2026-04-18 17:35
KUVVA,-0.08,-19.762,2026_04_02,2026-04-18 17:35
ATATP,-2.47,-464.375,2026_04_02,2026-04-18 17:35
KZBGY,-0.54,,2026_04_02,2026-04-18 17:35
KZGYO,-0.54,-271.956,2026_04_02,2026-04-18 17:35
LIDER,0.26,715.762,2026_04_02,2026-04-18 17:35
LIDFA,0.04,171.231,2026_04_02,2026-04-18 17:35
LILAK,0.51,,2026_04_02,2026-04-18 17:35
LINK,0.08,572.118,2026_04_02,2026-04-18 17:35
LKMNH,-0.11,-185.356,2026_04_02,2026-04-18 17:35
LMKDC,0.19,296.297,2026_04_02,2026-04-18 17:35
LOGO,-0.2,-153.902,2026_04_02,2026-04-18 17:35
LRSHO,1.02,,2026_04_02,2026-04-18 17:35
LUKSK,0.13,36.189,2026_04_02,2026-04-18 17:35
LXGYO,-2.45,,2026_04_02,2026-04-18 17:35
LYDHO,0.11,215.665,2026_04_02,2026-04-18 17:35
LYDYE,0.0,-58.0,2026_04_02,2026-04-18 17:35
MAALT,0.47,22.568,2026_04_02,2026-04-18 17:35
MACKO,-4.38,,2026_04_02,2026-04-18 17:35
ATATR,0.86,,2026_04_02,2026-04-18 17:35
MAKIM,-3.19,,2026_04_02,2026-04-18 17:35
MAKTK,0.1,187.468,2026_04_02,2026-04-18 17:35
MANAS,-0.82,,2026_04_02,2026-04-18 17:35
MARBL,-0.58,-379.703,2026_04_02,2026-04-18 17:35
MARKA,0.56,117.788,2026_04_02,2026-04-18 17:35
MARMR,1.06,,2026_04_02,2026-04-18 17:35
MARTI,-0.76,,2026_04_02,2026-04-18 17:35
ATEKS,0.0,0.0,2026_04_02,2026-04-18 17:35
MCARD,-0.5,-93.604,2026_04_02,2026-04-18 17:35
MEDTR,0.8,194.816,2026_04_02,2026-04-18 17:35
MEGAP,0.04,100.005,2026_04_02,2026-04-18 17:35
MEGMT,-1.47,,2026_04_02,2026-04-18 17:35
MEKAG,-0.7,,2026_04_02,2026-04-18 17:35
MEPET,-0.09,-62.184,2026_04_02,2026-04-18 17:35
MERCN,0.47,350.693,2026_04_02,2026-04-18 17:35
MERIT,-0.17,-570.631,2026_04_02,2026-04-18 17:35
MERKO,-0.76,-766.419,2026_04_02,2026-04-18 17:35
METRO,0.05,266.168,2026_04_02,2026-04-18 17:35
MEYSU,4.61,,2026_04_02,2026-04-18 17:35
ATLAS,-0.35,-207.688,2026_04_02,2026-04-18 17:35
MHRGY,-0.05,-147.416,2026_04_02,2026-04-18 17:35
ATSYH,0.0,0.0,2026_04_02,2026-04-18 17:35
MMCAS,0.0,0.0,2026_04_02,2026-04-18 17:35
MNDRS,-1.16,,2026_04_02,2026-04-18 17:35
MNDTR,-0.01,-164.021,2026_04_02,2026-04-18 17:35
MOBTL,1.41,,2026_04_02,2026-04-18 17:35
MOGAN,5.3,,2026_04_02,2026-04-18 17:35
MOPAS,-5.93,,2026_04_02,2026-04-18 17:35
AVGYO,0.84,941.79,2026_04_02,2026-04-18 17:35
MRGYO,-3.52,,2026_04_02,2026-04-18 17:35
MRSHL,-0.19,-8.109,2026_04_02,2026-04-18 17:35
MSGYO,0.37,639.985,2026_04_02,2026-04-18 17:35
MTRKS,0.14,59.246,2026_04_02,2026-04-18 17:35
MTRYO,0.0,0.0,2026_04_02,2026-04-18 17:35
MZHLD,0.03,24.432,2026_04_02,2026-04-18 17:35
NATEN,0.05,141.497,2026_04_02,2026-04-18 17:35
NETAS,0.04,12.348,2026_04_02,2026-04-18 17:35
NETCD,-0.1,-37.152,2026_04_02,2026-04-18 17:35
NIBAS,-3.39,,2026_04_02,2026-04-18 17:35
NTGAZ,0.69,,2026_04_02,2026-04-18 17:35
NTHOL,-0.16,-738.408,2026_04_02,2026-04-18 17:35
NUGYO,0.19,642.205,2026_04_02,2026-04-18 17:35
NUHCM,-0.13,-41.789,2026_04_02,2026-04-18 17:35
AVHOL,0.02,5.969,2026_04_02,2026-04-18 17:35
OBASE,-0.3,-45.416,2026_04_02,2026-04-18 17:35
AVOD,-0.61,,2026_04_02,2026-04-18 17:35
ODINE,2.19,,2026_04_02,2026-04-18 17:35
OFSYM,0.26,58.765,2026_04_02,2026-04-18 17:35
ONCSM,0.58,58.068,2026_04_02,2026-04-18 17:35
ONRYT,-1.33,-262.657,2026_04_02,2026-04-18 17:35
ORCAY,-0.23,-352.629,2026_04_02,2026-04-18 17:35
ORGE,0.82,346.282,2026_04_02,2026-04-18 17:35
ORMA,0.0,0.0,2026_04_02,2026-04-18 17:35
OSMEN,1.35,,2026_04_02,2026-04-18 17:35
OSTIM,0.23,,2026_04_02,2026-04-18 17:35
AVPGY,-0.4,-401.604,2026_04_02,2026-04-18 17:35
OTTO,-0.01,-936.0,2026_04_02,2026-04-18 17:35
AVTUR,0.01,-3.407,2026_04_02,2026-04-18 17:35
OYAYO,-0.25,-50.172,2026_04_02,2026-04-18 17:35
OYLUM,0.3,238.881,2026_04_02,2026-04-18 17:35
OYYAT,-0.24,-211.718,2026_04_02,2026-04-18 17:35
OZATD,-0.87,-116.194,2026_04_02,2026-04-18 17:35
OZGYO,0.69,,2026_04_02,2026-04-18 17:35
OZKGY,-0.12,-440.648,2026_04_02,2026-04-18 17:35
OZRDN,-0.01,-3.949,2026_04_02,2026-04-18 17:35
OZSUB,1.68,742.036,2026_04_02,2026-04-18 17:35
OZYSR,0.28,114.665,2026_04_02,2026-04-18 17:35
PAGYO,0.13,75.001,2026_04_02,2026-04-18 17:35
AYCES,0.47,8.791,2026_04_02,2026-04-18 17:35
PAMEL,-0.17,-37.184,2026_04_02,2026-04-18 17:35
PAPIL,0.21,425.101,2026_04_02,2026-04-18 17:35
PARSN,0.04,13.268,2026_04_02,2026-04-18 17:35
AYDEM,1.25,,2026_04_02,2026-04-18 17:35
AYEN,-1.68,-932.173,2026_04_02,2026-04-18 17:35
PCILT,-0.07,-33.783,2026_04_02,2026-04-18 17:35
TEHOL,-1.16,,2026_04_02,2026-04-18 17:35
PEKGY,0.19,,2026_04_02,2026-04-18 17:35
PENGD,-0.45,-778.906,2026_04_02,2026-04-18 17:35
PENTA,-0.22,-400.433,2026_04_02,2026-04-18 17:35
AYES,2.17,,2026_04_02,2026-04-18 17:35
PETUN,-0.33,-432.548,2026_04_02,2026-04-18 17:35
AYGAZ,1.4,,2026_04_02,2026-04-18 17:35
PINSU,0.85,864.413,2026_04_02,2026-04-18 17:35
PKART,0.42,45.651,2026_04_02,2026-04-18 17:35
PKENT,0.3,72.226,2026_04_02,2026-04-18 17:35
PLTUR,-0.35,-173.514,2026_04_02,2026-04-18 17:35
PNLSN,-0.63,-218.122,2026_04_02,2026-04-18 17:35
PNSUT,2.62,,2026_04_02,2026-04-18 17:35
POLHO,-4.74,,2026_04_02,2026-04-18 17:35
POLTK,-0.68,-7.645,2026_04_02,2026-04-18 17:35
PRDGS,-0.05,-59.133,2026_04_02,2026-04-18 17:35
PRKAB,2.14,753.652,2026_04_02,2026-04-18 17:35
PRKME,-0.33,-173.114,2026_04_02,2026-04-18 17:35
PRZMA,0.0,0.0,2026_04_02,2026-04-18 17:35
PSDTC,0.35,23.25,2026_04_02,2026-04-18 17:35
AZTEK,0.32,903.361,2026_04_02,2026-04-18 17:35
QNBFK,-0.08,-149.0,2026_04_02,2026-04-18 17:35
QNBTR,0.0,34.0,2026_04_02,2026-04-18 17:35
BAGFS,-0.53,-529.719,2026_04_02,2026-04-18 17:35
BAHKM,-0.69,-160.519,2026_04_02,2026-04-18 17:35
RAYSG,-0.14,-73.219,2026_04_02,2026-04-18 17:35
BAKAB,0.36,127.042,2026_04_02,2026-04-18 17:35
RGYAS,1.1,,2026_04_02,2026-04-18 17:35
RNPOL,-0.28,-939.497,2026_04_02,2026-04-18 17:35
RODRG,-0.17,-27.616,2026_04_02,2026-04-18 17:35
ROYAL,0.0,0.0,2026_04_02,2026-04-18 17:35
RTALB,0.22,989.927,2026_04_02,2026-04-18 17:35
RUBNS,-0.33,-138.792,2026_04_02,2026-04-18 17:35
RYGYO,0.16,,2026_04_02,2026-04-18 17:35
RYSAS,0.16,,2026_04_02,2026-04-18 17:35
SAFKR,-3.41,,2026_04_02,2026-04-18 17:35
BALAT,-0.02,0.0,2026_04_02,2026-04-18 17:35
SAMAT,-0.16,-170.045,2026_04_02,2026-04-18 17:35
SANEL,1.02,184.532,2026_04_02,2026-04-18 17:35
SANFM,-0.74,,2026_04_02,2026-04-18 17:35
SANKO,-0.25,-92.685,2026_04_02,2026-04-18 17:35
AGROT,-0.8,,2026_04_02,2026-04-18 17:35
BANVT,0.13,49.854,2026_04_02,2026-04-18 17:35
SAYAS,0.24,103.541,2026_04_02,2026-04-18 17:35
SDTTR,0.44,70.563,2026_04_02,2026-04-18 17:35
SEGMN,0.54,442.027,2026_04_02,2026-04-18 17:35
SEGYO,2.24,,2026_04_02,2026-04-18 17:35
SEKFK,-0.22,-139.999,2026_04_02,2026-04-18 17:35
SEKUR,0.0,4.0,2026_04_02,2026-04-18 17:35
SELEC,0.41,499.215,2026_04_02,2026-04-18 17:35
SELVA,-0.21,,2026_04_02,2026-04-18 17:35
SERNT,1.72,,2026_04_02,2026-04-18 17:35
SEYKM,-0.23,-343.454,2026_04_02,2026-04-18 17:35
SILVR,-0.16,-333.577,2026_04_02,2026-04-18 17:35
BARMA,0.4,308.987,2026_04_02,2026-04-18 17:35
BASCM,0.01,5.002,2026_04_02,2026-04-18 17:35
SKTAS,-1.7,,2026_04_02,2026-04-18 17:35
SKYLP,0.38,27.31,2026_04_02,2026-04-18 17:35
SKYMD,1.05,550.798,2026_04_02,2026-04-18 17:35
SMART,-1.28,-378.944,2026_04_02,2026-04-18 17:35
SMRTG,0.68,,2026_04_02,2026-04-18 17:35
SMRVA,4.14,,2026_04_02,2026-04-18 17:35
SNGYO,0.13,,2026_04_02,2026-04-18 17:35
SNICA,1.44,,2026_04_02,2026-04-18 17:35
SNPAM,0.0,1.0,2026_04_02,2026-04-18 17:35
SODSN,0.0,0.0,2026_04_02,2026-04-18 17:35
SOKE,-0.96,,2026_04_02,2026-04-18 17:35
BASGZ,0.06,93.77,2026_04_02,2026-04-18 17:35
SONME,0.27,11.654,2026_04_02,2026-04-18 17:35
SRVGY,0.66,,2026_04_02,2026-04-18 17:35
SUMAS,0.06,3.393,2026_04_02,2026-04-18 17:35
SUNTK,0.18,264.562,2026_04_02,2026-04-18 17:35
SURGY,-2.47,,2026_04_02,2026-04-18 17:35
SUWEN,0.11,414.861,2026_04_02,2026-04-18 17:35
SVGYO,0.8,,2026_04_02,2026-04-18 17:35
BAYRK,-0.06,-128.312,2026_04_02,2026-04-18 17:35
TARKM,0.53,26.578,2026_04_02,2026-04-18 17:35
TATEN,-0.94,,2026_04_02,2026-04-18 17:35
TATGD,-0.09,-100.526,2026_04_02,2026-04-18 17:35
BEGYO,-2.94,,2026_04_02,2026-04-18 17:35
TBORG,-0.09,-55.107,2026_04_02,2026-04-18 17:35
BERA,1.03,,2026_04_02,2026-04-18 17:35
TCKRC,0.69,480.97,2026_04_02,2026-04-18 17:35
TDGYO,1.57,972.918,2026_04_02,2026-04-18 17:35
TEKTU,-0.53,,2026_04_02,2026-04-18 17:35
TERA,0.38,919.869,2026_04_02,2026-04-18 17:35
TEZOL,0.12,164.826,2026_04_02,2026-04-18 17:35
TGSAS,-0.48,-59.952,2026_04_02,2026-04-18 17:35
BESLR,0.0,-20.052,2026_04_02,2026-04-18 17:35
BESTE,0.82,451.201,2026_04_02,2026-04-18 17:35
TKNSA,-0.56,-558.817,2026_04_02,2026-04-18 17:35
TLMAN,0.32,32.065,2026_04_02,2026-04-18 17:35
TMPOL,5.69,628.081,2026_04_02,2026-04-18 17:35
TMSN,-0.17,-76.828,2026_04_02,2026-04-18 17:35
TNZTP,0.27,234.03,2026_04_02,2026-04-18 17:35
BEYAZ,0.23,96.83,2026_04_02,2026-04-18 17:35
TRCAS,-0.1,-215.575,2026_04_02,2026-04-18 17:35
TRGYO,-0.01,-9.428,2026_04_02,2026-04-18 17:35
TRILC,0.22,268.372,2026_04_02,2026-04-18 17:35
TSGYO,0.12,322.368,2026_04_02,2026-04-18 17:35
BFREN,0.02,4.665,2026_04_02,2026-04-18 17:35
BIENY,-0.26,-210.688,2026_04_02,2026-04-18 17:35
BIGCH,0.23,855.038,2026_04_02,2026-04-18 17:35
BIGEN,2.27,,2026_04_02,2026-04-18 17:35
TUCLK,1.29,,2026_04_02,2026-04-18 17:35
BIGTK,1.73,413.798,2026_04_02,2026-04-18 17:35
AGYO,0.05,60.144,2026_04_02,2026-04-18 17:35
BINBN,0.97,166.327,2026_04_02,2026-04-18 17:35
TURGG,-0.39,-122.912,2026_04_02,2026-04-18 17:35
BINHO,-0.39,,2026_04_02,2026-04-18 17:35
UCAYM,1.02,607.892,2026_04_02,2026-04-18 17:35
UFUK,0.53,247.551,2026_04_02,2026-04-18 17:35
ULAS,-1.67,-420.0,2026_04_02,2026-04-18 17:35
BIOEN,0.11,201.41,2026_04_02,2026-04-18 17:35
ULUFA,-0.22,-666.45,2026_04_02,2026-04-18 17:35
ULUSE,-0.02,-2.801,2026_04_02,2026-04-18 17:35
ULUUN,0.38,,2026_04_02,2026-04-18 17:35
UMPAS,0.0,143.0,2026_04_02,2026-04-18 17:35
UNLU,-0.13,-137.491,2026_04_02,2026-04-18 17:35
USAK,-1.15,,2026_04_02,2026-04-18 17:35
BIZIM,0.3,82.288,2026_04_02,2026-04-18 17:35
VAKFA,-1.89,,2026_04_02,2026-04-18 17:35
VAKFN,0.56,,2026_04_02,2026-04-18 17:35
VAKKO,0.17,51.579,2026_04_02,2026-04-18 17:35
VANGD,0.52,126.327,2026_04_02,2026-04-18 17:35
VBTYZ,-0.08,-48.523,2026_04_02,2026-04-18 17:35
VERTU,0.59,129.41,2026_04_02,2026-04-18 17:35
VERUS,0.22,76.015,2026_04_02,2026-04-18 17:35
VESBE,-0.3,,2026_04_02,2026-04-18 17:35
BJKAS,1.17,,2026_04_02,2026-04-18 17:35
VKFYO,0.3,80.781,2026_04_02,2026-04-18 17:35
VKGYO,-0.39,,2026_04_02,2026-04-18 17:35
VKING,0.84,260.544,2026_04_02,2026-04-18 17:35
VRGYO,0.34,,2026_04_02,2026-04-18 17:35
VSNMD,2.46,590.152,2026_04_02,2026-04-18 17:35
YAPRK,0.28,253.447,2026_04_02,2026-04-18 17:35
YATAS,-0.11,-105.378,2026_04_02,2026-04-18 17:35
YAYLA,-0.12,-47.715,2026_04_02,2026-04-18 17:35
YBTAS,0.01,3.0,2026_04_02,2026-04-18 17:35
BLCYT,7.31,,2026_04_02,2026-04-18 17:35
YESIL,0.28,,2026_04_02,2026-04-18 17:35
YGGYO,0.2,488.828,2026_04_02,2026-04-18 17:35
YIGIT,-2.13,,2026_04_02,2026-04-18 17:35
BLUME,0.47,818.378,2026_04_02,2026-04-18 17:35
YKSLN,1.01,,2026_04_02,2026-04-18 17:35
YONGA,0.0,0.0,2026_04_02,2026-04-18 17:35
YUNSA,0.88,,2026_04_02,2026-04-18 17:35
YYAPI,-0.07,,2026_04_02,2026-04-18 17:35
YYLGD,-0.25,-938.64,2026_04_02,2026-04-18 17:35
ZEDUR,-0.56,-389.134,2026_04_02,2026-04-18 17:35
ZERGY,1.55,,2026_04_02,2026-04-18 17:35
ZGYO,1.5,,2026_04_02,2026-04-18 17:35
BMSCH,0.07,48.766,2026_04_02,2026-04-18 17:35
ZRGYO,-0.08,-923.965,2026_04_02,2026-04-18 17:35
