hisse,yab_fark,tks2,donem,yukleme
SASA,578225983,25700421849,2026_01_01,2026-04-18 16:38
KAYSE,60113173,814062609,2026_01_01,2026-04-18 16:38
PEKGY,34435386,4685237615,2026_01_01,2026-04-18 16:38
FENER,30571594,1165336432,2026_01_01,2026-04-18 16:38
EUREN,28895492,1040132637,2026_01_01,2026-04-18 16:38
HEKTS,27336162,3946474643,2026_01_01,2026-04-18 16:38
HLGYO,19165722,1075198536,2026_01_01,2026-04-18 16:38
VAKFN,19149721,2064378145,2026_01_01,2026-04-18 16:38
ADESE,19110412,4687131701,2026_01_01,2026-04-18 16:38
AKFGY,17886944,3457819315,2026_01_01,2026-04-18 16:38
BJKAS,17518683,1339632796,2026_01_01,2026-04-18 16:38
AGROT,15721155,843999770,2026_01_01,2026-04-18 16:38
SAHOL,15575852,1142761094,2026_01_01,2026-04-18 16:38
TCELL,14808695,1622604373,2026_01_01,2026-04-18 16:38
BORLS,14148652,308652686,2026_01_01,2026-04-18 16:38
TUPRS,12312639,902334854,2026_01_01,2026-04-18 16:38
KCHOL,11660041,674052132,2026_01_01,2026-04-18 16:38
ESEN,11635252,682499950,2026_01_01,2026-04-18 16:38
TRALT,11491055,960749878,2026_01_01,2026-04-18 16:38
DMRGD,10001287,1277294592,2026_01_01,2026-04-18 16:38
EREGL,9802427,3554231816,2026_01_01,2026-04-18 16:38
TSKB,9007521,1516591673,2026_01_01,2026-04-18 16:38
MAVI,8435733,576779312,2026_01_01,2026-04-18 16:38
ASELS,7695075,1178597817,2026_01_01,2026-04-18 16:38
FROTO,7312116,625120847,2026_01_01,2026-04-18 16:38
QUAGR,7096392,1773200000,2026_01_01,2026-04-18 16:38
DOHOL,6254579,984709460,2026_01_01,2026-04-18 16:38
DAPGM,5098681,928276145,2026_01_01,2026-04-18 16:38
SRVGY,4854465,812499687,2026_01_01,2026-04-18 16:38
ALBRK,4435906,1050478429,2026_01_01,2026-04-18 16:38
ODAS,4109126,1113798031,2026_01_01,2026-04-18 16:38
AHSGY,4107470,184999889,2026_01_01,2026-04-18 16:38
GLYHO,4059766,1949290631,2026_01_01,2026-04-18 16:38
ZOREN,3965385,2681244194,2026_01_01,2026-04-18 16:38
CWENE,3682541,530759984,2026_01_01,2026-04-18 16:38
TSPOR,3618115,3674526725,2026_01_01,2026-04-18 16:38
TUREX,3609030,432000000,2026_01_01,2026-04-18 16:38
RYSAS,3489171,1504020937,2026_01_01,2026-04-18 16:38
ECOGR,3437566,110000000,2026_01_01,2026-04-18 16:38
ASTOR,3335940,366896261,2026_01_01,2026-04-18 16:38
THYAO,3205810,739464752,2026_01_01,2026-04-18 16:38
YYAPI,3104267,1705025550,2026_01_01,2026-04-18 16:38
SARKY,3007510,999999671,2026_01_01,2026-04-18 16:38
RYGYO,2860434,770588057,2026_01_01,2026-04-18 16:38
HUNER,2855057,670137934,2026_01_01,2026-04-18 16:38
TUCLK,2746757,230681400,2026_01_01,2026-04-18 16:38
AEFES,2735440,2028860053,2026_01_01,2026-04-18 16:38
PETKM,2650307,1241796844,2026_01_01,2026-04-18 16:38
CONSE,2605121,377854899,2026_01_01,2026-04-18 16:38
PGSUS,2573222,245068871,2026_01_01,2026-04-18 16:38
IHGZT,2491550,570666229,2026_01_01,2026-04-18 16:38
PATEK,2434981,293081893,2026_01_01,2026-04-18 16:38
TUKAS,2388722,4499995929,2026_01_01,2026-04-18 16:38
AKGRT,2277652,629007625,2026_01_01,2026-04-18 16:38
ENJSA,2250820,236211770,2026_01_01,2026-04-18 16:38
ARSAN,2210400,887344274,2026_01_01,2026-04-18 16:38
KRDMD,2156016,780216365,2026_01_01,2026-04-18 16:38
ULUFA,2135956,305352801,2026_01_01,2026-04-18 16:38
CIMSA,2109857,488404404,2026_01_01,2026-04-18 16:38
YESIL,2047097,640699952,2026_01_01,2026-04-18 16:38
HALKB,2003904,6546422779,2026_01_01,2026-04-18 16:38
MEGMT,1977299,72749999,2026_01_01,2026-04-18 16:38
EGEPO,1914367,200000000,2026_01_01,2026-04-18 16:38
VKGYO,1817081,1637203243,2026_01_01,2026-04-18 16:38
ULKER,1740162,338855989,2026_01_01,2026-04-18 16:38
EKGYO,1715920,1925107366,2026_01_01,2026-04-18 16:38
MAGEN,1713803,719512140,2026_01_01,2026-04-18 16:38
BIMAS,1682017,436214016,2026_01_01,2026-04-18 16:38
TRMET,1646066,174484588,2026_01_01,2026-04-18 16:38
ARCLK,1618664,170054748,2026_01_01,2026-04-18 16:38
OZGYO,1610706,490916869,2026_01_01,2026-04-18 16:38
MOGAN,1557263,262635000,2026_01_01,2026-04-18 16:38
MGROS,1415837,96563545,2026_01_01,2026-04-18 16:38
KFEIN,1415012,150306170,2026_01_01,2026-04-18 16:38
ISDMR,1361107,147623050,2026_01_01,2026-04-18 16:38
PASEU,1356840,215296000,2026_01_01,2026-04-18 16:38
OBAMS,1304896,751078524,2026_01_01,2026-04-18 16:38
LILAK,1297129,260253530,2026_01_01,2026-04-18 16:38
CVKMD,1264817,461999787,2026_01_01,2026-04-18 16:38
BSOKE,1193807,458473127,2026_01_01,2026-04-18 16:38
AGHOL,1162397,1068822243,2026_01_01,2026-04-18 16:38
KBORU,1162301,143999994,2026_01_01,2026-04-18 16:38
ENKAI,1159192,874736069,2026_01_01,2026-04-18 16:38
MHRGY,1151759,310499991,2026_01_01,2026-04-18 16:38
MIATK,1147931,313087979,2026_01_01,2026-04-18 16:38
TAVHL,1103839,213213415,2026_01_01,2026-04-18 16:38
PSGYO,1101941,2954231557,2026_01_01,2026-04-18 16:38
LRSHO,1088115,724120946,2026_01_01,2026-04-18 16:38
BOBET,1060321,113999998,2026_01_01,2026-04-18 16:38
AZTEK,1060099,279000000,2026_01_01,2026-04-18 16:38
TRENJ,1047510,98018735,2026_01_01,2026-04-18 16:38
ENTRA,1042257,369416642,2026_01_01,2026-04-18 16:38
ICUGS,1014171,336250000,2026_01_01,2026-04-18 16:38
DARDL,971266,1753442695,2026_01_01,2026-04-18 16:38
YEOTK,970691,160933198,2026_01_01,2026-04-18 16:38
GWIND,966060,179165491,2026_01_01,2026-04-18 16:38
TKFEN,955558,230848007,2026_01_01,2026-04-18 16:38
NATEN,954969,309375000,2026_01_01,2026-04-18 16:38
GESAN,935188,141759180,2026_01_01,2026-04-18 16:38
GEDIK,920666,983076856,2026_01_01,2026-04-18 16:38
GMTAS,915878,148547413,2026_01_01,2026-04-18 16:38
DERHL,873375,197281316,2026_01_01,2026-04-18 16:38
FZLGY,848942,398427644,2026_01_01,2026-04-18 16:38
TOASO,795255,120585076,2026_01_01,2026-04-18 16:38
VRGYO,789504,597693904,2026_01_01,2026-04-18 16:38
IMASM,729115,622850500,2026_01_01,2026-04-18 16:38
ENDAE,713926,120211591,2026_01_01,2026-04-18 16:38
PENGD,706374,171068945,2026_01_01,2026-04-18 16:38
LIDER,703119,279500000,2026_01_01,2026-04-18 16:38
MERCN,686144,74389005,2026_01_01,2026-04-18 16:38
KRDMB,665916,118762111,2026_01_01,2026-04-18 16:38
ISMEN,664203,467723147,2026_01_01,2026-04-18 16:38
TATGD,656543,119284669,2026_01_01,2026-04-18 16:38
AKFIS,653096,66841328,2026_01_01,2026-04-18 16:38
OSTIM,649036,509670729,2026_01_01,2026-04-18 16:38
OZKGY,641795,363999945,2026_01_01,2026-04-18 16:38
DOAS,620020,97899975,2026_01_01,2026-04-18 16:38
PRDGS,601796,110850000,2026_01_01,2026-04-18 16:38
HEDEF,595146,562499930,2026_01_01,2026-04-18 16:38
FONET,562978,577082984,2026_01_01,2026-04-18 16:38
EGEGY,552941,61200000,2026_01_01,2026-04-18 16:38
EYGYO,542331,341859667,2026_01_01,2026-04-18 16:38
ZERGY,537560,156799985,2026_01_01,2026-04-18 16:38
SISE,528676,1814922730,2026_01_01,2026-04-18 16:38
ZRGYO,498747,1173404997,2026_01_01,2026-04-18 16:38
ENSRI,478989,236333503,2026_01_01,2026-04-18 16:38
AKFYE,456170,551782160,2026_01_01,2026-04-18 16:38
KMPUR,433454,132432524,2026_01_01,2026-04-18 16:38
CEMAS,422819,790994290,2026_01_01,2026-04-18 16:38
MERKO,419468,101104701,2026_01_01,2026-04-18 16:38
CEMTS,411632,233425986,2026_01_01,2026-04-18 16:38
KRONT,405027,116892885,2026_01_01,2026-04-18 16:38
KLSYN,396655,107854952,2026_01_01,2026-04-18 16:38
BURCE,396179,44422390,2026_01_01,2026-04-18 16:38
TERA,386414,240888789,2026_01_01,2026-04-18 16:38
KLKIM,383788,138383655,2026_01_01,2026-04-18 16:38
DGNMO,380902,327634636,2026_01_01,2026-04-18 16:38
ERCB,379765,39113273,2026_01_01,2026-04-18 16:38
IZMDC,379005,723225318,2026_01_01,2026-04-18 16:38
DURKN,372152,42500000,2026_01_01,2026-04-18 16:38
KLYPV,357700,46334639,2026_01_01,2026-04-18 16:38
KOTON,352853,136599960,2026_01_01,2026-04-18 16:38
ECILC,351326,210589603,2026_01_01,2026-04-18 16:38
AHGAZ,350792,659370871,2026_01_01,2026-04-18 16:38
SOKE,348636,126999996,2026_01_01,2026-04-18 16:38
FORTE,342058,21999999,2026_01_01,2026-04-18 16:38
MERIT,334803,329683116,2026_01_01,2026-04-18 16:38
KCAER,332246,496494775,2026_01_01,2026-04-18 16:38
POLHO,320445,164140074,2026_01_01,2026-04-18 16:38
NTHOL,318269,485479122,2026_01_01,2026-04-18 16:38
AGESA,312051,35829553,2026_01_01,2026-04-18 16:38
VAKBN,311276,8046896130,2026_01_01,2026-04-18 16:38
EMKEL,308768,149999456,2026_01_01,2026-04-18 16:38
MTRKS,296291,43633166,2026_01_01,2026-04-18 16:38
GOZDE,294293,384992447,2026_01_01,2026-04-18 16:38
BRSAN,275381,35912460,2026_01_01,2026-04-18 16:38
GEDZA,273596,42983624,2026_01_01,2026-04-18 16:38
BARMA,271438,68130939,2026_01_01,2026-04-18 16:38
MAKTK,250035,184370066,2026_01_01,2026-04-18 16:38
KZBGY,247382,587999984,2026_01_01,2026-04-18 16:38
DURDO,241943,379703149,2026_01_01,2026-04-18 16:38
SKTAS,240899,332865443,2026_01_01,2026-04-18 16:38
ANHYT,224051,88457041,2026_01_01,2026-04-18 16:38
HURGZ,223909,220784167,2026_01_01,2026-04-18 16:38
DGATE,216996,15227271,2026_01_01,2026-04-18 16:38
MARKA,200974,20752018,2026_01_01,2026-04-18 16:38
TABGD,192420,52499906,2026_01_01,2026-04-18 16:38
SDTTR,192125,15990000,2026_01_01,2026-04-18 16:38
BINBN,191467,17000000,2026_01_01,2026-04-18 16:38
DENGE,188902,525284797,2026_01_01,2026-04-18 16:38
ALGYO,186269,141336768,2026_01_01,2026-04-18 16:38
GLCVY,184571,26400000,2026_01_01,2026-04-18 16:38
RALYH,184261,176370973,2026_01_01,2026-04-18 16:38
YIGIT,184242,74999975,2026_01_01,2026-04-18 16:38
GSDDE,180611,106850751,2026_01_01,2026-04-18 16:38
ARDYZ,177835,279551557,2026_01_01,2026-04-18 16:38
GUBRF,171662,85359737,2026_01_01,2026-04-18 16:38
MSGYO,168065,168650149,2026_01_01,2026-04-18 16:38
ONRYT,165013,19730000,2026_01_01,2026-04-18 16:38
TMSN,158254,44449988,2026_01_01,2026-04-18 16:38
MPARK,155356,80869110,2026_01_01,2026-04-18 16:38
ASUZU,152336,41130807,2026_01_01,2026-04-18 16:38
FADE,150927,42347498,2026_01_01,2026-04-18 16:38
DERIM,142272,40403770,2026_01_01,2026-04-18 16:38
SAYAS,141896,42530887,2026_01_01,2026-04-18 16:38
EKSUN,140914,171792833,2026_01_01,2026-04-18 16:38
HATSN,139451,44299973,2026_01_01,2026-04-18 16:38
KATMR,139386,1980989998,2026_01_01,2026-04-18 16:38
HRKET,134010,24000000,2026_01_01,2026-04-18 16:38
VAKKO,128248,30789786,2026_01_01,2026-04-18 16:38
EKOS,127339,307199852,2026_01_01,2026-04-18 16:38
LYDHO,124754,44188590,2026_01_01,2026-04-18 16:38
ALTNY,124664,399889404,2026_01_01,2026-04-18 16:38
CEOEM,121966,22289984,2026_01_01,2026-04-18 16:38
BAYRK,119324,189751123,2026_01_01,2026-04-18 16:38
VESBE,117104,503578676,2026_01_01,2026-04-18 16:38
ARASE,115949,49999991,2026_01_01,2026-04-18 16:38
AYEN,115397,55531320,2026_01_01,2026-04-18 16:38
BUCIM,109722,1286538062,2026_01_01,2026-04-18 16:38
GSDHO,107183,999994969,2026_01_01,2026-04-18 16:38
BAKAB,104854,34985326,2026_01_01,2026-04-18 16:38
AVPGY,101887,100000000,2026_01_01,2026-04-18 16:38
KRDMA,94212,240300918,2026_01_01,2026-04-18 16:38
ARMGD,90558,54996000,2026_01_01,2026-04-18 16:38
AYDEM,81957,130000000,2026_01_01,2026-04-18 16:38
KLSER,80394,109457175,2026_01_01,2026-04-18 16:38
ADEL,79323,112043619,2026_01_01,2026-04-18 16:38
ISGSY,77077,47378729,2026_01_01,2026-04-18 16:38
SEGMN,76976,80999980,2026_01_01,2026-04-18 16:38
EGGUB,76591,75862114,2026_01_01,2026-04-18 16:38
KOPOL,71207,266319652,2026_01_01,2026-04-18 16:38
DOKTA,70739,145872862,2026_01_01,2026-04-18 16:38
IHAAS,67820,56031248,2026_01_01,2026-04-18 16:38
TLMAN,66405,10300000,2026_01_01,2026-04-18 16:38
AYGAZ,63209,98568807,2026_01_01,2026-04-18 16:38
YGGYO,56119,240625741,2026_01_01,2026-04-18 16:38
PKART,55729,11048497,2026_01_01,2026-04-18 16:38
VESTL,55572,295447203,2026_01_01,2026-04-18 16:38
GZNMI,54894,40949825,2026_01_01,2026-04-18 16:38
ODINE,53945,52576848,2026_01_01,2026-04-18 16:38
GOKNR,51512,178040711,2026_01_01,2026-04-18 16:38
SANKO,50821,37499197,2026_01_01,2026-04-18 16:38
YAYLA,49757,39874966,2026_01_01,2026-04-18 16:38
VAKFA,47593,224999402,2026_01_01,2026-04-18 16:38
SUNTK,47534,145280000,2026_01_01,2026-04-18 16:38
ORGE,44229,41839996,2026_01_01,2026-04-18 16:38
BIGTK,43527,9142465,2026_01_01,2026-04-18 16:38
BIGEN,43131,115500000,2026_01_01,2026-04-18 16:38
BRLSM,38232,108025075,2026_01_01,2026-04-18 16:38
KRTEK,38202,18914650,2026_01_01,2026-04-18 16:38
KRPLS,38040,78486163,2026_01_01,2026-04-18 16:38
TTRAK,35081,24967458,2026_01_01,2026-04-18 16:38
DNISI,35065,59171727,2026_01_01,2026-04-18 16:38
CATES,32625,33050000,2026_01_01,2026-04-18 16:38
BIENY,32000,83069831,2026_01_01,2026-04-18 16:38
VBTYZ,31906,55935000,2026_01_01,2026-04-18 16:38
VERUS,31672,34499937,2026_01_01,2026-04-18 16:38
OSMEN,31110,157750927,2026_01_01,2026-04-18 16:38
MARBL,31012,65026403,2026_01_01,2026-04-18 16:38
KZGYO,30044,49999985,2026_01_01,2026-04-18 16:38
ASGYO,28617,165000000,2026_01_01,2026-04-18 16:38
EGPRO,28490,175170570,2026_01_01,2026-04-18 16:38
NUHCM,27989,33135899,2026_01_01,2026-04-18 16:38
YYLGD,27186,369826200,2026_01_01,2026-04-18 16:38
YATAS,27011,94866488,2026_01_01,2026-04-18 16:38
ERBOS,26311,15899843,2026_01_01,2026-04-18 16:38
AVHOL,25967,26047279,2026_01_01,2026-04-18 16:38
ULUSE,25919,24000000,2026_01_01,2026-04-18 16:38
DYOBY,24364,186553687,2026_01_01,2026-04-18 16:38
BRKVY,23977,13618361,2026_01_01,2026-04-18 16:38
GARFA,23114,138399778,2026_01_01,2026-04-18 16:38
LINK,22701,18231985,2026_01_01,2026-04-18 16:38
OTKAR,19958,33417185,2026_01_01,2026-04-18 16:38
TGSAS,19891,12348294,2026_01_01,2026-04-18 16:38
BRKSN,19406,62639942,2026_01_01,2026-04-18 16:38
LKMNH,19011,163262533,2026_01_01,2026-04-18 16:38
BFREN,17621,24586148,2026_01_01,2026-04-18 16:38
VERTU,17161,22000000,2026_01_01,2026-04-18 16:38
PENTA,14431,181070136,2026_01_01,2026-04-18 16:38
VSNMD,14338,24000000,2026_01_01,2026-04-18 16:38
PAMEL,14110,21533681,2026_01_01,2026-04-18 16:38
ALKA,12546,330750000,2026_01_01,2026-04-18 16:38
CLEBI,10752,5490178,2026_01_01,2026-04-18 16:38
PLTUR,10626,49500000,2026_01_01,2026-04-18 16:38
ARTMS,10378,24199999,2026_01_01,2026-04-18 16:38
UFUK,9550,46845974,2026_01_01,2026-04-18 16:38
KUTPO,9318,10524430,2026_01_01,2026-04-18 16:38
DESPC,8988,16023700,2026_01_01,2026-04-18 16:38
BESLR,8768,658098036,2026_01_01,2026-04-18 16:38
NUGYO,8538,324943976,2026_01_01,2026-04-18 16:38
BOSSA,8521,508724189,2026_01_01,2026-04-18 16:38
DUNYH,8372,36443197,2026_01_01,2026-04-18 16:38
FMIZP,7559,3497751,2026_01_01,2026-04-18 16:38
INGRM,7536,14969536,2026_01_01,2026-04-18 16:38
MEDTR,6853,24499999,2026_01_01,2026-04-18 16:38
HOROZ,5619,24599986,2026_01_01,2026-04-18 16:38
OTTO,5060,4024438,2026_01_01,2026-04-18 16:38
ICBCT,4808,216761845,2026_01_01,2026-04-18 16:38
INTEM,4569,9428747,2026_01_01,2026-04-18 16:38
TURGG,4245,32042988,2026_01_01,2026-04-18 16:38
SEKFK,3708,62311473,2026_01_01,2026-04-18 16:38
ALCAR,3671,1721735,2026_01_01,2026-04-18 16:38
BMSTL,3532,74772260,2026_01_01,2026-04-18 16:38
DESA,2268,171107590,2026_01_01,2026-04-18 16:38
PKENT,2107,23766169,2026_01_01,2026-04-18 16:38
ALFAS,2037,84639999,2026_01_01,2026-04-18 16:38
OFSYM,1717,22749998,2026_01_01,2026-04-18 16:38
LYDYE,1523,1391287,2026_01_01,2026-04-18 16:38
MAALT,1205,4763850,2026_01_01,2026-04-18 16:38
GOLTS,1189,12422783,2026_01_01,2026-04-18 16:38
BVSAN,987,13749999,2026_01_01,2026-04-18 16:38
GIPTA,770,51646922,2026_01_01,2026-04-18 16:38
KAPLM,724,4563071,2026_01_01,2026-04-18 16:38
AVOD,558,253604577,2026_01_01,2026-04-18 16:38
AYCES,313,1895369,2026_01_01,2026-04-18 16:38
EGEEN,285,1137161,2026_01_01,2026-04-18 16:38
POLTK,201,1125000,2026_01_01,2026-04-18 16:38
TSGYO,7,266499982,2026_01_01,2026-04-18 16:38
ETILR,2,156217454,2026_01_01,2026-04-18 16:38
SNPAM,0,19679871,2026_01_01,2026-04-18 16:38
KRATL,0,17800000,2026_01_01,2026-04-18 16:38
SONME,0,4170258,2026_01_01,2026-04-18 16:38
ASYAB,0,477904801,2026_01_01,2026-04-18 16:38
CELHA,0,146124228,2026_01_01,2026-04-18 16:38
ATEKS,0,5441598,2026_01_01,2026-04-18 16:38
DGGYO,0,280709437,2026_01_01,2026-04-18 16:38
ATPET,0,11403497,2026_01_01,2026-04-18 16:38
ANGEN,0,84250000,2026_01_01,2026-04-18 16:38
TDGYO,0,59914214,2026_01_01,2026-04-18 16:38
KSTUR,0,3952041,2026_01_01,2026-04-18 16:38
AKSUE,0,56376184,2026_01_01,2026-04-18 16:38
IHEVA,0,291631239,2026_01_01,2026-04-18 16:38
AKYHO,0,223895870,2026_01_01,2026-04-18 16:38
GLBMD,0,28880500,2026_01_01,2026-04-18 16:38
DOGUB,0,19821566,2026_01_01,2026-04-18 16:38
OYAYO,0,19999941,2026_01_01,2026-04-18 16:38
OYLUM,0,80937367,2026_01_01,2026-04-18 16:38
GLDTRF,0,45100000,2026_01_01,2026-04-18 16:38
TRHOL,0,17635692,2026_01_01,2026-04-18 16:38
LIOYS,0,31625013,2026_01_01,2026-04-18 16:38
OZRDN,0,57107579,2026_01_01,2026-04-18 16:38
ISBIR,0,14498776,2026_01_01,2026-04-18 16:38
ENPRA,0,15294301,2026_01_01,2026-04-18 16:38
CMENT,0,56829666,2026_01_01,2026-04-18 16:38
BRMEN,0,57480285,2026_01_01,2026-04-18 16:38
GOLDS,0,192323946,2026_01_01,2026-04-18 16:38
CRDFA,0,74996853,2026_01_01,2026-04-18 16:38
MANAS,0,127852000,2026_01_01,2026-04-18 16:38
MANGO,0,37831688,2026_01_01,2026-04-18 16:38
UKIM,0,2053621,2026_01_01,2026-04-18 16:38
ULAS,0,25200172,2026_01_01,2026-04-18 16:38
ARTOG,0,18591534,2026_01_01,2026-04-18 16:38
GRNYO,0,37386059,2026_01_01,2026-04-18 16:38
ARAT,0,39867975,2026_01_01,2026-04-18 16:38
UNTAR,0,29562129,2026_01_01,2026-04-18 16:38
UZEL,0,26334293,2026_01_01,2026-04-18 16:38
ERSU,0,31755894,2026_01_01,2026-04-18 16:38
MEGAP,0,234498757,2026_01_01,2026-04-18 16:38
PRZMA,0,61941154,2026_01_01,2026-04-18 16:38
PSDTC,0,6599991,2026_01_01,2026-04-18 16:38
ARBUL,0,15459297,2026_01_01,2026-04-18 16:38
QNBFK,0,843137646,2026_01_01,2026-04-18 16:38
QNBTR,0,1566427106,2026_01_01,2026-04-18 16:38
MEMSA,0,160110709,2026_01_01,2026-04-18 16:38
MENBA,0,3496852,2026_01_01,2026-04-18 16:38
RNPOL,0,16795000,2026_01_01,2026-04-18 16:38
KENT,0,1191005,2026_01_01,2026-04-18 16:38
KERVN,0,588346973,2026_01_01,2026-04-18 16:38
GUNDG,0,18968972,2026_01_01,2026-04-18 16:38
SANEL,0,18112451,2026_01_01,2026-04-18 16:38
EUHOL,0,142999955,2026_01_01,2026-04-18 16:38
KLNMA,0,91846864,2026_01_01,2026-04-18 16:38
AGYO,0,129036460,2026_01_01,2026-04-18 16:38
YGYO,0,1310632851,2026_01_01,2026-04-18 16:38
BURVA,0,4723271,2026_01_01,2026-04-18 16:38
EGCYO,0,21986285,2026_01_01,2026-04-18 16:38
AKPAZ,0,22489187,2026_01_01,2026-04-18 16:38
FENIS,0,26080019,2026_01_01,2026-04-18 16:38
SELVA,0,747897737,2026_01_01,2026-04-18 16:38
SEYKM,0,151040901,2026_01_01,2026-04-18 16:38
SILVR,0,212818206,2026_01_01,2026-04-18 16:38
MZHLD,0,72215314,2026_01_01,2026-04-18 16:38
BYDNR,0,17999984,2026_01_01,2026-04-18 16:38
SKYLP,0,7159255,2026_01_01,2026-04-18 16:38
ORCAY,-1,149461797,2026_01_01,2026-04-18 16:38
FLAP,-1,93599986,2026_01_01,2026-04-18 16:38
KONYA,-81,1646416,2026_01_01,2026-04-18 16:38
CMBTN,-96,1023000,2026_01_01,2026-04-18 16:38
TMPOL,-255,11039990,2026_01_01,2026-04-18 16:38
TARKM,-357,4999997,2026_01_01,2026-04-18 16:38
MRSHL,-534,4212888,2026_01_01,2026-04-18 16:38
KARTN,-809,72781126,2026_01_01,2026-04-18 16:38
BIZIM,-890,27601626,2026_01_01,2026-04-18 16:38
REEDR,-1591,627278663,2026_01_01,2026-04-18 16:38
ALVES,-1708,86285692,2026_01_01,2026-04-18 16:38
BRISA,-1710,31247472,2026_01_01,2026-04-18 16:38
KGYO,-2195,767895149,2026_01_01,2026-04-18 16:38
BANVT,-2850,36961044,2026_01_01,2026-04-18 16:38
ACSEL,-3127,8589113,2026_01_01,2026-04-18 16:38
GOODY,-3248,132804473,2026_01_01,2026-04-18 16:38
YAPRK,-3935,4214998,2026_01_01,2026-04-18 16:38
BRYAT,-4953,10264685,2026_01_01,2026-04-18 16:38
KONKA,-5897,89670000,2026_01_01,2026-04-18 16:38
NETAS,-6630,31783484,2026_01_01,2026-04-18 16:38
OZATD,-6981,13349988,2026_01_01,2026-04-18 16:38
SMART,-7800,29737499,2026_01_01,2026-04-18 16:38
KTSKR,-8822,14691795,2026_01_01,2026-04-18 16:38
RUZYE,-9736,267748491,2026_01_01,2026-04-18 16:38
KNFRT,-10344,131747000,2026_01_01,2026-04-18 16:38
CUSAN,-10706,18500000,2026_01_01,2026-04-18 16:38
TBORG,-10712,59392160,2026_01_01,2026-04-18 16:38
PCILT,-11777,45014183,2026_01_01,2026-04-18 16:38
MEPET,-12684,73940585,2026_01_01,2026-04-18 16:38
ISYAT,-13820,152245569,2026_01_01,2026-04-18 16:38
BAHKM,-15345,23289000,2026_01_01,2026-04-18 16:38
PAGYO,-15896,57781202,2026_01_01,2026-04-18 16:38
DZGYO,-17724,399777846,2026_01_01,2026-04-18 16:38
VKING,-18867,30932905,2026_01_01,2026-04-18 16:38
ECZYT,-19369,45880511,2026_01_01,2026-04-18 16:38
GRSEL,-20986,29650000,2026_01_01,2026-04-18 16:38
AKMGY,-21350,21568998,2026_01_01,2026-04-18 16:38
METRO,-23018,539989959,2026_01_01,2026-04-18 16:38
GLRMK,-24680,38760000,2026_01_01,2026-04-18 16:38
INVES,-24759,37480000,2026_01_01,2026-04-18 16:38
ONCSM,-26201,10086000,2026_01_01,2026-04-18 16:38
PARSN,-26428,34033246,2026_01_01,2026-04-18 16:38
AVGYO,-26707,111590302,2026_01_01,2026-04-18 16:38
KAREL,-27887,329659497,2026_01_01,2026-04-18 16:38
PNLSN,-28989,34752383,2026_01_01,2026-04-18 16:38
JANTS,-29458,207477849,2026_01_01,2026-04-18 16:38
BLCYT,-33584,49088912,2026_01_01,2026-04-18 16:38
DSTKF,-35689,83333333,2026_01_01,2026-04-18 16:38
ELITE,-36127,44650000,2026_01_01,2026-04-18 16:38
BEYAZ,-41122,42317352,2026_01_01,2026-04-18 16:38
BASGZ,-41662,174999999,2026_01_01,2026-04-18 16:38
SAFKR,-43946,139433366,2026_01_01,2026-04-18 16:38
ENERY,-44739,2420687469,2026_01_01,2026-04-18 16:38
GLRYH,-45193,599623814,2026_01_01,2026-04-18 16:38
HATEK,-46682,62998947,2026_01_01,2026-04-18 16:38
CRFSA,-49123,18313273,2026_01_01,2026-04-18 16:38
AKENR,-49419,385194146,2026_01_01,2026-04-18 16:38
KRSTL,-53413,183664642,2026_01_01,2026-04-18 16:38
FORMT,-53904,1075744355,2026_01_01,2026-04-18 16:38
ATAKP,-60618,28224000,2026_01_01,2026-04-18 16:38
UNLU,-60793,102181558,2026_01_01,2026-04-18 16:38
LUKSK,-61011,27257202,2026_01_01,2026-04-18 16:38
TEKTU,-61013,195639311,2026_01_01,2026-04-18 16:38
BEGYO,-62077,290000000,2026_01_01,2026-04-18 16:38
OZSUB,-64930,41499126,2026_01_01,2026-04-18 16:38
INVEO,-66320,998999954,2026_01_01,2026-04-18 16:38
ISFIN,-66381,310154523,2026_01_01,2026-04-18 16:38
DEVA,-68386,199971814,2026_01_01,2026-04-18 16:38
KLMSN,-70181,30881297,2026_01_01,2026-04-18 16:38
FRIGO,-76141,121449172,2026_01_01,2026-04-18 16:38
MAKIM,-76316,42559998,2026_01_01,2026-04-18 16:38
AKSA,-77077,1503671742,2026_01_01,2026-04-18 16:38
EBEBK,-77239,40534692,2026_01_01,2026-04-18 16:38
SURGY,-81340,44999990,2026_01_01,2026-04-18 16:38
MOPAS,-81570,57330000,2026_01_01,2026-04-18 16:38
OBASE,-90760,14924000,2026_01_01,2026-04-18 16:38
MNDTR,-96095,910071938,2026_01_01,2026-04-18 16:38
ALCTL,-96176,13543218,2026_01_01,2026-04-18 16:38
ARENA,-98736,66996461,2026_01_01,2026-04-18 16:38
PINSU,-99551,101635846,2026_01_01,2026-04-18 16:38
RAYSG,-105195,51947024,2026_01_01,2026-04-18 16:38
EPLAS,-108295,190491857,2026_01_01,2026-04-18 16:38
ADGYO,-109851,379654367,2026_01_01,2026-04-18 16:38
BALSU,-118048,278000000,2026_01_01,2026-04-18 16:38
OZYSR,-123730,40488000,2026_01_01,2026-04-18 16:38
KORDS,-124911,65421451,2026_01_01,2026-04-18 16:38
KIMMR,-125483,75000000,2026_01_01,2026-04-18 16:38
BNTAS,-128325,170624999,2026_01_01,2026-04-18 16:38
BAGFS,-134891,100042745,2026_01_01,2026-04-18 16:38
DMSAS,-137292,199994510,2026_01_01,2026-04-18 16:38
ISSEN,-139332,107411517,2026_01_01,2026-04-18 16:38
KARSN,-151512,827850973,2026_01_01,2026-04-18 16:38
AFYON,-153546,399992258,2026_01_01,2026-04-18 16:38
SNGYO,-154768,3607173099,2026_01_01,2026-04-18 16:38
BORSK,-165168,279999879,2026_01_01,2026-04-18 16:38
GENIL,-165198,85937999,2026_01_01,2026-04-18 16:38
HDFGS,-168501,956974192,2026_01_01,2026-04-18 16:38
BLUME,-173638,174710134,2026_01_01,2026-04-18 16:38
CEMZY,-174587,124119970,2026_01_01,2026-04-18 16:38
ANSGR,-183326,1564416026,2026_01_01,2026-04-18 16:38
PRKAB,-184238,35225443,2026_01_01,2026-04-18 16:38
TKNSA,-187591,100485379,2026_01_01,2026-04-18 16:38
SMRTG,-192901,221421277,2026_01_01,2026-04-18 16:38
GENTS,-193178,749958921,2026_01_01,2026-04-18 16:38
OYYAT,-195702,91048322,2026_01_01,2026-04-18 16:38
AKCNS,-195751,39359284,2026_01_01,2026-04-18 16:38
TRILC,-196472,118499496,2026_01_01,2026-04-18 16:38
MOBTL,-200867,207999999,2026_01_01,2026-04-18 16:38
DAGI,-205381,175301274,2026_01_01,2026-04-18 16:38
PNSUT,-213529,128323851,2026_01_01,2026-04-18 16:38
TCKRC,-213681,65000000,2026_01_01,2026-04-18 16:38
BIGCH,-217377,73786589,2026_01_01,2026-04-18 16:38
KLRHO,-219744,341250000,2026_01_01,2026-04-18 16:38
ATATP,-228687,18809999,2026_01_01,2026-04-18 16:38
MNDRS,-236348,222007982,2026_01_01,2026-04-18 16:38
SMRVA,-254115,28000000,2026_01_01,2026-04-18 16:38
GEREL,-267089,219036379,2026_01_01,2026-04-18 16:38
EDIP,-274110,36468204,2026_01_01,2026-04-18 16:38
SNICA,-279082,321688856,2026_01_01,2026-04-18 16:38
BIOEN,-281431,197983419,2026_01_01,2026-04-18 16:38
TRCAS,-300685,206252778,2026_01_01,2026-04-18 16:38
KUYAS,-312415,398958897,2026_01_01,2026-04-18 16:38
ANELE,-317729,151405542,2026_01_01,2026-04-18 16:38
TEZOL,-318885,139999975,2026_01_01,2026-04-18 16:38
GRTHO,-324152,36745000,2026_01_01,2026-04-18 16:38
ZEDUR,-332698,69899992,2026_01_01,2026-04-18 16:38
KLGYO,-334014,689399869,2026_01_01,2026-04-18 16:38
SELEC,-350087,124262097,2026_01_01,2026-04-18 16:38
YUNSA,-359725,202164056,2026_01_01,2026-04-18 16:38
BULGS,-363355,72499900,2026_01_01,2026-04-18 16:38
NIBAS,-368151,267768312,2026_01_01,2026-04-18 16:38
ALKIM,-375530,182767821,2026_01_01,2026-04-18 16:38
RUBNS,-399910,42377765,2026_01_01,2026-04-18 16:38
EFOR,-403633,539999994,2026_01_01,2026-04-18 16:38
RTALB,-421324,432976722,2026_01_01,2026-04-18 16:38
LMKDC,-428933,155929999,2026_01_01,2026-04-18 16:38
RGYAS,-469573,105523000,2026_01_01,2026-04-18 16:38
ALKLC,-496584,45382467,2026_01_01,2026-04-18 16:38
TNZTP,-509271,87496826,2026_01_01,2026-04-18 16:38
PETUN,-549109,134673118,2026_01_01,2026-04-18 16:38
DOFER,-562806,19572500,2026_01_01,2026-04-18 16:38
HKTM,-647151,72750000,2026_01_01,2026-04-18 16:38
BINHO,-649412,488884390,2026_01_01,2026-04-18 16:38
SOKM,-655442,448708248,2026_01_01,2026-04-18 16:38
USAK,-695613,1218028690,2026_01_01,2026-04-18 16:38
HTTBT,-741098,82805422,2026_01_01,2026-04-18 16:38
LOGO,-752084,74328248,2026_01_01,2026-04-18 16:38
INFO,-755684,767463351,2026_01_01,2026-04-18 16:38
ALARK,-765228,165127148,2026_01_01,2026-04-18 16:38
LIDFA,-788365,234964383,2026_01_01,2026-04-18 16:38
AKSGY,-797405,1628451947,2026_01_01,2026-04-18 16:38
TRGYO,-799690,251573369,2026_01_01,2026-04-18 16:38
EGSER,-826210,545751057,2026_01_01,2026-04-18 16:38
PAPIL,-876587,206249994,2026_01_01,2026-04-18 16:38
DITAS,-912399,57518523,2026_01_01,2026-04-18 16:38
MACKO,-944746,41500000,2026_01_01,2026-04-18 16:38
NTGAZ,-953988,276000000,2026_01_01,2026-04-18 16:38
ULUUN,-995475,290523352,2026_01_01,2026-04-18 16:38
ISKPL,-1027288,724625736,2026_01_01,2026-04-18 16:38
IZFAS,-1171302,156001658,2026_01_01,2026-04-18 16:38
ARZUM,-1199416,293999828,2026_01_01,2026-04-18 16:38
AKSEN,-1213375,638545796,2026_01_01,2026-04-18 16:38
DOFRB,-1286147,45000000,2026_01_01,2026-04-18 16:38
SUWEN,-1321070,365687500,2026_01_01,2026-04-18 16:38
PRKME,-1374577,53038641,2026_01_01,2026-04-18 16:38
KONTR,-1415144,936041131,2026_01_01,2026-04-18 16:38
EUPWR,-1448634,199610525,2026_01_01,2026-04-18 16:38
IHLAS,-1477442,1396079076,2026_01_01,2026-04-18 16:38
MEKAG,-1617302,240319999,2026_01_01,2026-04-18 16:38
ISGYO,-1623946,531312439,2026_01_01,2026-04-18 16:38
SANFM,-1658278,225030000,2026_01_01,2026-04-18 16:38
OYAKC,-1659272,4656879380,2026_01_01,2026-04-18 16:38
BERA,-1676369,491444418,2026_01_01,2026-04-18 16:38
KOCMT,-1708791,587485693,2026_01_01,2026-04-18 16:38
YKSLN,-1950651,197429570,2026_01_01,2026-04-18 16:38
TURSG,-2027353,7907296076,2026_01_01,2026-04-18 16:38
IHLGM,-2659235,986078000,2026_01_01,2026-04-18 16:38
KRVGD,-2704250,596159766,2026_01_01,2026-04-18 16:38
INDES,-3031786,462749768,2026_01_01,2026-04-18 16:38
IEYHO,-3086724,541033008,2026_01_01,2026-04-18 16:38
IHYAY,-3227661,388124996,2026_01_01,2026-04-18 16:38
TATEN,-3252380,347799724,2026_01_01,2026-04-18 16:38
EDATA,-3255003,160065396,2026_01_01,2026-04-18 16:38
KTLEV,-3431322,1288500000,2026_01_01,2026-04-18 16:38
CANTE,-3909754,6026334128,2026_01_01,2026-04-18 16:38
MARTI,-4154127,590291701,2026_01_01,2026-04-18 16:38
ESCOM,-4376010,463831670,2026_01_01,2026-04-18 16:38
MRGYO,-4580350,1035439186,2026_01_01,2026-04-18 16:38
GARAN,-4740929,2454957798,2026_01_01,2026-04-18 16:38
TEHOL,-5156808,1995839246,2026_01_01,2026-04-18 16:38
CCOLA,-5482347,815835147,2026_01_01,2026-04-18 16:38
MARMR,-5798794,961218727,2026_01_01,2026-04-18 16:38
GSRAY,-6403915,10123744690,2026_01_01,2026-04-18 16:38
SKBNK,-7488319,2498879854,2026_01_01,2026-04-18 16:38
TTKOM,-8326126,524999999,2026_01_01,2026-04-18 16:38
ESCAR,-9662197,101933690,2026_01_01,2026-04-18 16:38
IZENR,-13013025,914537597,2026_01_01,2026-04-18 16:38
YKBNK,-16298403,4705620952,2026_01_01,2026-04-18 16:38
AKBNK,-20312816,3059320205,2026_01_01,2026-04-18 16:38
ISCTR,-31484730,8880400751,2026_01_01,2026-04-18 16:38
BTCIM,-61966790,4046621813,2026_01_01,2026-04-18 16:38
PAHOL,-177216305,3999999979,2026_01_01,2026-04-18 16:38
FENER,103725520,2747882959,2026_01_02,2026-04-18 16:39
BTCIM,38379784,4046650979,2026_01_02,2026-04-18 16:39
EUREN,36626122,1040132637,2026_01_02,2026-04-18 16:39
ALGYO,35173627,989357377,2026_01_02,2026-04-18 16:39
AKBNK,22037546,3059020195,2026_01_02,2026-04-18 16:39
PETKM,19030634,1241736844,2026_01_02,2026-04-18 16:39
SKBNK,17630380,2498879854,2026_01_02,2026-04-18 16:39
ESEN,15307946,682499950,2026_01_02,2026-04-18 16:39
CANTE,14244332,6026334128,2026_01_02,2026-04-18 16:39
TRALT,11120149,952301819,2026_01_02,2026-04-18 16:39
TCELL,11102282,1622604373,2026_01_02,2026-04-18 16:39
LIDFA,9933295,458180545,2026_01_02,2026-04-18 16:39
ZOREN,9091361,2681244194,2026_01_02,2026-04-18 16:39
HALKB,8462905,6546422780,2026_01_02,2026-04-18 16:39
ASELS,7946772,1178597817,2026_01_02,2026-04-18 16:39
KCHOL,7605347,674052132,2026_01_02,2026-04-18 16:39
GSRAY,7487652,10123744690,2026_01_02,2026-04-18 16:39
KTLEV,7458847,1288500000,2026_01_02,2026-04-18 16:39
TUKAS,7427626,4499995929,2026_01_02,2026-04-18 16:39
AEFES,6925442,2028860053,2026_01_02,2026-04-18 16:39
SRVGY,6852702,812499687,2026_01_02,2026-04-18 16:39
TUPRS,6418629,902334854,2026_01_02,2026-04-18 16:39
CWENE,6010253,530759984,2026_01_02,2026-04-18 16:39
FROTO,5701696,625120847,2026_01_02,2026-04-18 16:39
VAKBN,5598279,8046896130,2026_01_02,2026-04-18 16:39
MAVI,5279863,576779312,2026_01_02,2026-04-18 16:39
MAGEN,5118136,719512140,2026_01_02,2026-04-18 16:39
BSOKE,5035644,458486931,2026_01_02,2026-04-18 16:39
HEKTS,4958604,3946474643,2026_01_02,2026-04-18 16:39
TTKOM,4640296,524999999,2026_01_02,2026-04-18 16:39
ASTOR,4384549,366896261,2026_01_02,2026-04-18 16:39
YESIL,4348199,640699952,2026_01_02,2026-04-18 16:39
PEKGY,4249295,4685237615,2026_01_02,2026-04-18 16:39
RYGYO,4101160,770588057,2026_01_02,2026-04-18 16:39
ULKER,4096003,338855989,2026_01_02,2026-04-18 16:39
ARFYE,4020675,46970750,2026_01_02,2026-04-18 16:39
GLYHO,3869380,1949290631,2026_01_02,2026-04-18 16:39
TEHOL,3651281,1995839246,2026_01_02,2026-04-18 16:39
TUREX,3606723,432000000,2026_01_02,2026-04-18 16:39
ENSRI,3597792,236333503,2026_01_02,2026-04-18 16:39
YYAPI,3100534,1705025550,2026_01_02,2026-04-18 16:39
ANSGR,3026433,1564416026,2026_01_02,2026-04-18 16:39
ESCAR,2800494,101933690,2026_01_02,2026-04-18 16:39
AKFGY,2600659,3457819315,2026_01_02,2026-04-18 16:39
AKFYE,2497221,551782160,2026_01_02,2026-04-18 16:39
DARDL,2439897,1753442695,2026_01_02,2026-04-18 16:39
AGHOL,2091015,1068822243,2026_01_02,2026-04-18 16:39
ALBRK,2077786,1050478429,2026_01_02,2026-04-18 16:39
ALARK,2077731,165125148,2026_01_02,2026-04-18 16:39
DOAS,2037988,97899975,2026_01_02,2026-04-18 16:39
FONET,2025408,577082984,2026_01_02,2026-04-18 16:39
IHGZT,2010150,570666229,2026_01_02,2026-04-18 16:39
TERA,2003515,240888789,2026_01_02,2026-04-18 16:39
ULUFA,1915042,305352801,2026_01_02,2026-04-18 16:39
DOHOL,1914173,984706960,2026_01_02,2026-04-18 16:39
KATMR,1852312,1980989998,2026_01_02,2026-04-18 16:39
YYLGD,1677909,369826200,2026_01_02,2026-04-18 16:39
CEMAS,1606244,790994290,2026_01_02,2026-04-18 16:39
ISKPL,1601870,724625736,2026_01_02,2026-04-18 16:39
THYAO,1557418,739329752,2026_01_02,2026-04-18 16:39
KZBGY,1514231,587999984,2026_01_02,2026-04-18 16:39
ISDMR,1448827,147623050,2026_01_02,2026-04-18 16:39
SNGYO,1401871,3607173099,2026_01_02,2026-04-18 16:39
DITAS,1369455,83325388,2026_01_02,2026-04-18 16:39
SOKM,1344558,448708248,2026_01_02,2026-04-18 16:39
TAVHL,1224751,213213415,2026_01_02,2026-04-18 16:39
OZGYO,1198520,490916869,2026_01_02,2026-04-18 16:39
LRSHO,1180577,724120946,2026_01_02,2026-04-18 16:39
AZTEK,1133046,279000000,2026_01_02,2026-04-18 16:39
YEOTK,1104874,160933198,2026_01_02,2026-04-18 16:39
RYSAS,1035796,1504020937,2026_01_02,2026-04-18 16:39
MEGMT,1017502,72749999,2026_01_02,2026-04-18 16:39
MOGAN,973489,262635000,2026_01_02,2026-04-18 16:39
AFYON,921624,399992258,2026_01_02,2026-04-18 16:39
IHLGM,911071,986078000,2026_01_02,2026-04-18 16:39
TRENJ,902160,97964682,2026_01_02,2026-04-18 16:39
SARKY,868098,999999671,2026_01_02,2026-04-18 16:39
AHGAZ,864198,659370871,2026_01_02,2026-04-18 16:39
BULGS,860795,72499900,2026_01_02,2026-04-18 16:39
CVKMD,833166,461999787,2026_01_02,2026-04-18 16:39
MIATK,823312,313087979,2026_01_02,2026-04-18 16:39
ARMGD,822064,54996000,2026_01_02,2026-04-18 16:39
MGROS,812823,96563547,2026_01_02,2026-04-18 16:39
GESAN,790157,141759180,2026_01_02,2026-04-18 16:39
EGEPO,786311,200000000,2026_01_02,2026-04-18 16:39
AGESA,757559,35829553,2026_01_02,2026-04-18 16:39
KCAER,750317,496494775,2026_01_02,2026-04-18 16:39
NTGAZ,739321,276000000,2026_01_02,2026-04-18 16:39
KRDMD,675774,780216365,2026_01_02,2026-04-18 16:39
KFEIN,672374,150306170,2026_01_02,2026-04-18 16:39
TATGD,642796,119284669,2026_01_02,2026-04-18 16:39
GEDIK,630667,983076856,2026_01_02,2026-04-18 16:39
BORLS,624571,308652686,2026_01_02,2026-04-18 16:39
ARZUM,624061,293999828,2026_01_02,2026-04-18 16:39
ENTRA,615770,369416642,2026_01_02,2026-04-18 16:39
EDATA,604357,160065396,2026_01_02,2026-04-18 16:39
TRMET,585092,174454588,2026_01_02,2026-04-18 16:39
ALKIM,580142,182767821,2026_01_02,2026-04-18 16:39
KRDMB,577111,118762111,2026_01_02,2026-04-18 16:39
SAHOL,570338,1142761094,2026_01_02,2026-04-18 16:39
IMASM,560870,622850500,2026_01_02,2026-04-18 16:39
DERHL,547988,197281316,2026_01_02,2026-04-18 16:39
BIOEN,539364,197983419,2026_01_02,2026-04-18 16:39
SUWEN,529470,365687500,2026_01_02,2026-04-18 16:39
AKGRT,514184,629007625,2026_01_02,2026-04-18 16:39
VESTL,503885,295447203,2026_01_02,2026-04-18 16:39
PRDGS,492321,110850000,2026_01_02,2026-04-18 16:39
HUNER,488332,671137934,2026_01_02,2026-04-18 16:39
GENTS,482285,749958921,2026_01_02,2026-04-18 16:39
ARCLK,473166,170054738,2026_01_02,2026-04-18 16:39
LYDHO,471385,188179904,2026_01_02,2026-04-18 16:39
HURGZ,452016,220784167,2026_01_02,2026-04-18 16:39
YKSLN,443806,197429570,2026_01_02,2026-04-18 16:39
ANHYT,441288,88457041,2026_01_02,2026-04-18 16:39
ALVES,440046,86285692,2026_01_02,2026-04-18 16:39
USAK,431631,1218028690,2026_01_02,2026-04-18 16:39
LIDER,423972,279500000,2026_01_02,2026-04-18 16:39
IZMDC,423638,723225318,2026_01_02,2026-04-18 16:39
TRCAS,423598,206252778,2026_01_02,2026-04-18 16:39
ISFIN,423410,310154523,2026_01_02,2026-04-18 16:39
ENERY,416371,2420687469,2026_01_02,2026-04-18 16:39
RTALB,415920,432976722,2026_01_02,2026-04-18 16:39
KAREL,415417,329659497,2026_01_02,2026-04-18 16:39
CGCAM,404331,42000000,2026_01_02,2026-04-18 16:39
ENJSA,380950,236211770,2026_01_02,2026-04-18 16:39
VESBE,371711,503578676,2026_01_02,2026-04-18 16:39
GSDHO,346513,999994969,2026_01_02,2026-04-18 16:39
ECILC,340747,210589603,2026_01_02,2026-04-18 16:39
KLSER,326525,109457175,2026_01_02,2026-04-18 16:39
ATATP,322487,18809999,2026_01_02,2026-04-18 16:39
TCKRC,316359,70000000,2026_01_02,2026-04-18 16:39
SERNT,312920,113000000,2026_01_02,2026-04-18 16:39
DURKN,299075,42500000,2026_01_02,2026-04-18 16:39
PAPIL,297300,206249994,2026_01_02,2026-04-18 16:39
KOTON,295623,136599960,2026_01_02,2026-04-18 16:39
BRSAN,290185,35912460,2026_01_02,2026-04-18 16:39
BIENY,289991,83144831,2026_01_02,2026-04-18 16:39
EKOS,282833,307199852,2026_01_02,2026-04-18 16:39
SOKE,280269,126999996,2026_01_02,2026-04-18 16:39
AGROT,277114,843979911,2026_01_02,2026-04-18 16:39
CEOEM,276248,22289984,2026_01_02,2026-04-18 16:39
PNSUT,265680,128323851,2026_01_02,2026-04-18 16:39
TOASO,253903,120585076,2026_01_02,2026-04-18 16:39
KLYPV,250499,46334639,2026_01_02,2026-04-18 16:39
SEGMN,250333,80999980,2026_01_02,2026-04-18 16:39
BARMA,248478,68130939,2026_01_02,2026-04-18 16:39
ASUZU,238311,41130807,2026_01_02,2026-04-18 16:39
BIGEN,227479,115500000,2026_01_02,2026-04-18 16:39
BALSU,220195,278000000,2026_01_02,2026-04-18 16:39
BEGYO,219048,290000000,2026_01_02,2026-04-18 16:39
ICBCT,218767,216761845,2026_01_02,2026-04-18 16:39
AYGAZ,204299,98568807,2026_01_02,2026-04-18 16:39
KGYO,201242,767895149,2026_01_02,2026-04-18 16:39
OBASE,199253,14924000,2026_01_02,2026-04-18 16:39
GRSEL,198499,29650000,2026_01_02,2026-04-18 16:39
ENKAI,193392,874736059,2026_01_02,2026-04-18 16:39
DGNMO,191736,327634636,2026_01_02,2026-04-18 16:39
SAFKR,190900,139433366,2026_01_02,2026-04-18 16:39
METRO,190250,539989959,2026_01_02,2026-04-18 16:39
GUBRF,187791,85359737,2026_01_02,2026-04-18 16:39
ETILR,186049,156217454,2026_01_02,2026-04-18 16:39
AYEN,182850,55531320,2026_01_02,2026-04-18 16:39
ASGYO,179766,165000000,2026_01_02,2026-04-18 16:39
KLGYO,169950,689399869,2026_01_02,2026-04-18 16:39
IHYAY,160344,388124996,2026_01_02,2026-04-18 16:39
SKTAS,158763,332865443,2026_01_02,2026-04-18 16:39
ARASE,157374,49999991,2026_01_02,2026-04-18 16:39
CATES,153528,33050000,2026_01_02,2026-04-18 16:39
MAKIM,151739,42559998,2026_01_02,2026-04-18 16:39
HDFGS,146112,956974192,2026_01_02,2026-04-18 16:39
FADE,146028,42347498,2026_01_02,2026-04-18 16:39
BESLR,142848,658098036,2026_01_02,2026-04-18 16:39
KRVGD,140456,596159766,2026_01_02,2026-04-18 16:39
DESA,139589,171107590,2026_01_02,2026-04-18 16:39
CRFSA,137900,18312793,2026_01_02,2026-04-18 16:39
KLKIM,133469,138383655,2026_01_02,2026-04-18 16:39
SANFM,132126,225030000,2026_01_02,2026-04-18 16:39
IHLAS,131837,1396079076,2026_01_02,2026-04-18 16:39
PETUN,124436,134673118,2026_01_02,2026-04-18 16:39
PNLSN,122157,34752383,2026_01_02,2026-04-18 16:39
KRPLS,116135,78486163,2026_01_02,2026-04-18 16:39
BERA,115756,491804866,2026_01_02,2026-04-18 16:39
LINK,113877,18231985,2026_01_02,2026-04-18 16:39
DOFRB,113694,45000000,2026_01_02,2026-04-18 16:39
TKNSA,112778,100485379,2026_01_02,2026-04-18 16:39
BAKAB,111484,34985326,2026_01_02,2026-04-18 16:39
BOBET,111084,113999998,2026_01_02,2026-04-18 16:39
DZGYO,110123,399777846,2026_01_02,2026-04-18 16:39
GRTHO,110080,36745000,2026_01_02,2026-04-18 16:39
BLUME,109562,174710134,2026_01_02,2026-04-18 16:39
EMKEL,106042,149999456,2026_01_02,2026-04-18 16:39
TABGD,105447,52499906,2026_01_02,2026-04-18 16:39
BIGTK,103320,9142465,2026_01_02,2026-04-18 16:39
DOKTA,101517,145872862,2026_01_02,2026-04-18 16:39
BMSCH,100462,69277402,2026_01_02,2026-04-18 16:39
BLCYT,99611,49088912,2026_01_02,2026-04-18 16:39
INFO,97258,767463351,2026_01_02,2026-04-18 16:39
DYOBY,92554,186553687,2026_01_02,2026-04-18 16:39
IHAAS,91528,56031248,2026_01_02,2026-04-18 16:39
ADEL,91075,112043619,2026_01_02,2026-04-18 16:39
KRGYO,89525,275373393,2026_01_02,2026-04-18 16:39
SANKO,87885,37499197,2026_01_02,2026-04-18 16:39
EKSUN,86828,171792833,2026_01_02,2026-04-18 16:39
OTKAR,85191,33417145,2026_01_02,2026-04-18 16:39
KOPOL,80819,266339652,2026_01_02,2026-04-18 16:39
KRTEK,77636,18914650,2026_01_02,2026-04-18 16:39
EUPWR,77171,199610525,2026_01_02,2026-04-18 16:39
PINSU,76122,101635846,2026_01_02,2026-04-18 16:39
PARSN,74632,34033246,2026_01_02,2026-04-18 16:39
MNDTR,72272,910071938,2026_01_02,2026-04-18 16:39
VSNMD,71474,24000000,2026_01_02,2026-04-18 16:39
CONSE,68841,377854899,2026_01_02,2026-04-18 16:39
BURCE,67342,44422390,2026_01_02,2026-04-18 16:39
AKSEN,66474,638545796,2026_01_02,2026-04-18 16:39
ZEDUR,64877,69899992,2026_01_02,2026-04-18 16:39
MTRKS,64360,43633166,2026_01_02,2026-04-18 16:39
TLMAN,62034,10300000,2026_01_02,2026-04-18 16:39
VAKFA,59925,224891951,2026_01_02,2026-04-18 16:39
ISGSY,57499,47378729,2026_01_02,2026-04-18 16:39
EGPRO,56053,175170570,2026_01_02,2026-04-18 16:39
NUHCM,54005,33135899,2026_01_02,2026-04-18 16:39
YAYLA,50572,39874966,2026_01_02,2026-04-18 16:39
EPLAS,47703,190491857,2026_01_02,2026-04-18 16:39
TURGG,45154,32042988,2026_01_02,2026-04-18 16:39
RAYSG,44227,51947024,2026_01_02,2026-04-18 16:39
TATEN,40356,347799724,2026_01_02,2026-04-18 16:39
PAMEL,39236,21533681,2026_01_02,2026-04-18 16:39
BORSK,36447,279999879,2026_01_02,2026-04-18 16:39
BNTAS,36411,170624999,2026_01_02,2026-04-18 16:39
PENTA,35638,181070136,2026_01_02,2026-04-18 16:39
PCILT,34375,45014183,2026_01_02,2026-04-18 16:39
FORTE,33937,21999999,2026_01_02,2026-04-18 16:39
KRONT,33858,116892885,2026_01_02,2026-04-18 16:39
BRKSN,33272,62639942,2026_01_02,2026-04-18 16:39
BIGCH,32604,73786589,2026_01_02,2026-04-18 16:39
GSDDE,32253,106850751,2026_01_02,2026-04-18 16:39
KLMSN,32033,30881297,2026_01_02,2026-04-18 16:39
DEVA,31180,199971814,2026_01_02,2026-04-18 16:39
ERBOS,30678,15899843,2026_01_02,2026-04-18 16:39
BRISA,30326,31247472,2026_01_02,2026-04-18 16:39
MEKAG,28636,240319999,2026_01_02,2026-04-18 16:39
CEMTS,28299,233425986,2026_01_02,2026-04-18 16:39
GOLTS,27464,12422783,2026_01_02,2026-04-18 16:39
AKENR,25748,385189146,2026_01_02,2026-04-18 16:39
PKART,25690,11048497,2026_01_02,2026-04-18 16:39
ZRGYO,23920,1173404997,2026_01_02,2026-04-18 16:39
HATEK,23613,62998947,2026_01_02,2026-04-18 16:39
LMKDC,23580,155929999,2026_01_02,2026-04-18 16:39
AKFIS,22441,66841328,2026_01_02,2026-04-18 16:39
TTRAK,21279,24967458,2026_01_02,2026-04-18 16:39
POLTK,20841,1125000,2026_01_02,2026-04-18 16:39
FRIGO,20619,121443212,2026_01_02,2026-04-18 16:39
ELITE,18828,44650000,2026_01_02,2026-04-18 16:39
BAGFS,17313,100042745,2026_01_02,2026-04-18 16:39
ANGEN,17054,86440002,2026_01_02,2026-04-18 16:39
CIMSA,16677,488404404,2026_01_02,2026-04-18 16:39
ALFAS,16227,84639999,2026_01_02,2026-04-18 16:39
KAPLM,15249,4563071,2026_01_02,2026-04-18 16:39
BAHKM,15013,23289000,2026_01_02,2026-04-18 16:39
MOBTL,14129,207999999,2026_01_02,2026-04-18 16:39
GEREL,12920,219036379,2026_01_02,2026-04-18 16:39
CUSAN,11366,18500000,2026_01_02,2026-04-18 16:39
BFREN,11358,24586148,2026_01_02,2026-04-18 16:39
ULUSE,10164,24000000,2026_01_02,2026-04-18 16:39
BAYRK,9640,189751123,2026_01_02,2026-04-18 16:39
ALCAR,8954,1721735,2026_01_02,2026-04-18 16:39
GLCVY,8163,26400000,2026_01_02,2026-04-18 16:39
YATAS,8149,94866488,2026_01_02,2026-04-18 16:39
GOODY,7871,132804473,2026_01_02,2026-04-18 16:39
EDIP,6714,36468204,2026_01_02,2026-04-18 16:39
INGRM,6674,14969536,2026_01_02,2026-04-18 16:39
JANTS,6175,207477849,2026_01_02,2026-04-18 16:39
YAPRK,5539,4214998,2026_01_02,2026-04-18 16:39
DSTKF,5354,83333333,2026_01_02,2026-04-18 16:39
OZSUB,5282,42499126,2026_01_02,2026-04-18 16:39
KRDMA,4298,240300917,2026_01_02,2026-04-18 16:39
TSGYO,3796,266499982,2026_01_02,2026-04-18 16:39
GWIND,3715,179165491,2026_01_02,2026-04-18 16:39
BVSAN,3607,13749999,2026_01_02,2026-04-18 16:39
FMIZP,3603,3497751,2026_01_02,2026-04-18 16:39
LYDYE,3369,1391287,2026_01_02,2026-04-18 16:39
ACSEL,3225,8589113,2026_01_02,2026-04-18 16:39
TMPOL,2910,11039990,2026_01_02,2026-04-18 16:39
GIPTA,2766,51646922,2026_01_02,2026-04-18 16:39
PKENT,2564,23766169,2026_01_02,2026-04-18 16:39
TBORG,2469,59392160,2026_01_02,2026-04-18 16:39
GARFA,1978,138399778,2026_01_02,2026-04-18 16:39
ORGE,1967,41839996,2026_01_02,2026-04-18 16:39
AYCES,1892,1895369,2026_01_02,2026-04-18 16:39
AKSUE,1566,56376184,2026_01_02,2026-04-18 16:39
KLRHO,1455,341250000,2026_01_02,2026-04-18 16:39
MAALT,1364,4763850,2026_01_02,2026-04-18 16:39
CMBTN,1294,1023000,2026_01_02,2026-04-18 16:39
UFUK,1056,46845974,2026_01_02,2026-04-18 16:39
EGEEN,1047,1137161,2026_01_02,2026-04-18 16:39
LUKSK,858,27257202,2026_01_02,2026-04-18 16:39
NUGYO,833,324943976,2026_01_02,2026-04-18 16:39
INTEM,829,9428747,2026_01_02,2026-04-18 16:39
BRYAT,656,10264685,2026_01_02,2026-04-18 16:39
KARTN,330,72781126,2026_01_02,2026-04-18 16:39
BANVT,247,36961044,2026_01_02,2026-04-18 16:39
MRSHL,205,4212888,2026_01_02,2026-04-18 16:39
ODINE,146,52576848,2026_01_02,2026-04-18 16:39
PRKME,50,53038641,2026_01_02,2026-04-18 16:39
ISYAT,38,152245569,2026_01_02,2026-04-18 16:39
SKYMD,2,52499981,2026_01_02,2026-04-18 16:39
ARAT,0,39867975,2026_01_02,2026-04-18 16:39
SKYLP,0,7159255,2026_01_02,2026-04-18 16:39
SMART,0,29737499,2026_01_02,2026-04-18 16:39
ARBUL,0,15459297,2026_01_02,2026-04-18 16:39
SNPAM,0,19679871,2026_01_02,2026-04-18 16:39
AKYHO,0,223895870,2026_01_02,2026-04-18 16:39
AGYO,0,129036460,2026_01_02,2026-04-18 16:39
SONME,0,4349319,2026_01_02,2026-04-18 16:39
DOGUB,0,19821566,2026_01_02,2026-04-18 16:39
KLNMA,0,91846864,2026_01_02,2026-04-18 16:39
CMENT,0,56829666,2026_01_02,2026-04-18 16:39
TARKM,0,4999997,2026_01_02,2026-04-18 16:39
ASYAB,0,477904801,2026_01_02,2026-04-18 16:39
MZHLD,0,72215314,2026_01_02,2026-04-18 16:39
IHEVA,0,291631239,2026_01_02,2026-04-18 16:39
KNFRT,0,131747000,2026_01_02,2026-04-18 16:39
ENPRA,0,15294301,2026_01_02,2026-04-18 16:39
CRDFA,0,74996853,2026_01_02,2026-04-18 16:39
TDGYO,0,59914214,2026_01_02,2026-04-18 16:39
KRATL,0,17800000,2026_01_02,2026-04-18 16:39
ORCAY,0,149508809,2026_01_02,2026-04-18 16:39
ARTOG,0,18591534,2026_01_02,2026-04-18 16:39
BURVA,0,4723271,2026_01_02,2026-04-18 16:39
OYAYO,0,19999941,2026_01_02,2026-04-18 16:39
OYLUM,0,80937367,2026_01_02,2026-04-18 16:39
GLBMD,0,28880500,2026_01_02,2026-04-18 16:39
OZRDN,0,57107579,2026_01_02,2026-04-18 16:39
ATEKS,0,5441598,2026_01_02,2026-04-18 16:39
GLDTRF,0,45600000,2026_01_02,2026-04-18 16:39
ERSU,0,31755894,2026_01_02,2026-04-18 16:39
ISBIR,0,14499877,2026_01_02,2026-04-18 16:39
KSTUR,0,3952561,2026_01_02,2026-04-18 16:39
GOLDS,0,192323946,2026_01_02,2026-04-18 16:39
BYDNR,0,17999984,2026_01_02,2026-04-18 16:39
ATPET,0,11403497,2026_01_02,2026-04-18 16:39
GRNYO,0,37386059,2026_01_02,2026-04-18 16:39
LIOYS,0,31625013,2026_01_02,2026-04-18 16:39
UKIM,0,2053621,2026_01_02,2026-04-18 16:39
ULAS,0,25200172,2026_01_02,2026-04-18 16:39
AKPAZ,0,22489187,2026_01_02,2026-04-18 16:39
EUHOL,0,142999955,2026_01_02,2026-04-18 16:39
EGCYO,0,21986285,2026_01_02,2026-04-18 16:39
UNTAR,0,29562129,2026_01_02,2026-04-18 16:39
CELHA,0,146124228,2026_01_02,2026-04-18 16:39
UZEL,0,26334293,2026_01_02,2026-04-18 16:39
BRMEN,0,57566555,2026_01_02,2026-04-18 16:39
DGGYO,0,280709437,2026_01_02,2026-04-18 16:39
PRZMA,0,61941154,2026_01_02,2026-04-18 16:39
PSDTC,0,6599991,2026_01_02,2026-04-18 16:39
QNBFK,0,843137646,2026_01_02,2026-04-18 16:39
QNBTR,0,1566427106,2026_01_02,2026-04-18 16:39
GUNDG,0,18968972,2026_01_02,2026-04-18 16:39
FENIS,0,26080019,2026_01_02,2026-04-18 16:39
MANAS,0,127852000,2026_01_02,2026-04-18 16:39
MANGO,0,37831688,2026_01_02,2026-04-18 16:39
YGYO,0,1310632851,2026_01_02,2026-04-18 16:39
FLAP,0,93599986,2026_01_02,2026-04-18 16:39
MEGAP,0,234498757,2026_01_02,2026-04-18 16:39
SANEL,0,18112451,2026_01_02,2026-04-18 16:39
KENT,0,1191005,2026_01_02,2026-04-18 16:39
KERVN,0,588346973,2026_01_02,2026-04-18 16:39
MEMSA,0,160110709,2026_01_02,2026-04-18 16:39
MENBA,0,3496852,2026_01_02,2026-04-18 16:39
SEKFK,0,62311473,2026_01_02,2026-04-18 16:39
SELVA,0,747897737,2026_01_02,2026-04-18 16:39
SEYKM,0,151040901,2026_01_02,2026-04-18 16:39
SILVR,0,212818206,2026_01_02,2026-04-18 16:39
MEPET,0,73940585,2026_01_02,2026-04-18 16:39
FORMT,-4,1075744355,2026_01_02,2026-04-18 16:39
KONYA,-436,1646416,2026_01_02,2026-04-18 16:39
ARENA,-437,66996461,2026_01_02,2026-04-18 16:39
TGSAS,-1132,12348294,2026_01_02,2026-04-18 16:39
HRKET,-1475,24000000,2026_01_02,2026-04-18 16:39
MOPAS,-1628,57330000,2026_01_02,2026-04-18 16:39
TRHOL,-1710,17635692,2026_01_02,2026-04-18 16:39
BMSTL,-5477,74772260,2026_01_02,2026-04-18 16:39
VERUS,-5832,34499937,2026_01_02,2026-04-18 16:39
DUNYH,-6606,36443197,2026_01_02,2026-04-18 16:39
AYDEM,-6735,130000000,2026_01_02,2026-04-18 16:39
REEDR,-6755,627278663,2026_01_02,2026-04-18 16:39
KUTPO,-7558,10524430,2026_01_02,2026-04-18 16:39
ALKA,-7800,330750000,2026_01_02,2026-04-18 16:39
BOSSA,-8521,508724189,2026_01_02,2026-04-18 16:39
MPARK,-8524,80869110,2026_01_02,2026-04-18 16:39
PLTUR,-9016,49500000,2026_01_02,2026-04-18 16:39
TKFEN,-10023,230848007,2026_01_02,2026-04-18 16:39
KMPUR,-10779,132432524,2026_01_02,2026-04-18 16:39
VKING,-12432,30932905,2026_01_02,2026-04-18 16:39
DGATE,-13366,15227271,2026_01_02,2026-04-18 16:39
VERTU,-14061,22000000,2026_01_02,2026-04-18 16:39
LOGO,-14896,74328248,2026_01_02,2026-04-18 16:39
AKMGY,-15534,21568998,2026_01_02,2026-04-18 16:39
SUNTK,-15651,145280000,2026_01_02,2026-04-18 16:39
AVPGY,-16143,100000000,2026_01_02,2026-04-18 16:39
SURGY,-16943,44999990,2026_01_02,2026-04-18 16:39
EGGUB,-17590,75862114,2026_01_02,2026-04-18 16:39
ATAKP,-17622,28224000,2026_01_02,2026-04-18 16:39
RUZYE,-17864,267748491,2026_01_02,2026-04-18 16:39
DNISI,-18798,59171727,2026_01_02,2026-04-18 16:39
OZATD,-21133,13349988,2026_01_02,2026-04-18 16:39
CLEBI,-21639,5490178,2026_01_02,2026-04-18 16:39
INVES,-22335,37480000,2026_01_02,2026-04-18 16:39
AKSGY,-23088,1628451947,2026_01_02,2026-04-18 16:39
ALKLC,-23979,45382467,2026_01_02,2026-04-18 16:39
BEYAZ,-25123,42317352,2026_01_02,2026-04-18 16:39
ALCTL,-25439,13543218,2026_01_02,2026-04-18 16:39
PAGYO,-25669,57781202,2026_01_02,2026-04-18 16:39
CEMZY,-26064,124119970,2026_01_02,2026-04-18 16:39
NIBAS,-26825,267768312,2026_01_02,2026-04-18 16:39
KONKA,-29069,89670000,2026_01_02,2026-04-18 16:39
NTHOL,-29885,485479112,2026_01_02,2026-04-18 16:39
SDTTR,-34998,15990000,2026_01_02,2026-04-18 16:39
VAKKO,-35587,30789786,2026_01_02,2026-04-18 16:39
BINBN,-36782,17000000,2026_01_02,2026-04-18 16:39
OZYSR,-37676,40488000,2026_01_02,2026-04-18 16:39
SMRVA,-40090,28000000,2026_01_02,2026-04-18 16:39
OYYAT,-43565,91048322,2026_01_02,2026-04-18 16:39
BASGZ,-45780,174999999,2026_01_02,2026-04-18 16:39
GEDZA,-45887,42983624,2026_01_02,2026-04-18 16:39
PRKAB,-49179,35225443,2026_01_02,2026-04-18 16:39
KTSKR,-49630,14691795,2026_01_02,2026-04-18 16:39
MERIT,-49756,329683116,2026_01_02,2026-04-18 16:39
NETAS,-50000,31783484,2026_01_02,2026-04-18 16:39
BRKVY,-51660,13618361,2026_01_02,2026-04-18 16:39
DERIM,-53468,40403770,2026_01_02,2026-04-18 16:39
YGGYO,-54782,240625741,2026_01_02,2026-04-18 16:39
MARKA,-55857,20752018,2026_01_02,2026-04-18 16:39
EBEBK,-56371,40534692,2026_01_02,2026-04-18 16:39
KIMMR,-57618,75000000,2026_01_02,2026-04-18 16:39
GZNMI,-59799,40949825,2026_01_02,2026-04-18 16:39
ENDAE,-60888,120211591,2026_01_02,2026-04-18 16:39
LKMNH,-63257,163262533,2026_01_02,2026-04-18 16:39
KORDS,-63439,65421451,2026_01_02,2026-04-18 16:39
GLRMK,-64726,38760000,2026_01_02,2026-04-18 16:39
VBTYZ,-68517,55935000,2026_01_02,2026-04-18 16:39
AKCNS,-69427,39359284,2026_01_02,2026-04-18 16:39
ARDYZ,-71641,279551557,2026_01_02,2026-04-18 16:39
ONCSM,-71917,10086000,2026_01_02,2026-04-18 16:39
ERCB,-75572,39113273,2026_01_02,2026-04-18 16:39
HOROZ,-76402,24599986,2026_01_02,2026-04-18 16:39
OSMEN,-79236,157750927,2026_01_02,2026-04-18 16:39
ECZYT,-80259,45880511,2026_01_02,2026-04-18 16:39
DOFER,-81610,19572500,2026_01_02,2026-04-18 16:39
EYGYO,-81715,341859667,2026_01_02,2026-04-18 16:39
RALYH,-87054,176370973,2026_01_02,2026-04-18 16:39
SMRTG,-87506,221421277,2026_01_02,2026-04-18 16:39
HATSN,-92794,44299973,2026_01_02,2026-04-18 16:39
ONRYT,-95794,19730000,2026_01_02,2026-04-18 16:39
DMSAS,-96676,199994510,2026_01_02,2026-04-18 16:39
RNPOL,-99559,16795000,2026_01_02,2026-04-18 16:39
SELEC,-99855,124262097,2026_01_02,2026-04-18 16:39
OFSYM,-101607,22749998,2026_01_02,2026-04-18 16:39
LILAK,-109135,260252730,2026_01_02,2026-04-18 16:39
PSGYO,-113575,2954231557,2026_01_02,2026-04-18 16:39
MSGYO,-118201,169650150,2026_01_02,2026-04-18 16:39
DENGE,-118674,525284797,2026_01_02,2026-04-18 16:39
KUYAS,-127018,398927997,2026_01_02,2026-04-18 16:39
DESPC,-130128,16023700,2026_01_02,2026-04-18 16:39
KOCMT,-131811,587485693,2026_01_02,2026-04-18 16:39
KZGYO,-133633,49999985,2026_01_02,2026-04-18 16:39
BUCIM,-138273,1286538062,2026_01_02,2026-04-18 16:39
HKTM,-151057,72750000,2026_01_02,2026-04-18 16:39
AVGYO,-152539,111590302,2026_01_02,2026-04-18 16:39
ALTNY,-164746,399889404,2026_01_02,2026-04-18 16:39
SAYAS,-168727,42530887,2026_01_02,2026-04-18 16:39
TMSN,-169317,44449988,2026_01_02,2026-04-18 16:39
TNZTP,-178228,87496826,2026_01_02,2026-04-18 16:39
POLHO,-184191,164140074,2026_01_02,2026-04-18 16:39
DAGI,-203527,175301274,2026_01_02,2026-04-18 16:39
ESCOM,-204624,463831670,2026_01_02,2026-04-18 16:39
IZFAS,-208886,156001658,2026_01_02,2026-04-18 16:39
MAKTK,-209154,184370066,2026_01_02,2026-04-18 16:39
YUNSA,-212701,202164056,2026_01_02,2026-04-18 16:39
MARBL,-215888,65226403,2026_01_02,2026-04-18 16:39
ISSEN,-220133,107411517,2026_01_02,2026-04-18 16:39
TEZOL,-233764,139999975,2026_01_02,2026-04-18 16:39
ECOGR,-239429,110000000,2026_01_02,2026-04-18 16:39
OZKGY,-258326,363999945,2026_01_02,2026-04-18 16:39
BIZIM,-281459,27601626,2026_01_02,2026-04-18 16:39
RUBNS,-290927,42377765,2026_01_02,2026-04-18 16:39
TEKTU,-297039,195639311,2026_01_02,2026-04-18 16:39
NATEN,-306790,309375000,2026_01_02,2026-04-18 16:39
RGYAS,-309274,105523000,2026_01_02,2026-04-18 16:39
MERCN,-336866,74389005,2026_01_02,2026-04-18 16:39
UNLU,-338074,102181558,2026_01_02,2026-04-18 16:39
EGSER,-339056,545751057,2026_01_02,2026-04-18 16:39
TUCLK,-350770,230681400,2026_01_02,2026-04-18 16:39
IZENR,-380780,914537597,2026_01_02,2026-04-18 16:39
GMTAS,-390728,148547413,2026_01_02,2026-04-18 16:39
MACKO,-408688,41500000,2026_01_02,2026-04-18 16:39
BJKAS,-437030,1776089716,2026_01_02,2026-04-18 16:39
HTTBT,-437856,82805422,2026_01_02,2026-04-18 16:39
AKSA,-446559,1503670642,2026_01_02,2026-04-18 16:39
MEDTR,-452142,24499999,2026_01_02,2026-04-18 16:39
AVOD,-485257,253604577,2026_01_02,2026-04-18 16:39
MERKO,-490355,101104701,2026_01_02,2026-04-18 16:39
PATEK,-493536,293081893,2026_01_02,2026-04-18 16:39
INVEO,-500126,998999954,2026_01_02,2026-04-18 16:39
YIGIT,-507590,74999975,2026_01_02,2026-04-18 16:39
BRLSM,-524800,108025075,2026_01_02,2026-04-18 16:39
ADGYO,-526165,379654367,2026_01_02,2026-04-18 16:39
INDES,-552274,462749768,2026_01_02,2026-04-18 16:39
EFOR,-574940,539999994,2026_01_02,2026-04-18 16:39
ISGYO,-579951,531312439,2026_01_02,2026-04-18 16:39
MNDRS,-583542,222007982,2026_01_02,2026-04-18 16:39
KARSN,-583711,827800973,2026_01_02,2026-04-18 16:39
GLRYH,-612747,599623814,2026_01_02,2026-04-18 16:39
TRILC,-616898,118499496,2026_01_02,2026-04-18 16:39
SNICA,-648401,321688856,2026_01_02,2026-04-18 16:39
GENIL,-706217,85937999,2026_01_02,2026-04-18 16:39
KRSTL,-710281,183664642,2026_01_02,2026-04-18 16:39
AHSGY,-743851,184999889,2026_01_02,2026-04-18 16:39
PGSUS,-798154,245068870,2026_01_02,2026-04-18 16:39
DURDO,-885882,379703149,2026_01_02,2026-04-18 16:39
MHRGY,-890450,310499991,2026_01_02,2026-04-18 16:39
GOZDE,-922532,384992447,2026_01_02,2026-04-18 16:39
ARSAN,-947532,887344274,2026_01_02,2026-04-18 16:39
KAYSE,-972512,814062609,2026_01_02,2026-04-18 16:39
MARMR,-1002509,961218727,2026_01_02,2026-04-18 16:39
KBORU,-1013513,143999994,2026_01_02,2026-04-18 16:39
FZLGY,-1014045,398427644,2026_01_02,2026-04-18 16:39
ULUUN,-1046542,290523352,2026_01_02,2026-04-18 16:39
TRGYO,-1073002,251573369,2026_01_02,2026-04-18 16:39
VKGYO,-1125150,1637203243,2026_01_02,2026-04-18 16:39
DAPGM,-1154528,928276145,2026_01_02,2026-04-18 16:39
GOKNR,-1324126,178040711,2026_01_02,2026-04-18 16:39
GARAN,-1326949,2454842798,2026_01_02,2026-04-18 16:39
BIMAS,-1328958,436214016,2026_01_02,2026-04-18 16:39
PASEU,-1343631,215296000,2026_01_02,2026-04-18 16:39
IEYHO,-1402843,541033008,2026_01_02,2026-04-18 16:39
ANELE,-1403757,151405542,2026_01_02,2026-04-18 16:39
ICUGS,-1408291,336250000,2026_01_02,2026-04-18 16:39
OBAMS,-1457386,751078524,2026_01_02,2026-04-18 16:39
PENGD,-1532942,171068945,2026_01_02,2026-04-18 16:39
BINHO,-1633722,488884390,2026_01_02,2026-04-18 16:39
KONTR,-1770613,936041131,2026_01_02,2026-04-18 16:39
SISE,-1987054,1814910230,2026_01_02,2026-04-18 16:39
EGEGY,-2033002,61200000,2026_01_02,2026-04-18 16:39
TSPOR,-2467907,3674526725,2026_01_02,2026-04-18 16:39
OSTIM,-2596711,510724464,2026_01_02,2026-04-18 16:39
ISMEN,-2675932,467723147,2026_01_02,2026-04-18 16:39
HEDEF,-2745827,562499930,2026_01_02,2026-04-18 16:39
MARTI,-3118711,590291701,2026_01_02,2026-04-18 16:39
OYAKC,-3216483,4656879380,2026_01_02,2026-04-18 16:39
KLSYN,-3234210,107854952,2026_01_02,2026-04-18 16:39
MRGYO,-3534785,1035439186,2026_01_02,2026-04-18 16:39
EREGL,-3701648,3554245507,2026_01_02,2026-04-18 16:39
CCOLA,-3950922,815835147,2026_01_02,2026-04-18 16:39
HLGYO,-4438344,1075198536,2026_01_02,2026-04-18 16:39
QUAGR,-4537509,1773200000,2026_01_02,2026-04-18 16:39
DMRGD,-5817982,1277294592,2026_01_02,2026-04-18 16:39
VRGYO,-6931901,597693904,2026_01_02,2026-04-18 16:39
ISCTR,-7464067,8880196751,2026_01_02,2026-04-18 16:39
TSKB,-8321299,1516591673,2026_01_02,2026-04-18 16:39
PAHOL,-8953690,3999999979,2026_01_02,2026-04-18 16:39
YKBNK,-11054697,4705235927,2026_01_02,2026-04-18 16:39
ODAS,-11985798,1113798031,2026_01_02,2026-04-18 16:39
VAKFN,-16613525,2064378145,2026_01_02,2026-04-18 16:39
EKGYO,-18250713,1925107366,2026_01_02,2026-04-18 16:39
TURSG,-21008599,7907296076,2026_01_02,2026-04-18 16:39
ADESE,-60399126,4687131701,2026_01_02,2026-04-18 16:39
SASA,-142017046,25700421849,2026_01_02,2026-04-18 16:39
YKBNK,129954046,4705235952,2026_01_03,2026-04-18 16:40
ISCTR,61199623,8880196742,2026_01_03,2026-04-18 16:40
BTCIM,55743671,4046650979,2026_01_03,2026-04-18 16:40
GMTAS,37179968,298687813,2026_01_03,2026-04-18 16:40
ADESE,35328085,4687131701,2026_01_03,2026-04-18 16:40
FORMT,21457615,1075444232,2026_01_03,2026-04-18 16:40
VAKBN,18560821,8046896130,2026_01_03,2026-04-18 16:40
EREGL,18411559,3554238535,2026_01_03,2026-04-18 16:40
AKBNK,18119134,3059020205,2026_01_03,2026-04-18 16:40
GARAN,13362477,2454842798,2026_01_03,2026-04-18 16:40
PETKM,12780649,1241736844,2026_01_03,2026-04-18 16:40
GLYHO,11646423,1949290631,2026_01_03,2026-04-18 16:40
AEFES,11554723,2028860053,2026_01_03,2026-04-18 16:40
DAPGM,9712115,928276145,2026_01_03,2026-04-18 16:40
EKGYO,9368646,1925107366,2026_01_03,2026-04-18 16:40
CWENE,9310111,530758241,2026_01_03,2026-04-18 16:40
HEKTS,9212590,3946474643,2026_01_03,2026-04-18 16:40
ZOREN,8518649,2681244172,2026_01_03,2026-04-18 16:40
GSRAY,8444504,10123744690,2026_01_03,2026-04-18 16:40
TRALT,7486239,952271819,2026_01_03,2026-04-18 16:40
SRVGY,6976178,806067999,2026_01_03,2026-04-18 16:40
MRGYO,6099259,1035439185,2026_01_03,2026-04-18 16:40
ANSGR,5603658,1564416026,2026_01_03,2026-04-18 16:40
QUAGR,5575888,1771950000,2026_01_03,2026-04-18 16:40
BORSK,5532549,279999879,2026_01_03,2026-04-18 16:40
KRDMD,5397404,780216365,2026_01_03,2026-04-18 16:40
PAHOL,4941129,3999999979,2026_01_03,2026-04-18 16:40
ASTOR,4861220,366896261,2026_01_03,2026-04-18 16:40
RYGYO,4675562,770588057,2026_01_03,2026-04-18 16:40
SISE,4579600,1814910230,2026_01_03,2026-04-18 16:40
KCHOL,4475991,674052308,2026_01_03,2026-04-18 16:40
ALVES,4201757,862856920,2026_01_03,2026-04-18 16:40
ULUFA,3913518,305352801,2026_01_03,2026-04-18 16:40
LIDFA,3891395,458180545,2026_01_03,2026-04-18 16:40
TUCLK,3361765,230681400,2026_01_03,2026-04-18 16:40
TUPRS,3252198,902334854,2026_01_03,2026-04-18 16:40
TTKOM,3184133,524999999,2026_01_03,2026-04-18 16:40
TCELL,3074068,1622604373,2026_01_03,2026-04-18 16:40
FONET,2969732,577082984,2026_01_03,2026-04-18 16:40
SEGMN,2969693,80999980,2026_01_03,2026-04-18 16:40
ESCAR,2938436,101933690,2026_01_03,2026-04-18 16:40
ALARK,2479934,164975148,2026_01_03,2026-04-18 16:40
OZGYO,2473184,490916869,2026_01_03,2026-04-18 16:40
DOHOL,2393023,984706959,2026_01_03,2026-04-18 16:40
PSGYO,2302159,2954231556,2026_01_03,2026-04-18 16:40
SARKY,2257023,999999671,2026_01_03,2026-04-18 16:40
TEHOL,2251471,1967936441,2026_01_03,2026-04-18 16:40
CVKMD,2245185,461999787,2026_01_03,2026-04-18 16:40
OYAKC,2229027,4656879380,2026_01_03,2026-04-18 16:40
DARDL,2198380,1753442695,2026_01_03,2026-04-18 16:40
ASELS,2162247,1178597817,2026_01_03,2026-04-18 16:40
MARTI,2050230,590191701,2026_01_03,2026-04-18 16:40
KATMR,2026890,1980989998,2026_01_03,2026-04-18 16:40
TAVHL,1928256,213213415,2026_01_03,2026-04-18 16:40
SMRTG,1766895,221388224,2026_01_03,2026-04-18 16:40
MAGEN,1710339,719512140,2026_01_03,2026-04-18 16:40
PATEK,1697968,293081892,2026_01_03,2026-04-18 16:40
TABGD,1672270,52499906,2026_01_03,2026-04-18 16:40
AKFYE,1613973,551782160,2026_01_03,2026-04-18 16:40
DITAS,1506273,83407812,2026_01_03,2026-04-18 16:40
INFO,1339455,767463337,2026_01_03,2026-04-18 16:40
KAYSE,1316631,814062605,2026_01_03,2026-04-18 16:40
AGHOL,1297949,1068828243,2026_01_03,2026-04-18 16:40
TOASO,1297781,120585076,2026_01_03,2026-04-18 16:40
AKGRT,1225730,629007625,2026_01_03,2026-04-18 16:40
SNICA,1168686,321688855,2026_01_03,2026-04-18 16:40
MHRGY,1044777,310499991,2026_01_03,2026-04-18 16:40
ULKER,1033216,338855989,2026_01_03,2026-04-18 16:40
DOAS,942036,97899975,2026_01_03,2026-04-18 16:40
METRO,907631,539989959,2026_01_03,2026-04-18 16:40
RUBNS,872214,42377765,2026_01_03,2026-04-18 16:40
MPARK,856225,80869110,2026_01_03,2026-04-18 16:40
TUREX,834014,432000000,2026_01_03,2026-04-18 16:40
SOKM,801890,448708248,2026_01_03,2026-04-18 16:40
CCOLA,800387,818085147,2026_01_03,2026-04-18 16:40
EUPWR,776913,199610525,2026_01_03,2026-04-18 16:40
AGESA,773753,35829553,2026_01_03,2026-04-18 16:40
KRVGD,761613,596159766,2026_01_03,2026-04-18 16:40
BUCIM,732359,1286538062,2026_01_03,2026-04-18 16:40
MGROS,666546,96563547,2026_01_03,2026-04-18 16:40
ETILR,661276,156217454,2026_01_03,2026-04-18 16:40
CANTE,645755,6026143802,2026_01_03,2026-04-18 16:40
IHGZT,617104,570666228,2026_01_03,2026-04-18 16:40
BRLSM,607205,108025075,2026_01_03,2026-04-18 16:40
FRMPL,607180,39977439,2026_01_03,2026-04-18 16:40
IHLAS,603362,1396079076,2026_01_03,2026-04-18 16:40
LMKDC,593542,155929999,2026_01_03,2026-04-18 16:40
TEKTU,593139,195639308,2026_01_03,2026-04-18 16:40
AVOD,591829,253604577,2026_01_03,2026-04-18 16:40
SAHOL,582830,1142761094,2026_01_03,2026-04-18 16:40
ARMGD,564849,54996000,2026_01_03,2026-04-18 16:40
IEYHO,544113,541032947,2026_01_03,2026-04-18 16:40
TRMET,538902,174454588,2026_01_03,2026-04-18 16:40
IHAAS,519241,56031248,2026_01_03,2026-04-18 16:40
ENERY,516260,2420686786,2026_01_03,2026-04-18 16:40
EPLAS,504074,190491857,2026_01_03,2026-04-18 16:40
LYDHO,500074,188179904,2026_01_03,2026-04-18 16:40
KUYAS,495937,395653297,2026_01_03,2026-04-18 16:40
ESCOM,478217,463831670,2026_01_03,2026-04-18 16:40
KRDMA,473117,240300917,2026_01_03,2026-04-18 16:40
VESTL,447602,295447203,2026_01_03,2026-04-18 16:40
ISDMR,445094,147623050,2026_01_03,2026-04-18 16:40
GESAN,443413,141759180,2026_01_03,2026-04-18 16:40
IZMDC,441585,723225318,2026_01_03,2026-04-18 16:40
AZTEK,435147,279000000,2026_01_03,2026-04-18 16:40
ATATP,433390,18809999,2026_01_03,2026-04-18 16:40
MAVI,430941,576779312,2026_01_03,2026-04-18 16:40
DURKN,428149,42500000,2026_01_03,2026-04-18 16:40
GLRYH,411371,599623814,2026_01_03,2026-04-18 16:40
ARZUM,410881,293999828,2026_01_03,2026-04-18 16:40
IMASM,408484,622850499,2026_01_03,2026-04-18 16:40
PENGD,393155,171068967,2026_01_03,2026-04-18 16:40
HALKB,392231,6546422780,2026_01_03,2026-04-18 16:40
DYOBY,365774,186553687,2026_01_03,2026-04-18 16:40
ALGYO,362036,989357377,2026_01_03,2026-04-18 16:40
KOTON,358495,136599960,2026_01_03,2026-04-18 16:40
RTALB,355446,432976722,2026_01_03,2026-04-18 16:40
MNDTR,345993,910071938,2026_01_03,2026-04-18 16:40
AFYON,338095,399992258,2026_01_03,2026-04-18 16:40
ALKIM,317396,182767821,2026_01_03,2026-04-18 16:40
BALSU,311520,278000000,2026_01_03,2026-04-18 16:40
DURDO,302777,379703149,2026_01_03,2026-04-18 16:40
LILAK,301316,260252730,2026_01_03,2026-04-18 16:40
KRGYO,296487,275373393,2026_01_03,2026-04-18 16:40
ECOGR,294816,109979000,2026_01_03,2026-04-18 16:40
YUNSA,286378,202164056,2026_01_03,2026-04-18 16:40
ASGYO,281959,165000000,2026_01_03,2026-04-18 16:40
EGEPO,278525,200000000,2026_01_03,2026-04-18 16:40
ENJSA,276156,236211770,2026_01_03,2026-04-18 16:40
MARMR,272140,961218727,2026_01_03,2026-04-18 16:40
KOPOL,266040,266319652,2026_01_03,2026-04-18 16:40
LRSHO,265109,724120946,2026_01_03,2026-04-18 16:40
GUBRF,263559,85359737,2026_01_03,2026-04-18 16:40
SOKE,255900,126999996,2026_01_03,2026-04-18 16:40
SANFM,245421,225029995,2026_01_03,2026-04-18 16:40
MERKO,242805,101104701,2026_01_03,2026-04-18 16:40
GLRMK,235478,38760000,2026_01_03,2026-04-18 16:40
FRIGO,233706,131201647,2026_01_03,2026-04-18 16:40
PRKME,227603,53038641,2026_01_03,2026-04-18 16:40
MEPET,226759,73940585,2026_01_03,2026-04-18 16:40
EYGYO,221659,341859667,2026_01_03,2026-04-18 16:40
BOSSA,217922,508724189,2026_01_03,2026-04-18 16:40
BEGYO,216659,277250000,2026_01_03,2026-04-18 16:40
PNSUT,212346,128323851,2026_01_03,2026-04-18 16:40
TATGD,209894,119284718,2026_01_03,2026-04-18 16:40
RGYAS,205728,105523000,2026_01_03,2026-04-18 16:40
MERIT,189356,329748900,2026_01_03,2026-04-18 16:40
BIENY,185641,83144831,2026_01_03,2026-04-18 16:40
EDIP,185388,36468204,2026_01_03,2026-04-18 16:40
KAREL,179055,329659497,2026_01_03,2026-04-18 16:40
AYGAZ,164908,98568807,2026_01_03,2026-04-18 16:40
TSGYO,164827,266499982,2026_01_03,2026-04-18 16:40
ARASE,163060,49999991,2026_01_03,2026-04-18 16:40
KGYO,162395,767895149,2026_01_03,2026-04-18 16:40
BNTAS,161489,170624998,2026_01_03,2026-04-18 16:40
OBASE,159121,14924000,2026_01_03,2026-04-18 16:40
BEYAZ,158764,42317352,2026_01_03,2026-04-18 16:40
AKSUE,157914,56376184,2026_01_03,2026-04-18 16:40
SUWEN,152591,365687500,2026_01_03,2026-04-18 16:40
ARSAN,148425,887344274,2026_01_03,2026-04-18 16:40
HEDEF,147466,562499930,2026_01_03,2026-04-18 16:40
NUGYO,143156,324943976,2026_01_03,2026-04-18 16:40
KCAER,136880,496494775,2026_01_03,2026-04-18 16:40
ARTMS,134532,24199999,2026_01_03,2026-04-18 16:40
GOKNR,133298,178040711,2026_01_03,2026-04-18 16:40
OZKGY,130835,363999945,2026_01_03,2026-04-18 16:40
MEGMT,128429,72749999,2026_01_03,2026-04-18 16:40
GZNMI,125098,40910271,2026_01_03,2026-04-18 16:40
BLUME,123540,174710134,2026_01_03,2026-04-18 16:40
AYDEM,122011,130000000,2026_01_03,2026-04-18 16:40
ANHYT,121162,88457041,2026_01_03,2026-04-18 16:40
KLGYO,119946,689399869,2026_01_03,2026-04-18 16:40
DOFER,117958,19572500,2026_01_03,2026-04-18 16:40
CIMSA,115141,488404404,2026_01_03,2026-04-18 16:40
MEKAG,111042,240319999,2026_01_03,2026-04-18 16:40
KLKIM,108587,138383655,2026_01_03,2026-04-18 16:40
ALKA,103868,330750000,2026_01_03,2026-04-18 16:40
TMSN,101335,44449988,2026_01_03,2026-04-18 16:40
BOBET,100788,113999998,2026_01_03,2026-04-18 16:40
DENGE,98574,525284797,2026_01_03,2026-04-18 16:40
BERA,95697,491816866,2026_01_03,2026-04-18 16:40
SDTTR,94743,15990000,2026_01_03,2026-04-18 16:40
KIMMR,92386,75000000,2026_01_03,2026-04-18 16:40
TATEN,87743,347774724,2026_01_03,2026-04-18 16:40
ECILC,86459,210589603,2026_01_03,2026-04-18 16:40
SAFKR,84442,139427409,2026_01_03,2026-04-18 16:40
KLYPV,82664,46334639,2026_01_03,2026-04-18 16:40
BINHO,82254,488884390,2026_01_03,2026-04-18 16:40
KOCMT,77715,581991187,2026_01_03,2026-04-18 16:40
HKTM,76748,72747500,2026_01_03,2026-04-18 16:40
GIPTA,76472,51625912,2026_01_03,2026-04-18 16:40
OFSYM,75828,22749998,2026_01_03,2026-04-18 16:40
ALCTL,74103,13543218,2026_01_03,2026-04-18 16:40
ENKAI,74090,874736059,2026_01_03,2026-04-18 16:40
EGGUB,72380,75862114,2026_01_03,2026-04-18 16:40
ADGYO,72096,379654367,2026_01_03,2026-04-18 16:40
DUNYH,71356,36443197,2026_01_03,2026-04-18 16:40
DMSAS,70994,199994510,2026_01_03,2026-04-18 16:40
DZGYO,67589,399777846,2026_01_03,2026-04-18 16:40
RAYSG,64409,51947024,2026_01_03,2026-04-18 16:40
SKTAS,62141,332865443,2026_01_03,2026-04-18 16:40
ASUZU,61793,41130807,2026_01_03,2026-04-18 16:40
CRFSA,61223,18312793,2026_01_03,2026-04-18 16:40
ELITE,59242,44645000,2026_01_03,2026-04-18 16:40
VAKKO,57959,30789786,2026_01_03,2026-04-18 16:40
BRISA,55720,31247472,2026_01_03,2026-04-18 16:40
GEREL,55239,219036379,2026_01_03,2026-04-18 16:40
MEYSU,51339,174889790,2026_01_03,2026-04-18 16:40
MSGYO,51129,169650150,2026_01_03,2026-04-18 16:40
YGGYO,49301,240625741,2026_01_03,2026-04-18 16:40
EBEBK,48960,40534692,2026_01_03,2026-04-18 16:40
SMRVA,48787,28000000,2026_01_03,2026-04-18 16:40
BIOEN,45632,197983419,2026_01_03,2026-04-18 16:40
FADE,45525,42347497,2026_01_03,2026-04-18 16:40
REEDR,44995,627278663,2026_01_03,2026-04-18 16:40
DERIM,44212,40403770,2026_01_03,2026-04-18 16:40
BAYRK,43915,189751123,2026_01_03,2026-04-18 16:40
JANTS,43054,207477849,2026_01_03,2026-04-18 16:40
KRDMB,42809,118762110,2026_01_03,2026-04-18 16:40
BIGTK,39653,23395022,2026_01_03,2026-04-18 16:40
GRSEL,39166,29650000,2026_01_03,2026-04-18 16:40
ALTNY,38356,399889404,2026_01_03,2026-04-18 16:40
ECZYT,38159,45880511,2026_01_03,2026-04-18 16:40
GOODY,37685,132804473,2026_01_03,2026-04-18 16:40
ONRYT,34478,19730000,2026_01_03,2026-04-18 16:40
BAKAB,33293,34985326,2026_01_03,2026-04-18 16:40
CATES,33231,33050000,2026_01_03,2026-04-18 16:40
HATEK,32992,62998947,2026_01_03,2026-04-18 16:40
ZGYO,32810,84499889,2026_01_03,2026-04-18 16:40
GRTHO,31574,36745000,2026_01_03,2026-04-18 16:40
ORGE,30547,41839996,2026_01_03,2026-04-18 16:40
ARENA,30224,66996461,2026_01_03,2026-04-18 16:40
BAHKM,29983,23289000,2026_01_03,2026-04-18 16:40
PKART,27718,11048497,2026_01_03,2026-04-18 16:40
ZERGY,25612,156799985,2026_01_03,2026-04-18 16:40
OBAMS,25569,725750028,2026_01_03,2026-04-18 16:40
LUKSK,24448,27257202,2026_01_03,2026-04-18 16:40
MOPAS,22336,57330000,2026_01_03,2026-04-18 16:40
GOLTS,21872,12422783,2026_01_03,2026-04-18 16:40
ISGSY,21042,47378729,2026_01_03,2026-04-18 16:40
MOBTL,21032,207999999,2026_01_03,2026-04-18 16:40
BRKVY,18524,13618361,2026_01_03,2026-04-18 16:40
PNLSN,17045,34752383,2026_01_03,2026-04-18 16:40
FMIZP,16936,3497751,2026_01_03,2026-04-18 16:40
TCKRC,16295,70000000,2026_01_03,2026-04-18 16:40
CEOEM,16010,22082614,2026_01_03,2026-04-18 16:40
KORDS,15981,65421451,2026_01_03,2026-04-18 16:40
AYCES,15900,1895369,2026_01_03,2026-04-18 16:40
HRKET,15442,24000000,2026_01_03,2026-04-18 16:40
VERTU,15381,22000000,2026_01_03,2026-04-18 16:40
RUZYE,15324,267748491,2026_01_03,2026-04-18 16:40
KARTN,15149,72781126,2026_01_03,2026-04-18 16:40
KTSKR,14379,14691795,2026_01_03,2026-04-18 16:40
DNISI,13929,59171727,2026_01_03,2026-04-18 16:40
PAMEL,13777,21533681,2026_01_03,2026-04-18 16:40
ICUGS,13299,336250000,2026_01_03,2026-04-18 16:40
ISYAT,9410,152245569,2026_01_03,2026-04-18 16:40
BRYAT,9351,10264685,2026_01_03,2026-04-18 16:40
VBTYZ,9144,55935000,2026_01_03,2026-04-18 16:40
INTEM,9131,9428747,2026_01_03,2026-04-18 16:40
SANKO,8469,37499197,2026_01_03,2026-04-18 16:40
SKYMD,7983,52499981,2026_01_03,2026-04-18 16:40
ERBOS,6750,15899843,2026_01_03,2026-04-18 16:40
KAPLM,6722,4563071,2026_01_03,2026-04-18 16:40
MAKIM,6259,42559998,2026_01_03,2026-04-18 16:40
TMPOL,4974,11039990,2026_01_03,2026-04-18 16:40
BFREN,4300,24586148,2026_01_03,2026-04-18 16:40
BMSTL,3733,74772260,2026_01_03,2026-04-18 16:40
MAALT,3663,4763850,2026_01_03,2026-04-18 16:40
ULUSE,3211,24000000,2026_01_03,2026-04-18 16:40
ALFAS,3142,84639559,2026_01_03,2026-04-18 16:40
ATAKP,3120,28224000,2026_01_03,2026-04-18 16:40
AVHOL,2955,26047279,2026_01_03,2026-04-18 16:40
SURGY,2589,44745990,2026_01_03,2026-04-18 16:40
OTTO,1604,5474438,2026_01_03,2026-04-18 16:40
CMBTN,1354,1023000,2026_01_03,2026-04-18 16:40
NETAS,946,31783484,2026_01_03,2026-04-18 16:40
UFUK,872,46845974,2026_01_03,2026-04-18 16:40
LYDYE,795,1391287,2026_01_03,2026-04-18 16:40
KONYA,644,1646416,2026_01_03,2026-04-18 16:40
TARKM,515,4999885,2026_01_03,2026-04-18 16:40
CELHA,406,146124228,2026_01_03,2026-04-18 16:40
ALKLC,295,45382467,2026_01_03,2026-04-18 16:40
KLNMA,0,91846864,2026_01_03,2026-04-18 16:40
BRKSN,0,62639942,2026_01_03,2026-04-18 16:40
SELVA,0,747897737,2026_01_03,2026-04-18 16:40
SEYKM,0,151040901,2026_01_03,2026-04-18 16:40
SILVR,0,212818206,2026_01_03,2026-04-18 16:40
AKYHO,0,223895870,2026_01_03,2026-04-18 16:40
ARAT,0,39867975,2026_01_03,2026-04-18 16:40
SKYLP,0,7159255,2026_01_03,2026-04-18 16:40
BRMEN,0,57566555,2026_01_03,2026-04-18 16:40
SMART,0,29737499,2026_01_03,2026-04-18 16:40
CMENT,0,56829666,2026_01_03,2026-04-18 16:40
IHEVA,0,291631239,2026_01_03,2026-04-18 16:40
KRATL,0,17800000,2026_01_03,2026-04-18 16:40
SNPAM,0,19679871,2026_01_03,2026-04-18 16:40
MZHLD,0,72215314,2026_01_03,2026-04-18 16:40
CRDFA,0,74996853,2026_01_03,2026-04-18 16:40
SONME,0,4349319,2026_01_03,2026-04-18 16:40
GLBMD,0,28880500,2026_01_03,2026-04-18 16:40
GLDTRF,0,46350000,2026_01_03,2026-04-18 16:40
ENPRA,0,15294299,2026_01_03,2026-04-18 16:40
ARTOG,0,18578922,2026_01_03,2026-04-18 16:40
KSTUR,0,3952561,2026_01_03,2026-04-18 16:40
ORCAY,0,149663501,2026_01_03,2026-04-18 16:40
ISBIR,0,14500244,2026_01_03,2026-04-18 16:40
OYAYO,0,19999941,2026_01_03,2026-04-18 16:40
OYLUM,0,80937367,2026_01_03,2026-04-18 16:40
TDGYO,0,59914214,2026_01_03,2026-04-18 16:40
ASYAB,0,477904801,2026_01_03,2026-04-18 16:40
ARBUL,0,15459297,2026_01_03,2026-04-18 16:40
OZRDN,0,57107579,2026_01_03,2026-04-18 16:40
LIOYS,0,31625013,2026_01_03,2026-04-18 16:40
ERSU,0,31755894,2026_01_03,2026-04-18 16:40
GOLDS,0,192323946,2026_01_03,2026-04-18 16:40
TRHOL,0,17635692,2026_01_03,2026-04-18 16:40
BURCE,0,44422390,2026_01_03,2026-04-18 16:40
BURVA,0,4723271,2026_01_03,2026-04-18 16:40
GRNYO,0,37386059,2026_01_03,2026-04-18 16:40
BYDNR,0,17999984,2026_01_03,2026-04-18 16:40
EUHOL,0,142999955,2026_01_03,2026-04-18 16:40
AKPAZ,0,22489187,2026_01_03,2026-04-18 16:40
PRZMA,0,61941154,2026_01_03,2026-04-18 16:40
UKIM,0,2053621,2026_01_03,2026-04-18 16:40
ULAS,0,25200172,2026_01_03,2026-04-18 16:40
PSDTC,0,6599991,2026_01_03,2026-04-18 16:40
MANAS,0,127852000,2026_01_03,2026-04-18 16:40
QNBFK,0,843137646,2026_01_03,2026-04-18 16:40
UNTAR,0,29562129,2026_01_03,2026-04-18 16:40
UZEL,0,26329793,2026_01_03,2026-04-18 16:40
QNBTR,0,1566427106,2026_01_03,2026-04-18 16:40
MANGO,0,37831688,2026_01_03,2026-04-18 16:40
DGGYO,0,280709437,2026_01_03,2026-04-18 16:40
GUNDG,0,18968972,2026_01_03,2026-04-18 16:40
ATEKS,0,5441598,2026_01_03,2026-04-18 16:40
RNPOL,0,16795000,2026_01_03,2026-04-18 16:40
YGYO,0,1310632851,2026_01_03,2026-04-18 16:40
MEGAP,0,234498757,2026_01_03,2026-04-18 16:40
KENT,0,1191005,2026_01_03,2026-04-18 16:40
KERVN,0,588346973,2026_01_03,2026-04-18 16:40
MEMSA,0,160110709,2026_01_03,2026-04-18 16:40
MENBA,0,3496852,2026_01_03,2026-04-18 16:40
FENIS,0,26080019,2026_01_03,2026-04-18 16:40
SANEL,0,18112451,2026_01_03,2026-04-18 16:40
FLAP,0,93599986,2026_01_03,2026-04-18 16:40
EGCYO,0,21986285,2026_01_03,2026-04-18 16:40
ATPET,0,11403497,2026_01_03,2026-04-18 16:40
EGEEN,-44,1137161,2026_01_03,2026-04-18 16:40
DOGUB,-115,19821566,2026_01_03,2026-04-18 16:40
MRSHL,-190,4212888,2026_01_03,2026-04-18 16:40
PKENT,-332,23766169,2026_01_03,2026-04-18 16:40
BIZIM,-710,27601626,2026_01_03,2026-04-18 16:40
INVES,-1778,37480000,2026_01_03,2026-04-18 16:40
BANVT,-2235,36961044,2026_01_03,2026-04-18 16:40
KNFRT,-2359,131747000,2026_01_03,2026-04-18 16:40
YAPRK,-3370,4214998,2026_01_03,2026-04-18 16:40
PLTUR,-3849,49500000,2026_01_03,2026-04-18 16:40
ACSEL,-4011,8589113,2026_01_03,2026-04-18 16:40
CLEBI,-4814,5490178,2026_01_03,2026-04-18 16:40
PENTA,-5497,181070136,2026_01_03,2026-04-18 16:40
TGSAS,-5850,12348294,2026_01_03,2026-04-18 16:40
NUHCM,-6025,33135899,2026_01_03,2026-04-18 16:40
KUTPO,-6053,10524430,2026_01_03,2026-04-18 16:40
PARSN,-6175,34033246,2026_01_03,2026-04-18 16:40
BVSAN,-6490,13749998,2026_01_03,2026-04-18 16:40
TBORG,-7357,59392160,2026_01_03,2026-04-18 16:40
VKING,-7536,30932905,2026_01_03,2026-04-18 16:40
AKMGY,-7661,21568998,2026_01_03,2026-04-18 16:40
VERUS,-8108,34499937,2026_01_03,2026-04-18 16:40
HOROZ,-9899,24599986,2026_01_03,2026-04-18 16:40
DAGI,-10633,175301274,2026_01_03,2026-04-18 16:40
BMSCH,-11283,69277402,2026_01_03,2026-04-18 16:40
EGPRO,-11328,175170570,2026_01_03,2026-04-18 16:40
DOKTA,-13427,145872862,2026_01_03,2026-04-18 16:40
ALCAR,-14017,1721735,2026_01_03,2026-04-18 16:40
GARFA,-14418,138399778,2026_01_03,2026-04-18 16:40
OZATD,-15722,13349933,2026_01_03,2026-04-18 16:40
MAKTK,-16421,184370066,2026_01_03,2026-04-18 16:40
KONKA,-16643,89670000,2026_01_03,2026-04-18 16:40
AVGYO,-18534,111590302,2026_01_03,2026-04-18 16:40
DESA,-18917,171107590,2026_01_03,2026-04-18 16:40
PETUN,-19489,134673118,2026_01_03,2026-04-18 16:40
ANGEN,-19521,86440002,2026_01_03,2026-04-18 16:40
BIGCH,-19629,73786589,2026_01_03,2026-04-18 16:40
PCILT,-19665,45014183,2026_01_03,2026-04-18 16:40
ZRGYO,-21579,1173404997,2026_01_03,2026-04-18 16:40
POLTK,-22250,1125000,2026_01_03,2026-04-18 16:40
TLMAN,-25520,10300000,2026_01_03,2026-04-18 16:40
ENDAE,-26343,120211591,2026_01_03,2026-04-18 16:40
AKFIS,-27795,66841328,2026_01_03,2026-04-18 16:40
BESLR,-28800,658098036,2026_01_03,2026-04-18 16:40
KRONT,-32812,116892885,2026_01_03,2026-04-18 16:40
INGRM,-34940,14969536,2026_01_03,2026-04-18 16:40
EMKEL,-35281,149999456,2026_01_03,2026-04-18 16:40
SELEC,-38287,124262097,2026_01_03,2026-04-18 16:40
ONCSM,-42642,10086000,2026_01_03,2026-04-18 16:40
BASGZ,-43325,174999999,2026_01_03,2026-04-18 16:40
AHSGY,-43611,184999889,2026_01_03,2026-04-18 16:40
DGATE,-44992,15227271,2026_01_03,2026-04-18 16:40
TRENJ,-45297,97964682,2026_01_03,2026-04-18 16:40
AVPGY,-46279,100000000,2026_01_03,2026-04-18 16:40
VSNMD,-47420,24000000,2026_01_03,2026-04-18 16:40
AKCNS,-48061,39359284,2026_01_03,2026-04-18 16:40
PINSU,-48918,101635846,2026_01_03,2026-04-18 16:40
ODINE,-49675,52576848,2026_01_03,2026-04-18 16:40
AYEN,-50573,55531320,2026_01_03,2026-04-18 16:40
KRTEK,-54908,18914650,2026_01_03,2026-04-18 16:40
NIBAS,-55475,267767946,2026_01_03,2026-04-18 16:40
FZLGY,-56450,398427439,2026_01_03,2026-04-18 16:40
OZSUB,-58094,42499126,2026_01_03,2026-04-18 16:40
DESPC,-58917,16023700,2026_01_03,2026-04-18 16:40
SEKFK,-58993,62311473,2026_01_03,2026-04-18 16:40
KMPUR,-59257,132432524,2026_01_03,2026-04-18 16:40
ARCLK,-60218,170054748,2026_01_03,2026-04-18 16:40
DEVA,-60931,199971814,2026_01_03,2026-04-18 16:40
PAGYO,-61675,57777302,2026_01_03,2026-04-18 16:40
GWIND,-63298,179165491,2026_01_03,2026-04-18 16:40
SAYAS,-64339,42530887,2026_01_03,2026-04-18 16:40
PAPIL,-66380,206247674,2026_01_03,2026-04-18 16:40
KLMSN,-66694,30881197,2026_01_03,2026-04-18 16:40
BRSAN,-71496,35912460,2026_01_03,2026-04-18 16:40
CEMZY,-72106,124118690,2026_01_03,2026-04-18 16:40
MARKA,-73908,20752018,2026_01_03,2026-04-18 16:40
HURGZ,-75687,220784167,2026_01_03,2026-04-18 16:40
EKOS,-76469,307199852,2026_01_03,2026-04-18 16:40
PRKAB,-76666,35225443,2026_01_03,2026-04-18 16:40
UNLU,-77643,102181558,2026_01_03,2026-04-18 16:40
TTRAK,-78425,24967458,2026_01_03,2026-04-18 16:40
VRGYO,-83877,597643904,2026_01_03,2026-04-18 16:40
LINK,-85255,18231985,2026_01_03,2026-04-18 16:40
GEDZA,-85948,42983624,2026_01_03,2026-04-18 16:40
LIDER,-86827,279500000,2026_01_03,2026-04-18 16:40
KZGYO,-87230,49999985,2026_01_03,2026-04-18 16:40
HATSN,-90510,44299973,2026_01_03,2026-04-18 16:40
TKFEN,-92992,230848007,2026_01_03,2026-04-18 16:40
AGYO,-94409,129036460,2026_01_03,2026-04-18 16:40
KLSER,-96882,109457566,2026_01_03,2026-04-18 16:40
YATAS,-98253,94866488,2026_01_03,2026-04-18 16:40
DOFRB,-99142,45000000,2026_01_03,2026-04-18 16:40
CUSAN,-101214,18500000,2026_01_03,2026-04-18 16:40
OZYSR,-101848,40488000,2026_01_03,2026-04-18 16:40
VAKFA,-103508,224999701,2026_01_03,2026-04-18 16:40
ICBCT,-104817,216761845,2026_01_03,2026-04-18 16:40
AKSEN,-105404,638545796,2026_01_03,2026-04-18 16:40
TRCAS,-107521,206252778,2026_01_03,2026-04-18 16:40
FORTE,-112129,21999999,2026_01_03,2026-04-18 16:40
GLCVY,-112296,26400000,2026_01_03,2026-04-18 16:40
AKENR,-113111,385189146,2026_01_03,2026-04-18 16:40
LOGO,-113306,74328248,2026_01_03,2026-04-18 16:40
BLCYT,-114662,49088907,2026_01_03,2026-04-18 16:40
ERCB,-121016,39113273,2026_01_03,2026-04-18 16:40
YEOTK,-122308,160933198,2026_01_03,2026-04-18 16:40
DSTKF,-126002,82195267,2026_01_03,2026-04-18 16:40
YAYLA,-132753,39812553,2026_01_03,2026-04-18 16:40
OYYAT,-142971,91048322,2026_01_03,2026-04-18 16:40
TKNSA,-144703,100485379,2026_01_03,2026-04-18 16:40
HDFGS,-146112,956974190,2026_01_03,2026-04-18 16:40
ENSRI,-153355,236333503,2026_01_03,2026-04-18 16:40
BAGFS,-154324,100042745,2026_01_03,2026-04-18 16:40
KLRHO,-154643,341250000,2026_01_03,2026-04-18 16:40
IZFAS,-157107,156001658,2026_01_03,2026-04-18 16:40
KRPLS,-164064,78486163,2026_01_03,2026-04-18 16:40
ZEDUR,-168149,69899992,2026_01_03,2026-04-18 16:40
ISSEN,-170394,107411517,2026_01_03,2026-04-18 16:40
USAK,-177318,1218028690,2026_01_03,2026-04-18 16:40
SERNT,-185108,113000000,2026_01_03,2026-04-18 16:40
NATEN,-185313,309375000,2026_01_03,2026-04-18 16:40
NTGAZ,-187164,276000000,2026_01_03,2026-04-18 16:40
TNZTP,-191478,87496826,2026_01_03,2026-04-18 16:40
HTTBT,-191677,82805422,2026_01_03,2026-04-18 16:40
ISFIN,-198866,310154523,2026_01_03,2026-04-18 16:40
TRILC,-199847,118499496,2026_01_03,2026-04-18 16:40
ENTRA,-200585,369383564,2026_01_03,2026-04-18 16:40
DGNMO,-203690,327634635,2026_01_03,2026-04-18 16:40
LKMNH,-205573,163262533,2026_01_03,2026-04-18 16:40
GSDDE,-212132,106850751,2026_01_03,2026-04-18 16:40
ISGYO,-221434,531312439,2026_01_03,2026-04-18 16:40
ANELE,-224611,151405542,2026_01_03,2026-04-18 16:40
SUNTK,-231180,144433250,2026_01_03,2026-04-18 16:40
MACKO,-233213,41453550,2026_01_03,2026-04-18 16:40
PRDGS,-252397,110850000,2026_01_03,2026-04-18 16:40
IHYAY,-255099,388124996,2026_01_03,2026-04-18 16:40
EFOR,-263207,539999994,2026_01_03,2026-04-18 16:40
BIGEN,-263424,115500000,2026_01_03,2026-04-18 16:40
OTKAR,-272113,33417145,2026_01_03,2026-04-18 16:40
MERCN,-272533,74389005,2026_01_03,2026-04-18 16:40
POLHO,-278624,164140074,2026_01_03,2026-04-18 16:40
NTHOL,-288027,485479112,2026_01_03,2026-04-18 16:40
OSMEN,-299320,157750927,2026_01_03,2026-04-18 16:40
KFEIN,-301942,150306170,2026_01_03,2026-04-18 16:40
BARMA,-302227,67594701,2026_01_03,2026-04-18 16:40
EGSER,-313933,545751057,2026_01_03,2026-04-18 16:40
ARDYZ,-319702,279551557,2026_01_03,2026-04-18 16:40
GENTS,-323209,748157819,2026_01_03,2026-04-18 16:40
VAKFN,-334374,2064378140,2026_01_03,2026-04-18 16:40
TURGG,-338982,32042988,2026_01_03,2026-04-18 16:40
MARBL,-344091,65226403,2026_01_03,2026-04-18 16:40
BINBN,-347492,17000000,2026_01_03,2026-04-18 16:40
MNDRS,-358474,222007982,2026_01_03,2026-04-18 16:40
MEDTR,-364606,24499999,2026_01_03,2026-04-18 16:40
CGCAM,-367591,42000000,2026_01_03,2026-04-18 16:40
PGSUS,-395188,245068870,2026_01_03,2026-04-18 16:40
YIGIT,-396056,74999975,2026_01_03,2026-04-18 16:40
ALBRK,-420958,1050739765,2026_01_03,2026-04-18 16:40
EDATA,-464593,160065396,2026_01_03,2026-04-18 16:40
INVEO,-476623,998999954,2026_01_03,2026-04-18 16:40
YKSLN,-499962,197429570,2026_01_03,2026-04-18 16:40
DERHL,-501043,197281316,2026_01_03,2026-04-18 16:40
RALYH,-504697,176324572,2026_01_03,2026-04-18 16:40
EGEGY,-511102,61200000,2026_01_03,2026-04-18 16:40
AGROT,-511976,843979911,2026_01_03,2026-04-18 16:40
ESEN,-520994,682499950,2026_01_03,2026-04-18 16:40
BULGS,-529782,72489900,2026_01_03,2026-04-18 16:40
CEMTS,-540360,233425986,2026_01_03,2026-04-18 16:40
OSTIM,-581923,509984964,2026_01_03,2026-04-18 16:40
MIATK,-623510,313087979,2026_01_03,2026-04-18 16:40
BORLS,-633460,308652686,2026_01_03,2026-04-18 16:40
MTRKS,-670382,43633165,2026_01_03,2026-04-18 16:40
KRSTL,-773395,183664642,2026_01_03,2026-04-18 16:40
INDES,-774314,462749768,2026_01_03,2026-04-18 16:40
KBORU,-783339,143999994,2026_01_03,2026-04-18 16:40
TRGYO,-803858,251573369,2026_01_03,2026-04-18 16:40
RYSAS,-854660,1504020937,2026_01_03,2026-04-18 16:40
TEZOL,-903929,139835975,2026_01_03,2026-04-18 16:40
MOGAN,-935652,262635000,2026_01_03,2026-04-18 16:40
PASEU,-947044,215295868,2026_01_03,2026-04-18 16:40
ADEL,-951510,112043619,2026_01_03,2026-04-18 16:40
GENIL,-958549,85937999,2026_01_03,2026-04-18 16:40
ISKPL,-1010951,724625736,2026_01_03,2026-04-18 16:40
AKFGY,-1086763,3457819315,2026_01_03,2026-04-18 16:40
AHGAZ,-1097583,659370871,2026_01_03,2026-04-18 16:40
THYAO,-1202848,739329751,2026_01_03,2026-04-18 16:40
AKSGY,-1251079,1628451947,2026_01_03,2026-04-18 16:40
KARSN,-1262617,827850973,2026_01_03,2026-04-18 16:40
EKSUN,-1296325,171792833,2026_01_03,2026-04-18 16:40
CEMAS,-1312527,790779220,2026_01_03,2026-04-18 16:40
IHLGM,-1392696,986078000,2026_01_03,2026-04-18 16:40
CONSE,-1414863,377854899,2026_01_03,2026-04-18 16:40
GSDHO,-1505798,999994969,2026_01_03,2026-04-18 16:40
VESBE,-1589181,503578676,2026_01_03,2026-04-18 16:40
KZBGY,-2013587,585996164,2026_01_03,2026-04-18 16:40
ULUUN,-2071132,290523352,2026_01_03,2026-04-18 16:40
ISMEN,-2102875,467723147,2026_01_03,2026-04-18 16:40
KONTR,-2162628,936038763,2026_01_03,2026-04-18 16:40
BIMAS,-2181896,436214016,2026_01_03,2026-04-18 16:40
FROTO,-2249822,625120847,2026_01_03,2026-04-18 16:40
YYLGD,-2473063,369826200,2026_01_03,2026-04-18 16:40
SKBNK,-2545702,2498879854,2026_01_03,2026-04-18 16:40
TUKAS,-2589492,4499401041,2026_01_03,2026-04-18 16:40
GEDIK,-2610176,983076856,2026_01_03,2026-04-18 16:40
GOZDE,-2789829,384992447,2026_01_03,2026-04-18 16:40
HLGYO,-3008132,1075198516,2026_01_03,2026-04-18 16:40
SNGYO,-3101505,3607173097,2026_01_03,2026-04-18 16:40
TSPOR,-3334368,3674526664,2026_01_03,2026-04-18 16:40
KLSYN,-3431281,107854952,2026_01_03,2026-04-18 16:40
TERA,-3634759,240888789,2026_01_03,2026-04-18 16:40
ARFYE,-3948804,46970750,2026_01_03,2026-04-18 16:40
TURSG,-4014895,7907296076,2026_01_03,2026-04-18 16:40
BSOKE,-4035440,458486931,2026_01_03,2026-04-18 16:40
TSKB,-4208140,1516591673,2026_01_03,2026-04-18 16:40
PEKGY,-4494079,4685012615,2026_01_03,2026-04-18 16:40
ODAS,-4564923,1113798031,2026_01_03,2026-04-18 16:40
VKGYO,-4835679,1637053242,2026_01_03,2026-04-18 16:40
AKSA,-6305938,1503670642,2026_01_03,2026-04-18 16:40
KTLEV,-6492530,1288500000,2026_01_03,2026-04-18 16:40
YESIL,-6729202,640699952,2026_01_03,2026-04-18 16:40
YYAPI,-7807503,1705025550,2026_01_03,2026-04-18 16:40
HUNER,-8811135,670137934,2026_01_03,2026-04-18 16:40
IZENR,-9225539,914537597,2026_01_03,2026-04-18 16:40
BJKAS,-11083097,1776089716,2026_01_03,2026-04-18 16:40
DMRGD,-37598688,1277294592,2026_01_03,2026-04-18 16:40
FENER,-38152263,2772321026,2026_01_03,2026-04-18 16:40
EUREN,-81350080,1040132637,2026_01_03,2026-04-18 16:40
SASA,-202933101,25700421137,2026_01_03,2026-04-18 16:40
SASA,250525866,25700421137,2026_01_04,2026-04-18 16:42
ISCTR,84230680,8880196742,2026_01_04,2026-04-18 16:42
YKBNK,76810954,4705235952,2026_01_04,2026-04-18 16:42
AKBNK,64858637,3059020211,2026_01_04,2026-04-18 16:42
EREGL,56615560,3554238535,2026_01_04,2026-04-18 16:42
SMRTG,36096195,664164672,2026_01_04,2026-04-18 16:42
AEFES,30312451,2028860053,2026_01_04,2026-04-18 16:42
ZOREN,24517102,2681244172,2026_01_04,2026-04-18 16:42
EKGYO,23988592,1925107366,2026_01_04,2026-04-18 16:42
GSRAY,19137195,10123744690,2026_01_04,2026-04-18 16:42
TRALT,17398967,952271819,2026_01_04,2026-04-18 16:42
SISE,14227978,1814922730,2026_01_04,2026-04-18 16:42
GLYHO,12558564,1949290631,2026_01_04,2026-04-18 16:42
TSPOR,10768836,3674526664,2026_01_04,2026-04-18 16:42
QUAGR,9400716,1771950000,2026_01_04,2026-04-18 16:42
PETKM,9227577,1241736844,2026_01_04,2026-04-18 16:42
CANTE,9026535,6026143802,2026_01_04,2026-04-18 16:42
GARAN,7805528,2454854227,2026_01_04,2026-04-18 16:42
ALVES,7732179,862856920,2026_01_04,2026-04-18 16:42
KCHOL,7284265,674052308,2026_01_04,2026-04-18 16:42
TSKB,6133876,1516591673,2026_01_04,2026-04-18 16:42
VAKBN,5784588,8046896130,2026_01_04,2026-04-18 16:42
SAHOL,5651613,1142761094,2026_01_04,2026-04-18 16:42
ISKPL,5465858,724625736,2026_01_04,2026-04-18 16:42
ANSGR,4573781,1564416026,2026_01_04,2026-04-18 16:42
AKSA,3948687,1503670642,2026_01_04,2026-04-18 16:42
FROTO,3857447,625120847,2026_01_04,2026-04-18 16:42
SKBNK,3819150,2498879854,2026_01_04,2026-04-18 16:42
HUNER,3000825,670137934,2026_01_04,2026-04-18 16:42
METRO,2846238,539989959,2026_01_04,2026-04-18 16:42
AKGRT,2798172,629007625,2026_01_04,2026-04-18 16:42
TTKOM,2759427,524999999,2026_01_04,2026-04-18 16:42
HALKB,2755552,6546422780,2026_01_04,2026-04-18 16:42
GMTAS,2328576,298687813,2026_01_04,2026-04-18 16:42
DOHOL,2320195,984706959,2026_01_04,2026-04-18 16:42
CCOLA,2269933,818085147,2026_01_04,2026-04-18 16:42
MANAS,2192069,149942371,2026_01_04,2026-04-18 16:42
RYGYO,2003738,770588057,2026_01_04,2026-04-18 16:42
TEKTU,1998512,195639308,2026_01_04,2026-04-18 16:42
AGHOL,1791428,1068828243,2026_01_04,2026-04-18 16:42
IEYHO,1763609,541032947,2026_01_04,2026-04-18 16:42
HDFGS,1718404,956974190,2026_01_04,2026-04-18 16:42
INFO,1694009,767463337,2026_01_04,2026-04-18 16:42
CVKMD,1680238,461999787,2026_01_04,2026-04-18 16:42
ULKER,1492474,338855989,2026_01_04,2026-04-18 16:42
SARKY,1475102,999999671,2026_01_04,2026-04-18 16:42
BJKAS,1445155,1776089716,2026_01_04,2026-04-18 16:42
IHYAY,1432043,388124996,2026_01_04,2026-04-18 16:42
PAPIL,1405441,206247674,2026_01_04,2026-04-18 16:42
VRGYO,1397380,597643904,2026_01_04,2026-04-18 16:42
OSTIM,1371320,509984964,2026_01_04,2026-04-18 16:42
IMASM,1278058,622850499,2026_01_04,2026-04-18 16:42
FENER,1098261,2772321026,2026_01_04,2026-04-18 16:42
ALTNY,1091692,399889404,2026_01_04,2026-04-18 16:42
LIDFA,1026457,458180545,2026_01_04,2026-04-18 16:42
ESCAR,989692,101933690,2026_01_04,2026-04-18 16:42
VESTL,959271,295447203,2026_01_04,2026-04-18 16:42
BINHO,939047,488884390,2026_01_04,2026-04-18 16:42
TRMET,930262,174454588,2026_01_04,2026-04-18 16:42
ALBRK,920709,1050739765,2026_01_04,2026-04-18 16:42
TOASO,907382,120585076,2026_01_04,2026-04-18 16:42
DOAS,885654,97899975,2026_01_04,2026-04-18 16:42
PSGYO,874275,2954231556,2026_01_04,2026-04-18 16:42
AYDEM,863530,130000000,2026_01_04,2026-04-18 16:42
ENSRI,850942,236333503,2026_01_04,2026-04-18 16:42
BULGS,843584,72499900,2026_01_04,2026-04-18 16:42
YUNSA,840700,202164056,2026_01_04,2026-04-18 16:42
KOCMT,830025,581991187,2026_01_04,2026-04-18 16:42
TABGD,773659,52499906,2026_01_04,2026-04-18 16:42
BERA,753507,491816866,2026_01_04,2026-04-18 16:42
SEGMN,750459,80999980,2026_01_04,2026-04-18 16:42
MEYSU,716626,175000000,2026_01_04,2026-04-18 16:42
MNDTR,690520,910071938,2026_01_04,2026-04-18 16:42
GUBRF,676440,85359737,2026_01_04,2026-04-18 16:42
ISDMR,665840,147623050,2026_01_04,2026-04-18 16:42
BIMAS,665016,436214016,2026_01_04,2026-04-18 16:42
KZBGY,630370,585996164,2026_01_04,2026-04-18 16:42
KFEIN,626173,150306170,2026_01_04,2026-04-18 16:42
ARSAN,589223,887344274,2026_01_04,2026-04-18 16:42
MPARK,560018,80869110,2026_01_04,2026-04-18 16:42
ALARK,549795,164975148,2026_01_04,2026-04-18 16:42
GLRYH,513085,599623814,2026_01_04,2026-04-18 16:42
TRENJ,504485,97964682,2026_01_04,2026-04-18 16:42
LMKDC,504014,155929999,2026_01_04,2026-04-18 16:42
AKFYE,500000,551782160,2026_01_04,2026-04-18 16:42
ZRGYO,498741,1173404997,2026_01_04,2026-04-18 16:42
KOTON,498291,136599960,2026_01_04,2026-04-18 16:42
IHLGM,496728,986078000,2026_01_04,2026-04-18 16:42
DYOBY,459285,186553687,2026_01_04,2026-04-18 16:42
MAVI,459013,576779312,2026_01_04,2026-04-18 16:42
MERCN,441444,74389005,2026_01_04,2026-04-18 16:42
MEGMT,439675,72749999,2026_01_04,2026-04-18 16:42
BUCIM,435150,1286538062,2026_01_04,2026-04-18 16:42
MOBTL,386816,207999999,2026_01_04,2026-04-18 16:42
LYDHO,375779,197140910,2026_01_04,2026-04-18 16:42
KRVGD,341688,596159766,2026_01_04,2026-04-18 16:42
CWENE,341485,530758241,2026_01_04,2026-04-18 16:42
KRDMA,337766,240300917,2026_01_04,2026-04-18 16:42
IHAAS,336931,56031248,2026_01_04,2026-04-18 16:42
KZGYO,323169,49999985,2026_01_04,2026-04-18 16:42
HRKET,300122,24000000,2026_01_04,2026-04-18 16:42
IZMDC,287411,723225318,2026_01_04,2026-04-18 16:42
KGYO,287168,767895149,2026_01_04,2026-04-18 16:42
SURGY,278843,44745990,2026_01_04,2026-04-18 16:42
EGEPO,275636,200000000,2026_01_04,2026-04-18 16:42
SOKM,262257,448708248,2026_01_04,2026-04-18 16:42
DOFRB,262232,45000000,2026_01_04,2026-04-18 16:42
VESBE,259596,503578676,2026_01_04,2026-04-18 16:42
DSTKF,244488,82195267,2026_01_04,2026-04-18 16:42
EUPWR,242815,199610525,2026_01_04,2026-04-18 16:42
HATEK,241202,62998947,2026_01_04,2026-04-18 16:42
MOGAN,234392,262635000,2026_01_04,2026-04-18 16:42
BORLS,222836,308652686,2026_01_04,2026-04-18 16:42
SUWEN,214508,365687500,2026_01_04,2026-04-18 16:42
ASELS,206764,1178597817,2026_01_04,2026-04-18 16:42
ARCLK,203295,170054748,2026_01_04,2026-04-18 16:42
DURKN,198494,42500000,2026_01_04,2026-04-18 16:42
ENJSA,196201,236211770,2026_01_04,2026-04-18 16:42
ALCTL,192425,13543218,2026_01_04,2026-04-18 16:42
PNLSN,177031,34752383,2026_01_04,2026-04-18 16:42
BMSTL,167704,74772260,2026_01_04,2026-04-18 16:42
ARASE,167171,49999991,2026_01_04,2026-04-18 16:42
BRSAN,166537,35912460,2026_01_04,2026-04-18 16:42
BLUME,165387,174710134,2026_01_04,2026-04-18 16:42
EGPRO,164126,175170570,2026_01_04,2026-04-18 16:42
SOKE,159341,126999996,2026_01_04,2026-04-18 16:42
YYAPI,156174,1705025550,2026_01_04,2026-04-18 16:42
KRPLS,150353,78486163,2026_01_04,2026-04-18 16:42
KONTR,138333,936038763,2026_01_04,2026-04-18 16:42
KLSYN,135757,107854952,2026_01_04,2026-04-18 16:42
OTKAR,134156,33417145,2026_01_04,2026-04-18 16:42
KOPOL,130483,266319652,2026_01_04,2026-04-18 16:42
DARDL,127228,1753442695,2026_01_04,2026-04-18 16:42
DZGYO,123846,399777846,2026_01_04,2026-04-18 16:42
CEMZY,115708,124118690,2026_01_04,2026-04-18 16:42
IHGZT,112763,570666228,2026_01_04,2026-04-18 16:42
AKSEN,112375,638545796,2026_01_04,2026-04-18 16:42
LINK,112179,18231985,2026_01_04,2026-04-18 16:42
IHEVA,108995,291631239,2026_01_04,2026-04-18 16:42
SKTAS,105500,332865443,2026_01_04,2026-04-18 16:42
KRGYO,105015,275373393,2026_01_04,2026-04-18 16:42
BEGYO,104282,277250000,2026_01_04,2026-04-18 16:42
FZLGY,103238,398427439,2026_01_04,2026-04-18 16:42
KIMMR,102401,75000000,2026_01_04,2026-04-18 16:42
USAK,102190,1218028690,2026_01_04,2026-04-18 16:42
BEYAZ,100110,42317352,2026_01_04,2026-04-18 16:42
EBEBK,99890,40534692,2026_01_04,2026-04-18 16:42
KLGYO,97456,689399869,2026_01_04,2026-04-18 16:42
ORGE,91512,41839996,2026_01_04,2026-04-18 16:42
HEDEF,91485,562499930,2026_01_04,2026-04-18 16:42
PENTA,86516,181070136,2026_01_04,2026-04-18 16:42
KRTEK,85435,18914650,2026_01_04,2026-04-18 16:42
TATEN,83453,347769724,2026_01_04,2026-04-18 16:42
GEDIK,81638,983076856,2026_01_04,2026-04-18 16:42
GRTHO,81442,36745000,2026_01_04,2026-04-18 16:42
TTRAK,80711,24967458,2026_01_04,2026-04-18 16:42
GUNDG,77742,18968972,2026_01_04,2026-04-18 16:42
ARMGD,74494,54996000,2026_01_04,2026-04-18 16:42
GARFA,72454,138399778,2026_01_04,2026-04-18 16:42
ONCSM,71753,10086000,2026_01_04,2026-04-18 16:42
ADGYO,71344,379654367,2026_01_04,2026-04-18 16:42
EMKEL,71330,149999456,2026_01_04,2026-04-18 16:42
MOPAS,70361,57330000,2026_01_04,2026-04-18 16:42
ZERGY,70276,156799985,2026_01_04,2026-04-18 16:42
PATEK,70046,293081892,2026_01_04,2026-04-18 16:42
EDATA,65946,160065396,2026_01_04,2026-04-18 16:42
UNLU,64758,102181558,2026_01_04,2026-04-18 16:42
BIENY,63722,83144831,2026_01_04,2026-04-18 16:42
RAYSG,62982,51947024,2026_01_04,2026-04-18 16:42
CRFSA,61073,18312793,2026_01_04,2026-04-18 16:42
GZNMI,60473,40910271,2026_01_04,2026-04-18 16:42
BINBN,60222,17000000,2026_01_04,2026-04-18 16:42
SANKO,59478,37499197,2026_01_04,2026-04-18 16:42
LILAK,57700,260252730,2026_01_04,2026-04-18 16:42
AVGYO,55738,111590302,2026_01_04,2026-04-18 16:42
OBASE,49566,14924000,2026_01_04,2026-04-18 16:42
MERIT,49515,329748900,2026_01_04,2026-04-18 16:42
KARSN,49016,827850973,2026_01_04,2026-04-18 16:42
POLHO,48066,164140074,2026_01_04,2026-04-18 16:42
ENERY,41707,2420686786,2026_01_04,2026-04-18 16:42
AYGAZ,40197,98568807,2026_01_04,2026-04-18 16:42
SDTTR,39969,15990000,2026_01_04,2026-04-18 16:42
TURGG,39347,32042988,2026_01_04,2026-04-18 16:42
SUNTK,37371,144433250,2026_01_04,2026-04-18 16:42
GESAN,34830,141759180,2026_01_04,2026-04-18 16:42
MZHLD,34543,72215314,2026_01_04,2026-04-18 16:42
GOLTS,34085,12422783,2026_01_04,2026-04-18 16:42
BALSU,32943,278000000,2026_01_04,2026-04-18 16:42
BIGEN,32935,115500000,2026_01_04,2026-04-18 16:42
GRSEL,32435,29650000,2026_01_04,2026-04-18 16:42
BAHKM,31329,23289000,2026_01_04,2026-04-18 16:42
MEKAG,31238,320319999,2026_01_04,2026-04-18 16:42
ISGSY,31171,47378729,2026_01_04,2026-04-18 16:42
PKENT,25586,23766169,2026_01_04,2026-04-18 16:42
ISFIN,25549,310154523,2026_01_04,2026-04-18 16:42
AYCES,24902,1895369,2026_01_04,2026-04-18 16:42
OZSUB,24393,42499126,2026_01_04,2026-04-18 16:42
MEPET,23693,73940585,2026_01_04,2026-04-18 16:42
BIGTK,23670,23395022,2026_01_04,2026-04-18 16:42
BLCYT,23631,49088907,2026_01_04,2026-04-18 16:42
EDIP,23613,36468204,2026_01_04,2026-04-18 16:42
KTSKR,23044,14691795,2026_01_04,2026-04-18 16:42
OYYAT,22185,91048322,2026_01_04,2026-04-18 16:42
OYAKC,22163,4656879380,2026_01_04,2026-04-18 16:42
VAKFA,22109,224999701,2026_01_04,2026-04-18 16:42
ANELE,19691,151405542,2026_01_04,2026-04-18 16:42
GIPTA,19417,51625912,2026_01_04,2026-04-18 16:42
AHSGY,19194,184999889,2026_01_04,2026-04-18 16:42
MEDTR,16449,24499999,2026_01_04,2026-04-18 16:42
YYLGD,14835,369826200,2026_01_04,2026-04-18 16:42
FMIZP,13820,3497751,2026_01_04,2026-04-18 16:42
BRYAT,12202,10264685,2026_01_04,2026-04-18 16:42
PKART,11724,11048497,2026_01_04,2026-04-18 16:42
BOSSA,11162,508724189,2026_01_04,2026-04-18 16:42
HOROZ,10311,24599986,2026_01_04,2026-04-18 16:42
BFREN,8970,24586148,2026_01_04,2026-04-18 16:42
YAYLA,8752,39874966,2026_01_04,2026-04-18 16:42
CLEBI,7976,5490178,2026_01_04,2026-04-18 16:42
MAALT,7864,4763850,2026_01_04,2026-04-18 16:42
TCKRC,7583,70000000,2026_01_04,2026-04-18 16:42
TMPOL,7467,11039990,2026_01_04,2026-04-18 16:42
TGSAS,6770,12348294,2026_01_04,2026-04-18 16:42
SMART,6674,29737499,2026_01_04,2026-04-18 16:42
BURCE,6633,44422390,2026_01_04,2026-04-18 16:42
PCILT,6272,45014183,2026_01_04,2026-04-18 16:42
ANGEN,5840,86440002,2026_01_04,2026-04-18 16:42
TBORG,4810,59392160,2026_01_04,2026-04-18 16:42
BVSAN,4803,13749998,2026_01_04,2026-04-18 16:42
KRDMB,3686,118762110,2026_01_04,2026-04-18 16:42
UFUK,3363,46845974,2026_01_04,2026-04-18 16:42
TLMAN,3161,10300000,2026_01_04,2026-04-18 16:42
LYDYE,2141,1391287,2026_01_04,2026-04-18 16:42
NUHCM,2138,33135899,2026_01_04,2026-04-18 16:42
TKFEN,2112,230848007,2026_01_04,2026-04-18 16:42
PAMEL,1952,21533681,2026_01_04,2026-04-18 16:42
AVPGY,1932,100000000,2026_01_04,2026-04-18 16:42
KLMSN,1698,30881197,2026_01_04,2026-04-18 16:42
CMBTN,1226,1023000,2026_01_04,2026-04-18 16:42
ISSEN,1105,107411517,2026_01_04,2026-04-18 16:42
OTTO,989,5474438,2026_01_04,2026-04-18 16:42
ASUZU,957,41130807,2026_01_04,2026-04-18 16:42
ADEL,924,112043619,2026_01_04,2026-04-18 16:42
VKING,804,30932905,2026_01_04,2026-04-18 16:42
EGEEN,661,1137161,2026_01_04,2026-04-18 16:42
ALCAR,514,1721735,2026_01_04,2026-04-18 16:42
QNBTR,12,2571745911,2026_01_04,2026-04-18 16:42
ARTOG,0,18578922,2026_01_04,2026-04-18 16:42
SEKFK,0,62311473,2026_01_04,2026-04-18 16:42
SEYKM,0,151040901,2026_01_04,2026-04-18 16:42
SILVR,0,212818206,2026_01_04,2026-04-18 16:42
FENIS,0,26080019,2026_01_04,2026-04-18 16:42
KLNMA,0,91846864,2026_01_04,2026-04-18 16:42
FLAP,0,93599986,2026_01_04,2026-04-18 16:42
SKYLP,0,7159255,2026_01_04,2026-04-18 16:42
KNFRT,0,131747000,2026_01_04,2026-04-18 16:42
ARAT,0,39867975,2026_01_04,2026-04-18 16:42
SNPAM,0,19679871,2026_01_04,2026-04-18 16:42
BRKSN,0,62639942,2026_01_04,2026-04-18 16:42
BRMEN,0,57566555,2026_01_04,2026-04-18 16:42
SONME,0,4349319,2026_01_04,2026-04-18 16:42
CMENT,0,56829666,2026_01_04,2026-04-18 16:42
KRATL,0,17800000,2026_01_04,2026-04-18 16:42
EGCYO,0,21986285,2026_01_04,2026-04-18 16:42
CRDFA,0,74996853,2026_01_04,2026-04-18 16:42
ORCAY,0,149972352,2026_01_04,2026-04-18 16:42
ARBUL,0,15459297,2026_01_04,2026-04-18 16:42
ASYAB,0,477904801,2026_01_04,2026-04-18 16:42
TDGYO,0,59914214,2026_01_04,2026-04-18 16:42
GLBMD,0,28880500,2026_01_04,2026-04-18 16:42
GLDTRF,0,48100000,2026_01_04,2026-04-18 16:42
KSTUR,0,3952561,2026_01_04,2026-04-18 16:42
OYAYO,0,19999941,2026_01_04,2026-04-18 16:42
OYLUM,0,80937367,2026_01_04,2026-04-18 16:42
ATEKS,0,5441598,2026_01_04,2026-04-18 16:42
OZRDN,0,57107579,2026_01_04,2026-04-18 16:42
ISBIR,0,14500244,2026_01_04,2026-04-18 16:42
TRHOL,0,17635692,2026_01_04,2026-04-18 16:42
ATPET,0,11403497,2026_01_04,2026-04-18 16:42
DGGYO,0,280709437,2026_01_04,2026-04-18 16:42
GOLDS,0,192323946,2026_01_04,2026-04-18 16:42
LIOYS,0,31625013,2026_01_04,2026-04-18 16:42
AKPAZ,0,22489187,2026_01_04,2026-04-18 16:42
GRNYO,0,37386059,2026_01_04,2026-04-18 16:42
UKIM,0,2053621,2026_01_04,2026-04-18 16:42
ULAS,0,25200172,2026_01_04,2026-04-18 16:42
ENPRA,0,15294299,2026_01_04,2026-04-18 16:42
BURVA,0,4723271,2026_01_04,2026-04-18 16:42
UNTAR,0,29562129,2026_01_04,2026-04-18 16:42
AKYHO,0,223895870,2026_01_04,2026-04-18 16:42
UZEL,0,26329793,2026_01_04,2026-04-18 16:42
PRZMA,0,61941154,2026_01_04,2026-04-18 16:42
PSDTC,0,6599991,2026_01_04,2026-04-18 16:42
MANGO,0,37831688,2026_01_04,2026-04-18 16:42
QNBFK,0,843137646,2026_01_04,2026-04-18 16:42
ERSU,0,31755894,2026_01_04,2026-04-18 16:42
KENT,0,1191005,2026_01_04,2026-04-18 16:42
MEGAP,0,234498757,2026_01_04,2026-04-18 16:42
YGYO,0,1310632851,2026_01_04,2026-04-18 16:42
RNPOL,0,16795000,2026_01_04,2026-04-18 16:42
KERVN,0,588346973,2026_01_04,2026-04-18 16:42
BYDNR,0,20499984,2026_01_04,2026-04-18 16:42
SANEL,0,18112451,2026_01_04,2026-04-18 16:42
MEMSA,0,160110709,2026_01_04,2026-04-18 16:42
MENBA,0,3496852,2026_01_04,2026-04-18 16:42
EUHOL,0,142999955,2026_01_04,2026-04-18 16:42
AKMGY,0,21568998,2026_01_04,2026-04-18 16:42
INGRM,-103,14969536,2026_01_04,2026-04-18 16:42
MRSHL,-152,4212888,2026_01_04,2026-04-18 16:42
CELHA,-406,146078935,2026_01_04,2026-04-18 16:42
TARKM,-515,4999885,2026_01_04,2026-04-18 16:42
BANVT,-582,36961044,2026_01_04,2026-04-18 16:42
DOGUB,-677,19821566,2026_01_04,2026-04-18 16:42
BRKVY,-1036,13618361,2026_01_04,2026-04-18 16:42
KONYA,-1127,1646416,2026_01_04,2026-04-18 16:42
ACSEL,-1485,8589113,2026_01_04,2026-04-18 16:42
YAPRK,-2371,4214998,2026_01_04,2026-04-18 16:42
KUTPO,-2815,10524430,2026_01_04,2026-04-18 16:42
PAGYO,-3005,57781202,2026_01_04,2026-04-18 16:42
SAFKR,-4361,139427409,2026_01_04,2026-04-18 16:42
SKYMD,-4409,52499981,2026_01_04,2026-04-18 16:42
PLTUR,-5599,49500000,2026_01_04,2026-04-18 16:42
MSGYO,-5725,169650150,2026_01_04,2026-04-18 16:42
BIZIM,-5930,27601626,2026_01_04,2026-04-18 16:42
DEVA,-7364,199971814,2026_01_04,2026-04-18 16:42
LUKSK,-7565,27257202,2026_01_04,2026-04-18 16:42
MARKA,-7625,20752018,2026_01_04,2026-04-18 16:42
BASGZ,-7664,174999999,2026_01_04,2026-04-18 16:42
GLRMK,-8500,38760000,2026_01_04,2026-04-18 16:42
KAPLM,-9307,4563571,2026_01_04,2026-04-18 16:42
BIGCH,-9439,73786589,2026_01_04,2026-04-18 16:42
ISYAT,-9719,152245569,2026_01_04,2026-04-18 16:42
EGGUB,-10107,75862114,2026_01_04,2026-04-18 16:42
KORDS,-10397,65421451,2026_01_04,2026-04-18 16:42
DOKTA,-12594,145872862,2026_01_04,2026-04-18 16:42
NATEN,-12748,309375000,2026_01_04,2026-04-18 16:42
KARTN,-14848,72781126,2026_01_04,2026-04-18 16:42
YESIL,-15217,640699952,2026_01_04,2026-04-18 16:42
INVES,-15521,37480000,2026_01_04,2026-04-18 16:42
ANHYT,-16472,88457041,2026_01_04,2026-04-18 16:42
ALKLC,-16883,45382467,2026_01_04,2026-04-18 16:42
ELITE,-17255,44650000,2026_01_04,2026-04-18 16:42
RUZYE,-17362,267748491,2026_01_04,2026-04-18 16:42
VERTU,-17462,22000000,2026_01_04,2026-04-18 16:42
ALFAS,-18643,84639559,2026_01_04,2026-04-18 16:42
OBAMS,-19733,725750028,2026_01_04,2026-04-18 16:42
ATAKP,-19820,28224000,2026_01_04,2026-04-18 16:42
ONRYT,-21434,19730000,2026_01_04,2026-04-18 16:42
AKFIS,-22106,66841328,2026_01_04,2026-04-18 16:42
DNISI,-23157,59171727,2026_01_04,2026-04-18 16:42
DUNYH,-24308,36443197,2026_01_04,2026-04-18 16:42
MAKTK,-26328,184370066,2026_01_04,2026-04-18 16:42
VAKKO,-27818,30789786,2026_01_04,2026-04-18 16:42
ARFYE,-27891,47000000,2026_01_04,2026-04-18 16:42
ERBOS,-27903,15899843,2026_01_04,2026-04-18 16:42
GOODY,-28500,132804473,2026_01_04,2026-04-18 16:42
AGROT,-28956,843999770,2026_01_04,2026-04-18 16:42
REEDR,-30231,632558010,2026_01_04,2026-04-18 16:42
DESA,-30845,171107590,2026_01_04,2026-04-18 16:42
AGYO,-30952,129036460,2026_01_04,2026-04-18 16:42
ASGYO,-31673,165000000,2026_01_04,2026-04-18 16:42
ARENA,-33098,66996461,2026_01_04,2026-04-18 16:42
ISGYO,-33387,531312439,2026_01_04,2026-04-18 16:42
BAKAB,-33402,34985326,2026_01_04,2026-04-18 16:42
BESLR,-34463,658098036,2026_01_04,2026-04-18 16:42
POLTK,-35853,1125000,2026_01_04,2026-04-18 16:42
CGCAM,-36356,42000000,2026_01_04,2026-04-18 16:42
DGATE,-37002,15227271,2026_01_04,2026-04-18 16:42
BRISA,-37974,31247472,2026_01_04,2026-04-18 16:42
PRKAB,-41252,35225443,2026_01_04,2026-04-18 16:42
GSDDE,-41468,106850751,2026_01_04,2026-04-18 16:42
PINSU,-43057,101635846,2026_01_04,2026-04-18 16:42
KBORU,-43865,143999994,2026_01_04,2026-04-18 16:42
TAVHL,-44578,213213415,2026_01_04,2026-04-18 16:42
ECZYT,-44912,45880511,2026_01_04,2026-04-18 16:42
INTEM,-45299,9428747,2026_01_04,2026-04-18 16:42
AYEN,-45628,55531320,2026_01_04,2026-04-18 16:42
DAGI,-47037,175301274,2026_01_04,2026-04-18 16:42
BIOEN,-47461,197983419,2026_01_04,2026-04-18 16:42
DERIM,-48621,40403770,2026_01_04,2026-04-18 16:42
AKCNS,-48819,39359284,2026_01_04,2026-04-18 16:42
YGGYO,-50949,240625741,2026_01_04,2026-04-18 16:42
PETUN,-55486,134673118,2026_01_04,2026-04-18 16:42
GENTS,-59334,749958921,2026_01_04,2026-04-18 16:42
ARTMS,-61355,24199999,2026_01_04,2026-04-18 16:42
SELEC,-62811,124262097,2026_01_04,2026-04-18 16:42
KONKA,-62915,89670000,2026_01_04,2026-04-18 16:42
KMPUR,-63057,132432524,2026_01_04,2026-04-18 16:42
ULUUN,-63611,290523352,2026_01_04,2026-04-18 16:42
YATAS,-65342,94866488,2026_01_04,2026-04-18 16:42
FADE,-65350,42347497,2026_01_04,2026-04-18 16:42
TRCAS,-67101,206252778,2026_01_04,2026-04-18 16:42
CONSE,-67852,377854899,2026_01_04,2026-04-18 16:42
KLKIM,-68116,138383655,2026_01_04,2026-04-18 16:42
GEREL,-68160,219036379,2026_01_04,2026-04-18 16:42
VERUS,-69427,34499937,2026_01_04,2026-04-18 16:42
BAYRK,-70418,189751123,2026_01_04,2026-04-18 16:42
ECILC,-70831,210589603,2026_01_04,2026-04-18 16:42
PRDGS,-71622,110850000,2026_01_04,2026-04-18 16:42
ULUSE,-74006,24000000,2026_01_04,2026-04-18 16:42
DESPC,-78309,16023700,2026_01_04,2026-04-18 16:42
JANTS,-81160,207477849,2026_01_04,2026-04-18 16:42
MACKO,-82107,41453550,2026_01_04,2026-04-18 16:42
AKENR,-84134,385189146,2026_01_04,2026-04-18 16:42
RGYAS,-85827,105523000,2026_01_04,2026-04-18 16:42
ALKA,-86821,330750000,2026_01_04,2026-04-18 16:42
ODINE,-86843,52576848,2026_01_04,2026-04-18 16:42
SAYAS,-86896,42530887,2026_01_04,2026-04-18 16:42
TRILC,-88988,118499496,2026_01_04,2026-04-18 16:42
AKSUE,-89164,56376184,2026_01_04,2026-04-18 16:42
BRLSM,-91046,108025075,2026_01_04,2026-04-18 16:42
DOFER,-96965,19572500,2026_01_04,2026-04-18 16:42
KLRHO,-98176,341250000,2026_01_04,2026-04-18 16:42
NUGYO,-98829,324943976,2026_01_04,2026-04-18 16:42
TATGD,-100331,119284718,2026_01_04,2026-04-18 16:42
NTGAZ,-107247,276000000,2026_01_04,2026-04-18 16:42
ARDYZ,-108441,279551557,2026_01_04,2026-04-18 16:42
SERNT,-108460,113000000,2026_01_04,2026-04-18 16:42
NETAS,-111060,31783484,2026_01_04,2026-04-18 16:42
NIBAS,-111877,267767946,2026_01_04,2026-04-18 16:42
ICBCT,-111880,216761845,2026_01_04,2026-04-18 16:42
SMRVA,-120800,28000000,2026_01_04,2026-04-18 16:42
OZATD,-128850,13349933,2026_01_04,2026-04-18 16:42
RALYH,-132539,176324572,2026_01_04,2026-04-18 16:42
KRONT,-133337,116892885,2026_01_04,2026-04-18 16:42
ALGYO,-133465,989357377,2026_01_04,2026-04-18 16:42
OZYSR,-136471,40488000,2026_01_04,2026-04-18 16:42
HTTBT,-137548,82805422,2026_01_04,2026-04-18 16:42
GEDZA,-141684,42983624,2026_01_04,2026-04-18 16:42
MAKIM,-147384,42559998,2026_01_04,2026-04-18 16:42
TKNSA,-148206,100485379,2026_01_04,2026-04-18 16:42
PNSUT,-152646,128323851,2026_01_04,2026-04-18 16:42
RTALB,-157536,432976722,2026_01_04,2026-04-18 16:42
KAREL,-163164,329659497,2026_01_04,2026-04-18 16:42
DENGE,-168803,525284797,2026_01_04,2026-04-18 16:42
AGESA,-170144,35829553,2026_01_04,2026-04-18 16:42
YIGIT,-170915,74999975,2026_01_04,2026-04-18 16:42
TSGYO,-172025,266499982,2026_01_04,2026-04-18 16:42
KATMR,-176640,1980989998,2026_01_04,2026-04-18 16:42
RUBNS,-178226,42377765,2026_01_04,2026-04-18 16:42
LOGO,-180612,74328248,2026_01_04,2026-04-18 16:42
TMSN,-181808,44449988,2026_01_04,2026-04-18 16:42
KLYPV,-181948,46334639,2026_01_04,2026-04-18 16:42
FORTE,-192407,21999999,2026_01_04,2026-04-18 16:42
ERCB,-194746,39113273,2026_01_04,2026-04-18 16:42
BNTAS,-197905,170624998,2026_01_04,2026-04-18 16:42
GOKNR,-199028,178040711,2026_01_04,2026-04-18 16:42
OFSYM,-221663,22749998,2026_01_04,2026-04-18 16:42
FRIGO,-222325,153667954,2026_01_04,2026-04-18 16:42
GLCVY,-226212,26400000,2026_01_04,2026-04-18 16:42
IHLAS,-233384,1396079076,2026_01_04,2026-04-18 16:42
KLSER,-240283,109457566,2026_01_04,2026-04-18 16:42
OZKGY,-241801,363999945,2026_01_04,2026-04-18 16:42
ATATP,-244533,18809999,2026_01_04,2026-04-18 16:42
CEOEM,-257428,22232614,2026_01_04,2026-04-18 16:42
MTRKS,-257752,43633165,2026_01_04,2026-04-18 16:42
MARMR,-268394,961218727,2026_01_04,2026-04-18 16:42
PARSN,-283500,34033246,2026_01_04,2026-04-18 16:42
DMRGD,-283878,1277294592,2026_01_04,2026-04-18 16:42
HATSN,-284988,44299973,2026_01_04,2026-04-18 16:42
EPLAS,-286015,190491857,2026_01_04,2026-04-18 16:42
AFYON,-289134,399992258,2026_01_04,2026-04-18 16:42
ENKAI,-297805,874736059,2026_01_04,2026-04-18 16:42
MARBL,-322942,65226403,2026_01_04,2026-04-18 16:42
BAGFS,-330535,100042745,2026_01_04,2026-04-18 16:42
EKOS,-330761,307199852,2026_01_04,2026-04-18 16:42
ECOGR,-332231,109980000,2026_01_04,2026-04-18 16:42
CEMAS,-336868,790994229,2026_01_04,2026-04-18 16:42
NTHOL,-363774,485479112,2026_01_04,2026-04-18 16:42
HKTM,-364764,72747500,2026_01_04,2026-04-18 16:42
ASTOR,-369159,366896261,2026_01_04,2026-04-18 16:42
LKMNH,-371981,163262533,2026_01_04,2026-04-18 16:42
HURGZ,-373187,220784167,2026_01_04,2026-04-18 16:42
CIMSA,-383635,488404404,2026_01_04,2026-04-18 16:42
OSMEN,-397090,157750927,2026_01_04,2026-04-18 16:42
FRMPL,-400704,39997696,2026_01_04,2026-04-18 16:42
VBTYZ,-430944,55935000,2026_01_04,2026-04-18 16:42
MNDRS,-438415,222007982,2026_01_04,2026-04-18 16:42
CATES,-443969,33050000,2026_01_04,2026-04-18 16:42
EGSER,-460365,545751057,2026_01_04,2026-04-18 16:42
SANFM,-468471,225029995,2026_01_04,2026-04-18 16:42
RYSAS,-469384,1504020937,2026_01_04,2026-04-18 16:42
VSNMD,-486082,24000000,2026_01_04,2026-04-18 16:42
BARMA,-507378,67594701,2026_01_04,2026-04-18 16:42
INDES,-533722,462749768,2026_01_04,2026-04-18 16:42
ESCOM,-538440,463831670,2026_01_04,2026-04-18 16:42
TEZOL,-561649,139835975,2026_01_04,2026-04-18 16:42
TEHOL,-567828,1967936441,2026_01_04,2026-04-18 16:42
DERHL,-577608,197281316,2026_01_04,2026-04-18 16:42
GSDHO,-589759,999994969,2026_01_04,2026-04-18 16:42
MGROS,-603217,96563547,2026_01_04,2026-04-18 16:42
TUKAS,-626576,4499995929,2026_01_04,2026-04-18 16:42
EYGYO,-636379,341859667,2026_01_04,2026-04-18 16:42
MIATK,-657908,313087979,2026_01_04,2026-04-18 16:42
FORMT,-677559,1075744232,2026_01_04,2026-04-18 16:42
TRGYO,-678383,251573369,2026_01_04,2026-04-18 16:42
ETILR,-690219,156217454,2026_01_04,2026-04-18 16:42
MERKO,-694939,101104701,2026_01_04,2026-04-18 16:42
CEMTS,-695389,233425986,2026_01_04,2026-04-18 16:42
DGNMO,-764765,327634635,2026_01_04,2026-04-18 16:42
GWIND,-794237,179165491,2026_01_04,2026-04-18 16:42
DITAS,-795352,83407812,2026_01_04,2026-04-18 16:42
INVEO,-804947,998999954,2026_01_04,2026-04-18 16:42
KRSTL,-818811,183664642,2026_01_04,2026-04-18 16:42
ENDAE,-823486,120211591,2026_01_04,2026-04-18 16:42
SNGYO,-856816,3607173097,2026_01_04,2026-04-18 16:42
ULUFA,-858072,305352801,2026_01_04,2026-04-18 16:42
PENGD,-893503,171069968,2026_01_04,2026-04-18 16:42
MHRGY,-900774,310499991,2026_01_04,2026-04-18 16:42
ODAS,-908011,1113798031,2026_01_04,2026-04-18 16:42
LRSHO,-920344,724120946,2026_01_04,2026-04-18 16:42
AVOD,-937688,253604577,2026_01_04,2026-04-18 16:42
YEOTK,-958003,160933198,2026_01_04,2026-04-18 16:42
TUPRS,-959458,902334854,2026_01_04,2026-04-18 16:42
ALKIM,-965251,182767821,2026_01_04,2026-04-18 16:42
PRKME,-967601,53038641,2026_01_04,2026-04-18 16:42
SNICA,-972690,321688855,2026_01_04,2026-04-18 16:42
EGEGY,-1005100,61200000,2026_01_04,2026-04-18 16:42
BOBET,-1032409,113999998,2026_01_04,2026-04-18 16:42
TNZTP,-1057185,87496826,2026_01_04,2026-04-18 16:42
AZTEK,-1083044,279000000,2026_01_04,2026-04-18 16:42
ZEDUR,-1084008,69899992,2026_01_04,2026-04-18 16:42
KCAER,-1126236,496494775,2026_01_04,2026-04-18 16:42
MAGEN,-1194739,719512140,2026_01_04,2026-04-18 16:42
IZFAS,-1250815,156001658,2026_01_04,2026-04-18 16:42
KTLEV,-1273483,1288500000,2026_01_04,2026-04-18 16:42
KUYAS,-1284994,395658898,2026_01_04,2026-04-18 16:42
OZGYO,-1327791,490916869,2026_01_04,2026-04-18 16:42
LIDER,-1365299,279500000,2026_01_04,2026-04-18 16:42
KAYSE,-1395064,814062605,2026_01_04,2026-04-18 16:42
VKGYO,-1432170,1637202242,2026_01_04,2026-04-18 16:42
ENTRA,-1619880,369383564,2026_01_04,2026-04-18 16:42
IZENR,-1674664,914537597,2026_01_04,2026-04-18 16:42
EFOR,-1788967,539999994,2026_01_04,2026-04-18 16:42
DURDO,-1795107,379703149,2026_01_04,2026-04-18 16:42
VAKFN,-1889196,2064378140,2026_01_04,2026-04-18 16:42
EKSUN,-1925914,171792833,2026_01_04,2026-04-18 16:42
TERA,-1989681,240888789,2026_01_04,2026-04-18 16:42
SELVA,-2000000,747897737,2026_01_04,2026-04-18 16:42
DMSAS,-2218572,199994510,2026_01_04,2026-04-18 16:42
AHGAZ,-2329061,659370871,2026_01_04,2026-04-18 16:42
ARZUM,-2412610,293999828,2026_01_04,2026-04-18 16:42
THYAO,-2800346,739329751,2026_01_04,2026-04-18 16:42
GENIL,-2801333,85937999,2026_01_04,2026-04-18 16:42
YKSLN,-2971686,197429570,2026_01_04,2026-04-18 16:42
DAPGM,-3029610,928276145,2026_01_04,2026-04-18 16:42
TCELL,-3145051,1622604373,2026_01_04,2026-04-18 16:42
TUREX,-3297663,432000000,2026_01_04,2026-04-18 16:42
SRVGY,-3300131,806067999,2026_01_04,2026-04-18 16:42
MRGYO,-3694376,1035439185,2026_01_04,2026-04-18 16:42
GOZDE,-3698255,384992447,2026_01_04,2026-04-18 16:42
PGSUS,-3740173,245068871,2026_01_04,2026-04-18 16:42
AKSGY,-3757618,1628451947,2026_01_04,2026-04-18 16:42
PEKGY,-3928905,4685012615,2026_01_04,2026-04-18 16:42
MARTI,-4161111,590191701,2026_01_04,2026-04-18 16:42
HEKTS,-4401570,3946474643,2026_01_04,2026-04-18 16:42
EUREN,-4417751,1040132637,2026_01_04,2026-04-18 16:42
HLGYO,-4476271,1075198516,2026_01_04,2026-04-18 16:42
BTCIM,-4737271,4046650979,2026_01_04,2026-04-18 16:42
ISMEN,-5517205,467723147,2026_01_04,2026-04-18 16:42
BSOKE,-5569243,458486931,2026_01_04,2026-04-18 16:42
TUCLK,-5804976,230681400,2026_01_04,2026-04-18 16:42
KRDMD,-5839153,780216365,2026_01_04,2026-04-18 16:42
PASEU,-6954473,215295868,2026_01_04,2026-04-18 16:42
AKFGY,-8164172,3457819315,2026_01_04,2026-04-18 16:42
FONET,-10589483,577082984,2026_01_04,2026-04-18 16:42
TURSG,-19624734,7907296076,2026_01_04,2026-04-18 16:42
ESEN,-24290919,682499950,2026_01_04,2026-04-18 16:42
PAHOL,-27419873,3999999979,2026_01_04,2026-04-18 16:42
ADESE,-44338122,4687131701,2026_01_04,2026-04-18 16:42
SASA,627741613,25700419936,2026_02_02,2026-04-18 17:18
GENIL,133556991,1289069985,2026_02_02,2026-04-18 17:18
ADESE,92064443,4687131701,2026_02_02,2026-04-18 17:18
AKBNK,42186266,3059320211,2026_02_02,2026-04-18 17:18
TSPOR,42073190,3674526650,2026_02_02,2026-04-18 17:18
CANTE,30241637,7711023976,2026_02_02,2026-04-18 17:18
TRALT,27908690,952269019,2026_02_02,2026-04-18 17:18
AEFES,24002319,2028860053,2026_02_02,2026-04-18 17:18
YKBNK,23974694,4705620952,2026_02_02,2026-04-18 17:18
TURSG,21016602,7907296076,2026_02_02,2026-04-18 17:18
FROTO,19126039,625114847,2026_02_02,2026-04-18 17:18
THYAO,13477913,739463453,2026_02_02,2026-04-18 17:18
BJKAS,12563684,1776089716,2026_02_02,2026-04-18 17:18
ZOREN,10990023,2681244194,2026_02_02,2026-04-18 17:18
BIGCH,10922760,368932945,2026_02_02,2026-04-18 17:18
VAKBN,9816104,8046896130,2026_02_02,2026-04-18 17:18
GSRAY,9212500,10123744690,2026_02_02,2026-04-18 17:18
ASTOR,8797204,366896261,2026_02_02,2026-04-18 17:18
VAKFN,8390445,2064378140,2026_02_02,2026-04-18 17:18
ISKPL,8353894,724625736,2026_02_02,2026-04-18 17:18
HEKTS,5821683,3946424642,2026_02_02,2026-04-18 17:18
MAVI,5259628,576779312,2026_02_02,2026-04-18 17:18
EREGL,5144435,3554238535,2026_02_02,2026-04-18 17:18
IHLGM,4944696,986078000,2026_02_02,2026-04-18 17:18
SISE,4336190,1814905642,2026_02_02,2026-04-18 17:18
TUKAS,4235661,4499995929,2026_02_02,2026-04-18 17:18
ENKAI,4144934,874733059,2026_02_02,2026-04-18 17:18
IHLAS,4034535,1396079076,2026_02_02,2026-04-18 17:18
TUREX,3577578,432000000,2026_02_02,2026-04-18 17:18
MAGEN,3539443,719512140,2026_02_02,2026-04-18 17:18
RYSAS,3390945,1504020937,2026_02_02,2026-04-18 17:18
ARZUM,3337620,400949823,2026_02_02,2026-04-18 17:18
USAK,3200719,2048946086,2026_02_02,2026-04-18 17:18
CCOLA,3183329,818085147,2026_02_02,2026-04-18 17:18
ESEN,3176662,682499950,2026_02_02,2026-04-18 17:18
AGROT,3147748,843999770,2026_02_02,2026-04-18 17:18
SARKY,2876728,999999671,2026_02_02,2026-04-18 17:18
IHYAY,2828435,388124996,2026_02_02,2026-04-18 17:18
FONET,2763844,577082984,2026_02_02,2026-04-18 17:18
AKGRT,2671103,629007625,2026_02_02,2026-04-18 17:18
RYGYO,2591861,770588057,2026_02_02,2026-04-18 17:18
SEKUR,2311027,131457835,2026_02_02,2026-04-18 17:18
CIMSA,2251180,488404404,2026_02_02,2026-04-18 17:18
ISDMR,2245097,147623050,2026_02_02,2026-04-18 17:18
SOKM,2220226,448708248,2026_02_02,2026-04-18 17:18
PGSUS,2123352,245068870,2026_02_02,2026-04-18 17:18
IZENR,2038807,914537597,2026_02_02,2026-04-18 17:18
PAHOL,2010441,3999929979,2026_02_02,2026-04-18 17:18
ALBRK,1933658,1050739765,2026_02_02,2026-04-18 17:18
CWENE,1905648,530759984,2026_02_02,2026-04-18 17:18
MOBTL,1875025,207999999,2026_02_02,2026-04-18 17:18
KCAER,1848655,496494775,2026_02_02,2026-04-18 17:18
GEREL,1848202,219036379,2026_02_02,2026-04-18 17:18
ARCLK,1816820,170054748,2026_02_02,2026-04-18 17:18
IHGZT,1784690,570666228,2026_02_02,2026-04-18 17:18
DAPGM,1655444,928276145,2026_02_02,2026-04-18 17:18
AZTEK,1612025,279000000,2026_02_02,2026-04-18 17:18
HUNER,1604859,670137934,2026_02_02,2026-04-18 17:18
YYAPI,1450190,1705025550,2026_02_02,2026-04-18 17:18
SKBNK,1410077,2498877854,2026_02_02,2026-04-18 17:18
AYDEM,1291405,130000000,2026_02_02,2026-04-18 17:18
TSGYO,1283176,266499982,2026_02_02,2026-04-18 17:18
VRGYO,1272970,597693904,2026_02_02,2026-04-18 17:18
KRDMD,1268566,780216365,2026_02_02,2026-04-18 17:18
FENER,1245231,2772321468,2026_02_02,2026-04-18 17:18
ALARK,1240783,165125148,2026_02_02,2026-04-18 17:18
CVKMD,1210532,461999787,2026_02_02,2026-04-18 17:18
KRDMA,1035202,240300917,2026_02_02,2026-04-18 17:18
ANSGR,1003298,1564416026,2026_02_02,2026-04-18 17:18
TATEN,978689,347799724,2026_02_02,2026-04-18 17:18
GUNDG,943195,18968972,2026_02_02,2026-04-18 17:18
TRMET,930060,174483588,2026_02_02,2026-04-18 17:18
TCELL,923301,1622604373,2026_02_02,2026-04-18 17:18
KLGYO,844583,689399869,2026_02_02,2026-04-18 17:18
AGHOL,842165,1068828243,2026_02_02,2026-04-18 17:18
GLYHO,837123,1949290631,2026_02_02,2026-04-18 17:18
ULUFA,832407,305269391,2026_02_02,2026-04-18 17:18
MGROS,831368,96563547,2026_02_02,2026-04-18 17:18
TAVHL,810479,213213415,2026_02_02,2026-04-18 17:18
REEDR,796686,632419525,2026_02_02,2026-04-18 17:18
YKSLN,771249,197429570,2026_02_02,2026-04-18 17:18
ASELS,765671,1178597817,2026_02_02,2026-04-18 17:18
INFO,753112,767463337,2026_02_02,2026-04-18 17:18
ISCTR,717863,8880396747,2026_02_02,2026-04-18 17:18
SMRTG,706669,664164672,2026_02_02,2026-04-18 17:18
MIATK,671668,313087979,2026_02_02,2026-04-18 17:18
MARTI,637074,590291701,2026_02_02,2026-04-18 17:18
DARDL,625398,1753442695,2026_02_02,2026-04-18 17:18
DYOBY,623273,186553687,2026_02_02,2026-04-18 17:18
BORSK,617600,279999879,2026_02_02,2026-04-18 17:18
GWIND,581818,179165491,2026_02_02,2026-04-18 17:18
SOKE,559393,126999996,2026_02_02,2026-04-18 17:18
EKSUN,535455,171792833,2026_02_02,2026-04-18 17:18
KLKIM,530555,138383655,2026_02_02,2026-04-18 17:18
LMKDC,518552,155929999,2026_02_02,2026-04-18 17:18
SEGMN,500000,80999980,2026_02_02,2026-04-18 17:18
KUYAS,498644,398957788,2026_02_02,2026-04-18 17:18
KRVGD,487873,596159766,2026_02_02,2026-04-18 17:18
BRSAN,486855,35912460,2026_02_02,2026-04-18 17:18
OZGYO,479999,490916869,2026_02_02,2026-04-18 17:18
EGSER,477125,545751057,2026_02_02,2026-04-18 17:18
RTALB,472054,432976722,2026_02_02,2026-04-18 17:18
SEGYO,467736,203331321,2026_02_02,2026-04-18 17:18
ALGYO,451922,989338262,2026_02_02,2026-04-18 17:18
GOKNR,450931,178040711,2026_02_02,2026-04-18 17:18
KLRHO,450309,341250000,2026_02_02,2026-04-18 17:18
EUPWR,442072,199610525,2026_02_02,2026-04-18 17:18
SELVA,440859,747897737,2026_02_02,2026-04-18 17:18
DGNMO,424440,327634635,2026_02_02,2026-04-18 17:18
SURGY,402074,44999990,2026_02_02,2026-04-18 17:18
KATMR,388303,1980989998,2026_02_02,2026-04-18 17:18
BSOKE,373232,458486931,2026_02_02,2026-04-18 17:18
KARSN,360151,827827039,2026_02_02,2026-04-18 17:18
BUCIM,358519,1292638065,2026_02_02,2026-04-18 17:18
AFYON,351755,399992258,2026_02_02,2026-04-18 17:18
BULGS,350569,72499900,2026_02_02,2026-04-18 17:18
IZMDC,336968,723225318,2026_02_02,2026-04-18 17:18
OSTIM,304176,510004637,2026_02_02,2026-04-18 17:18
BIOEN,303236,197983418,2026_02_02,2026-04-18 17:18
KMPUR,293840,132432524,2026_02_02,2026-04-18 17:18
SANFM,289433,225029995,2026_02_02,2026-04-18 17:18
ETILR,285687,156217454,2026_02_02,2026-04-18 17:18
MOPAS,274473,57330000,2026_02_02,2026-04-18 17:18
ISSEN,273934,107411517,2026_02_02,2026-04-18 17:18
OTKAR,261187,33417145,2026_02_02,2026-04-18 17:18
PENGD,247555,171069968,2026_02_02,2026-04-18 17:18
MEYSU,244304,175000000,2026_02_02,2026-04-18 17:18
LKMNH,234983,163262533,2026_02_02,2026-04-18 17:18
ENJSA,228257,236209270,2026_02_02,2026-04-18 17:18
ANELE,228196,151405542,2026_02_02,2026-04-18 17:18
GLRMK,224306,38760000,2026_02_02,2026-04-18 17:18
KCHOL,221036,674052308,2026_02_02,2026-04-18 17:18
EGEGY,220914,69140000,2026_02_02,2026-04-18 17:18
KBORU,219893,143999994,2026_02_02,2026-04-18 17:18
FADE,214190,42347497,2026_02_02,2026-04-18 17:18
SERNT,212004,113000000,2026_02_02,2026-04-18 17:18
MHRGY,210089,310499991,2026_02_02,2026-04-18 17:18
DENGE,206232,525284797,2026_02_02,2026-04-18 17:18
EYGYO,202212,341859667,2026_02_02,2026-04-18 17:18
NTGAZ,200210,276000000,2026_02_02,2026-04-18 17:18
BAHKM,198550,23289000,2026_02_02,2026-04-18 17:18
MTRKS,196225,43633165,2026_02_02,2026-04-18 17:18
GSDDE,191578,106850751,2026_02_02,2026-04-18 17:18
ESCAR,190256,101933690,2026_02_02,2026-04-18 17:18
KLMSN,187527,30881297,2026_02_02,2026-04-18 17:18
MERIT,183272,329748900,2026_02_02,2026-04-18 17:18
KGYO,181308,767895148,2026_02_02,2026-04-18 17:18
AVGYO,181014,111590302,2026_02_02,2026-04-18 17:18
VESTL,178811,295447203,2026_02_02,2026-04-18 17:18
VESBE,170729,503578676,2026_02_02,2026-04-18 17:18
MPARK,169704,80869110,2026_02_02,2026-04-18 17:18
ISYAT,168323,152245569,2026_02_02,2026-04-18 17:18
ENSRI,167410,236333503,2026_02_02,2026-04-18 17:18
GMTAS,166759,298687813,2026_02_02,2026-04-18 17:18
EGPRO,165403,175170570,2026_02_02,2026-04-18 17:18
SKYMD,158301,52499981,2026_02_02,2026-04-18 17:18
ASUZU,157588,41130807,2026_02_02,2026-04-18 17:18
CONSE,156854,377854899,2026_02_02,2026-04-18 17:18
SMRVA,154089,28000000,2026_02_02,2026-04-18 17:18
BALSU,153868,278000000,2026_02_02,2026-04-18 17:18
BMSTL,144136,74772261,2026_02_02,2026-04-18 17:18
MARBL,141193,65226403,2026_02_02,2026-04-18 17:18
PNLSN,138758,34752383,2026_02_02,2026-04-18 17:18
NIBAS,137130,267767946,2026_02_02,2026-04-18 17:18
TRCAS,130168,206252778,2026_02_02,2026-04-18 17:18
ZERGY,130113,156799985,2026_02_02,2026-04-18 17:18
YIGIT,129998,74999975,2026_02_02,2026-04-18 17:18
OTTO,128523,5824438,2026_02_02,2026-04-18 17:18
EKOS,125857,307199852,2026_02_02,2026-04-18 17:18
GARFA,123895,138399778,2026_02_02,2026-04-18 17:18
GLCVY,123073,26400000,2026_02_02,2026-04-18 17:18
TKNSA,121927,100475379,2026_02_02,2026-04-18 17:18
KZGYO,120827,49999978,2026_02_02,2026-04-18 17:18
HRKET,116557,24000000,2026_02_02,2026-04-18 17:18
YAPRK,113984,4214998,2026_02_02,2026-04-18 17:18
AGESA,111683,35829553,2026_02_02,2026-04-18 17:18
TTRAK,111510,24967158,2026_02_02,2026-04-18 17:18
DMSAS,106298,199994510,2026_02_02,2026-04-18 17:18
AKCNS,101303,39359284,2026_02_02,2026-04-18 17:18
KRGYO,101302,275243701,2026_02_02,2026-04-18 17:18
KLSER,100417,109457566,2026_02_02,2026-04-18 17:18
BIGTK,100235,23834373,2026_02_02,2026-04-18 17:18
MSGYO,99304,169650150,2026_02_02,2026-04-18 17:18
ODINE,97847,52810834,2026_02_02,2026-04-18 17:18
BNTAS,91546,170624998,2026_02_02,2026-04-18 17:18
YESIL,91501,640699949,2026_02_02,2026-04-18 17:18
TABGD,90161,52499906,2026_02_02,2026-04-18 17:18
LYDHO,87236,197140970,2026_02_02,2026-04-18 17:18
LINK,86806,18231985,2026_02_02,2026-04-18 17:18
TRILC,86395,118499496,2026_02_02,2026-04-18 17:18
AVPGY,83025,99999990,2026_02_02,2026-04-18 17:18
TOASO,78716,120585076,2026_02_02,2026-04-18 17:18
ODAS,77466,1113798031,2026_02_02,2026-04-18 17:18
MEKAG,76192,320319899,2026_02_02,2026-04-18 17:18
BEGYO,73954,290000000,2026_02_02,2026-04-18 17:18
GOODY,71388,132804473,2026_02_02,2026-04-18 17:18
YEOTK,68985,160933198,2026_02_02,2026-04-18 17:18
AYGAZ,68865,98568807,2026_02_02,2026-04-18 17:18
TMPOL,68111,11039990,2026_02_02,2026-04-18 17:18
CELHA,67612,146124228,2026_02_02,2026-04-18 17:18
PETUN,67356,134673118,2026_02_02,2026-04-18 17:18
MARKA,67262,20752018,2026_02_02,2026-04-18 17:18
FRMPL,65915,39997767,2026_02_02,2026-04-18 17:18
NUGYO,65887,324943976,2026_02_02,2026-04-18 17:18
KTSKR,65401,14691795,2026_02_02,2026-04-18 17:18
DOKTA,62031,145872862,2026_02_02,2026-04-18 17:18
DERHL,61526,197281316,2026_02_02,2026-04-18 17:18
ONCSM,60977,10086000,2026_02_02,2026-04-18 17:18
DESPC,57131,16023700,2026_02_02,2026-04-18 17:18
CRDFA,56743,74996857,2026_02_02,2026-04-18 17:18
BARMA,54643,68112375,2026_02_02,2026-04-18 17:18
AKHAN,52580,54699964,2026_02_02,2026-04-18 17:18
PRKME,52544,53038641,2026_02_02,2026-04-18 17:18
GUBRF,52329,85359737,2026_02_02,2026-04-18 17:18
YAYLA,51509,39874966,2026_02_02,2026-04-18 17:18
BLCYT,51100,49088907,2026_02_02,2026-04-18 17:18
GSDHO,50382,999994969,2026_02_02,2026-04-18 17:18
KIMMR,48198,75000000,2026_02_02,2026-04-18 17:18
SAFKR,47474,139406162,2026_02_02,2026-04-18 17:18
POLHO,45424,164140074,2026_02_02,2026-04-18 17:18
MEPET,45320,73940585,2026_02_02,2026-04-18 17:18
ARASE,42877,49999991,2026_02_02,2026-04-18 17:18
AKSEN,42758,638545796,2026_02_02,2026-04-18 17:18
ARMGD,42365,54996000,2026_02_02,2026-04-18 17:18
DCTTR,41275,157328724,2026_02_02,2026-04-18 17:18
TGSAS,41198,12348294,2026_02_02,2026-04-18 17:18
HURGZ,37841,220784167,2026_02_02,2026-04-18 17:18
PKART,37350,11048497,2026_02_02,2026-04-18 17:18
KOPOL,36421,266319652,2026_02_02,2026-04-18 17:18
BAKAB,36322,34985326,2026_02_02,2026-04-18 17:18
PARSN,33892,34033246,2026_02_02,2026-04-18 17:18
AKENR,30637,385189146,2026_02_02,2026-04-18 17:18
MAKTK,30503,184370066,2026_02_02,2026-04-18 17:18
SKTAS,29387,332865443,2026_02_02,2026-04-18 17:18
BASGZ,29064,174999999,2026_02_02,2026-04-18 17:18
MNDTR,28966,910071938,2026_02_02,2026-04-18 17:18
LIDER,26062,279500000,2026_02_02,2026-04-18 17:18
ANGEN,25211,86440002,2026_02_02,2026-04-18 17:18
BFREN,24552,24586148,2026_02_02,2026-04-18 17:18
ARDYZ,24093,279551557,2026_02_02,2026-04-18 17:18
TLMAN,23145,10300000,2026_02_02,2026-04-18 17:18
ALFAS,22024,84639999,2026_02_02,2026-04-18 17:18
ALKA,17674,330750000,2026_02_02,2026-04-18 17:18
FMIZP,17371,3497641,2026_02_02,2026-04-18 17:18
ORGE,15937,41839996,2026_02_02,2026-04-18 17:18
ARTMS,15438,24199999,2026_02_02,2026-04-18 17:18
DOAS,15004,97899975,2026_02_02,2026-04-18 17:18
BRISA,14623,31247472,2026_02_02,2026-04-18 17:18
KARTN,14185,72781126,2026_02_02,2026-04-18 17:18
ELITE,12528,44650000,2026_02_02,2026-04-18 17:18
AYCES,12497,1895369,2026_02_02,2026-04-18 17:18
VERTU,11774,22000000,2026_02_02,2026-04-18 17:18
KLYPV,11094,46334639,2026_02_02,2026-04-18 17:18
ERCB,10837,39113273,2026_02_02,2026-04-18 17:18
KONKA,10581,89670000,2026_02_02,2026-04-18 17:18
ARFYE,9867,47000000,2026_02_02,2026-04-18 17:18
MEDTR,9044,24499999,2026_02_02,2026-04-18 17:18
BIZIM,8982,27601626,2026_02_02,2026-04-18 17:18
GRSEL,8670,29649800,2026_02_02,2026-04-18 17:18
JANTS,8213,207512786,2026_02_02,2026-04-18 17:18
CLEBI,7435,5490178,2026_02_02,2026-04-18 17:18
BAYRK,7066,189751123,2026_02_02,2026-04-18 17:18
OZSUB,6954,42499126,2026_02_02,2026-04-18 17:18
ULUSE,6727,24000000,2026_02_02,2026-04-18 17:18
PAMEL,6629,21533681,2026_02_02,2026-04-18 17:18
LIDFA,6180,458180545,2026_02_02,2026-04-18 17:18
ARENA,6061,66996461,2026_02_02,2026-04-18 17:18
ALKLC,5799,45382467,2026_02_02,2026-04-18 17:18
KAPLM,5799,4563571,2026_02_02,2026-04-18 17:18
EGEPO,5778,200000000,2026_02_02,2026-04-18 17:18
VAKFA,5612,224999701,2026_02_02,2026-04-18 17:18
LUKSK,4775,27257202,2026_02_02,2026-04-18 17:18
BRKVY,3555,13618361,2026_02_02,2026-04-18 17:18
TBORG,3463,59392160,2026_02_02,2026-04-18 17:18
MAKIM,2766,42559998,2026_02_02,2026-04-18 17:18
TRENJ,2759,98018735,2026_02_02,2026-04-18 17:18
SELEC,1948,124262097,2026_02_02,2026-04-18 17:18
GOLTS,1521,12422783,2026_02_02,2026-04-18 17:18
POLTK,1233,1125000,2026_02_02,2026-04-18 17:18
KONYA,1185,1646416,2026_02_02,2026-04-18 17:18
INGRM,1138,14969536,2026_02_02,2026-04-18 17:18
CMBTN,859,1023000,2026_02_02,2026-04-18 17:18
UFUK,785,46845974,2026_02_02,2026-04-18 17:18
MAALT,493,4763850,2026_02_02,2026-04-18 17:18
EGEEN,248,1137161,2026_02_02,2026-04-18 17:18
LYDYE,52,1391287,2026_02_02,2026-04-18 17:18
GLBMD,0,28880500,2026_02_02,2026-04-18 17:18
SNPAM,0,19679871,2026_02_02,2026-04-18 17:18
KRATL,0,17800000,2026_02_02,2026-04-18 17:18
AKPAZ,0,22488832,2026_02_02,2026-04-18 17:18
SONME,0,4349319,2026_02_02,2026-04-18 17:18
NETCD,0,39999975,2026_02_02,2026-04-18 17:18
ISBIR,0,14520542,2026_02_02,2026-04-18 17:18
KSTUR,0,3952560,2026_02_02,2026-04-18 17:18
GLDTRF,0,46350000,2026_02_02,2026-04-18 17:18
ENPRA,0,15294299,2026_02_02,2026-04-18 17:18
TDGYO,0,59898213,2026_02_02,2026-04-18 17:18
ORCAY,0,149972352,2026_02_02,2026-04-18 17:18
ISGSY,0,47378729,2026_02_02,2026-04-18 17:18
ARAT,0,39867975,2026_02_02,2026-04-18 17:18
BRKSN,0,62639942,2026_02_02,2026-04-18 17:18
CMENT,0,56829666,2026_02_02,2026-04-18 17:18
OYAYO,0,19999941,2026_02_02,2026-04-18 17:18
OYLUM,0,80937367,2026_02_02,2026-04-18 17:18
LIOYS,0,31625013,2026_02_02,2026-04-18 17:18
OZRDN,0,57107579,2026_02_02,2026-04-18 17:18
TRHOL,0,17635692,2026_02_02,2026-04-18 17:18
GOLDS,0,192323946,2026_02_02,2026-04-18 17:18
ERSU,0,31755894,2026_02_02,2026-04-18 17:18
DOGUB,0,19821566,2026_02_02,2026-04-18 17:18
GRNYO,0,37386059,2026_02_02,2026-04-18 17:18
BRMEN,0,57566555,2026_02_02,2026-04-18 17:18
ASYAB,0,477899601,2026_02_02,2026-04-18 17:18
EUHOL,0,142999954,2026_02_02,2026-04-18 17:18
EGCYO,0,21986285,2026_02_02,2026-04-18 17:18
ATEKS,0,5441598,2026_02_02,2026-04-18 17:18
UKIM,0,2053621,2026_02_02,2026-04-18 17:18
ULAS,0,25200172,2026_02_02,2026-04-18 17:18
MANGO,0,37831688,2026_02_02,2026-04-18 17:18
ATPET,0,11403497,2026_02_02,2026-04-18 17:18
UNTAR,0,29562129,2026_02_02,2026-04-18 17:18
PRZMA,0,61941150,2026_02_02,2026-04-18 17:18
UZEL,0,26329793,2026_02_02,2026-04-18 17:18
PSDTC,0,6599991,2026_02_02,2026-04-18 17:18
QNBFK,0,843137646,2026_02_02,2026-04-18 17:18
QNBTR,0,2571745911,2026_02_02,2026-04-18 17:18
KENT,0,1557819,2026_02_02,2026-04-18 17:18
RNPOL,0,16795000,2026_02_02,2026-04-18 17:18
KERVN,0,588346973,2026_02_02,2026-04-18 17:18
ARBUL,0,15459297,2026_02_02,2026-04-18 17:18
HDFGS,0,956974191,2026_02_02,2026-04-18 17:18
MEGAP,0,234498757,2026_02_02,2026-04-18 17:18
SANEL,0,18112451,2026_02_02,2026-04-18 17:18
FENIS,0,26080019,2026_02_02,2026-04-18 17:18
YGYO,0,1310632851,2026_02_02,2026-04-18 17:18
MEMSA,0,160110709,2026_02_02,2026-04-18 17:18
MENBA,0,3496852,2026_02_02,2026-04-18 17:18
FLAP,0,93599985,2026_02_02,2026-04-18 17:18
SEKFK,0,62311473,2026_02_02,2026-04-18 17:18
BURVA,0,4723271,2026_02_02,2026-04-18 17:18
KLNMA,0,91846864,2026_02_02,2026-04-18 17:18
ZTLRFF,0,3040000,2026_02_02,2026-04-18 17:18
BYDNR,0,22999984,2026_02_02,2026-04-18 17:18
SEYKM,0,151040901,2026_02_02,2026-04-18 17:18
SILVR,0,212818206,2026_02_02,2026-04-18 17:18
IHEVA,0,291631239,2026_02_02,2026-04-18 17:18
ARTOG,0,18578922,2026_02_02,2026-04-18 17:18
AKMGY,0,21568998,2026_02_02,2026-04-18 17:18
SKYLP,0,7159255,2026_02_02,2026-04-18 17:18
AKYHO,0,223895870,2026_02_02,2026-04-18 17:18
DGGYO,0,280709437,2026_02_02,2026-04-18 17:18
MRSHL,-15,4212888,2026_02_02,2026-04-18 17:18
TARKM,-91,4999997,2026_02_02,2026-04-18 17:18
TEZOL,-604,139999973,2026_02_02,2026-04-18 17:18
INTEM,-830,9428747,2026_02_02,2026-04-18 17:18
BANVT,-1279,36961044,2026_02_02,2026-04-18 17:18
ALCAR,-1489,1721735,2026_02_02,2026-04-18 17:18
ACSEL,-1946,8589113,2026_02_02,2026-04-18 17:18
BMSCH,-3047,69277402,2026_02_02,2026-04-18 17:18
KRDMB,-3144,118762110,2026_02_02,2026-04-18 17:18
BVSAN,-3577,13749998,2026_02_02,2026-04-18 17:18
ERBOS,-5998,15899843,2026_02_02,2026-04-18 17:18
CRFSA,-6208,18312793,2026_02_02,2026-04-18 17:18
ISFIN,-6411,310154523,2026_02_02,2026-04-18 17:18
VKING,-7210,30932905,2026_02_02,2026-04-18 17:18
YGGYO,-7462,240625741,2026_02_02,2026-04-18 17:18
ECZYT,-7879,45880511,2026_02_02,2026-04-18 17:18
KONTR,-8256,936028762,2026_02_02,2026-04-18 17:18
KUTPO,-8882,10524430,2026_02_02,2026-04-18 17:18
PCILT,-11119,45014182,2026_02_02,2026-04-18 17:18
BOSSA,-11492,508724189,2026_02_02,2026-04-18 17:18
CGCAM,-11637,42000000,2026_02_02,2026-04-18 17:18
BRYAT,-11775,10264685,2026_02_02,2026-04-18 17:18
DNISI,-12450,59171727,2026_02_02,2026-04-18 17:18
AVHOL,-14077,26047279,2026_02_02,2026-04-18 17:18
PLTUR,-14560,49500000,2026_02_02,2026-04-18 17:18
VERUS,-14804,34499937,2026_02_02,2026-04-18 17:18
PINSU,-15255,101635846,2026_02_02,2026-04-18 17:18
SMART,-16586,29737499,2026_02_02,2026-04-18 17:18
INVES,-16723,37480000,2026_02_02,2026-04-18 17:18
EMKEL,-17754,149999456,2026_02_02,2026-04-18 17:18
AHSGY,-18008,184999889,2026_02_02,2026-04-18 17:18
NUHCM,-18297,33163299,2026_02_02,2026-04-18 17:18
EDIP,-18576,36468204,2026_02_02,2026-04-18 17:18
VSNMD,-19445,24000000,2026_02_02,2026-04-18 17:18
BLUME,-19828,174710134,2026_02_02,2026-04-18 17:18
PKENT,-20316,23766169,2026_02_02,2026-04-18 17:18
DERIM,-20775,40403770,2026_02_02,2026-04-18 17:18
PAGYO,-21365,57781202,2026_02_02,2026-04-18 17:18
KORDS,-21981,65421451,2026_02_02,2026-04-18 17:18
SDTTR,-22223,15990000,2026_02_02,2026-04-18 17:18
ALKIM,-23667,182767821,2026_02_02,2026-04-18 17:18
AGYO,-24263,129036460,2026_02_02,2026-04-18 17:18
DEVA,-24300,199971814,2026_02_02,2026-04-18 17:18
BEYAZ,-26796,42317352,2026_02_02,2026-04-18 17:18
TMSN,-27101,44449988,2026_02_02,2026-04-18 17:18
FORTE,-30378,21999999,2026_02_02,2026-04-18 17:18
SANKO,-32583,37499197,2026_02_02,2026-04-18 17:18
KRTEK,-34045,18914650,2026_02_02,2026-04-18 17:18
DGATE,-35815,15227271,2026_02_02,2026-04-18 17:18
MZHLD,-36074,72215314,2026_02_02,2026-04-18 17:18
AKFIS,-37572,66841328,2026_02_02,2026-04-18 17:18
EBEBK,-37967,40534692,2026_02_02,2026-04-18 17:18
OZKGY,-38827,363999945,2026_02_02,2026-04-18 17:18
ADEL,-40707,112043619,2026_02_02,2026-04-18 17:18
HOROZ,-43106,24599986,2026_02_02,2026-04-18 17:18
ALCTL,-44859,13543218,2026_02_02,2026-04-18 17:18
KNFRT,-48852,131747000,2026_02_02,2026-04-18 17:18
HATEK,-49297,62998947,2026_02_02,2026-04-18 17:18
ZEDUR,-50713,69899992,2026_02_02,2026-04-18 17:18
INVEO,-50862,998999954,2026_02_02,2026-04-18 17:18
RUZYE,-51153,267748491,2026_02_02,2026-04-18 17:18
CEOEM,-51903,22209658,2026_02_02,2026-04-18 17:18
CEMTS,-55336,233425986,2026_02_02,2026-04-18 17:18
ALVES,-55414,862856920,2026_02_02,2026-04-18 17:18
OZYSR,-55559,40488000,2026_02_02,2026-04-18 17:18
GIPTA,-56523,51617863,2026_02_02,2026-04-18 17:18
ICBCT,-57042,216761845,2026_02_02,2026-04-18 17:18
ESCOM,-57903,463831670,2026_02_02,2026-04-18 17:18
GRTHO,-59653,36745000,2026_02_02,2026-04-18 17:18
OSMEN,-60909,157750927,2026_02_02,2026-04-18 17:18
ATAKP,-62932,28224000,2026_02_02,2026-04-18 17:18
OBASE,-63114,14924000,2026_02_02,2026-04-18 17:18
ECOGR,-63145,110000000,2026_02_02,2026-04-18 17:18
PNSUT,-63402,128323851,2026_02_02,2026-04-18 17:18
EGGUB,-63493,75862197,2026_02_02,2026-04-18 17:18
YATAS,-65362,94866488,2026_02_02,2026-04-18 17:18
DUNYH,-65402,36443197,2026_02_02,2026-04-18 17:18
RAYSG,-68825,51947024,2026_02_02,2026-04-18 17:18
ISGYO,-71250,531312439,2026_02_02,2026-04-18 17:18
NETAS,-71610,31783484,2026_02_02,2026-04-18 17:18
NTHOL,-73469,485479112,2026_02_02,2026-04-18 17:18
KAYSE,-75984,813937126,2026_02_02,2026-04-18 17:18
ADGYO,-78245,379654333,2026_02_02,2026-04-18 17:18
KRPLS,-81775,78486163,2026_02_02,2026-04-18 17:18
DOFRB,-82468,45000000,2026_02_02,2026-04-18 17:18
AYEN,-83314,55531320,2026_02_02,2026-04-18 17:18
KAREL,-88950,329659497,2026_02_02,2026-04-18 17:18
BORLS,-89059,308652686,2026_02_02,2026-04-18 17:18
GENTS,-91905,749958921,2026_02_02,2026-04-18 17:18
ENTRA,-92722,369383564,2026_02_02,2026-04-18 17:18
IZFAS,-93705,156001658,2026_02_02,2026-04-18 17:18
ATATP,-110199,18809999,2026_02_02,2026-04-18 17:18
PRKAB,-110452,35225443,2026_02_02,2026-04-18 17:18
FRIGO,-111501,263258455,2026_02_02,2026-04-18 17:18
RUBNS,-118528,42377765,2026_02_02,2026-04-18 17:18
KOTON,-119910,136599922,2026_02_02,2026-04-18 17:18
GLRYH,-120505,599623814,2026_02_02,2026-04-18 17:18
ASGYO,-127019,165000000,2026_02_02,2026-04-18 17:18
CEMZY,-127512,124119970,2026_02_02,2026-04-18 17:18
OYYAT,-130209,91048322,2026_02_02,2026-04-18 17:18
OBAMS,-131670,751078524,2026_02_02,2026-04-18 17:18
BIMAS,-134632,436214016,2026_02_02,2026-04-18 17:18
TEKTU,-135501,195639311,2026_02_02,2026-04-18 17:18
MEGMT,-138641,72749986,2026_02_02,2026-04-18 17:18
OFSYM,-140894,22749998,2026_02_02,2026-04-18 17:18
DZGYO,-142038,399777846,2026_02_02,2026-04-18 17:18
BAGFS,-143466,100042745,2026_02_02,2026-04-18 17:18
GEDZA,-143492,42983624,2026_02_02,2026-04-18 17:18
DESA,-147600,171107590,2026_02_02,2026-04-18 17:18
RGYAS,-153227,105523000,2026_02_02,2026-04-18 17:18
CATES,-157361,33050000,2026_02_02,2026-04-18 17:18
AKSUE,-161442,56376184,2026_02_02,2026-04-18 17:18
BESLR,-163027,658098036,2026_02_02,2026-04-18 17:18
FZLGY,-174963,398427644,2026_02_02,2026-04-18 17:18
KOCMT,-183609,587485478,2026_02_02,2026-04-18 17:18
TRGYO,-196276,251573369,2026_02_02,2026-04-18 17:18
VAKKO,-200517,30788486,2026_02_02,2026-04-18 17:18
MACKO,-206639,41453550,2026_02_02,2026-04-18 17:18
MNDRS,-210472,222007982,2026_02_02,2026-04-18 17:18
HATSN,-217840,44299964,2026_02_02,2026-04-18 17:18
VKGYO,-218738,1637203242,2026_02_02,2026-04-18 17:18
RALYH,-237649,176370973,2026_02_02,2026-04-18 17:18
DSTKF,-246942,83333333,2026_02_02,2026-04-18 17:18
BURCE,-261391,44422390,2026_02_02,2026-04-18 17:18
TATGD,-269296,119286243,2026_02_02,2026-04-18 17:18
ENDAE,-276439,121949251,2026_02_02,2026-04-18 17:18
SNGYO,-277867,3607173097,2026_02_02,2026-04-18 17:18
AVOD,-281964,253604577,2026_02_02,2026-04-18 17:18
HKTM,-283112,72747495,2026_02_02,2026-04-18 17:18
ECILC,-283685,210589603,2026_02_02,2026-04-18 17:18
KRONT,-285701,116892885,2026_02_02,2026-04-18 17:18
TNZTP,-297362,87499950,2026_02_02,2026-04-18 17:18
SUNTK,-300507,145280000,2026_02_02,2026-04-18 17:18
BOBET,-312430,113999998,2026_02_02,2026-04-18 17:18
EPLAS,-323679,190491857,2026_02_02,2026-04-18 17:18
PENTA,-324293,181070136,2026_02_02,2026-04-18 17:18
HALKB,-331778,6546422780,2026_02_02,2026-04-18 17:18
KLSYN,-332128,107854952,2026_02_02,2026-04-18 17:18
UNLU,-345738,102181558,2026_02_02,2026-04-18 17:18
ANHYT,-350137,88457041,2026_02_02,2026-04-18 17:18
SAYAS,-367872,42530887,2026_02_02,2026-04-18 17:18
LILAK,-370983,260252705,2026_02_02,2026-04-18 17:18
CEMAS,-373513,790994229,2026_02_02,2026-04-18 17:18
KRSTL,-386860,183664642,2026_02_02,2026-04-18 17:18
HTTBT,-388400,82805422,2026_02_02,2026-04-18 17:18
GZNMI,-401205,40946775,2026_02_02,2026-04-18 17:18
ONRYT,-402824,19730000,2026_02_02,2026-04-18 17:18
ENERY,-412338,2420687469,2026_02_02,2026-04-18 17:18
MOGAN,-417061,262635000,2026_02_02,2026-04-18 17:18
TCKRC,-418363,70000000,2026_02_02,2026-04-18 17:18
AHGAZ,-419832,659370871,2026_02_02,2026-04-18 17:18
NATEN,-421975,309375000,2026_02_02,2026-04-18 17:18
EUREN,-423973,1040132637,2026_02_02,2026-04-18 17:18
OZATD,-428485,13349988,2026_02_02,2026-04-18 17:18
ALTNY,-429690,399885115,2026_02_02,2026-04-18 17:18
TURGG,-465516,32042988,2026_02_02,2026-04-18 17:18
LRSHO,-481186,724120946,2026_02_02,2026-04-18 17:18
IEYHO,-493555,541032947,2026_02_02,2026-04-18 17:18
DURKN,-514416,42500000,2026_02_02,2026-04-18 17:18
SUWEN,-540431,365687500,2026_02_02,2026-04-18 17:18
DAGI,-548769,175301274,2026_02_02,2026-04-18 17:18
ARSAN,-572592,887344274,2026_02_02,2026-04-18 17:18
MERCN,-581990,74389005,2026_02_02,2026-04-18 17:18
LOGO,-594203,74328248,2026_02_02,2026-04-18 17:18
TKFEN,-598558,230848007,2026_02_02,2026-04-18 17:18
PASEU,-607695,215296000,2026_02_02,2026-04-18 17:18
ZRGYO,-609766,1173404997,2026_02_02,2026-04-18 17:18
INDES,-610356,462749767,2026_02_02,2026-04-18 17:18
BIENY,-611692,83144831,2026_02_02,2026-04-18 17:18
KZBGY,-624901,587999984,2026_02_02,2026-04-18 17:18
MARMR,-653573,961218727,2026_02_02,2026-04-18 17:18
BRLSM,-661433,108025075,2026_02_02,2026-04-18 17:18
IMASM,-738015,622850499,2026_02_02,2026-04-18 17:18
ICUGS,-741020,336250000,2026_02_02,2026-04-18 17:18
GESAN,-757164,141759180,2026_02_02,2026-04-18 17:18
MRGYO,-771639,1035439186,2026_02_02,2026-04-18 17:18
BINBN,-780205,17000000,2026_02_02,2026-04-18 17:18
METRO,-828635,539989959,2026_02_02,2026-04-18 17:18
PATEK,-932020,293081892,2026_02_02,2026-04-18 17:18
ULUUN,-940570,290523352,2026_02_02,2026-04-18 17:18
TERA,-940776,240888789,2026_02_02,2026-04-18 17:18
PAPIL,-944537,206246174,2026_02_02,2026-04-18 17:18
VBTYZ,-950022,55935000,2026_02_02,2026-04-18 17:18
SRVGY,-967868,812499687,2026_02_02,2026-04-18 17:18
MERKO,-1080355,101104700,2026_02_02,2026-04-18 17:18
YYLGD,-1144003,369826200,2026_02_02,2026-04-18 17:18
PRDGS,-1352400,110850000,2026_02_02,2026-04-18 17:18
ISMEN,-1446370,467723147,2026_02_02,2026-04-18 17:18
KTLEV,-1665578,1288500000,2026_02_02,2026-04-18 17:18
EDATA,-1668090,160065395,2026_02_02,2026-04-18 17:18
GEDIK,-1701927,983076856,2026_02_02,2026-04-18 17:18
YUNSA,-1749894,202164056,2026_02_02,2026-04-18 17:18
GOZDE,-1750852,384991447,2026_02_02,2026-04-18 17:18
AKFYE,-1796196,551782160,2026_02_02,2026-04-18 17:18
DITAS,-1886571,83407812,2026_02_02,2026-04-18 17:18
BERA,-2001435,491915026,2026_02_02,2026-04-18 17:18
DOHOL,-2079906,984706978,2026_02_02,2026-04-18 17:18
IHAAS,-2174256,56031248,2026_02_02,2026-04-18 17:18
OYAKC,-2398450,4656879379,2026_02_02,2026-04-18 17:18
TEHOL,-2403848,1967929561,2026_02_02,2026-04-18 17:18
EFOR,-2521749,670679994,2026_02_02,2026-04-18 17:18
ZGYO,-2528239,84500000,2026_02_02,2026-04-18 17:18
HEDEF,-2609787,562499930,2026_02_02,2026-04-18 17:18
KFEIN,-2637276,150306170,2026_02_02,2026-04-18 17:18
DMRGD,-2729629,1277294592,2026_02_02,2026-04-18 17:18
AKSGY,-2798959,1628451947,2026_02_02,2026-04-18 17:18
BTCIM,-3003985,4052065429,2026_02_02,2026-04-18 17:18
AKFGY,-3187120,3457819313,2026_02_02,2026-04-18 17:18
AKSA,-3364980,1503650642,2026_02_02,2026-04-18 17:18
TUPRS,-3788673,902332860,2026_02_02,2026-04-18 17:18
PEKGY,-3808774,4685121294,2026_02_02,2026-04-18 17:18
SAHOL,-3818672,1142761094,2026_02_02,2026-04-18 17:18
ULKER,-4034494,338855989,2026_02_02,2026-04-18 17:18
SNICA,-4058213,321688855,2026_02_02,2026-04-18 17:18
DURDO,-4417764,379703149,2026_02_02,2026-04-18 17:18
PSGYO,-4579317,2954231556,2026_02_02,2026-04-18 17:18
MANAS,-4946615,255704000,2026_02_02,2026-04-18 17:18
BINHO,-4947760,488884380,2026_02_02,2026-04-18 17:18
HLGYO,-5530205,1075198517,2026_02_02,2026-04-18 17:18
TSKB,-5782372,1516591673,2026_02_02,2026-04-18 17:18
PETKM,-5899273,1241709843,2026_02_02,2026-04-18 17:18
TTKOM,-5946750,524999999,2026_02_02,2026-04-18 17:18
GARAN,-6402876,2454957798,2026_02_02,2026-04-18 17:18
EKGYO,-11947006,1925107366,2026_02_02,2026-04-18 17:18
FORMT,-12418812,1075694232,2026_02_02,2026-04-18 17:18
QUAGR,-13377610,1773200000,2026_02_02,2026-04-18 17:18
ISCTR,88249034,8880394247,2026_02_01,2026-04-18 17:20
SASA,46737090,25700419936,2026_02_01,2026-04-18 17:20
AKBNK,43041183,3059320211,2026_02_01,2026-04-18 17:20
YKBNK,31224344,4705620952,2026_02_01,2026-04-18 17:20
EREGL,18702959,3554227435,2026_02_01,2026-04-18 17:20
DAPGM,14751434,928276145,2026_02_01,2026-04-18 17:20
AEFES,12227136,2028860053,2026_02_01,2026-04-18 17:20
CCOLA,9873630,818070147,2026_02_01,2026-04-18 17:20
TTKOM,9814742,524999999,2026_02_01,2026-04-18 17:20
VAKBN,9470542,8046896130,2026_02_01,2026-04-18 17:20
SISE,7907680,1814901642,2026_02_01,2026-04-18 17:20
ZOREN,7526549,2681244194,2026_02_01,2026-04-18 17:20
DMRGD,7510080,1277294592,2026_02_01,2026-04-18 17:20
RYSAS,6399247,1504020937,2026_02_01,2026-04-18 17:20
ENKAI,6128129,874733059,2026_02_01,2026-04-18 17:20
SAHOL,5355283,1142761094,2026_02_01,2026-04-18 17:20
ALBRK,5242898,1050739765,2026_02_01,2026-04-18 17:20
AKSA,5150601,1503650642,2026_02_01,2026-04-18 17:20
THYAO,5012412,739461953,2026_02_01,2026-04-18 17:20
GARAN,4487000,2454957798,2026_02_01,2026-04-18 17:20
AKGRT,3806366,629007625,2026_02_01,2026-04-18 17:20
VAKFN,3764952,2064378140,2026_02_01,2026-04-18 17:20
TSPOR,3671155,3674526650,2026_02_01,2026-04-18 17:20
BINHO,3614257,488884380,2026_02_01,2026-04-18 17:20
MANAS,3465581,208034427,2026_02_01,2026-04-18 17:20
PGSUS,3425210,245068870,2026_02_01,2026-04-18 17:20
TCELL,3223265,1622604373,2026_02_01,2026-04-18 17:20
TUREX,3201527,432000000,2026_02_01,2026-04-18 17:20
PAHOL,2863266,3994975346,2026_02_01,2026-04-18 17:20
KCHOL,2835811,674052308,2026_02_01,2026-04-18 17:20
SNICA,2796084,321688855,2026_02_01,2026-04-18 17:20
KATMR,2640916,1980989998,2026_02_01,2026-04-18 17:20
ENSRI,2582080,236333503,2026_02_01,2026-04-18 17:20
ZGYO,2548454,84500000,2026_02_01,2026-04-18 17:20
AGROT,2457812,843999770,2026_02_01,2026-04-18 17:20
ANSGR,2354051,1564416026,2026_02_01,2026-04-18 17:20
ARCLK,2256631,170054748,2026_02_01,2026-04-18 17:20
FROTO,2000273,625084847,2026_02_01,2026-04-18 17:20
CVKMD,1919044,461999787,2026_02_01,2026-04-18 17:20
RYGYO,1814620,770588057,2026_02_01,2026-04-18 17:20
MAVI,1806012,576779312,2026_02_01,2026-04-18 17:20
TRMET,1782681,174483588,2026_02_01,2026-04-18 17:20
METRO,1768023,539989959,2026_02_01,2026-04-18 17:20
EDATA,1704644,160065395,2026_02_01,2026-04-18 17:20
ULUFA,1699726,305269391,2026_02_01,2026-04-18 17:20
ICUGS,1648324,336250000,2026_02_01,2026-04-18 17:20
HUNER,1627659,670137934,2026_02_01,2026-04-18 17:20
DOHOL,1575147,984706978,2026_02_01,2026-04-18 17:20
ISDMR,1529586,147623050,2026_02_01,2026-04-18 17:20
MAGEN,1342894,719512140,2026_02_01,2026-04-18 17:20
IMASM,1290845,622850499,2026_02_01,2026-04-18 17:20
ALARK,1233415,164975148,2026_02_01,2026-04-18 17:20
ENJSA,1218463,236209270,2026_02_01,2026-04-18 17:20
EGEGY,1155418,69140000,2026_02_01,2026-04-18 17:20
LMKDC,1153054,155929999,2026_02_01,2026-04-18 17:20
ULKER,1124398,338855989,2026_02_01,2026-04-18 17:20
TSGYO,1123507,266499982,2026_02_01,2026-04-18 17:20
IEYHO,1084172,541032947,2026_02_01,2026-04-18 17:20
MPARK,1053792,80869110,2026_02_01,2026-04-18 17:20
TABGD,1051987,52499906,2026_02_01,2026-04-18 17:20
MGROS,1023008,96563547,2026_02_01,2026-04-18 17:20
AYDEM,1022220,130000000,2026_02_01,2026-04-18 17:20
GLYHO,981852,1949290631,2026_02_01,2026-04-18 17:20
PAPIL,907438,206246174,2026_02_01,2026-04-18 17:20
MARMR,825279,961218727,2026_02_01,2026-04-18 17:20
KZBGY,751946,585999984,2026_02_01,2026-04-18 17:20
IZMDC,738203,723225318,2026_02_01,2026-04-18 17:20
TRENJ,727843,98018735,2026_02_01,2026-04-18 17:20
AFYON,636751,399992258,2026_02_01,2026-04-18 17:20
SKBNK,634030,2498877854,2026_02_01,2026-04-18 17:20
USAK,619138,1426416809,2026_02_01,2026-04-18 17:20
KRONT,608604,116892885,2026_02_01,2026-04-18 17:20
IZFAS,584855,156001658,2026_02_01,2026-04-18 17:20
MOPAS,571707,57330000,2026_02_01,2026-04-18 17:20
SARKY,554305,999999671,2026_02_01,2026-04-18 17:20
DAGI,548940,175301274,2026_02_01,2026-04-18 17:20
SRVGY,546407,806067999,2026_02_01,2026-04-18 17:20
BERA,539429,491816866,2026_02_01,2026-04-18 17:20
TAVHL,521111,213213415,2026_02_01,2026-04-18 17:20
LRSHO,513870,724120946,2026_02_01,2026-04-18 17:20
SOKE,506549,126999996,2026_02_01,2026-04-18 17:20
OZGYO,502606,490916869,2026_02_01,2026-04-18 17:20
YYAPI,489883,1705025550,2026_02_01,2026-04-18 17:20
TEHOL,486620,1967866664,2026_02_01,2026-04-18 17:20
GLRYH,483543,599623814,2026_02_01,2026-04-18 17:20
ESCOM,482955,463831670,2026_02_01,2026-04-18 17:20
KFEIN,465354,150306170,2026_02_01,2026-04-18 17:20
NATEN,444194,309375000,2026_02_01,2026-04-18 17:20
ZERGY,439147,156799985,2026_02_01,2026-04-18 17:20
GSDDE,435213,106850751,2026_02_01,2026-04-18 17:20
DARDL,425656,1753442695,2026_02_01,2026-04-18 17:20
KARSN,423337,827827039,2026_02_01,2026-04-18 17:20
PRDGS,420417,110850000,2026_02_01,2026-04-18 17:20
CEMAS,375805,790994229,2026_02_01,2026-04-18 17:20
BLUME,354218,174710134,2026_02_01,2026-04-18 17:20
DZGYO,351700,399777846,2026_02_01,2026-04-18 17:20
FZLGY,347583,398427439,2026_02_01,2026-04-18 17:20
KLKIM,344357,138383655,2026_02_01,2026-04-18 17:20
ARASE,338671,49999991,2026_02_01,2026-04-18 17:20
VKGYO,334924,1637203242,2026_02_01,2026-04-18 17:20
AKFIS,333493,66841328,2026_02_01,2026-04-18 17:20
MERKO,326789,101104700,2026_02_01,2026-04-18 17:20
KLSYN,323888,107854952,2026_02_01,2026-04-18 17:20
FRIGO,315051,210560202,2026_02_01,2026-04-18 17:20
CEMZY,310919,124119970,2026_02_01,2026-04-18 17:20
HATEK,269948,62998947,2026_02_01,2026-04-18 17:20
BOBET,269044,113999998,2026_02_01,2026-04-18 17:20
LYDHO,268538,197140970,2026_02_01,2026-04-18 17:20
KMPUR,267638,132432524,2026_02_01,2026-04-18 17:20
EGPRO,255187,175170570,2026_02_01,2026-04-18 17:20
INFO,252105,767463337,2026_02_01,2026-04-18 17:20
GZNMI,250954,40946775,2026_02_01,2026-04-18 17:20
DYOBY,246033,186553687,2026_02_01,2026-04-18 17:20
PATEK,230846,293081892,2026_02_01,2026-04-18 17:20
GLCVY,228057,26400000,2026_02_01,2026-04-18 17:20
GOKNR,225102,178040711,2026_02_01,2026-04-18 17:20
AVOD,224386,253604577,2026_02_01,2026-04-18 17:20
HKTM,220797,72747495,2026_02_01,2026-04-18 17:20
AYGAZ,210956,98568807,2026_02_01,2026-04-18 17:20
ENDAE,206517,121949251,2026_02_01,2026-04-18 17:20
BIOEN,206119,197983418,2026_02_01,2026-04-18 17:20
CEOEM,204592,22209658,2026_02_01,2026-04-18 17:20
ISGYO,200861,531312439,2026_02_01,2026-04-18 17:20
ZTLRFF,200000,3040000,2026_02_01,2026-04-18 17:20
EPLAS,195885,190491857,2026_02_01,2026-04-18 17:20
MERCN,183183,74389005,2026_02_01,2026-04-18 17:20
HRKET,178859,24000000,2026_02_01,2026-04-18 17:20
BRLSM,171104,108025075,2026_02_01,2026-04-18 17:20
YATAS,168909,94866488,2026_02_01,2026-04-18 17:20
YIGIT,156547,74999975,2026_02_01,2026-04-18 17:20
ECILC,151416,210589603,2026_02_01,2026-04-18 17:20
CELHA,151150,146124228,2026_02_01,2026-04-18 17:20
ARMGD,148405,54996000,2026_02_01,2026-04-18 17:20
BESLR,147220,658098036,2026_02_01,2026-04-18 17:20
MEDTR,138294,24499999,2026_02_01,2026-04-18 17:20
AYEN,138163,55531320,2026_02_01,2026-04-18 17:20
AGESA,138110,35829553,2026_02_01,2026-04-18 17:20
KRTEK,136100,18914650,2026_02_01,2026-04-18 17:20
AVGYO,133351,111590302,2026_02_01,2026-04-18 17:20
NETCD,130000,39999975,2026_02_01,2026-04-18 17:20
GENTS,129864,749958921,2026_02_01,2026-04-18 17:20
ONRYT,128287,19730000,2026_02_01,2026-04-18 17:20
AVPGY,125094,99999990,2026_02_01,2026-04-18 17:20
LIDER,123191,279500000,2026_02_01,2026-04-18 17:20
BARMA,122637,68117625,2026_02_01,2026-04-18 17:20
ENTRA,120200,369383564,2026_02_01,2026-04-18 17:20
BRSAN,111874,35912460,2026_02_01,2026-04-18 17:20
EKSUN,110974,171792833,2026_02_01,2026-04-18 17:20
VESTL,108294,295447203,2026_02_01,2026-04-18 17:20
GEDZA,106540,42983624,2026_02_01,2026-04-18 17:20
BEYAZ,106320,42317352,2026_02_01,2026-04-18 17:20
IHEVA,106034,291631239,2026_02_01,2026-04-18 17:20
TRCAS,105096,206252778,2026_02_01,2026-04-18 17:20
ECOGR,100953,110000000,2026_02_01,2026-04-18 17:20
ISSEN,97835,107411517,2026_02_01,2026-04-18 17:20
BORSK,97348,279999879,2026_02_01,2026-04-18 17:20
PRKME,94935,53038641,2026_02_01,2026-04-18 17:20
AKSUE,94875,56376184,2026_02_01,2026-04-18 17:20
HEDEF,89058,562499930,2026_02_01,2026-04-18 17:20
LKMNH,87440,163262533,2026_02_01,2026-04-18 17:20
LINK,87421,18231985,2026_02_01,2026-04-18 17:20
SAFKR,87399,139433365,2026_02_01,2026-04-18 17:20
MARKA,85195,20752018,2026_02_01,2026-04-18 17:20
PARSN,85052,34033246,2026_02_01,2026-04-18 17:20
BIENY,83572,83144831,2026_02_01,2026-04-18 17:20
ALKLC,83430,45382467,2026_02_01,2026-04-18 17:20
GLRMK,83015,38760000,2026_02_01,2026-04-18 17:20
ICBCT,81930,216761845,2026_02_01,2026-04-18 17:20
SMRVA,77994,28000000,2026_02_01,2026-04-18 17:20
BNTAS,77825,170624998,2026_02_01,2026-04-18 17:20
CRFSA,77667,18312793,2026_02_01,2026-04-18 17:20
BAHKM,77490,23289000,2026_02_01,2026-04-18 17:20
BASGZ,76095,174999999,2026_02_01,2026-04-18 17:20
OTKAR,74192,33417145,2026_02_01,2026-04-18 17:20
OBAMS,74113,725436288,2026_02_01,2026-04-18 17:20
EGEPO,73495,200000000,2026_02_01,2026-04-18 17:20
KORDS,72295,65421451,2026_02_01,2026-04-18 17:20
DCTTR,71336,157328724,2026_02_01,2026-04-18 17:20
KNFRT,70471,131747000,2026_02_01,2026-04-18 17:20
KRDMA,68946,240300917,2026_02_01,2026-04-18 17:20
KRPLS,68942,78486163,2026_02_01,2026-04-18 17:20
ODINE,68084,52576848,2026_02_01,2026-04-18 17:20
DUNYH,67461,36443197,2026_02_01,2026-04-18 17:20
DESPC,65942,16023700,2026_02_01,2026-04-18 17:20
HOROZ,65643,24599986,2026_02_01,2026-04-18 17:20
KGYO,65140,767895148,2026_02_01,2026-04-18 17:20
SERNT,61997,113000000,2026_02_01,2026-04-18 17:20
BRKSN,59398,62639942,2026_02_01,2026-04-18 17:20
MSGYO,58314,169650150,2026_02_01,2026-04-18 17:20
KZGYO,57798,49999978,2026_02_01,2026-04-18 17:20
ADGYO,57482,379654333,2026_02_01,2026-04-18 17:20
ATATP,56555,18809999,2026_02_01,2026-04-18 17:20
ALGYO,55660,989338262,2026_02_01,2026-04-18 17:20
TUKAS,55599,4499995929,2026_02_01,2026-04-18 17:20
DOKTA,54352,145872862,2026_02_01,2026-04-18 17:20
KLMSN,51832,30881297,2026_02_01,2026-04-18 17:20
PKENT,51510,23766169,2026_02_01,2026-04-18 17:20
SKYMD,51125,52499981,2026_02_01,2026-04-18 17:20
ZEDUR,50717,69899992,2026_02_01,2026-04-18 17:20
SDTTR,49346,15990000,2026_02_01,2026-04-18 17:20
GOODY,47183,132804473,2026_02_01,2026-04-18 17:20
ANELE,47183,151405542,2026_02_01,2026-04-18 17:20
AKSEN,46955,638545796,2026_02_01,2026-04-18 17:20
ONCSM,45568,10086000,2026_02_01,2026-04-18 17:20
DENGE,42905,525284797,2026_02_01,2026-04-18 17:20
TTRAK,40945,24967158,2026_02_01,2026-04-18 17:20
MEPET,40922,73940585,2026_02_01,2026-04-18 17:20
OTTO,38548,5474438,2026_02_01,2026-04-18 17:20
BINBN,37560,17000000,2026_02_01,2026-04-18 17:20
ADEL,36056,112043619,2026_02_01,2026-04-18 17:20
MZHLD,35336,72215314,2026_02_01,2026-04-18 17:20
TURGG,34558,32042988,2026_02_01,2026-04-18 17:20
GUNDG,31443,18968972,2026_02_01,2026-04-18 17:20
IHLAS,31279,1396079076,2026_02_01,2026-04-18 17:20
BIGTK,30750,23395022,2026_02_01,2026-04-18 17:20
PAMEL,30281,21533681,2026_02_01,2026-04-18 17:20
YAPRK,29431,4214998,2026_02_01,2026-04-18 17:20
BMSCH,27146,69277402,2026_02_01,2026-04-18 17:20
BIGEN,26269,115500000,2026_02_01,2026-04-18 17:20
FORTE,25619,21999999,2026_02_01,2026-04-18 17:20
RUZYE,25282,267748491,2026_02_01,2026-04-18 17:20
AHGAZ,24735,659370871,2026_02_01,2026-04-18 17:20
DESA,24653,171107590,2026_02_01,2026-04-18 17:20
PAGYO,23740,57781202,2026_02_01,2026-04-18 17:20
AKCNS,23488,39359284,2026_02_01,2026-04-18 17:20
TATEN,23316,347799724,2026_02_01,2026-04-18 17:20
TATGD,23090,119284718,2026_02_01,2026-04-18 17:20
DITAS,22808,83407812,2026_02_01,2026-04-18 17:20
TRILC,21952,118499496,2026_02_01,2026-04-18 17:20
KIMMR,19825,75000000,2026_02_01,2026-04-18 17:20
GRTHO,18455,36745000,2026_02_01,2026-04-18 17:20
AVHOL,18454,26047279,2026_02_01,2026-04-18 17:20
PLTUR,18153,49500000,2026_02_01,2026-04-18 17:20
RAYSG,18079,51947024,2026_02_01,2026-04-18 17:20
DEVA,17653,199971814,2026_02_01,2026-04-18 17:20
CUSAN,17618,18500000,2026_02_01,2026-04-18 17:20
KAYSE,17544,813937126,2026_02_01,2026-04-18 17:20
SELEC,17320,124262097,2026_02_01,2026-04-18 17:20
TLMAN,16983,10300000,2026_02_01,2026-04-18 17:20
PRKAB,16505,35225443,2026_02_01,2026-04-18 17:20
KAPLM,16278,4563571,2026_02_01,2026-04-18 17:20
EKOS,15469,307199852,2026_02_01,2026-04-18 17:20
ISYAT,14524,152245569,2026_02_01,2026-04-18 17:20
VERTU,14464,22000000,2026_02_01,2026-04-18 17:20
CGCAM,14455,42000000,2026_02_01,2026-04-18 17:20
KONKA,14083,89670000,2026_02_01,2026-04-18 17:20
ARDYZ,13876,279551557,2026_02_01,2026-04-18 17:20
TGSAS,13529,12348294,2026_02_01,2026-04-18 17:20
BAKAB,13500,34985326,2026_02_01,2026-04-18 17:20
VSNMD,12506,24000000,2026_02_01,2026-04-18 17:20
INVEO,11192,998999954,2026_02_01,2026-04-18 17:20
SMART,9912,29737499,2026_02_01,2026-04-18 17:20
MAKTK,9877,184370066,2026_02_01,2026-04-18 17:20
YGGYO,9823,240625741,2026_02_01,2026-04-18 17:20
KRDMB,8501,118762110,2026_02_01,2026-04-18 17:20
VAKFA,8343,224999701,2026_02_01,2026-04-18 17:20
VKING,8236,30932905,2026_02_01,2026-04-18 17:20
VERUS,7682,34499937,2026_02_01,2026-04-18 17:20
KARTN,6904,72781126,2026_02_01,2026-04-18 17:20
MARTI,6692,590191701,2026_02_01,2026-04-18 17:20
GEREL,5884,219036379,2026_02_01,2026-04-18 17:20
DNISI,5596,59171727,2026_02_01,2026-04-18 17:20
BUCIM,5546,1286638062,2026_02_01,2026-04-18 17:20
ANHYT,4798,88457041,2026_02_01,2026-04-18 17:20
BVSAN,4017,13749998,2026_02_01,2026-04-18 17:20
SANKO,4001,37499197,2026_02_01,2026-04-18 17:20
GMTAS,3582,298687813,2026_02_01,2026-04-18 17:20
BRYAT,3297,10264685,2026_02_01,2026-04-18 17:20
ULUSE,2985,24000000,2026_02_01,2026-04-18 17:20
NUHCM,2606,33135899,2026_02_01,2026-04-18 17:20
ACSEL,2141,8589113,2026_02_01,2026-04-18 17:20
EGEEN,1443,1137161,2026_02_01,2026-04-18 17:20
LYDYE,1352,1391287,2026_02_01,2026-04-18 17:20
BANVT,1279,36961044,2026_02_01,2026-04-18 17:20
CLEBI,983,5490178,2026_02_01,2026-04-18 17:20
INTEM,377,9428747,2026_02_01,2026-04-18 17:20
ALCAR,357,1721735,2026_02_01,2026-04-18 17:20
TARKM,100,4999995,2026_02_01,2026-04-18 17:20
UCAYM,54,59996268,2026_02_01,2026-04-18 17:20
KRATL,0,17800000,2026_02_01,2026-04-18 17:20
ARAT,0,39867975,2026_02_01,2026-04-18 17:20
ARBUL,0,15459297,2026_02_01,2026-04-18 17:20
GLBMD,0,28880500,2026_02_01,2026-04-18 17:20
DGGYO,0,280709437,2026_02_01,2026-04-18 17:20
ORCAY,0,149972352,2026_02_01,2026-04-18 17:20
ISBIR,0,14520542,2026_02_01,2026-04-18 17:20
TDGYO,0,59898213,2026_02_01,2026-04-18 17:20
KSTUR,0,3952560,2026_02_01,2026-04-18 17:20
OYAYO,0,19999941,2026_02_01,2026-04-18 17:20
OYLUM,0,80937367,2026_02_01,2026-04-18 17:20
OZRDN,0,57107579,2026_02_01,2026-04-18 17:20
GLDTRF,0,46600000,2026_02_01,2026-04-18 17:20
TRHOL,0,17635692,2026_02_01,2026-04-18 17:20
AKMGY,0,21568998,2026_02_01,2026-04-18 17:20
AKPAZ,0,22488832,2026_02_01,2026-04-18 17:20
LIOYS,0,31625013,2026_02_01,2026-04-18 17:20
AKYHO,0,223895870,2026_02_01,2026-04-18 17:20
DOGUB,0,19821566,2026_02_01,2026-04-18 17:20
ENPRA,0,15294299,2026_02_01,2026-04-18 17:20
GOLDS,0,192323946,2026_02_01,2026-04-18 17:20
BRMEN,0,57566555,2026_02_01,2026-04-18 17:20
GRNYO,0,37386059,2026_02_01,2026-04-18 17:20
UKIM,0,2053621,2026_02_01,2026-04-18 17:20
ULAS,0,25200172,2026_02_01,2026-04-18 17:20
CMENT,0,56829666,2026_02_01,2026-04-18 17:20
CRDFA,0,74996853,2026_02_01,2026-04-18 17:20
PRZMA,0,61941150,2026_02_01,2026-04-18 17:20
UNTAR,0,29562129,2026_02_01,2026-04-18 17:20
PSDTC,0,6599991,2026_02_01,2026-04-18 17:20
UZEL,0,26329793,2026_02_01,2026-04-18 17:20
QNBFK,0,843137646,2026_02_01,2026-04-18 17:20
QNBTR,0,2571745911,2026_02_01,2026-04-18 17:20
MANGO,0,37831688,2026_02_01,2026-04-18 17:20
RNPOL,0,16795000,2026_02_01,2026-04-18 17:20
ARTOG,0,18578922,2026_02_01,2026-04-18 17:20
ERSU,0,31755894,2026_02_01,2026-04-18 17:20
KENT,0,1332410,2026_02_01,2026-04-18 17:20
KERVN,0,588346973,2026_02_01,2026-04-18 17:20
ASYAB,0,477899601,2026_02_01,2026-04-18 17:20
SANEL,0,18112451,2026_02_01,2026-04-18 17:20
MEGAP,0,234498757,2026_02_01,2026-04-18 17:20
YESIL,0,640699949,2026_02_01,2026-04-18 17:20
MEMSA,0,160110709,2026_02_01,2026-04-18 17:20
YGYO,0,1310632851,2026_02_01,2026-04-18 17:20
MENBA,0,3496852,2026_02_01,2026-04-18 17:20
EUHOL,0,142999954,2026_02_01,2026-04-18 17:20
FENIS,0,26080019,2026_02_01,2026-04-18 17:20
FLAP,0,93599985,2026_02_01,2026-04-18 17:20
SEYKM,0,151040901,2026_02_01,2026-04-18 17:20
SILVR,0,212818206,2026_02_01,2026-04-18 17:20
AGYO,0,129036460,2026_02_01,2026-04-18 17:20
KLNMA,0,91846864,2026_02_01,2026-04-18 17:20
SKYLP,0,7159255,2026_02_01,2026-04-18 17:20
BURVA,0,4723271,2026_02_01,2026-04-18 17:20
ATEKS,0,5441598,2026_02_01,2026-04-18 17:20
EGCYO,0,21986285,2026_02_01,2026-04-18 17:20
BYDNR,0,20499984,2026_02_01,2026-04-18 17:20
SNPAM,0,19679871,2026_02_01,2026-04-18 17:20
ATPET,0,11403497,2026_02_01,2026-04-18 17:20
SONME,0,4349319,2026_02_01,2026-04-18 17:20
POLTK,-28,1125000,2026_02_01,2026-04-18 17:20
MRSHL,-142,4212888,2026_02_01,2026-04-18 17:20
FMIZP,-172,3497641,2026_02_01,2026-04-18 17:20
INGRM,-176,14969536,2026_02_01,2026-04-18 17:20
KONYA,-265,1646416,2026_02_01,2026-04-18 17:20
SEGMN,-477,80999980,2026_02_01,2026-04-18 17:20
UFUK,-1273,46845974,2026_02_01,2026-04-18 17:20
TBORG,-1592,59392160,2026_02_01,2026-04-18 17:20
GIPTA,-1612,51615341,2026_02_01,2026-04-18 17:20
TMPOL,-2526,11039990,2026_02_01,2026-04-18 17:20
AHSGY,-2548,184999889,2026_02_01,2026-04-18 17:20
CMBTN,-2691,1023000,2026_02_01,2026-04-18 17:20
MARBL,-4352,65226403,2026_02_01,2026-04-18 17:20
ASTOR,-4438,366896261,2026_02_01,2026-04-18 17:20
SUNTK,-5904,144433250,2026_02_01,2026-04-18 17:20
ERCB,-7097,39055889,2026_02_01,2026-04-18 17:20
ERBOS,-7902,15899843,2026_02_01,2026-04-18 17:20
YAYLA,-8910,39874966,2026_02_01,2026-04-18 17:20
MAALT,-9331,4763850,2026_02_01,2026-04-18 17:20
KUTPO,-10493,10524430,2026_02_01,2026-04-18 17:20
ARTMS,-12208,24199999,2026_02_01,2026-04-18 17:20
REEDR,-12249,632419525,2026_02_01,2026-04-18 17:20
BFREN,-12340,24586148,2026_02_01,2026-04-18 17:20
PINSU,-12983,101635846,2026_02_01,2026-04-18 17:20
MAKIM,-13297,42559998,2026_02_01,2026-04-18 17:20
ANGEN,-14489,86440002,2026_02_01,2026-04-18 17:20
GOLTS,-14500,12422783,2026_02_01,2026-04-18 17:20
KTSKR,-15350,14691795,2026_02_01,2026-04-18 17:20
KRVGD,-15868,596159766,2026_02_01,2026-04-18 17:20
GRSEL,-16364,29649800,2026_02_01,2026-04-18 17:20
DURKN,-16444,42500000,2026_02_01,2026-04-18 17:20
GWIND,-18014,179165491,2026_02_01,2026-04-18 17:20
LUKSK,-18224,27257202,2026_02_01,2026-04-18 17:20
CATES,-18359,33050000,2026_02_01,2026-04-18 17:20
BRISA,-18794,31247472,2026_02_01,2026-04-18 17:20
INVES,-19271,37480000,2026_02_01,2026-04-18 17:20
ARENA,-21237,66996461,2026_02_01,2026-04-18 17:20
AYCES,-21555,1895369,2026_02_01,2026-04-18 17:20
OSMEN,-21628,157750927,2026_02_01,2026-04-18 17:20
EDIP,-21970,36468204,2026_02_01,2026-04-18 17:20
OBASE,-22200,14924000,2026_02_01,2026-04-18 17:20
OYYAT,-22661,91048322,2026_02_01,2026-04-18 17:20
ALKA,-23159,330750000,2026_02_01,2026-04-18 17:20
PKART,-23427,11048497,2026_02_01,2026-04-18 17:20
JANTS,-26001,207477849,2026_02_01,2026-04-18 17:20
DOFER,-27307,19572500,2026_02_01,2026-04-18 17:20
SEKFK,-27616,62311473,2026_02_01,2026-04-18 17:20
BIGCH,-27665,73786589,2026_02_01,2026-04-18 17:20
AKENR,-28700,385189146,2026_02_01,2026-04-18 17:20
BIZIM,-31127,27601626,2026_02_01,2026-04-18 17:20
ORGE,-36664,41839996,2026_02_01,2026-04-18 17:20
MERIT,-36709,329748900,2026_02_01,2026-04-18 17:20
BMSTL,-37351,74772261,2026_02_01,2026-04-18 17:20
DGNMO,-42784,327634635,2026_02_01,2026-04-18 17:20
ATAKP,-47835,28224000,2026_02_01,2026-04-18 17:20
BLCYT,-48000,49088907,2026_02_01,2026-04-18 17:20
PCILT,-48679,45014182,2026_02_01,2026-04-18 17:20
DGATE,-49497,15227271,2026_02_01,2026-04-18 17:20
TMSN,-51802,44449988,2026_02_01,2026-04-18 17:20
ALKIM,-51939,182767821,2026_02_01,2026-04-18 17:20
SANFM,-52414,225029995,2026_02_01,2026-04-18 17:20
BORLS,-53011,308652686,2026_02_01,2026-04-18 17:20
MNDRS,-56504,222007982,2026_02_01,2026-04-18 17:20
ELITE,-60925,44650000,2026_02_01,2026-04-18 17:20
EBEBK,-61887,40534692,2026_02_01,2026-04-18 17:20
MTRKS,-63383,43633165,2026_02_01,2026-04-18 17:20
NUGYO,-66668,324943976,2026_02_01,2026-04-18 17:20
GARFA,-68709,138399778,2026_02_01,2026-04-18 17:20
NETAS,-69667,31783484,2026_02_01,2026-04-18 17:20
ULUUN,-75296,290523352,2026_02_01,2026-04-18 17:20
POLHO,-75785,164140074,2026_02_01,2026-04-18 17:20
PENGD,-77900,171069968,2026_02_01,2026-04-18 17:20
CEMTS,-80043,233425986,2026_02_01,2026-04-18 17:20
KUYAS,-81348,395658898,2026_02_01,2026-04-18 17:20
VAKKO,-83020,30788486,2026_02_01,2026-04-18 17:20
FADE,-88321,42347497,2026_02_01,2026-04-18 17:20
ALCTL,-92603,13543218,2026_02_01,2026-04-18 17:20
DERIM,-98373,40403770,2026_02_01,2026-04-18 17:20
DOAS,-99367,97899975,2026_02_01,2026-04-18 17:20
BAYRK,-102461,189751123,2026_02_01,2026-04-18 17:20
OZYSR,-106581,40488000,2026_02_01,2026-04-18 17:20
ECZYT,-108314,45880511,2026_02_01,2026-04-18 17:20
SUWEN,-112120,365687500,2026_02_01,2026-04-18 17:20
BAGFS,-114296,100042745,2026_02_01,2026-04-18 17:20
SELVA,-123092,747897737,2026_02_01,2026-04-18 17:20
TKNSA,-126833,100475379,2026_02_01,2026-04-18 17:20
KLSER,-127578,109453566,2026_02_01,2026-04-18 17:20
KLGYO,-130033,689399869,2026_02_01,2026-04-18 17:20
PENTA,-152058,181070136,2026_02_01,2026-04-18 17:20
HURGZ,-155409,220784167,2026_02_01,2026-04-18 17:20
MEGMT,-156419,72749986,2026_02_01,2026-04-18 17:20
ETILR,-157087,156217454,2026_02_01,2026-04-18 17:20
MEKAG,-157945,320319899,2026_02_01,2026-04-18 17:20
DSTKF,-164100,82195267,2026_02_01,2026-04-18 17:20
KOPOL,-165544,266319652,2026_02_01,2026-04-18 17:20
DURDO,-166699,379703149,2026_02_01,2026-04-18 17:20
BULGS,-167750,72499900,2026_02_01,2026-04-18 17:20
EUREN,-169129,1040032637,2026_02_01,2026-04-18 17:20
EYGYO,-179758,341859667,2026_02_01,2026-04-18 17:20
OZKGY,-183578,363999945,2026_02_01,2026-04-18 17:20
LOGO,-185888,74328248,2026_02_01,2026-04-18 17:20
KBORU,-190570,143999994,2026_02_01,2026-04-18 17:20
OFSYM,-193023,22749998,2026_02_01,2026-04-18 17:20
PSGYO,-196140,2954231556,2026_02_01,2026-04-18 17:20
EMKEL,-198136,149999456,2026_02_01,2026-04-18 17:20
UNLU,-199488,102181558,2026_02_01,2026-04-18 17:20
DOFRB,-199783,45000000,2026_02_01,2026-04-18 17:20
HATSN,-200569,44299964,2026_02_01,2026-04-18 17:20
EGGUB,-200622,75862114,2026_02_01,2026-04-18 17:20
DMSAS,-210245,199994510,2026_02_01,2026-04-18 17:20
SAYAS,-230493,42530887,2026_02_01,2026-04-18 17:20
BOSSA,-234644,508724189,2026_02_01,2026-04-18 17:20
TCKRC,-243499,70000000,2026_02_01,2026-04-18 17:20
MOGAN,-252088,262635000,2026_02_01,2026-04-18 17:20
TRGYO,-260279,251573369,2026_02_01,2026-04-18 17:20
MIATK,-267123,313087979,2026_02_01,2026-04-18 17:20
SURGY,-270511,44745990,2026_02_01,2026-04-18 17:20
QUAGR,-271767,1771950000,2026_02_01,2026-04-18 17:20
EGSER,-271828,545751057,2026_02_01,2026-04-18 17:20
LILAK,-277265,260252705,2026_02_01,2026-04-18 17:20
AGHOL,-288331,1068828243,2026_02_01,2026-04-18 17:20
VBTYZ,-300955,55935000,2026_02_01,2026-04-18 17:20
GESAN,-310167,141759180,2026_02_01,2026-04-18 17:20
OZATD,-311126,13349988,2026_02_01,2026-04-18 17:20
ISGSY,-320253,47378729,2026_02_01,2026-04-18 17:20
MNDTR,-339697,910071938,2026_02_01,2026-04-18 17:20
ASUZU,-340929,41130807,2026_02_01,2026-04-18 17:20
GUBRF,-345057,85359737,2026_02_01,2026-04-18 17:20
EUPWR,-358743,199610525,2026_02_01,2026-04-18 17:20
TOASO,-365554,120585076,2026_02_01,2026-04-18 17:20
ASGYO,-388400,165000000,2026_02_01,2026-04-18 17:20
RALYH,-389750,176370973,2026_02_01,2026-04-18 17:20
HTTBT,-403898,82805422,2026_02_01,2026-04-18 17:20
CONSE,-418349,377854899,2026_02_01,2026-04-18 17:20
HALKB,-419459,6546422780,2026_02_01,2026-04-18 17:20
MOBTL,-419550,207999999,2026_02_01,2026-04-18 17:20
PNLSN,-422854,34752383,2026_02_01,2026-04-18 17:20
VRGYO,-427394,597693904,2026_02_01,2026-04-18 17:20
KAREL,-427705,329659497,2026_02_01,2026-04-18 17:20
CIMSA,-441079,488404404,2026_02_01,2026-04-18 17:20
RGYAS,-445514,105523000,2026_02_01,2026-04-18 17:20
NTHOL,-457678,485479112,2026_02_01,2026-04-18 17:20
KOCMT,-457690,581990973,2026_02_01,2026-04-18 17:20
YUNSA,-461691,202164056,2026_02_01,2026-04-18 17:20
ARSAN,-461699,887344274,2026_02_01,2026-04-18 17:20
BSOKE,-497995,458486931,2026_02_01,2026-04-18 17:20
IHGZT,-514839,570666228,2026_02_01,2026-04-18 17:20
FENER,-529084,2772321026,2026_02_01,2026-04-18 17:20
MRGYO,-536993,1035439185,2026_02_01,2026-04-18 17:20
ALTNY,-539777,399873345,2026_02_01,2026-04-18 17:20
BEGYO,-544190,277250000,2026_02_01,2026-04-18 17:20
ISFIN,-559180,310154523,2026_02_01,2026-04-18 17:20
KLRHO,-593970,341250000,2026_02_01,2026-04-18 17:20
KLYPV,-599435,46334639,2026_02_01,2026-04-18 17:20
BALSU,-603164,277998439,2026_02_01,2026-04-18 17:20
IHAAS,-618448,56031248,2026_02_01,2026-04-18 17:20
KONTR,-631508,936003761,2026_02_01,2026-04-18 17:20
RTALB,-647414,432976722,2026_02_01,2026-04-18 17:20
IHLGM,-667627,986078000,2026_02_01,2026-04-18 17:20
GEDIK,-696684,983076856,2026_02_01,2026-04-18 17:20
MEYSU,-714197,175000000,2026_02_01,2026-04-18 17:20
EKGYO,-729135,1925107366,2026_02_01,2026-04-18 17:20
ESEN,-743245,682499950,2026_02_01,2026-04-18 17:20
ISKPL,-750992,724625736,2026_02_01,2026-04-18 17:20
TEZOL,-771683,139999973,2026_02_01,2026-04-18 17:20
ODAS,-832546,1113798031,2026_02_01,2026-04-18 17:20
ALFAS,-841434,84639559,2026_02_01,2026-04-18 17:20
RUBNS,-877533,42377765,2026_02_01,2026-04-18 17:20
SKTAS,-884906,332865443,2026_02_01,2026-04-18 17:20
KOTON,-886120,136599922,2026_02_01,2026-04-18 17:20
MACKO,-942667,41453550,2026_02_01,2026-04-18 17:20
NTGAZ,-962488,276000000,2026_02_01,2026-04-18 17:20
TKFEN,-1024640,230848007,2026_02_01,2026-04-18 17:20
PEKGY,-1031670,4685121294,2026_02_01,2026-04-18 17:20
MHRGY,-1032665,310499991,2026_02_01,2026-04-18 17:20
ENERY,-1105781,2420686786,2026_02_01,2026-04-18 17:20
GENIL,-1121048,85937999,2026_02_01,2026-04-18 17:20
LIDFA,-1140941,458180545,2026_02_01,2026-04-18 17:20
SOKM,-1163715,448708248,2026_02_01,2026-04-18 17:20
ZRGYO,-1209745,1173404997,2026_02_01,2026-04-18 17:20
BTCIM,-1268721,4046650979,2026_02_01,2026-04-18 17:20
PETUN,-1272586,134673118,2026_02_01,2026-04-18 17:20
YYLGD,-1323598,369826200,2026_02_01,2026-04-18 17:20
AKFYE,-1341789,551782160,2026_02_01,2026-04-18 17:20
KRSTL,-1350324,183664642,2026_02_01,2026-04-18 17:20
IHYAY,-1367589,388124996,2026_02_01,2026-04-18 17:20
VESBE,-1408217,503578676,2026_02_01,2026-04-18 17:20
YEOTK,-1424847,160933198,2026_02_01,2026-04-18 17:20
BURCE,-1495368,44422390,2026_02_01,2026-04-18 17:20
PNSUT,-1590619,128323851,2026_02_01,2026-04-18 17:20
ARZUM,-1649514,293999828,2026_02_01,2026-04-18 17:20
TERA,-1666286,240888789,2026_02_01,2026-04-18 17:20
IZENR,-1681420,914537597,2026_02_01,2026-04-18 17:20
HDFGS,-1718404,956914191,2026_02_01,2026-04-18 17:20
TUPRS,-2085422,902332860,2026_02_01,2026-04-18 17:20
GSDHO,-2088634,999994969,2026_02_01,2026-04-18 17:20
KTLEV,-2213218,1288500000,2026_02_01,2026-04-18 17:20
KCAER,-2388200,496494775,2026_02_01,2026-04-18 17:20
PETKM,-2400233,1241709843,2026_02_01,2026-04-18 17:20
BIMAS,-2429480,436214016,2026_02_01,2026-04-18 17:20
DERHL,-2473359,197281316,2026_02_01,2026-04-18 17:20
INDES,-2505685,462749767,2026_02_01,2026-04-18 17:20
OYAKC,-2590757,4656879379,2026_02_01,2026-04-18 17:20
ESCAR,-2692279,101933690,2026_02_01,2026-04-18 17:20
TEKTU,-2695569,195639308,2026_02_01,2026-04-18 17:20
BJKAS,-2726032,1776089716,2026_02_01,2026-04-18 17:20
SNGYO,-2785054,3607173097,2026_02_01,2026-04-18 17:20
HLGYO,-2884277,1075198517,2026_02_01,2026-04-18 17:20
GOZDE,-3203696,384991447,2026_02_01,2026-04-18 17:20
TNZTP,-3663205,87499950,2026_02_01,2026-04-18 17:20
YKSLN,-3925724,197429570,2026_02_01,2026-04-18 17:20
AZTEK,-3943793,279000000,2026_02_01,2026-04-18 17:20
ISMEN,-3972954,467723147,2026_02_01,2026-04-18 17:20
FONET,-4053970,577082984,2026_02_01,2026-04-18 17:20
AKSGY,-4062844,1628451947,2026_02_01,2026-04-18 17:20
HEKTS,-4541129,3946417642,2026_02_01,2026-04-18 17:20
PASEU,-4811764,215295868,2026_02_01,2026-04-18 17:20
EFOR,-4966911,670679994,2026_02_01,2026-04-18 17:20
SMRTG,-5233042,664164672,2026_02_01,2026-04-18 17:20
FORMT,-5241548,1075694232,2026_02_01,2026-04-18 17:20
OSTIM,-5301602,510004637,2026_02_01,2026-04-18 17:20
AKFGY,-7445357,3457819313,2026_02_01,2026-04-18 17:20
CANTE,-7637066,6910432037,2026_02_01,2026-04-18 17:20
TRALT,-8056407,952271819,2026_02_01,2026-04-18 17:20
GSRAY,-8857307,10123744690,2026_02_01,2026-04-18 17:20
ALVES,-11823847,862856920,2026_02_01,2026-04-18 17:20
TURSG,-12567060,7907296076,2026_02_01,2026-04-18 17:20
ASELS,-13564840,1178597817,2026_02_01,2026-04-18 17:20
TSKB,-13609234,1516591673,2026_02_01,2026-04-18 17:20
CWENE,-16798803,530758241,2026_02_01,2026-04-18 17:20
KRDMD,-19084142,780216365,2026_02_01,2026-04-18 17:20
ADESE,-91296629,4687131701,2026_02_01,2026-04-18 17:20
CANTE,85704266,8608001352,2026_02_03,2026-04-18 17:22
KZBGY,65422872,1959999915,2026_02_03,2026-04-18 17:22
AKBNK,33904880,3059320211,2026_02_03,2026-04-18 17:22
EUREN,29963346,1040132637,2026_02_03,2026-04-18 17:22
YKBNK,29556044,4705620952,2026_02_03,2026-04-18 17:22
ICUGS,23885534,336250000,2026_02_03,2026-04-18 17:22
FENER,22330493,2772321468,2026_02_03,2026-04-18 17:22
TRALT,14346916,952269019,2026_02_03,2026-04-18 17:22
AEFES,13421407,2028860053,2026_02_03,2026-04-18 17:22
KCHOL,11590688,674052308,2026_02_03,2026-04-18 17:22
ATATR,10050000,280000000,2026_02_03,2026-04-18 17:22
USAK,8637993,2436064709,2026_02_03,2026-04-18 17:22
ENERY,8133894,2420687469,2026_02_03,2026-04-18 17:22
ASTOR,6909848,366896261,2026_02_03,2026-04-18 17:22
HDFGS,5662071,956974191,2026_02_03,2026-04-18 17:22
TTKOM,5608901,524999999,2026_02_03,2026-04-18 17:22
FROTO,5530372,625119847,2026_02_03,2026-04-18 17:22
CWENE,5470480,530758241,2026_02_03,2026-04-18 17:22
MAVI,5060214,576779312,2026_02_03,2026-04-18 17:22
ECOGR,5028052,110000000,2026_02_03,2026-04-18 17:22
ESEN,5010274,682499950,2026_02_03,2026-04-18 17:22
SKBNK,4891833,2498877854,2026_02_03,2026-04-18 17:22
AKFIS,4775866,66841328,2026_02_03,2026-04-18 17:22
INFO,4454715,767463337,2026_02_03,2026-04-18 17:22
SARKY,4393193,999999671,2026_02_03,2026-04-18 17:22
ULUFA,4289098,305269391,2026_02_03,2026-04-18 17:22
CCOLA,4056959,818085147,2026_02_03,2026-04-18 17:22
SOKM,3809674,448708248,2026_02_03,2026-04-18 17:22
HALKB,3655802,6546422780,2026_02_03,2026-04-18 17:22
TCELL,3217194,1622604373,2026_02_03,2026-04-18 17:22
ARZUM,3086895,400949823,2026_02_03,2026-04-18 17:22
KLSYN,2932300,107854952,2026_02_03,2026-04-18 17:22
PENGD,2843668,171069968,2026_02_03,2026-04-18 17:22
AKGRT,2736937,629007625,2026_02_03,2026-04-18 17:22
ALBRK,2610045,1050739765,2026_02_03,2026-04-18 17:22
BSOKE,2581646,458487038,2026_02_03,2026-04-18 17:22
RYGYO,2574637,770588057,2026_02_03,2026-04-18 17:22
DMRGD,2532405,1277294592,2026_02_03,2026-04-18 17:22
IZENR,2486603,914537597,2026_02_03,2026-04-18 17:22
RYSAS,2338013,1504020937,2026_02_03,2026-04-18 17:22
MOBTL,2322312,207999999,2026_02_03,2026-04-18 17:22
SNICA,2315407,321688855,2026_02_03,2026-04-18 17:22
ENKAI,2295429,874733059,2026_02_03,2026-04-18 17:22
KARSN,2272947,827827039,2026_02_03,2026-04-18 17:22
KUYAS,2134312,398957788,2026_02_03,2026-04-18 17:22
TEHOL,2016355,1967930261,2026_02_03,2026-04-18 17:22
AGROT,1982403,843999770,2026_02_03,2026-04-18 17:22
KBORU,1974667,143999994,2026_02_03,2026-04-18 17:22
EREGL,1964281,3554238535,2026_02_03,2026-04-18 17:22
PEKGY,1731343,4685233406,2026_02_03,2026-04-18 17:22
MOGAN,1730847,262635000,2026_02_03,2026-04-18 17:22
DARDL,1716525,1753442695,2026_02_03,2026-04-18 17:22
MIATK,1713747,313087979,2026_02_03,2026-04-18 17:22
PETUN,1588777,134673118,2026_02_03,2026-04-18 17:22
KTLEV,1509867,1288500000,2026_02_03,2026-04-18 17:22
SAHOL,1455602,1145847384,2026_02_03,2026-04-18 17:22
ESCOM,1432534,463831670,2026_02_03,2026-04-18 17:22
MAGEN,1351294,719512140,2026_02_03,2026-04-18 17:22
AKSA,1325227,1503650642,2026_02_03,2026-04-18 17:22
ODINE,1311206,52810834,2026_02_03,2026-04-18 17:22
GLYHO,1292435,1949290631,2026_02_03,2026-04-18 17:22
FONET,1222483,577082984,2026_02_03,2026-04-18 17:22
IEYHO,1187496,541032947,2026_02_03,2026-04-18 17:22
ISSEN,1123182,107411517,2026_02_03,2026-04-18 17:22
ESCAR,1112872,101933690,2026_02_03,2026-04-18 17:22
TOASO,1099606,120585076,2026_02_03,2026-04-18 17:22
YYLGD,1097551,369826200,2026_02_03,2026-04-18 17:22
ZOREN,1090226,2681244194,2026_02_03,2026-04-18 17:22
MEGMT,1083434,72749986,2026_02_03,2026-04-18 17:22
AKFYE,1059189,551782160,2026_02_03,2026-04-18 17:22
DOHOL,1055295,984706978,2026_02_03,2026-04-18 17:22
DENGE,1028356,525284797,2026_02_03,2026-04-18 17:22
DITAS,1009591,83407812,2026_02_03,2026-04-18 17:22
GMTAS,978704,298687813,2026_02_03,2026-04-18 17:22
DYOBY,959328,186553687,2026_02_03,2026-04-18 17:22
SEGMN,946731,80999980,2026_02_03,2026-04-18 17:22
KOTON,935378,136599922,2026_02_03,2026-04-18 17:22
KRVGD,897705,596159766,2026_02_03,2026-04-18 17:22
PASEU,895092,215295868,2026_02_03,2026-04-18 17:22
YEOTK,865783,160933198,2026_02_03,2026-04-18 17:22
ENTRA,842376,369383564,2026_02_03,2026-04-18 17:22
DCTTR,821769,157328724,2026_02_03,2026-04-18 17:22
PSGYO,772702,2954231556,2026_02_03,2026-04-18 17:22
AKSGY,765581,1628451947,2026_02_03,2026-04-18 17:22
TATEN,718312,347799724,2026_02_03,2026-04-18 17:22
ISDMR,688758,147623050,2026_02_03,2026-04-18 17:22
HEDEF,682136,562499930,2026_02_03,2026-04-18 17:22
AHGAZ,676375,659370871,2026_02_03,2026-04-18 17:22
TRENJ,673924,98018735,2026_02_03,2026-04-18 17:22
KRPLS,672999,78486163,2026_02_03,2026-04-18 17:22
KLKIM,672025,138383655,2026_02_03,2026-04-18 17:22
AGHOL,666111,1068828243,2026_02_03,2026-04-18 17:22
GUNDG,656325,18968972,2026_02_03,2026-04-18 17:22
DURDO,644301,379703149,2026_02_03,2026-04-18 17:22
DGNMO,626142,327634635,2026_02_03,2026-04-18 17:22
BNTAS,610967,170624998,2026_02_03,2026-04-18 17:22
ANSGR,603542,1564416026,2026_02_03,2026-04-18 17:22
KAYSE,596111,813937126,2026_02_03,2026-04-18 17:22
EKSUN,595802,171792833,2026_02_03,2026-04-18 17:22
EDATA,590468,160065395,2026_02_03,2026-04-18 17:22
BINHO,587278,488884380,2026_02_03,2026-04-18 17:22
DAGI,575877,175301274,2026_02_03,2026-04-18 17:22
VRGYO,574376,597693904,2026_02_03,2026-04-18 17:22
ALARK,571190,165125148,2026_02_03,2026-04-18 17:22
MOPAS,557362,57330000,2026_02_03,2026-04-18 17:22
TRMET,523756,174483588,2026_02_03,2026-04-18 17:22
ARCLK,516500,170054748,2026_02_03,2026-04-18 17:22
TURSG,514718,7907296076,2026_02_03,2026-04-18 17:22
ETILR,511106,156217454,2026_02_03,2026-04-18 17:22
KFEIN,504407,150306170,2026_02_03,2026-04-18 17:22
BORSK,499511,279999879,2026_02_03,2026-04-18 17:22
VSNMD,493563,24000000,2026_02_03,2026-04-18 17:22
MHRGY,484554,310499991,2026_02_03,2026-04-18 17:22
TABGD,466686,52499906,2026_02_03,2026-04-18 17:22
IZFAS,466597,156001658,2026_02_03,2026-04-18 17:22
ENSRI,466181,236333503,2026_02_03,2026-04-18 17:22
MERIT,445077,329748900,2026_02_03,2026-04-18 17:22
EGSER,420193,545751057,2026_02_03,2026-04-18 17:22
YUNSA,419352,202164056,2026_02_03,2026-04-18 17:22
LYDHO,418273,197140970,2026_02_03,2026-04-18 17:22
KOPOL,417244,266319652,2026_02_03,2026-04-18 17:22
FRIGO,415842,263258455,2026_02_03,2026-04-18 17:22
YIGIT,415144,74999975,2026_02_03,2026-04-18 17:22
ZTLRFF,400000,3480000,2026_02_03,2026-04-18 17:22
TERA,395048,240888789,2026_02_03,2026-04-18 17:22
RTALB,392017,432976722,2026_02_03,2026-04-18 17:22
SOKE,387034,126999996,2026_02_03,2026-04-18 17:22
BERA,375480,491955730,2026_02_03,2026-04-18 17:22
AFYON,371721,399992258,2026_02_03,2026-04-18 17:22
MEKAG,367552,320319999,2026_02_03,2026-04-18 17:22
MNDRS,357911,222007982,2026_02_03,2026-04-18 17:22
EGPRO,347170,175170570,2026_02_03,2026-04-18 17:22
FZLGY,336710,398427644,2026_02_03,2026-04-18 17:22
ISYAT,332902,152245569,2026_02_03,2026-04-18 17:22
EFOR,323019,670679994,2026_02_03,2026-04-18 17:22
OZGYO,318320,490916869,2026_02_03,2026-04-18 17:22
MTRKS,316016,43633165,2026_02_03,2026-04-18 17:22
AKSEN,314791,638545796,2026_02_03,2026-04-18 17:22
TKNSA,314595,100485379,2026_02_03,2026-04-18 17:22
MPARK,309206,80869110,2026_02_03,2026-04-18 17:22
ULUUN,301785,290523352,2026_02_03,2026-04-18 17:22
ENJSA,295136,236209270,2026_02_03,2026-04-18 17:22
GOODY,294458,132804473,2026_02_03,2026-04-18 17:22
GWIND,293536,179165491,2026_02_03,2026-04-18 17:22
MGROS,293476,96563547,2026_02_03,2026-04-18 17:22
TUCLK,285794,230681400,2026_02_03,2026-04-18 17:22
TRILC,283039,118499496,2026_02_03,2026-04-18 17:22
KRDMA,277182,240300917,2026_02_03,2026-04-18 17:22
KRTEK,274713,18914650,2026_02_03,2026-04-18 17:22
AYDEM,273763,130000000,2026_02_03,2026-04-18 17:22
EYGYO,268799,362859667,2026_02_03,2026-04-18 17:22
DMSAS,259158,199994510,2026_02_03,2026-04-18 17:22
AVGYO,256367,111590302,2026_02_03,2026-04-18 17:22
AVPGY,253773,99999990,2026_02_03,2026-04-18 17:22
ZEDUR,253462,69899992,2026_02_03,2026-04-18 17:22
PRKME,249151,53038641,2026_02_03,2026-04-18 17:22
ORGE,242629,41839996,2026_02_03,2026-04-18 17:22
IHEVA,241940,291631239,2026_02_03,2026-04-18 17:22
LMKDC,241498,155929999,2026_02_03,2026-04-18 17:22
IHGZT,236101,570666228,2026_02_03,2026-04-18 17:22
KAREL,234554,329659497,2026_02_03,2026-04-18 17:22
REEDR,232158,632419525,2026_02_03,2026-04-18 17:22
RUZYE,231878,267748491,2026_02_03,2026-04-18 17:22
LIDER,227179,279500000,2026_02_03,2026-04-18 17:22
ANELE,227098,151405542,2026_02_03,2026-04-18 17:22
LIDFA,226485,458180545,2026_02_03,2026-04-18 17:22
SAFKR,223274,139406162,2026_02_03,2026-04-18 17:22
BARMA,220223,68130939,2026_02_03,2026-04-18 17:22
NETCD,212439,40000000,2026_02_03,2026-04-18 17:22
GOKNR,212213,178040711,2026_02_03,2026-04-18 17:22
KGYO,209679,767895148,2026_02_03,2026-04-18 17:22
GLRMK,205088,38760000,2026_02_03,2026-04-18 17:22
ALKA,203761,330750000,2026_02_03,2026-04-18 17:22
ARFYE,195446,47000000,2026_02_03,2026-04-18 17:22
KNFRT,195238,131747000,2026_02_03,2026-04-18 17:22
KRSTL,193649,183664642,2026_02_03,2026-04-18 17:22
IZMDC,192906,723225318,2026_02_03,2026-04-18 17:22
MNDTR,192654,910071938,2026_02_03,2026-04-18 17:22
SUWEN,180143,365687500,2026_02_03,2026-04-18 17:22
ARDYZ,173678,279551557,2026_02_03,2026-04-18 17:22
TRGYO,166019,251573369,2026_02_03,2026-04-18 17:22
VBTYZ,157029,56025000,2026_02_03,2026-04-18 17:22
OZATD,155873,13349988,2026_02_03,2026-04-18 17:22
GSDDE,154204,106850751,2026_02_03,2026-04-18 17:22
AVOD,154099,253604577,2026_02_03,2026-04-18 17:22
EMKEL,152376,149999456,2026_02_03,2026-04-18 17:22
GENTS,151963,749958921,2026_02_03,2026-04-18 17:22
KRONT,146382,116892885,2026_02_03,2026-04-18 17:22
ZRGYO,134286,1173404997,2026_02_03,2026-04-18 17:22
BEYAZ,133520,42317352,2026_02_03,2026-04-18 17:22
KTSKR,132352,14691795,2026_02_03,2026-04-18 17:22
DSTKF,131309,83333333,2026_02_03,2026-04-18 17:22
KLMSN,129697,30881297,2026_02_03,2026-04-18 17:22
NIBAS,128497,267767946,2026_02_03,2026-04-18 17:22
KLYPV,125272,46334639,2026_02_03,2026-04-18 17:22
GLCVY,124510,26400000,2026_02_03,2026-04-18 17:22
HRKET,120427,24000000,2026_02_03,2026-04-18 17:22
VAKFA,112036,224999701,2026_02_03,2026-04-18 17:22
BOSSA,111079,508724189,2026_02_03,2026-04-18 17:22
DOAS,110305,97899975,2026_02_03,2026-04-18 17:22
CATES,107669,33050000,2026_02_03,2026-04-18 17:22
TEKTU,104487,195639311,2026_02_03,2026-04-18 17:22
TAVHL,103752,213213415,2026_02_03,2026-04-18 17:22
KORDS,100873,65421451,2026_02_03,2026-04-18 17:22
KAPLM,100183,4563571,2026_02_03,2026-04-18 17:22
ARMGD,96223,54996000,2026_02_03,2026-04-18 17:22
SANKO,91148,37499197,2026_02_03,2026-04-18 17:22
SEKUR,90671,131457835,2026_02_03,2026-04-18 17:22
DESPC,86885,16023700,2026_02_03,2026-04-18 17:22
AKCNS,85439,39359284,2026_02_03,2026-04-18 17:22
ATATP,84442,18809999,2026_02_03,2026-04-18 17:22
PNLSN,84205,34752383,2026_02_03,2026-04-18 17:22
ARTMS,79339,24199999,2026_02_03,2026-04-18 17:22
LINK,76107,18231985,2026_02_03,2026-04-18 17:22
BINBN,73247,17000000,2026_02_03,2026-04-18 17:22
BAHKM,71489,23289000,2026_02_03,2026-04-18 17:22
AKSUE,64951,56376184,2026_02_03,2026-04-18 17:22
OZSUB,64220,42499126,2026_02_03,2026-04-18 17:22
HTTBT,64093,82805422,2026_02_03,2026-04-18 17:22
KONTR,61355,936038762,2026_02_03,2026-04-18 17:22
BRKSN,55948,62639942,2026_02_03,2026-04-18 17:22
YKSLN,54484,197429570,2026_02_03,2026-04-18 17:22
BAKAB,54328,34985326,2026_02_03,2026-04-18 17:22
ANHYT,54181,88457041,2026_02_03,2026-04-18 17:22
ADGYO,53641,379654333,2026_02_03,2026-04-18 17:22
MEPET,52776,73940585,2026_02_03,2026-04-18 17:22
UFUK,52279,46845974,2026_02_03,2026-04-18 17:22
PCILT,51936,45014182,2026_02_03,2026-04-18 17:22
GRTHO,51159,36745000,2026_02_03,2026-04-18 17:22
BIZIM,50488,27601626,2026_02_03,2026-04-18 17:22
CEMAS,48429,790994229,2026_02_03,2026-04-18 17:22
GRSEL,48252,29650000,2026_02_03,2026-04-18 17:22
TUREX,47762,432000000,2026_02_03,2026-04-18 17:22
KMPUR,46695,132432524,2026_02_03,2026-04-18 17:22
KARTN,46359,72781126,2026_02_03,2026-04-18 17:22
ADEL,45836,112043619,2026_02_03,2026-04-18 17:22
ECZYT,44499,45880511,2026_02_03,2026-04-18 17:22
VERTU,44321,22000000,2026_02_03,2026-04-18 17:22
PARSN,43873,34033246,2026_02_03,2026-04-18 17:22
ALTNY,41517,399885115,2026_02_03,2026-04-18 17:22
AVHOL,40314,26047279,2026_02_03,2026-04-18 17:22
KUTPO,40060,10524430,2026_02_03,2026-04-18 17:22
BEGYO,39659,290000000,2026_02_03,2026-04-18 17:22
TLMAN,39508,10300000,2026_02_03,2026-04-18 17:22
RUBNS,38930,42377765,2026_02_03,2026-04-18 17:22
ODAS,38459,1113798031,2026_02_03,2026-04-18 17:22
SAYAS,38128,42530887,2026_02_03,2026-04-18 17:22
GEDZA,37609,42983624,2026_02_03,2026-04-18 17:22
OFSYM,37147,22749998,2026_02_03,2026-04-18 17:22
OZYSR,36753,40488000,2026_02_03,2026-04-18 17:22
CRDFA,35451,74996857,2026_02_03,2026-04-18 17:22
OSMEN,34665,157750927,2026_02_03,2026-04-18 17:22
GSDHO,34253,999994969,2026_02_03,2026-04-18 17:22
SMRVA,34103,28000000,2026_02_03,2026-04-18 17:22
TMPOL,33259,11039990,2026_02_03,2026-04-18 17:22
DERIM,31989,40403770,2026_02_03,2026-04-18 17:22
YESIL,31786,640699949,2026_02_03,2026-04-18 17:22
GARAN,31613,2454957798,2026_02_03,2026-04-18 17:22
LUKSK,31500,27257202,2026_02_03,2026-04-18 17:22
SUNTK,30630,145280000,2026_02_03,2026-04-18 17:22
IMASM,28989,622850499,2026_02_03,2026-04-18 17:22
GZNMI,28559,40949825,2026_02_03,2026-04-18 17:22
TRCAS,27965,206252778,2026_02_03,2026-04-18 17:22
IHAAS,27285,56031248,2026_02_03,2026-04-18 17:22
SMART,26409,29737499,2026_02_03,2026-04-18 17:22
SEKFK,26041,62311473,2026_02_03,2026-04-18 17:22
ULUSE,25279,24000000,2026_02_03,2026-04-18 17:22
UCAYM,24999,60000000,2026_02_03,2026-04-18 17:22
AYGAZ,24645,98568807,2026_02_03,2026-04-18 17:22
ICBCT,24067,216761845,2026_02_03,2026-04-18 17:22
BIGTK,23800,23834373,2026_02_03,2026-04-18 17:22
BESLR,23639,658098036,2026_02_03,2026-04-18 17:22
CRFSA,22804,18312793,2026_02_03,2026-04-18 17:22
NUGYO,22613,324943976,2026_02_03,2026-04-18 17:22
AHSGY,22473,184999889,2026_02_03,2026-04-18 17:22
DNISI,22112,59171727,2026_02_03,2026-04-18 17:22
CEOEM,22003,22209658,2026_02_03,2026-04-18 17:22
FMIZP,20637,3497641,2026_02_03,2026-04-18 17:22
PAGYO,19238,57781202,2026_02_03,2026-04-18 17:22
PRKAB,18585,35225443,2026_02_03,2026-04-18 17:22
BAYRK,18354,189751123,2026_02_03,2026-04-18 17:22
VKING,18156,30932905,2026_02_03,2026-04-18 17:22
ASUZU,17804,41130807,2026_02_03,2026-04-18 17:22
EBEBK,17295,40534692,2026_02_03,2026-04-18 17:22
TMSN,17229,44449988,2026_02_03,2026-04-18 17:22
AYCES,16514,1895369,2026_02_03,2026-04-18 17:22
TGSAS,16344,12348294,2026_02_03,2026-04-18 17:22
MAKTK,14373,184370066,2026_02_03,2026-04-18 17:22
CGCAM,13814,42000000,2026_02_03,2026-04-18 17:22
GIPTA,12408,51617863,2026_02_03,2026-04-18 17:22
PINSU,11429,101635846,2026_02_03,2026-04-18 17:22
PRDGS,11380,110850000,2026_02_03,2026-04-18 17:22
ISGYO,11340,531312439,2026_02_03,2026-04-18 17:22
ARASE,8467,49999991,2026_02_03,2026-04-18 17:22
PNSUT,8330,128323851,2026_02_03,2026-04-18 17:22
GOLTS,8291,12422783,2026_02_03,2026-04-18 17:22
PAMEL,8160,21533681,2026_02_03,2026-04-18 17:22
MAALT,7506,4763850,2026_02_03,2026-04-18 17:22
NUHCM,7061,33163299,2026_02_03,2026-04-18 17:22
BAGFS,6913,100042745,2026_02_03,2026-04-18 17:22
DERHL,6646,197281316,2026_02_03,2026-04-18 17:22
JANTS,6553,207512786,2026_02_03,2026-04-18 17:22
CUSAN,6274,18500000,2026_02_03,2026-04-18 17:22
EGEPO,5807,200000000,2026_02_03,2026-04-18 17:22
BVSAN,5576,13749998,2026_02_03,2026-04-18 17:22
DOFRB,5312,45000000,2026_02_03,2026-04-18 17:22
LRSHO,4509,724120946,2026_02_03,2026-04-18 17:22
MARMR,4142,961218727,2026_02_03,2026-04-18 17:22
MARKA,3740,20752018,2026_02_03,2026-04-18 17:22
BANVT,3693,36961044,2026_02_03,2026-04-18 17:22
ALCAR,3576,1721735,2026_02_03,2026-04-18 17:22
TTRAK,3488,24967158,2026_02_03,2026-04-18 17:22
VERUS,3455,34499937,2026_02_03,2026-04-18 17:22
PLTUR,3146,49500000,2026_02_03,2026-04-18 17:22
ISGSY,1897,47378729,2026_02_03,2026-04-18 17:22
CMBTN,1128,1023000,2026_02_03,2026-04-18 17:22
BIGEN,1011,115500000,2026_02_03,2026-04-18 17:22
DOFER,863,20172500,2026_02_03,2026-04-18 17:22
POLTK,790,1125000,2026_02_03,2026-04-18 17:22
OTTO,718,5824438,2026_02_03,2026-04-18 17:22
ALKLC,669,45382467,2026_02_03,2026-04-18 17:22
INGRM,135,14969536,2026_02_03,2026-04-18 17:22
SONME,0,4349319,2026_02_03,2026-04-18 17:22
OYAYO,0,19999941,2026_02_03,2026-04-18 17:22
OYLUM,0,80937367,2026_02_03,2026-04-18 17:22
ARBUL,0,15459297,2026_02_03,2026-04-18 17:22
LIOYS,0,31625013,2026_02_03,2026-04-18 17:22
OZRDN,0,57107579,2026_02_03,2026-04-18 17:22
ALVES,0,862856920,2026_02_03,2026-04-18 17:22
TDGYO,0,59898213,2026_02_03,2026-04-18 17:22
FENIS,0,26080019,2026_02_03,2026-04-18 17:22
FLAP,0,93599985,2026_02_03,2026-04-18 17:22
EGCYO,0,21986285,2026_02_03,2026-04-18 17:22
KENT,0,1786507,2026_02_03,2026-04-18 17:22
KERVN,0,588346973,2026_02_03,2026-04-18 17:22
DGGYO,0,280709437,2026_02_03,2026-04-18 17:22
MANGO,0,37831688,2026_02_03,2026-04-18 17:22
ASYAB,0,477899601,2026_02_03,2026-04-18 17:22
AGYO,0,129036460,2026_02_03,2026-04-18 17:22
ATEKS,0,5441598,2026_02_03,2026-04-18 17:22
MEGAP,0,234498757,2026_02_03,2026-04-18 17:22
KLNMA,0,91846864,2026_02_03,2026-04-18 17:22
ATPET,0,11403497,2026_02_03,2026-04-18 17:22
TRHOL,0,17635692,2026_02_03,2026-04-18 17:22
MEMSA,0,160110709,2026_02_03,2026-04-18 17:22
MENBA,0,3496852,2026_02_03,2026-04-18 17:22
AKYHO,0,223895870,2026_02_03,2026-04-18 17:22
CMENT,0,56829666,2026_02_03,2026-04-18 17:22
PRZMA,0,61941150,2026_02_03,2026-04-18 17:22
PSDTC,0,6599991,2026_02_03,2026-04-18 17:22
AKMGY,0,21568998,2026_02_03,2026-04-18 17:22
UKIM,0,2053621,2026_02_03,2026-04-18 17:22
ULAS,0,25200172,2026_02_03,2026-04-18 17:22
QNBFK,0,843137646,2026_02_03,2026-04-18 17:22
QNBTR,0,2571745911,2026_02_03,2026-04-18 17:22
GLBMD,0,28880500,2026_02_03,2026-04-18 17:22
UNTAR,0,29562129,2026_02_03,2026-04-18 17:22
RNPOL,0,16795000,2026_02_03,2026-04-18 17:22
UZEL,0,26329793,2026_02_03,2026-04-18 17:22
ENPRA,0,15294299,2026_02_03,2026-04-18 17:22
GLDTRF,0,45850000,2026_02_03,2026-04-18 17:22
DOGUB,0,19821566,2026_02_03,2026-04-18 17:22
KRATL,0,17800000,2026_02_03,2026-04-18 17:22
ISBIR,0,14520542,2026_02_03,2026-04-18 17:22
AKPAZ,0,22488832,2026_02_03,2026-04-18 17:22
SANEL,0,18112451,2026_02_03,2026-04-18 17:22
BRMEN,0,57566555,2026_02_03,2026-04-18 17:22
YGYO,0,1310632851,2026_02_03,2026-04-18 17:22
ERSU,0,31755894,2026_02_03,2026-04-18 17:22
GOLDS,0,192323946,2026_02_03,2026-04-18 17:22
KSTUR,0,3952560,2026_02_03,2026-04-18 17:22
ARTOG,0,18578922,2026_02_03,2026-04-18 17:22
BURCE,0,44422390,2026_02_03,2026-04-18 17:22
SEYKM,0,151040901,2026_02_03,2026-04-18 17:22
ZGYO,0,84500000,2026_02_03,2026-04-18 17:22
SILVR,0,212818206,2026_02_03,2026-04-18 17:22
GRNYO,0,37386059,2026_02_03,2026-04-18 17:22
SKYLP,0,7159255,2026_02_03,2026-04-18 17:22
BURVA,0,4723271,2026_02_03,2026-04-18 17:22
ORCAY,0,150197341,2026_02_03,2026-04-18 17:22
ARAT,0,39867975,2026_02_03,2026-04-18 17:22
SNPAM,0,19679871,2026_02_03,2026-04-18 17:22
EUHOL,0,142999954,2026_02_03,2026-04-18 17:22
BYDNR,0,22999984,2026_02_03,2026-04-18 17:22
TARKM,-9,4999997,2026_02_03,2026-04-18 17:22
MRSHL,-13,4212888,2026_02_03,2026-04-18 17:22
LYDYE,-136,1391287,2026_02_03,2026-04-18 17:22
ACSEL,-529,8589113,2026_02_03,2026-04-18 17:22
KONYA,-1321,1646416,2026_02_03,2026-04-18 17:22
INTEM,-1460,9428747,2026_02_03,2026-04-18 17:22
BFREN,-2499,24586148,2026_02_03,2026-04-18 17:22
ELITE,-2733,44650000,2026_02_03,2026-04-18 17:22
TBORG,-2851,59392160,2026_02_03,2026-04-18 17:22
EGEGY,-3027,69140000,2026_02_03,2026-04-18 17:22
ANGEN,-3996,86440002,2026_02_03,2026-04-18 17:22
EGEEN,-4431,1137161,2026_02_03,2026-04-18 17:22
BRYAT,-4582,10264685,2026_02_03,2026-04-18 17:22
BMSCH,-5092,69277402,2026_02_03,2026-04-18 17:22
INVES,-5537,37480000,2026_02_03,2026-04-18 17:22
ERBOS,-5570,15899843,2026_02_03,2026-04-18 17:22
EGGUB,-6246,75862197,2026_02_03,2026-04-18 17:22
ARENA,-6809,66996461,2026_02_03,2026-04-18 17:22
ERCB,-7087,39113273,2026_02_03,2026-04-18 17:22
CLEBI,-9731,5490178,2026_02_03,2026-04-18 17:22
ALFAS,-10620,84639559,2026_02_03,2026-04-18 17:22
INVEO,-10735,998999954,2026_02_03,2026-04-18 17:22
SELEC,-11699,124262097,2026_02_03,2026-04-18 17:22
ALKIM,-11996,182767821,2026_02_03,2026-04-18 17:22
YAYLA,-14213,39874966,2026_02_03,2026-04-18 17:22
SKTAS,-15759,332865443,2026_02_03,2026-04-18 17:22
ONCSM,-17132,10086000,2026_02_03,2026-04-18 17:22
AKHAN,-18680,54700000,2026_02_03,2026-04-18 17:22
YGGYO,-20440,240625741,2026_02_03,2026-04-18 17:22
MERKO,-20495,101104700,2026_02_03,2026-04-18 17:22
DOKTA,-21833,145872862,2026_02_03,2026-04-18 17:22
KONKA,-22181,89670000,2026_02_03,2026-04-18 17:22
BRLSM,-22240,108025075,2026_02_03,2026-04-18 17:22
DGATE,-26548,15227271,2026_02_03,2026-04-18 17:22
DUNYH,-26553,36443197,2026_02_03,2026-04-18 17:22
HKTM,-27029,72747495,2026_02_03,2026-04-18 17:22
AKENR,-29560,385189146,2026_02_03,2026-04-18 17:22
MZHLD,-33805,72215314,2026_02_03,2026-04-18 17:22
YATAS,-35728,94866488,2026_02_03,2026-04-18 17:22
PKENT,-36763,23766169,2026_02_03,2026-04-18 17:22
TEZOL,-41423,139999972,2026_02_03,2026-04-18 17:22
MARBL,-42445,65226403,2026_02_03,2026-04-18 17:22
CEMTS,-43513,233425986,2026_02_03,2026-04-18 17:22
ATAKP,-43769,28224000,2026_02_03,2026-04-18 17:22
OBASE,-44181,14924000,2026_02_03,2026-04-18 17:22
BASGZ,-44815,174999999,2026_02_03,2026-04-18 17:22
NETAS,-45224,31783484,2026_02_03,2026-04-18 17:22
AGESA,-53446,35829553,2026_02_03,2026-04-18 17:22
BRISA,-53468,31247472,2026_02_03,2026-04-18 17:22
BLCYT,-58497,49088907,2026_02_03,2026-04-18 17:22
KLSER,-61169,109457566,2026_02_03,2026-04-18 17:22
CEMZY,-62699,124119970,2026_02_03,2026-04-18 17:22
FORTE,-64744,21999999,2026_02_03,2026-04-18 17:22
GARFA,-69502,138399778,2026_02_03,2026-04-18 17:22
ASGYO,-71397,165000000,2026_02_03,2026-04-18 17:22
KLGYO,-73620,689399869,2026_02_03,2026-04-18 17:22
KATMR,-74157,1980989998,2026_02_03,2026-04-18 17:22
ALCTL,-76177,13543218,2026_02_03,2026-04-18 17:22
KIMMR,-77513,75000000,2026_02_03,2026-04-18 17:22
BORLS,-78723,308652686,2026_02_03,2026-04-18 17:22
BLUME,-83221,174710134,2026_02_03,2026-04-18 17:22
MRGYO,-86859,1441776032,2026_02_03,2026-04-18 17:22
TCKRC,-87250,70000000,2026_02_03,2026-04-18 17:22
ECILC,-87703,210589603,2026_02_03,2026-04-18 17:22
KRGYO,-87759,275243701,2026_02_03,2026-04-18 17:22
OBAMS,-87851,751078524,2026_02_03,2026-04-18 17:22
TATGD,-90521,119286243,2026_02_03,2026-04-18 17:22
TNZTP,-92471,87499950,2026_02_03,2026-04-18 17:22
VAKKO,-95113,30788486,2026_02_03,2026-04-18 17:22
YAPRK,-96999,4214998,2026_02_03,2026-04-18 17:22
MERCN,-98426,74389005,2026_02_03,2026-04-18 17:22
LKMNH,-103240,163262533,2026_02_03,2026-04-18 17:22
NTHOL,-107715,485479112,2026_02_03,2026-04-18 17:22
OYYAT,-108716,91048322,2026_02_03,2026-04-18 17:22
ISFIN,-110725,310154523,2026_02_03,2026-04-18 17:22
SMRTG,-112941,664164672,2026_02_03,2026-04-18 17:22
EDIP,-113635,36468204,2026_02_03,2026-04-18 17:22
RGYAS,-114052,105523000,2026_02_03,2026-04-18 17:22
SELVA,-116834,747897737,2026_02_03,2026-04-18 17:22
TURGG,-118371,32042988,2026_02_03,2026-04-18 17:22
GUBRF,-120560,85359737,2026_02_03,2026-04-18 17:22
PKART,-125135,11048497,2026_02_03,2026-04-18 17:22
RAYSG,-129483,51947024,2026_02_03,2026-04-18 17:22
DEVA,-131386,199971814,2026_02_03,2026-04-18 17:22
TUKAS,-137698,4499995929,2026_02_03,2026-04-18 17:22
BRSAN,-139398,35912460,2026_02_03,2026-04-18 17:22
HURGZ,-143043,220784167,2026_02_03,2026-04-18 17:22
ENDAE,-146708,121949251,2026_02_03,2026-04-18 17:22
MAKIM,-148055,42559998,2026_02_03,2026-04-18 17:22
BIGCH,-149304,368932945,2026_02_03,2026-04-18 17:22
MEDTR,-149746,24499999,2026_02_03,2026-04-18 17:22
KRDMB,-156018,118762110,2026_02_03,2026-04-18 17:22
ONRYT,-160747,19730000,2026_02_03,2026-04-18 17:22
CONSE,-164651,377854899,2026_02_03,2026-04-18 17:22
SDTTR,-167742,15990000,2026_02_03,2026-04-18 17:22
SERNT,-169415,113000000,2026_02_03,2026-04-18 17:22
GLRYH,-169999,599623814,2026_02_03,2026-04-18 17:22
BIOEN,-170145,197983418,2026_02_03,2026-04-18 17:22
MEYSU,-180199,175000000,2026_02_03,2026-04-18 17:22
BUCIM,-185884,1292638065,2026_02_03,2026-04-18 17:22
SANFM,-187297,225029995,2026_02_03,2026-04-18 17:22
NTGAZ,-189261,276000000,2026_02_03,2026-04-18 17:22
SKYMD,-210071,52499981,2026_02_03,2026-04-18 17:22
AYEN,-213939,55531320,2026_02_03,2026-04-18 17:22
CELHA,-215736,146124228,2026_02_03,2026-04-18 17:22
BALSU,-229607,278000000,2026_02_03,2026-04-18 17:22
POLHO,-236248,164140074,2026_02_03,2026-04-18 17:22
ISMEN,-238127,467723147,2026_02_03,2026-04-18 17:22
HATSN,-240174,44299964,2026_02_03,2026-04-18 17:22
GOZDE,-241864,384991447,2026_02_03,2026-04-18 17:22
UNLU,-256178,102181558,2026_02_03,2026-04-18 17:22
DESA,-260297,171107590,2026_02_03,2026-04-18 17:22
AZTEK,-266201,279000000,2026_02_03,2026-04-18 17:22
FADE,-266851,42347497,2026_02_03,2026-04-18 17:22
EPLAS,-272488,190491857,2026_02_03,2026-04-18 17:22
MSGYO,-272948,169650150,2026_02_03,2026-04-18 17:22
RALYH,-286699,176370972,2026_02_03,2026-04-18 17:22
OZKGY,-289265,363999945,2026_02_03,2026-04-18 17:22
PENTA,-294291,181070136,2026_02_03,2026-04-18 17:22
VESBE,-296756,503578676,2026_02_03,2026-04-18 17:22
LOGO,-312349,74328248,2026_02_03,2026-04-18 17:22
OSTIM,-321772,510004637,2026_02_03,2026-04-18 17:22
KOCMT,-340517,587485478,2026_02_03,2026-04-18 17:22
SEGYO,-343150,203331321,2026_02_03,2026-04-18 17:22
DZGYO,-354330,399777846,2026_02_03,2026-04-18 17:22
BMSTL,-358949,74772261,2026_02_03,2026-04-18 17:22
HATEK,-395195,62998947,2026_02_03,2026-04-18 17:22
SURGY,-401462,44999990,2026_02_03,2026-04-18 17:22
KCAER,-407737,496494775,2026_02_03,2026-04-18 17:22
MACKO,-421821,41453550,2026_02_03,2026-04-18 17:22
BIENY,-434077,83144831,2026_02_03,2026-04-18 17:22
ARSAN,-450963,887344274,2026_02_03,2026-04-18 17:22
EUPWR,-465350,199610525,2026_02_03,2026-04-18 17:22
NATEN,-477184,309375000,2026_02_03,2026-04-18 17:22
GEDIK,-499367,983076856,2026_02_03,2026-04-18 17:22
VESTL,-510507,295447203,2026_02_03,2026-04-18 17:22
MARTI,-550180,590291701,2026_02_03,2026-04-18 17:22
BOBET,-568510,113999998,2026_02_03,2026-04-18 17:22
GENIL,-593349,1289069985,2026_02_03,2026-04-18 17:22
YYAPI,-618281,1705025550,2026_02_03,2026-04-18 17:22
MANAS,-658921,255704000,2026_02_03,2026-04-18 17:22
ZERGY,-662297,156799985,2026_02_03,2026-04-18 17:22
OTKAR,-709187,33417145,2026_02_03,2026-04-18 17:22
SNGYO,-747736,3607173097,2026_02_03,2026-04-18 17:22
ULKER,-770462,338855989,2026_02_03,2026-04-18 17:22
ALGYO,-770523,989338262,2026_02_03,2026-04-18 17:22
IHYAY,-804307,388124996,2026_02_03,2026-04-18 17:22
CIMSA,-840024,488404404,2026_02_03,2026-04-18 17:22
LILAK,-843713,260252705,2026_02_03,2026-04-18 17:22
VAKBN,-931328,8046896130,2026_02_03,2026-04-18 17:22
DURKN,-937428,42500000,2026_02_03,2026-04-18 17:22
TSGYO,-972398,266499982,2026_02_03,2026-04-18 17:22
TKFEN,-981331,230848007,2026_02_03,2026-04-18 17:22
PATEK,-1007200,293081892,2026_02_03,2026-04-18 17:22
ASELS,-1073085,1178597817,2026_02_03,2026-04-18 17:22
KZGYO,-1085826,49999978,2026_02_03,2026-04-18 17:22
CVKMD,-1131117,461999787,2026_02_03,2026-04-18 17:22
KLRHO,-1333219,341250000,2026_02_03,2026-04-18 17:22
PAPIL,-1340046,206247674,2026_02_03,2026-04-18 17:22
SRVGY,-1595328,812499687,2026_02_03,2026-04-18 17:22
METRO,-1669707,539989959,2026_02_03,2026-04-18 17:22
GEREL,-1854086,219036379,2026_02_03,2026-04-18 17:22
BIMAS,-2041312,436214016,2026_02_03,2026-04-18 17:22
GESAN,-2219231,141759180,2026_02_03,2026-04-18 17:22
TSKB,-2388602,1516591673,2026_02_03,2026-04-18 17:22
BULGS,-2489738,72499900,2026_02_03,2026-04-18 17:22
AKFGY,-2930186,3457819313,2026_02_03,2026-04-18 17:22
FORMT,-3119699,1029046010,2026_02_03,2026-04-18 17:22
INDES,-3134568,462749767,2026_02_03,2026-04-18 17:22
TUPRS,-3438928,902333860,2026_02_03,2026-04-18 17:22
THYAO,-3708172,739463453,2026_02_03,2026-04-18 17:22
IHLAS,-4062241,1396079076,2026_02_03,2026-04-18 17:22
VAKFN,-4416296,2064378140,2026_02_03,2026-04-18 17:22
PETKM,-4628527,1241729843,2026_02_03,2026-04-18 17:22
VKGYO,-5393052,1637203242,2026_02_03,2026-04-18 17:22
IHLGM,-5493388,986078000,2026_02_03,2026-04-18 17:22
KRDMD,-6271394,780216365,2026_02_03,2026-04-18 17:22
PGSUS,-6710191,245068870,2026_02_03,2026-04-18 17:22
PAHOL,-7585216,3999999979,2026_02_03,2026-04-18 17:22
ISKPL,-8311664,724625736,2026_02_03,2026-04-18 17:22
HLGYO,-8735425,1075198517,2026_02_03,2026-04-18 17:22
EKGYO,-8749345,1925107366,2026_02_03,2026-04-18 17:22
HUNER,-9823167,670137934,2026_02_03,2026-04-18 17:22
BTCIM,-12012578,4052065429,2026_02_03,2026-04-18 17:22
BJKAS,-12556279,1776089716,2026_02_03,2026-04-18 17:22
HEKTS,-18234668,3946424642,2026_02_03,2026-04-18 17:22
DAPGM,-21071717,928276145,2026_02_03,2026-04-18 17:22
OYAKC,-23068493,4656879379,2026_02_03,2026-04-18 17:22
SISE,-31216711,1814905642,2026_02_03,2026-04-18 17:22
GSRAY,-34979607,10123744690,2026_02_03,2026-04-18 17:22
QUAGR,-35194684,1773200000,2026_02_03,2026-04-18 17:22
TSPOR,-37582373,3674526650,2026_02_03,2026-04-18 17:22
ISCTR,-53341727,8880396856,2026_02_03,2026-04-18 17:22
ADESE,-113918895,4687131701,2026_02_03,2026-04-18 17:22
SASA,-164211732,25700419936,2026_02_03,2026-04-18 17:22
MRGYO,31199488,1753202571,2026_02_04,2026-04-18 17:23
ESCOM,25385342,463831670,2026_02_04,2026-04-18 17:23
ALVES,24331933,1159999780,2026_02_04,2026-04-18 17:23
DMRGD,9701790,1277294592,2026_02_04,2026-04-18 17:23
AKSA,8088935,1503650642,2026_02_04,2026-04-18 17:23
IHGZT,6380957,570666228,2026_02_04,2026-04-18 17:23
KRDMA,4576348,240300917,2026_02_04,2026-04-18 17:23
USAK,4327019,2436064709,2026_02_04,2026-04-18 17:23
PSGYO,4180935,2954231556,2026_02_04,2026-04-18 17:23
SRVGY,4149087,812499687,2026_02_04,2026-04-18 17:23
RNPOL,3799824,335900000,2026_02_04,2026-04-18 17:23
CANTE,3338872,8608815637,2026_02_04,2026-04-18 17:23
SANFM,3214822,225029995,2026_02_04,2026-04-18 17:23
IHLGM,3204003,986078000,2026_02_04,2026-04-18 17:23
RYSAS,2934242,1504020937,2026_02_04,2026-04-18 17:23
ADESE,2902021,4687131701,2026_02_04,2026-04-18 17:23
SARKY,2762796,999999671,2026_02_04,2026-04-18 17:23
KGYO,2333669,767895148,2026_02_04,2026-04-18 17:23
AEFES,2295871,2028860053,2026_02_04,2026-04-18 17:23
ENTRA,2225073,369383564,2026_02_04,2026-04-18 17:23
RYGYO,2028255,770588057,2026_02_04,2026-04-18 17:23
KUYAS,1777910,398957788,2026_02_04,2026-04-18 17:23
YYAPI,1657504,1705025550,2026_02_04,2026-04-18 17:23
SEGMN,1556021,80999980,2026_02_04,2026-04-18 17:23
AKFGY,1397250,3457819313,2026_02_04,2026-04-18 17:23
TURSG,1379301,7907296076,2026_02_04,2026-04-18 17:23
DARDL,1224454,1753442695,2026_02_04,2026-04-18 17:23
KLGYO,1167238,689399869,2026_02_04,2026-04-18 17:23
KATMR,908583,1980989998,2026_02_04,2026-04-18 17:23
PASEU,821225,215295868,2026_02_04,2026-04-18 17:23
MARTI,738260,650112403,2026_02_04,2026-04-18 17:23
BERA,710791,491964370,2026_02_04,2026-04-18 17:23
MPARK,488516,80869110,2026_02_04,2026-04-18 17:23
AGHOL,467855,1068828243,2026_02_04,2026-04-18 17:23
AKSUE,450797,56376184,2026_02_04,2026-04-18 17:23
NIBAS,434373,267767946,2026_02_04,2026-04-18 17:23
ARSAN,403563,887344274,2026_02_04,2026-04-18 17:23
ALTNY,403242,399885115,2026_02_04,2026-04-18 17:23
KONTR,385098,936038762,2026_02_04,2026-04-18 17:23
DSTKF,314292,84533333,2026_02_04,2026-04-18 17:23
FORMT,294022,1029046010,2026_02_04,2026-04-18 17:23
LYDHO,270204,197140970,2026_02_04,2026-04-18 17:23
ONCSM,258323,10086000,2026_02_04,2026-04-18 17:23
GWIND,255047,179165491,2026_02_04,2026-04-18 17:23
TERA,220912,240888789,2026_02_04,2026-04-18 17:23
HLGYO,217250,1075198517,2026_02_04,2026-04-18 17:23
ONRYT,205621,19730000,2026_02_04,2026-04-18 17:23
ASGYO,201739,165000000,2026_02_04,2026-04-18 17:23
AGROT,199758,843999770,2026_02_04,2026-04-18 17:23
HURGZ,197382,220784167,2026_02_04,2026-04-18 17:23
MSGYO,195357,169650150,2026_02_04,2026-04-18 17:23
OZATD,191681,13349988,2026_02_04,2026-04-18 17:23
EBEBK,181630,40534692,2026_02_04,2026-04-18 17:23
PEKGY,181085,4685233406,2026_02_04,2026-04-18 17:23
BLUME,166697,174710134,2026_02_04,2026-04-18 17:23
EGEGY,161469,69140000,2026_02_04,2026-04-18 17:23
MANAS,157226,255704000,2026_02_04,2026-04-18 17:23
BULGS,144967,72499900,2026_02_04,2026-04-18 17:23
BINBN,139391,17000000,2026_02_04,2026-04-18 17:23
IZFAS,112551,156001658,2026_02_04,2026-04-18 17:23
DURKN,104827,42500000,2026_02_04,2026-04-18 17:23
VAKKO,100028,30788486,2026_02_04,2026-04-18 17:23
BMSTL,96704,74772261,2026_02_04,2026-04-18 17:23
VRGYO,89393,597693904,2026_02_04,2026-04-18 17:23
KFEIN,83771,150306170,2026_02_04,2026-04-18 17:23
FZLGY,80427,398427644,2026_02_04,2026-04-18 17:23
KLRHO,71969,341250000,2026_02_04,2026-04-18 17:23
CEMZY,69634,124119970,2026_02_04,2026-04-18 17:23
BNTAS,60390,170624998,2026_02_04,2026-04-18 17:23
GMTAS,60228,298687813,2026_02_04,2026-04-18 17:23
BMSCH,55787,69277402,2026_02_04,2026-04-18 17:23
PKART,50558,11048497,2026_02_04,2026-04-18 17:23
SKTAS,49041,332865443,2026_02_04,2026-04-18 17:23
KOCMT,41243,587485478,2026_02_04,2026-04-18 17:23
ETILR,40596,156217454,2026_02_04,2026-04-18 17:23
BORLS,40431,308652686,2026_02_04,2026-04-18 17:23
ARFYE,31356,47000000,2026_02_04,2026-04-18 17:23
ALKLC,28895,45382467,2026_02_04,2026-04-18 17:23
KONKA,25364,89670000,2026_02_04,2026-04-18 17:23
BIGCH,24308,368932945,2026_02_04,2026-04-18 17:23
SELVA,23074,747897737,2026_02_04,2026-04-18 17:23
CUSAN,21411,18500000,2026_02_04,2026-04-18 17:23
KAPLM,20776,4563571,2026_02_04,2026-04-18 17:23
RUBNS,19543,42377765,2026_02_04,2026-04-18 17:23
BIGTK,18324,23834373,2026_02_04,2026-04-18 17:23
MERKO,16725,101104700,2026_02_04,2026-04-18 17:23
ISGYO,14510,531312439,2026_02_04,2026-04-18 17:23
UFUK,10054,46845974,2026_02_04,2026-04-18 17:23
INVEO,9246,998999954,2026_02_04,2026-04-18 17:23
IHLAS,7148,1396079076,2026_02_04,2026-04-18 17:23
SMRTG,6644,664164672,2026_02_04,2026-04-18 17:23
BRKVY,6528,13618361,2026_02_04,2026-04-18 17:23
PINSU,5985,101635846,2026_02_04,2026-04-18 17:23
ALFAS,5577,84639559,2026_02_04,2026-04-18 17:23
YAYLA,4632,39874966,2026_02_04,2026-04-18 17:23
TTRAK,4543,24967158,2026_02_04,2026-04-18 17:23
TEZOL,1264,139999972,2026_02_04,2026-04-18 17:23
KRGYO,1078,275246747,2026_02_04,2026-04-18 17:23
DOFER,965,20172500,2026_02_04,2026-04-18 17:23
TARKM,519,4999997,2026_02_04,2026-04-18 17:23
OSTIM,123,510004637,2026_02_04,2026-04-18 17:23
LYDYE,101,1391287,2026_02_04,2026-04-18 17:23
PAPIL,70,206247674,2026_02_04,2026-04-18 17:23
MZHLD,0,72215314,2026_02_04,2026-04-18 17:23
ARTOG,0,18578922,2026_02_04,2026-04-18 17:23
AKPAZ,0,22488832,2026_02_04,2026-04-18 17:23
ATEKS,0,5441598,2026_02_04,2026-04-18 17:23
ORCAY,0,150197341,2026_02_04,2026-04-18 17:23
ISBIR,0,14520542,2026_02_04,2026-04-18 17:23
OYAYO,0,19999941,2026_02_04,2026-04-18 17:23
BRMEN,0,57566555,2026_02_04,2026-04-18 17:23
OZRDN,0,57107579,2026_02_04,2026-04-18 17:23
EGCYO,0,21986285,2026_02_04,2026-04-18 17:23
ATPET,0,11403497,2026_02_04,2026-04-18 17:23
ENPRA,0,15294299,2026_02_04,2026-04-18 17:23
KENT,0,1786507,2026_02_04,2026-04-18 17:23
KERVN,0,588346973,2026_02_04,2026-04-18 17:23
PRZMA,0,61941150,2026_02_04,2026-04-18 17:23
PSDTC,0,6599991,2026_02_04,2026-04-18 17:23
BURCE,0,44422390,2026_02_04,2026-04-18 17:23
QNBFK,0,843137646,2026_02_04,2026-04-18 17:23
QNBTR,0,2571745911,2026_02_04,2026-04-18 17:23
ERSU,0,31755894,2026_02_04,2026-04-18 17:23
BURVA,0,4723271,2026_02_04,2026-04-18 17:23
KLNMA,0,91846864,2026_02_04,2026-04-18 17:23
ACSEL,0,8589113,2026_02_04,2026-04-18 17:23
SANEL,0,18112451,2026_02_04,2026-04-18 17:23
EUHOL,0,142999954,2026_02_04,2026-04-18 17:23
FENIS,0,26080019,2026_02_04,2026-04-18 17:23
FLAP,0,93599985,2026_02_04,2026-04-18 17:23
KRATL,0,17800000,2026_02_04,2026-04-18 17:23
SEYKM,0,151040901,2026_02_04,2026-04-18 17:23
SILVR,0,212818206,2026_02_04,2026-04-18 17:23
AKHAN,0,54700000,2026_02_04,2026-04-18 17:23
SKYLP,0,7159255,2026_02_04,2026-04-18 17:23
CMENT,0,56829666,2026_02_04,2026-04-18 17:23
SNPAM,0,19679871,2026_02_04,2026-04-18 17:23
SONME,0,4349319,2026_02_04,2026-04-18 17:23
GEREL,0,219036379,2026_02_04,2026-04-18 17:23
LIOYS,0,31625013,2026_02_04,2026-04-18 17:23
TDGYO,0,59898213,2026_02_04,2026-04-18 17:23
GLDTRF,0,45850000,2026_02_04,2026-04-18 17:23
ARAT,0,39867975,2026_02_04,2026-04-18 17:23
GOLDS,0,192323946,2026_02_04,2026-04-18 17:23
MANGO,0,37831688,2026_02_04,2026-04-18 17:23
GRNYO,0,37386059,2026_02_04,2026-04-18 17:23
ULAS,0,25200172,2026_02_04,2026-04-18 17:23
UNTAR,0,29562129,2026_02_04,2026-04-18 17:23
MEGAP,0,234498757,2026_02_04,2026-04-18 17:23
MENBA,0,3496852,2026_02_04,2026-04-18 17:23
ARBUL,0,15459297,2026_02_04,2026-04-18 17:23
DGGYO,0,280709437,2026_02_04,2026-04-18 17:23
AKYHO,0,223895870,2026_02_04,2026-04-18 17:23
ZGYO,0,84500000,2026_02_04,2026-04-18 17:23
AKMGY,0,21568998,2026_02_04,2026-04-18 17:23
OYLUM,0,80937367,2026_02_04,2026-04-18 17:23
MEMSA,-1,160110709,2026_02_04,2026-04-18 17:23
GLBMD,-1,28880500,2026_02_04,2026-04-18 17:23
MRSHL,-13,4212888,2026_02_04,2026-04-18 17:23
TRHOL,-43,17635692,2026_02_04,2026-04-18 17:23
DOGUB,-87,19821566,2026_02_04,2026-04-18 17:23
YGYO,-270,1310632851,2026_02_04,2026-04-18 17:23
TMSN,-343,44449988,2026_02_04,2026-04-18 17:23
KSTUR,-436,3952560,2026_02_04,2026-04-18 17:23
KONYA,-470,1646416,2026_02_04,2026-04-18 17:23
ARENA,-518,66996461,2026_02_04,2026-04-18 17:23
INGRM,-527,14969536,2026_02_04,2026-04-18 17:23
AHSGY,-851,184999889,2026_02_04,2026-04-18 17:23
MARMR,-1057,961218727,2026_02_04,2026-04-18 17:23
TBORG,-1125,59392160,2026_02_04,2026-04-18 17:23
SURGY,-1244,44999990,2026_02_04,2026-04-18 17:23
RAYSG,-1754,51947024,2026_02_04,2026-04-18 17:23
FORTE,-1947,21999999,2026_02_04,2026-04-18 17:23
CMBTN,-2379,1023000,2026_02_04,2026-04-18 17:23
DOFRB,-3008,45000000,2026_02_04,2026-04-18 17:23
CELHA,-3026,146124228,2026_02_04,2026-04-18 17:23
BANVT,-3065,36961044,2026_02_04,2026-04-18 17:23
POLTK,-3265,1125000,2026_02_04,2026-04-18 17:23
DUNYH,-3564,36443197,2026_02_04,2026-04-18 17:23
CLEBI,-4359,5490178,2026_02_04,2026-04-18 17:23
VKING,-4744,30932905,2026_02_04,2026-04-18 17:23
EGEEN,-4781,1137161,2026_02_04,2026-04-18 17:23
BRYAT,-4944,10264685,2026_02_04,2026-04-18 17:23
INTEM,-5733,9428747,2026_02_04,2026-04-18 17:23
OZSUB,-6018,42499126,2026_02_04,2026-04-18 17:23
MEDTR,-6064,24499999,2026_02_04,2026-04-18 17:23
ENSRI,-7115,236333503,2026_02_04,2026-04-18 17:23
BVSAN,-7264,13749998,2026_02_04,2026-04-18 17:23
NUHCM,-8817,33163299,2026_02_04,2026-04-18 17:23
ERCB,-9154,39113273,2026_02_04,2026-04-18 17:23
ALKIM,-10822,182767821,2026_02_04,2026-04-18 17:23
AVHOL,-11465,26047279,2026_02_04,2026-04-18 17:23
ATAKP,-12422,28224000,2026_02_04,2026-04-18 17:23
GIPTA,-12588,51617863,2026_02_04,2026-04-18 17:23
ISGSY,-12862,47378729,2026_02_04,2026-04-18 17:23
JANTS,-14786,207512786,2026_02_04,2026-04-18 17:23
PKENT,-15517,23766169,2026_02_04,2026-04-18 17:23
MAALT,-16002,4763850,2026_02_04,2026-04-18 17:23
BFREN,-16091,24586148,2026_02_04,2026-04-18 17:23
BESLR,-19546,658098036,2026_02_04,2026-04-18 17:23
KRDMB,-19629,118762110,2026_02_04,2026-04-18 17:23
MIATK,-20489,313087979,2026_02_04,2026-04-18 17:23
AKENR,-20710,385189146,2026_02_04,2026-04-18 17:23
GOODY,-21414,132804473,2026_02_04,2026-04-18 17:23
DNISI,-22210,59171727,2026_02_04,2026-04-18 17:23
BRLSM,-22392,108025075,2026_02_04,2026-04-18 17:23
MARBL,-22425,65226403,2026_02_04,2026-04-18 17:23
PNSUT,-23954,128323851,2026_02_04,2026-04-18 17:23
ANGEN,-24305,86440002,2026_02_04,2026-04-18 17:23
ELITE,-24617,44650000,2026_02_04,2026-04-18 17:23
ALCAR,-24621,1721735,2026_02_04,2026-04-18 17:23
ERBOS,-25119,15899843,2026_02_04,2026-04-18 17:23
TURGG,-25520,32042988,2026_02_04,2026-04-18 17:23
BAYRK,-26306,189751123,2026_02_04,2026-04-18 17:23
SMART,-26409,29737499,2026_02_04,2026-04-18 17:23
SUNTK,-36711,145280000,2026_02_04,2026-04-18 17:23
LUKSK,-36809,27257202,2026_02_04,2026-04-18 17:23
SAYAS,-38869,42530887,2026_02_04,2026-04-18 17:23
KUTPO,-40704,10524430,2026_02_04,2026-04-18 17:23
MOPAS,-40952,57330000,2026_02_04,2026-04-18 17:23
BIENY,-41001,83144831,2026_02_04,2026-04-18 17:23
NATEN,-41536,309375000,2026_02_04,2026-04-18 17:23
YAPRK,-42026,4214998,2026_02_04,2026-04-18 17:23
SDTTR,-42164,15990000,2026_02_04,2026-04-18 17:23
MERCN,-43403,74389005,2026_02_04,2026-04-18 17:23
PLTUR,-43623,49500000,2026_02_04,2026-04-18 17:23
AYEN,-44873,55531320,2026_02_04,2026-04-18 17:23
BALSU,-45461,278000000,2026_02_04,2026-04-18 17:23
AYCES,-46043,1895369,2026_02_04,2026-04-18 17:23
VERTU,-46717,22000000,2026_02_04,2026-04-18 17:23
CEMAS,-50560,790994229,2026_02_04,2026-04-18 17:23
OYYAT,-51829,91048322,2026_02_04,2026-04-18 17:23
TGSAS,-52896,12348294,2026_02_04,2026-04-18 17:23
TMPOL,-54765,11039990,2026_02_04,2026-04-18 17:23
ADEL,-55446,112043619,2026_02_04,2026-04-18 17:23
GARFA,-56241,138399778,2026_02_04,2026-04-18 17:23
SELEC,-57727,124262097,2026_02_04,2026-04-18 17:23
NETAS,-60121,31783484,2026_02_04,2026-04-18 17:23
MAKTK,-60825,184370066,2026_02_04,2026-04-18 17:23
BOBET,-62345,113999998,2026_02_04,2026-04-18 17:23
ULUSE,-62633,24000000,2026_02_04,2026-04-18 17:23
KTSKR,-65736,14691795,2026_02_04,2026-04-18 17:23
ENDAE,-66268,123506828,2026_02_04,2026-04-18 17:23
GOLTS,-68169,12422783,2026_02_04,2026-04-18 17:23
DERHL,-68172,197281316,2026_02_04,2026-04-18 17:23
NUGYO,-74336,324943976,2026_02_04,2026-04-18 17:23
KLSER,-74603,109457566,2026_02_04,2026-04-18 17:23
CRDFA,-74737,74996857,2026_02_04,2026-04-18 17:23
VBTYZ,-77187,56160000,2026_02_04,2026-04-18 17:23
KORDS,-77388,65421451,2026_02_04,2026-04-18 17:23
LINK,-77634,18231985,2026_02_04,2026-04-18 17:23
MAVI,-78246,576779312,2026_02_04,2026-04-18 17:23
DESPC,-79441,16023700,2026_02_04,2026-04-18 17:23
GOKNR,-79720,178040711,2026_02_04,2026-04-18 17:23
OTTO,-83899,5824438,2026_02_04,2026-04-18 17:23
VERUS,-84386,34499937,2026_02_04,2026-04-18 17:23
SEGYO,-87331,203351321,2026_02_04,2026-04-18 17:23
EDIP,-88201,36468204,2026_02_04,2026-04-18 17:23
GRTHO,-91443,36745000,2026_02_04,2026-04-18 17:23
ARTMS,-92369,24199999,2026_02_04,2026-04-18 17:23
BEGYO,-98195,290000000,2026_02_04,2026-04-18 17:23
REEDR,-98323,632419525,2026_02_04,2026-04-18 17:23
ANELE,-102820,151405542,2026_02_04,2026-04-18 17:23
MEYSU,-105377,175000000,2026_02_04,2026-04-18 17:23
VAKFA,-107146,224999701,2026_02_04,2026-04-18 17:23
DZGYO,-107710,399777846,2026_02_04,2026-04-18 17:23
YESIL,-109267,640699949,2026_02_04,2026-04-18 17:23
GZNMI,-113092,40949825,2026_02_04,2026-04-18 17:23
GENTS,-116496,749958921,2026_02_04,2026-04-18 17:23
HATEK,-116682,62998947,2026_02_04,2026-04-18 17:23
FMIZP,-120700,3497641,2026_02_04,2026-04-18 17:23
TEKTU,-120851,195639311,2026_02_04,2026-04-18 17:23
KLYPV,-122840,46334639,2026_02_04,2026-04-18 17:23
BOSSA,-132968,508724189,2026_02_04,2026-04-18 17:23
KARTN,-133827,72781126,2026_02_04,2026-04-18 17:23
YGGYO,-134949,240625741,2026_02_04,2026-04-18 17:23
AKCNS,-135463,39359284,2026_02_04,2026-04-18 17:23
ALKA,-136745,330750000,2026_02_04,2026-04-18 17:23
DGATE,-144154,15227271,2026_02_04,2026-04-18 17:23
MEPET,-146091,73940585,2026_02_04,2026-04-18 17:23
RUZYE,-149347,267748491,2026_02_04,2026-04-18 17:23
KNFRT,-149767,131747000,2026_02_04,2026-04-18 17:23
MARKA,-150365,20752018,2026_02_04,2026-04-18 17:23
HATSN,-152255,44299964,2026_02_04,2026-04-18 17:23
POLHO,-152391,164140074,2026_02_04,2026-04-18 17:23
INVES,-152555,37480000,2026_02_04,2026-04-18 17:23
ADGYO,-157946,379654333,2026_02_04,2026-04-18 17:23
TLMAN,-164641,10300000,2026_02_04,2026-04-18 17:23
BASGZ,-165776,174999999,2026_02_04,2026-04-18 17:23
BRISA,-166287,31247472,2026_02_04,2026-04-18 17:23
ALCTL,-172521,13543218,2026_02_04,2026-04-18 17:23
MTRKS,-176831,43633165,2026_02_04,2026-04-18 17:23
ZEDUR,-177091,69899992,2026_02_04,2026-04-18 17:23
LRSHO,-180923,724120946,2026_02_04,2026-04-18 17:23
ULKER,-191104,338855989,2026_02_04,2026-04-18 17:23
UZEL,-194065,26329793,2026_02_04,2026-04-18 17:23
SAFKR,-203135,139406162,2026_02_04,2026-04-18 17:23
ARDYZ,-205455,279551557,2026_02_04,2026-04-18 17:23
YIGIT,-207769,74999975,2026_02_04,2026-04-18 17:23
BAHKM,-208231,23289000,2026_02_04,2026-04-18 17:23
GUNDG,-208704,18968972,2026_02_04,2026-04-18 17:23
PCILT,-209779,45014182,2026_02_04,2026-04-18 17:23
ODINE,-210866,52810834,2026_02_04,2026-04-18 17:23
KLMSN,-212475,30881297,2026_02_04,2026-04-18 17:23
MOBTL,-216867,207999999,2026_02_04,2026-04-18 17:23
OSMEN,-221283,157750927,2026_02_04,2026-04-18 17:23
AGYO,-221767,129036460,2026_02_04,2026-04-18 17:23
PRKME,-222487,53038641,2026_02_04,2026-04-18 17:23
CRFSA,-224800,18312793,2026_02_04,2026-04-18 17:23
PRKAB,-231132,35225443,2026_02_04,2026-04-18 17:23
PAGYO,-242510,57781202,2026_02_04,2026-04-18 17:23
ISSEN,-242611,107411517,2026_02_04,2026-04-18 17:23
SUWEN,-243441,365687500,2026_02_04,2026-04-18 17:23
AVPGY,-248552,99999990,2026_02_04,2026-04-18 17:23
GRSEL,-252058,29650000,2026_02_04,2026-04-18 17:23
PATEK,-252310,293081892,2026_02_04,2026-04-18 17:23
TUCLK,-255787,253181400,2026_02_04,2026-04-18 17:23
BARMA,-257054,68130939,2026_02_04,2026-04-18 17:23
MACKO,-259040,41500000,2026_02_04,2026-04-18 17:23
ORGE,-260887,41839996,2026_02_04,2026-04-18 17:23
GEDIK,-264730,983076857,2026_02_04,2026-04-18 17:23
ATATP,-267045,18809999,2026_02_04,2026-04-18 17:23
ICBCT,-275574,216761845,2026_02_04,2026-04-18 17:23
ECOGR,-278913,110000000,2026_02_04,2026-04-18 17:23
KRTEK,-282167,18914650,2026_02_04,2026-04-18 17:23
SMRVA,-294348,28000000,2026_02_04,2026-04-18 17:23
HTTBT,-295549,82805422,2026_02_04,2026-04-18 17:23
IHYAY,-298692,388124996,2026_02_04,2026-04-18 17:23
LIDER,-299940,279500000,2026_02_04,2026-04-18 17:23
ASYAB,-302128,477899601,2026_02_04,2026-04-18 17:23
EGGUB,-307055,75862197,2026_02_04,2026-04-18 17:23
AVGYO,-310679,111590302,2026_02_04,2026-04-18 17:23
BLCYT,-313883,49088907,2026_02_04,2026-04-18 17:23
BINHO,-314522,488884380,2026_02_04,2026-04-18 17:23
SANKO,-315616,37499197,2026_02_04,2026-04-18 17:23
DAGI,-319975,175301274,2026_02_04,2026-04-18 17:23
PAMEL,-320633,21533681,2026_02_04,2026-04-18 17:23
EMKEL,-323288,149999456,2026_02_04,2026-04-18 17:23
EGSER,-332400,545751057,2026_02_04,2026-04-18 17:23
AKSEN,-332713,638545796,2026_02_04,2026-04-18 17:23
DERIM,-336554,40403770,2026_02_04,2026-04-18 17:23
PARSN,-337405,34033246,2026_02_04,2026-04-18 17:23
BIOEN,-351619,197983418,2026_02_04,2026-04-18 17:23
AVOD,-352969,253604577,2026_02_04,2026-04-18 17:23
FADE,-355308,42347497,2026_02_04,2026-04-18 17:23
OFSYM,-370975,22749998,2026_02_04,2026-04-18 17:23
DMSAS,-371481,199994510,2026_02_04,2026-04-18 17:23
DURDO,-379972,379703149,2026_02_04,2026-04-18 17:23
CATES,-385563,33050000,2026_02_04,2026-04-18 17:23
HRKET,-386876,24000000,2026_02_04,2026-04-18 17:23
TRILC,-387899,118499496,2026_02_04,2026-04-18 17:23
YKSLN,-392077,197429570,2026_02_04,2026-04-18 17:23
OBASE,-392410,14924000,2026_02_04,2026-04-18 17:23
OZYSR,-397604,40488000,2026_02_04,2026-04-18 17:23
KRPLS,-405575,78486163,2026_02_04,2026-04-18 17:23
KAYSE,-415697,818951998,2026_02_04,2026-04-18 17:23
DOKTA,-416644,145872862,2026_02_04,2026-04-18 17:23
BEYAZ,-423172,42317352,2026_02_04,2026-04-18 17:23
YYLGD,-431338,369826200,2026_02_04,2026-04-18 17:23
OTKAR,-456506,33417145,2026_02_04,2026-04-18 17:23
BIZIM,-465648,27601626,2026_02_04,2026-04-18 17:23
ISYAT,-466420,152245569,2026_02_04,2026-04-18 17:23
DEVA,-469401,199971824,2026_02_04,2026-04-18 17:23
DCTTR,-471322,157328724,2026_02_04,2026-04-18 17:23
MEKAG,-488089,320319999,2026_02_04,2026-04-18 17:23
FRIGO,-500483,263258455,2026_02_04,2026-04-18 17:23
CEOEM,-502201,22209658,2026_02_04,2026-04-18 17:23
KOPOL,-506837,266319652,2026_02_04,2026-04-18 17:23
EYGYO,-507279,362859667,2026_02_04,2026-04-18 17:23
ARASE,-513337,49999991,2026_02_04,2026-04-18 17:23
BAKAB,-518560,34985326,2026_02_04,2026-04-18 17:23
VSNMD,-524577,24000000,2026_02_04,2026-04-18 17:23
ZRGYO,-534892,1173404997,2026_02_04,2026-04-18 17:23
ANHYT,-546380,88457041,2026_02_04,2026-04-18 17:23
GESAN,-550286,141759180,2026_02_04,2026-04-18 17:23
ULUUN,-551712,290523352,2026_02_04,2026-04-18 17:23
DITAS,-558159,83407812,2026_02_04,2026-04-18 17:23
BUCIM,-558161,1292638065,2026_02_04,2026-04-18 17:23
ASUZU,-562031,41130807,2026_02_04,2026-04-18 17:23
AYGAZ,-564912,98568807,2026_02_04,2026-04-18 17:23
IMASM,-580519,622850499,2026_02_04,2026-04-18 17:23
ECZYT,-587394,45880511,2026_02_04,2026-04-18 17:23
KBORU,-619464,143999994,2026_02_04,2026-04-18 17:23
TSGYO,-625710,266499982,2026_02_04,2026-04-18 17:23
ARCLK,-639580,170054748,2026_02_04,2026-04-18 17:23
KAREL,-640033,329659497,2026_02_04,2026-04-18 17:23
NTGAZ,-647111,276000000,2026_02_04,2026-04-18 17:23
EDATA,-647400,160065395,2026_02_04,2026-04-18 17:23
EUPWR,-651144,199610525,2026_02_04,2026-04-18 17:23
EGPRO,-711119,175170570,2026_02_04,2026-04-18 17:23
AGESA,-739562,35829553,2026_02_04,2026-04-18 17:23
MGROS,-746857,96563550,2026_02_04,2026-04-18 17:23
EPLAS,-747459,190491857,2026_02_04,2026-04-18 17:23
AFYON,-772517,399992258,2026_02_04,2026-04-18 17:23
RALYH,-802437,176370972,2026_02_04,2026-04-18 17:23
TKNSA,-822577,100485379,2026_02_04,2026-04-18 17:23
KZGYO,-834228,49999978,2026_02_04,2026-04-18 17:23
BRSAN,-839271,35912460,2026_02_04,2026-04-18 17:23
DOAS,-846822,97899975,2026_02_04,2026-04-18 17:23
HEDEF,-850974,562499930,2026_02_04,2026-04-18 17:23
TNZTP,-851067,87499950,2026_02_04,2026-04-18 17:23
RTALB,-866288,432976722,2026_02_04,2026-04-18 17:23
AKFYE,-866815,551782160,2026_02_04,2026-04-18 17:23
ARMGD,-876370,54996000,2026_02_04,2026-04-18 17:23
ISDMR,-885552,147623050,2026_02_04,2026-04-18 17:23
VESBE,-896215,503578676,2026_02_04,2026-04-18 17:23
YEOTK,-903735,160933198,2026_02_04,2026-04-18 17:23
KLKIM,-918560,138383655,2026_02_04,2026-04-18 17:23
YATAS,-928268,94866488,2026_02_04,2026-04-18 17:23
GLCVY,-928349,26400000,2026_02_04,2026-04-18 17:23
RGYAS,-965663,105523000,2026_02_04,2026-04-18 17:23
GOZDE,-968345,384991447,2026_02_04,2026-04-18 17:23
NTHOL,-971861,485479112,2026_02_04,2026-04-18 17:23
KMPUR,-974075,132432524,2026_02_04,2026-04-18 17:23
OZKGY,-1013436,363999945,2026_02_04,2026-04-18 17:23
IHEVA,-1025240,291631239,2026_02_04,2026-04-18 17:23
DESA,-1034821,171107590,2026_02_04,2026-04-18 17:23
MNDTR,-1060986,910071938,2026_02_04,2026-04-18 17:23
KOTON,-1083811,136599922,2026_02_04,2026-04-18 17:23
TCKRC,-1115566,70000000,2026_02_04,2026-04-18 17:23
CWENE,-1145719,530758241,2026_02_04,2026-04-18 17:23
VESTL,-1148944,295447203,2026_02_04,2026-04-18 17:23
KRONT,-1151890,116892885,2026_02_04,2026-04-18 17:23
BORSK,-1152800,279999879,2026_02_04,2026-04-18 17:23
EKSUN,-1157612,171792833,2026_02_04,2026-04-18 17:23
PNLSN,-1181775,34752383,2026_02_04,2026-04-18 17:23
GLRMK,-1194450,38760000,2026_02_04,2026-04-18 17:23
TABGD,-1255689,52499906,2026_02_04,2026-04-18 17:23
LILAK,-1259338,260252705,2026_02_04,2026-04-18 17:23
DENGE,-1275793,525284797,2026_02_04,2026-04-18 17:23
LKMNH,-1376967,163262533,2026_02_04,2026-04-18 17:23
GUBRF,-1477121,85359737,2026_02_04,2026-04-18 17:23
TSPOR,-1542954,3674975174,2026_02_04,2026-04-18 17:23
BSOKE,-1551563,458487038,2026_02_04,2026-04-18 17:23
AZTEK,-1636617,279000000,2026_02_04,2026-04-18 17:23
KLSYN,-1637400,107854952,2026_02_04,2026-04-18 17:23
TRCAS,-1643030,206252778,2026_02_04,2026-04-18 17:23
KZBGY,-1649616,1959999915,2026_02_04,2026-04-18 17:23
ENERY,-1674298,2420687469,2026_02_04,2026-04-18 17:23
MAKIM,-1703570,42559998,2026_02_04,2026-04-18 17:23
OBAMS,-1724839,751078524,2026_02_04,2026-04-18 17:23
CEMTS,-1733213,233425986,2026_02_04,2026-04-18 17:23
TATEN,-1757708,347799724,2026_02_04,2026-04-18 17:23
TUREX,-1779289,432000000,2026_02_04,2026-04-18 17:23
PENTA,-1813047,181070136,2026_02_04,2026-04-18 17:23
PENGD,-1862682,171069968,2026_02_04,2026-04-18 17:23
TEHOL,-1863185,1967930261,2026_02_04,2026-04-18 17:23
UNLU,-1870576,102181558,2026_02_04,2026-04-18 17:23
MERIT,-1890618,329748900,2026_02_04,2026-04-18 17:23
BAGFS,-1972274,100042745,2026_02_04,2026-04-18 17:23
MEGMT,-1988350,72749986,2026_02_04,2026-04-18 17:23
GSDDE,-2017200,106850751,2026_02_04,2026-04-18 17:23
IHAAS,-2023222,56031248,2026_02_04,2026-04-18 17:23
SNGYO,-2194778,3607173097,2026_02_04,2026-04-18 17:23
ECILC,-2198832,210589603,2026_02_04,2026-04-18 17:23
TRENJ,-2230478,98018735,2026_02_04,2026-04-18 17:23
SEKUR,-2276901,131457835,2026_02_04,2026-04-18 17:23
TRMET,-2321377,174483588,2026_02_04,2026-04-18 17:23
DAPGM,-2339473,928276145,2026_02_04,2026-04-18 17:23
ISFIN,-2403927,310154523,2026_02_04,2026-04-18 17:23
TATGD,-2409963,119286243,2026_02_04,2026-04-18 17:23
OZGYO,-2466168,490916869,2026_02_04,2026-04-18 17:23
YUNSA,-2533710,202164056,2026_02_04,2026-04-18 17:23
TOASO,-2549696,120585076,2026_02_04,2026-04-18 17:23
ENJSA,-2571487,236209270,2026_02_04,2026-04-18 17:23
ANSGR,-2572251,1564416026,2026_02_04,2026-04-18 17:23
TAVHL,-2594138,213213415,2026_02_04,2026-04-18 17:23
METRO,-2644656,539989959,2026_02_04,2026-04-18 17:23
KARSN,-2654313,827827039,2026_02_04,2026-04-18 17:23
BIMAS,-2680489,436214016,2026_02_04,2026-04-18 17:23
SOKM,-2752590,448708248,2026_02_04,2026-04-18 17:23
DYOBY,-2818734,186553687,2026_02_04,2026-04-18 17:23
CIMSA,-2850445,488404404,2026_02_04,2026-04-18 17:23
AYDEM,-2994611,130000000,2026_02_04,2026-04-18 17:23
SOKE,-3005976,126999996,2026_02_04,2026-04-18 17:23
DGNMO,-3029303,327634635,2026_02_04,2026-04-18 17:23
LOGO,-3084527,74328248,2026_02_04,2026-04-18 17:23
ODAS,-3123035,1113798031,2026_02_04,2026-04-18 17:23
ALBRK,-3296389,1050739765,2026_02_04,2026-04-18 17:23
LMKDC,-3395841,155929999,2026_02_04,2026-04-18 17:23
EGEPO,-3420088,200000000,2026_02_04,2026-04-18 17:23
ESCAR,-3444101,101933690,2026_02_04,2026-04-18 17:23
CONSE,-3708231,377854899,2026_02_04,2026-04-18 17:23
KIMMR,-3760402,75000000,2026_02_04,2026-04-18 17:23
VKGYO,-3826387,1637203242,2026_02_04,2026-04-18 17:23
TKFEN,-3904319,230848007,2026_02_04,2026-04-18 17:23
MAGEN,-3922787,719512140,2026_02_04,2026-04-18 17:23
MOGAN,-3954058,262635000,2026_02_04,2026-04-18 17:23
AKSGY,-3992516,1628451947,2026_02_04,2026-04-18 17:23
IEYHO,-4016175,541032947,2026_02_04,2026-04-18 17:23
PGSUS,-4142321,295068870,2026_02_04,2026-04-18 17:23
PETUN,-4259062,134673118,2026_02_04,2026-04-18 17:23
MNDRS,-4291772,222007982,2026_02_04,2026-04-18 17:23
TRGYO,-4406881,251573369,2026_02_04,2026-04-18 17:23
ISKPL,-4768823,724625736,2026_02_04,2026-04-18 17:23
TUKAS,-4951525,4499995929,2026_02_04,2026-04-18 17:23
SNICA,-5033912,321688855,2026_02_04,2026-04-18 17:23
ASTOR,-5149707,366896261,2026_02_04,2026-04-18 17:23
HDFGS,-5168669,956974191,2026_02_04,2026-04-18 17:23
ALGYO,-5197819,989338262,2026_02_04,2026-04-18 17:23
ASELS,-5268896,1178597817,2026_02_04,2026-04-18 17:23
TRALT,-5758723,952269019,2026_02_04,2026-04-18 17:23
FONET,-5798479,577082984,2026_02_04,2026-04-18 17:23
KRSTL,-6073423,183664642,2026_02_04,2026-04-18 17:23
SKBNK,-6155418,2498877855,2026_02_04,2026-04-18 17:23
IZMDC,-6287389,723225318,2026_02_04,2026-04-18 17:23
ISMEN,-6360680,467723147,2026_02_04,2026-04-18 17:23
QUAGR,-6424324,1773200000,2026_02_04,2026-04-18 17:23
SISE,-6443551,1814905642,2026_02_04,2026-04-18 17:23
GLRYH,-6482486,599623814,2026_02_04,2026-04-18 17:23
ESEN,-6711944,682499950,2026_02_04,2026-04-18 17:23
INDES,-6971844,462749767,2026_02_04,2026-04-18 17:23
AHGAZ,-7434866,659370871,2026_02_04,2026-04-18 17:23
FROTO,-7478615,625119847,2026_02_04,2026-04-18 17:23
ARZUM,-7676725,400949823,2026_02_04,2026-04-18 17:23
ALARK,-7688876,165125148,2026_02_04,2026-04-18 17:23
PAHOL,-7924525,3999999979,2026_02_04,2026-04-18 17:23
VAKFN,-7935046,2064378140,2026_02_04,2026-04-18 17:23
DOHOL,-8484365,984706978,2026_02_04,2026-04-18 17:23
INFO,-8622880,767463337,2026_02_04,2026-04-18 17:23
KCAER,-8699198,496494775,2026_02_04,2026-04-18 17:23
HUNER,-9010043,670137934,2026_02_04,2026-04-18 17:23
ATATR,-9519000,280000000,2026_02_04,2026-04-18 17:23
PETKM,-9986109,1241729843,2026_02_04,2026-04-18 17:23
CCOLA,-10504287,820001147,2026_02_04,2026-04-18 17:23
KTLEV,-10507132,1288500000,2026_02_04,2026-04-18 17:23
GENIL,-11056257,1289069985,2026_02_04,2026-04-18 17:23
GSDHO,-11076689,999994969,2026_02_04,2026-04-18 17:23
CVKMD,-12152542,461999787,2026_02_04,2026-04-18 17:23
EFOR,-12326244,670679994,2026_02_04,2026-04-18 17:23
THYAO,-12354863,739463453,2026_02_04,2026-04-18 17:23
KRVGD,-12579336,596159766,2026_02_04,2026-04-18 17:23
IZENR,-12849613,914537597,2026_02_04,2026-04-18 17:23
BTCIM,-13331604,4052065429,2026_02_04,2026-04-18 17:23
ULUFA,-14142357,305269391,2026_02_04,2026-04-18 17:23
OYAKC,-14469146,4656879379,2026_02_04,2026-04-18 17:23
HALKB,-14726611,6546422780,2026_02_04,2026-04-18 17:23
AKGRT,-16197593,629007625,2026_02_04,2026-04-18 17:23
KCHOL,-16934495,674052308,2026_02_04,2026-04-18 17:23
KRDMD,-17913106,780216365,2026_02_04,2026-04-18 17:23
TUPRS,-17924560,902334139,2026_02_04,2026-04-18 17:23
ENKAI,-19202053,874733059,2026_02_04,2026-04-18 17:23
EKGYO,-20932291,1925107366,2026_02_04,2026-04-18 17:23
VAKBN,-22716750,8046896130,2026_02_04,2026-04-18 17:23
BJKAS,-23243814,1776089716,2026_02_04,2026-04-18 17:23
FENER,-23340971,2772321468,2026_02_04,2026-04-18 17:23
HEKTS,-23930907,3946424642,2026_02_04,2026-04-18 17:23
ICUGS,-24442838,336250000,2026_02_04,2026-04-18 17:23
TCELL,-25234098,1622604373,2026_02_04,2026-04-18 17:23
TSKB,-26279596,1516591673,2026_02_04,2026-04-18 17:23
LIDFA,-26371675,458180545,2026_02_04,2026-04-18 17:23
TTKOM,-32426235,524999999,2026_02_04,2026-04-18 17:23
EUREN,-34070192,1040132637,2026_02_04,2026-04-18 17:23
GARAN,-34230662,2454957798,2026_02_04,2026-04-18 17:23
AKBNK,-35161105,3059320211,2026_02_04,2026-04-18 17:23
ZOREN,-39662412,2681244194,2026_02_04,2026-04-18 17:23
SAHOL,-40477090,1145847384,2026_02_04,2026-04-18 17:23
YKBNK,-59433719,4705620952,2026_02_04,2026-04-18 17:23
GSRAY,-64559423,10123744690,2026_02_04,2026-04-18 17:23
GLYHO,-66344015,1949290631,2026_02_04,2026-04-18 17:23
EREGL,-99365307,3554238535,2026_02_04,2026-04-18 17:23
ISCTR,-188742663,8880396856,2026_02_04,2026-04-18 17:23
SASA,-465242626,25700419936,2026_02_04,2026-04-18 17:23
SASA,115008616,25700419936,2026_03_01,2026-04-18 17:29
ADESE,36465303,4687131701,2026_03_01,2026-04-18 17:29
TRALT,15686772,952269019,2026_03_01,2026-04-18 17:29
TURSG,15504569,7907296076,2026_03_01,2026-04-18 17:29
ASELS,15001576,1178597817,2026_03_01,2026-04-18 17:29
GSRAY,13237609,10123744690,2026_03_01,2026-04-18 17:29
PSGYO,12219577,2954231556,2026_03_01,2026-04-18 17:29
KTLEV,10545197,1288500000,2026_03_01,2026-04-18 17:29
NTGAZ,10191536,276000000,2026_03_01,2026-04-18 17:29
ISKPL,9361596,724625736,2026_03_01,2026-04-18 17:29
MARTI,8055946,989097511,2026_03_01,2026-04-18 17:29
TEHOL,6295084,1967930261,2026_03_01,2026-04-18 17:29
KRDMD,5852857,780216365,2026_03_01,2026-04-18 17:29
PEKGY,5843218,4685173406,2026_03_01,2026-04-18 17:29
USAK,5372963,2436064709,2026_03_01,2026-04-18 17:29
BTCIM,5199863,4052065429,2026_03_01,2026-04-18 17:29
CCOLA,4818366,820001147,2026_03_01,2026-04-18 17:29
MAVI,4166261,576779312,2026_03_01,2026-04-18 17:29
CANTE,4013530,8608815636,2026_03_01,2026-04-18 17:29
SVGYO,4000000,295400000,2026_03_01,2026-04-18 17:29
ESCOM,3754738,463831670,2026_03_01,2026-04-18 17:29
BSOKE,3017809,458487038,2026_03_01,2026-04-18 17:29
TSKB,2882507,1516591673,2026_03_01,2026-04-18 17:29
ISCTR,2874666,8880396856,2026_03_01,2026-04-18 17:29
EREGL,2682952,3554238535,2026_03_01,2026-04-18 17:29
ODAS,2560795,1113798031,2026_03_01,2026-04-18 17:29
RYGYO,2243733,770588057,2026_03_01,2026-04-18 17:29
OYAKC,2125282,4656879379,2026_03_01,2026-04-18 17:29
MARMR,2094256,961218727,2026_03_01,2026-04-18 17:29
SMRTG,2075987,664164672,2026_03_01,2026-04-18 17:29
ALBRK,2026358,1050739765,2026_03_01,2026-04-18 17:29
ALARK,1795767,165125148,2026_03_01,2026-04-18 17:29
TAVHL,1600143,213213415,2026_03_01,2026-04-18 17:29
PASEU,1566929,215295868,2026_03_01,2026-04-18 17:29
TERA,1510170,240888789,2026_03_01,2026-04-18 17:29
AKBNK,1298182,3059320211,2026_03_01,2026-04-18 17:29
IEYHO,1247433,541032947,2026_03_01,2026-04-18 17:29
METRO,1182279,539989959,2026_03_01,2026-04-18 17:29
GMTAS,1148554,298687813,2026_03_01,2026-04-18 17:29
DMRGD,1103761,1277294592,2026_03_01,2026-04-18 17:29
KAYSE,1095727,818951998,2026_03_01,2026-04-18 17:29
KUYAS,1031563,398957788,2026_03_01,2026-04-18 17:29
BULGS,970934,72500000,2026_03_01,2026-04-18 17:29
ENERY,945112,2420687469,2026_03_01,2026-04-18 17:29
BJKAS,935080,1776089716,2026_03_01,2026-04-18 17:29
DARDL,906448,1753442695,2026_03_01,2026-04-18 17:29
DERHL,879329,197281316,2026_03_01,2026-04-18 17:29
FENER,841349,2772321468,2026_03_01,2026-04-18 17:29
ESEN,793891,682499950,2026_03_01,2026-04-18 17:29
TRMET,743801,174483588,2026_03_01,2026-04-18 17:29
FONET,713675,577082984,2026_03_01,2026-04-18 17:29
PAHOL,651465,3999999979,2026_03_01,2026-04-18 17:29
LILAK,547058,260252705,2026_03_01,2026-04-18 17:29
SARKY,521848,999999671,2026_03_01,2026-04-18 17:29
DITAS,509219,83407812,2026_03_01,2026-04-18 17:29
VRGYO,453116,597693904,2026_03_01,2026-04-18 17:29
BMSTL,451163,74772261,2026_03_01,2026-04-18 17:29
LRSHO,431239,724120946,2026_03_01,2026-04-18 17:29
KOCMT,403146,587485478,2026_03_01,2026-04-18 17:29
TATEN,399598,347799724,2026_03_01,2026-04-18 17:29
BEGYO,394323,290000000,2026_03_01,2026-04-18 17:29
KORDS,385030,65421451,2026_03_01,2026-04-18 17:29
HURGZ,377805,220784167,2026_03_01,2026-04-18 17:29
IHYAY,366695,388124996,2026_03_01,2026-04-18 17:29
GEDIK,355417,983076857,2026_03_01,2026-04-18 17:29
ECILC,338230,210589603,2026_03_01,2026-04-18 17:29
DURDO,337990,379703149,2026_03_01,2026-04-18 17:29
IHLGM,332565,986078000,2026_03_01,2026-04-18 17:29
DAGI,325213,175301274,2026_03_01,2026-04-18 17:29
BLUME,323980,174710134,2026_03_01,2026-04-18 17:29
ENJSA,316221,236209270,2026_03_01,2026-04-18 17:29
LYDHO,309064,197140970,2026_03_01,2026-04-18 17:29
ATATR,298000,280000000,2026_03_01,2026-04-18 17:29
HLGYO,297268,1075198517,2026_03_01,2026-04-18 17:29
ALFAS,294181,84639559,2026_03_01,2026-04-18 17:29
PRDGS,292394,110850000,2026_03_01,2026-04-18 17:29
MIATK,284178,313087979,2026_03_01,2026-04-18 17:29
ARFYE,267431,47000000,2026_03_01,2026-04-18 17:29
IZFAS,264502,156001658,2026_03_01,2026-04-18 17:29
ANSGR,254447,1564416026,2026_03_01,2026-04-18 17:29
IHLAS,249566,1396079076,2026_03_01,2026-04-18 17:29
CIMSA,249541,488404404,2026_03_01,2026-04-18 17:29
ECOGR,225867,110000000,2026_03_01,2026-04-18 17:29
ETILR,225144,156217454,2026_03_01,2026-04-18 17:29
ESCAR,222941,101933690,2026_03_01,2026-04-18 17:29
KONTR,221036,936038762,2026_03_01,2026-04-18 17:29
SEGMN,205396,80999980,2026_03_01,2026-04-18 17:29
TKNSA,194552,100485379,2026_03_01,2026-04-18 17:29
FORMT,194100,1029046010,2026_03_01,2026-04-18 17:29
TEZOL,191427,139999972,2026_03_01,2026-04-18 17:29
DSTKF,186384,84533333,2026_03_01,2026-04-18 17:29
KARSN,182849,827827039,2026_03_01,2026-04-18 17:29
ISGYO,176679,531312439,2026_03_01,2026-04-18 17:29
DMSAS,173608,199994510,2026_03_01,2026-04-18 17:29
BINBN,162773,17000000,2026_03_01,2026-04-18 17:29
BIGCH,158379,368932945,2026_03_01,2026-04-18 17:29
MHRGY,155761,310499991,2026_03_01,2026-04-18 17:29
YAPRK,155675,88514958,2026_03_01,2026-04-18 17:29
OYYAT,155497,91048322,2026_03_01,2026-04-18 17:29
ALKLC,154125,45382467,2026_03_01,2026-04-18 17:29
BMSCH,146181,69277402,2026_03_01,2026-04-18 17:29
FZLGY,140352,398427644,2026_03_01,2026-04-18 17:29
MEKAG,136666,320319999,2026_03_01,2026-04-18 17:29
PATEK,127656,293081892,2026_03_01,2026-04-18 17:29
TRGYO,126555,251573369,2026_03_01,2026-04-18 17:29
BAHKM,124905,23289000,2026_03_01,2026-04-18 17:29
AYEN,119070,55531320,2026_03_01,2026-04-18 17:29
GLYHO,115873,1949290631,2026_03_01,2026-04-18 17:29
TRENJ,112738,98018735,2026_03_01,2026-04-18 17:29
MARKA,111853,20802018,2026_03_01,2026-04-18 17:29
PRKME,111319,53038641,2026_03_01,2026-04-18 17:29
EKSUN,109685,171792833,2026_03_01,2026-04-18 17:29
EBEBK,106914,40534692,2026_03_01,2026-04-18 17:29
PCILT,95436,45014182,2026_03_01,2026-04-18 17:29
ZRGYO,90193,1173404997,2026_03_01,2026-04-18 17:29
FADE,85606,42347497,2026_03_01,2026-04-18 17:29
OBASE,82327,14924000,2026_03_01,2026-04-18 17:29
BESLR,78718,658098036,2026_03_01,2026-04-18 17:29
VAKKO,75711,30788486,2026_03_01,2026-04-18 17:29
GENTS,72098,749958921,2026_03_01,2026-04-18 17:29
ARMGD,71111,54996000,2026_03_01,2026-04-18 17:29
GIPTA,66854,51617863,2026_03_01,2026-04-18 17:29
OZKGY,65024,363999945,2026_03_01,2026-04-18 17:29
MNDTR,65011,910071938,2026_03_01,2026-04-18 17:29
PENTA,63427,181070136,2026_03_01,2026-04-18 17:29
BALSU,59761,278000000,2026_03_01,2026-04-18 17:29
BESTE,54806,54578499,2026_03_01,2026-04-18 17:29
ADEL,52591,112043619,2026_03_01,2026-04-18 17:29
KOPOL,47720,266319652,2026_03_01,2026-04-18 17:29
JANTS,47505,207512786,2026_03_01,2026-04-18 17:29
CEMAS,47000,790994229,2026_03_01,2026-04-18 17:29
ENDAE,46136,123506828,2026_03_01,2026-04-18 17:29
SERNT,45825,113000000,2026_03_01,2026-04-18 17:29
UCAYM,41043,60000000,2026_03_01,2026-04-18 17:29
OSMEN,40902,157750927,2026_03_01,2026-04-18 17:29
BRLSM,37928,108025075,2026_03_01,2026-04-18 17:29
TEKTU,35721,195639311,2026_03_01,2026-04-18 17:29
ZERGY,34217,156799985,2026_03_01,2026-04-18 17:29
SAYAS,33396,42530887,2026_03_01,2026-04-18 17:29
YESIL,31770,640699949,2026_03_01,2026-04-18 17:29
PINSU,31635,101635846,2026_03_01,2026-04-18 17:29
VAKFA,30618,224999701,2026_03_01,2026-04-18 17:29
HATEK,29400,62998947,2026_03_01,2026-04-18 17:29
FORTE,28779,23999999,2026_03_01,2026-04-18 17:29
SANFM,27591,225029995,2026_03_01,2026-04-18 17:29
ELITE,26067,44650000,2026_03_01,2026-04-18 17:29
KAREL,25351,329659497,2026_03_01,2026-04-18 17:29
RTALB,25099,432976722,2026_03_01,2026-04-18 17:29
MANAS,25012,306992000,2026_03_01,2026-04-18 17:29
BORSK,23886,279999879,2026_03_01,2026-04-18 17:29
ULUUN,23426,290523352,2026_03_01,2026-04-18 17:29
BIOEN,23364,197983418,2026_03_01,2026-04-18 17:29
BIGEN,21843,115500000,2026_03_01,2026-04-18 17:29
SDTTR,21152,15990000,2026_03_01,2026-04-18 17:29
PLTUR,19579,49500000,2026_03_01,2026-04-18 17:29
TUCLK,18455,253182600,2026_03_01,2026-04-18 17:29
YAYLA,18199,39874966,2026_03_01,2026-04-18 17:29
KLMSN,17981,30881297,2026_03_01,2026-04-18 17:29
TGSAS,17691,12348294,2026_03_01,2026-04-18 17:29
SUNTK,17575,145280000,2026_03_01,2026-04-18 17:29
ERCB,17184,39113273,2026_03_01,2026-04-18 17:29
MEYSU,16021,175000000,2026_03_01,2026-04-18 17:29
TLMAN,15861,10300000,2026_03_01,2026-04-18 17:29
AGESA,15475,35829553,2026_03_01,2026-04-18 17:29
LUKSK,14173,27257202,2026_03_01,2026-04-18 17:29
KRGYO,13960,275246747,2026_03_01,2026-04-18 17:29
NUGYO,12741,324943976,2026_03_01,2026-04-18 17:29
BRYAT,12495,10264685,2026_03_01,2026-04-18 17:29
SURGY,12415,44999990,2026_03_01,2026-04-18 17:29
BAKAB,12402,34985326,2026_03_01,2026-04-18 17:29
BFREN,11855,24586148,2026_03_01,2026-04-18 17:29
ADGYO,10084,379654333,2026_03_01,2026-04-18 17:29
ALKIM,9884,182767821,2026_03_01,2026-04-18 17:29
KUTPO,9786,10524430,2026_03_01,2026-04-18 17:29
BOSSA,9562,508724189,2026_03_01,2026-04-18 17:29
ARSAN,9158,887344281,2026_03_01,2026-04-18 17:29
BLCYT,8146,49088907,2026_03_01,2026-04-18 17:29
EGPRO,7382,175170570,2026_03_01,2026-04-18 17:29
ANGEN,7376,86440002,2026_03_01,2026-04-18 17:29
ZEDUR,7301,69899992,2026_03_01,2026-04-18 17:29
ALKA,7130,330750000,2026_03_01,2026-04-18 17:29
RAYSG,6940,51947024,2026_03_01,2026-04-18 17:29
ATATP,6830,18809999,2026_03_01,2026-04-18 17:29
TURGG,6503,32042988,2026_03_01,2026-04-18 17:29
AKFIS,6334,66841328,2026_03_01,2026-04-18 17:29
ARENA,6230,66996461,2026_03_01,2026-04-18 17:29
EMKEL,6227,149999458,2026_03_01,2026-04-18 17:29
GRTHO,5817,36745000,2026_03_01,2026-04-18 17:29
HKTM,5540,72747495,2026_03_01,2026-04-18 17:29
KAPLM,4994,4563571,2026_03_01,2026-04-18 17:29
INVEO,4909,998999954,2026_03_01,2026-04-18 17:29
LYDYE,4779,1391287,2026_03_01,2026-04-18 17:29
ISSEN,4778,107411517,2026_03_01,2026-04-18 17:29
DOFRB,4580,45000000,2026_03_01,2026-04-18 17:29
HATSN,4234,44299964,2026_03_01,2026-04-18 17:29
HOROZ,3920,24599986,2026_03_01,2026-04-18 17:29
KONKA,3890,89670000,2026_03_01,2026-04-18 17:29
UFUK,3661,46845974,2026_03_01,2026-04-18 17:29
GOLTS,2883,12422783,2026_03_01,2026-04-18 17:29
AVHOL,2869,26047279,2026_03_01,2026-04-18 17:29
DESA,2827,171107590,2026_03_01,2026-04-18 17:29
LKMNH,2277,163262533,2026_03_01,2026-04-18 17:29
TRILC,1913,118499496,2026_03_01,2026-04-18 17:29
VSNMD,1571,24000000,2026_03_01,2026-04-18 17:29
AYGAZ,1511,98568807,2026_03_01,2026-04-18 17:29
CLEBI,1102,5490178,2026_03_01,2026-04-18 17:29
ISGSY,991,47378729,2026_03_01,2026-04-18 17:29
AYCES,719,1895369,2026_03_01,2026-04-18 17:29
ACSEL,550,8589113,2026_03_01,2026-04-18 17:29
CGCAM,500,42000000,2026_03_01,2026-04-18 17:29
VKING,432,30932905,2026_03_01,2026-04-18 17:29
ALCTL,309,13543218,2026_03_01,2026-04-18 17:29
PAPIL,70,206247674,2026_03_01,2026-04-18 17:29
MRSHL,13,4212888,2026_03_01,2026-04-18 17:29
MANGO,0,37831688,2026_03_01,2026-04-18 17:29
BURVA,0,4723271,2026_03_01,2026-04-18 17:29
EUHOL,0,142999954,2026_03_01,2026-04-18 17:29
ISBIR,0,14520542,2026_03_01,2026-04-18 17:29
TDGYO,0,61998213,2026_03_01,2026-04-18 17:29
MEGAP,0,234498757,2026_03_01,2026-04-18 17:29
EYGYO,0,362859667,2026_03_01,2026-04-18 17:29
MEMSA,0,160110709,2026_03_01,2026-04-18 17:29
MENBA,0,3496852,2026_03_01,2026-04-18 17:29
DOGUB,0,19821566,2026_03_01,2026-04-18 17:29
AKENR,0,385189246,2026_03_01,2026-04-18 17:29
FENIS,0,26080019,2026_03_01,2026-04-18 17:29
FLAP,0,93599985,2026_03_01,2026-04-18 17:29
AKMGY,0,21568998,2026_03_01,2026-04-18 17:29
TRHOL,0,17635692,2026_03_01,2026-04-18 17:29
MZHLD,0,72215314,2026_03_01,2026-04-18 17:29
NIBAS,0,267767946,2026_03_01,2026-04-18 17:29
CELHA,0,146124228,2026_03_01,2026-04-18 17:29
ARTOG,0,18578922,2026_03_01,2026-04-18 17:29
AKPAZ,0,22488832,2026_03_01,2026-04-18 17:29
EGCYO,0,21986285,2026_03_01,2026-04-18 17:29
ORCAY,0,150506192,2026_03_01,2026-04-18 17:29
ULAS,0,25200172,2026_03_01,2026-04-18 17:29
ASYAB,0,477899601,2026_03_01,2026-04-18 17:29
UNTAR,0,29562129,2026_03_01,2026-04-18 17:29
KENT,0,1786507,2026_03_01,2026-04-18 17:29
UZEL,0,26329793,2026_03_01,2026-04-18 17:29
OYAYO,0,19999941,2026_03_01,2026-04-18 17:29
OYLUM,0,80937367,2026_03_01,2026-04-18 17:29
KERVN,0,588346973,2026_03_01,2026-04-18 17:29
CMBTN,0,1023000,2026_03_01,2026-04-18 17:29
OZRDN,0,57107579,2026_03_01,2026-04-18 17:29
KLNMA,0,91846864,2026_03_01,2026-04-18 17:29
GLBMD,0,28880500,2026_03_01,2026-04-18 17:29
GLDTRF,0,47350000,2026_03_01,2026-04-18 17:29
CMENT,0,56829666,2026_03_01,2026-04-18 17:29
ZGYO,0,84500000,2026_03_01,2026-04-18 17:29
BAYRK,0,189751123,2026_03_01,2026-04-18 17:29
GOLDS,0,192323946,2026_03_01,2026-04-18 17:29
KRATL,0,17800000,2026_03_01,2026-04-18 17:29
ARAT,0,39867975,2026_03_01,2026-04-18 17:29
GRNYO,0,37386059,2026_03_01,2026-04-18 17:29
PRKAB,0,35225443,2026_03_01,2026-04-18 17:29
KSTUR,0,3952560,2026_03_01,2026-04-18 17:29
PRZMA,0,61941150,2026_03_01,2026-04-18 17:29
PSDTC,0,6599991,2026_03_01,2026-04-18 17:29
ARBUL,0,15459297,2026_03_01,2026-04-18 17:29
QNBFK,0,843137646,2026_03_01,2026-04-18 17:29
QNBTR,0,2571745911,2026_03_01,2026-04-18 17:29
BRMEN,0,57566555,2026_03_01,2026-04-18 17:29
RNPOL,0,335900000,2026_03_01,2026-04-18 17:29
ENPRA,0,15294299,2026_03_01,2026-04-18 17:29
RUBNS,0,42377765,2026_03_01,2026-04-18 17:29
DGGYO,0,280709437,2026_03_01,2026-04-18 17:29
SANEL,0,18112451,2026_03_01,2026-04-18 17:29
LIOYS,0,31625013,2026_03_01,2026-04-18 17:29
ATEKS,0,5441598,2026_03_01,2026-04-18 17:29
ERSU,0,31755894,2026_03_01,2026-04-18 17:29
ATPET,0,11403497,2026_03_01,2026-04-18 17:29
IHEVA,0,291631239,2026_03_01,2026-04-18 17:29
AKYHO,0,223895870,2026_03_01,2026-04-18 17:29
SEKUR,0,131457835,2026_03_01,2026-04-18 17:29
SEYKM,0,151040901,2026_03_01,2026-04-18 17:29
SILVR,0,212818206,2026_03_01,2026-04-18 17:29
SKYLP,0,7159255,2026_03_01,2026-04-18 17:29
SMART,0,29737499,2026_03_01,2026-04-18 17:29
AGYO,0,129036460,2026_03_01,2026-04-18 17:29
SNPAM,0,19679871,2026_03_01,2026-04-18 17:29
SONME,0,4349319,2026_03_01,2026-04-18 17:29
DNISI,-88,59171727,2026_03_01,2026-04-18 17:29
KARTN,-119,72781126,2026_03_01,2026-04-18 17:29
OSTIM,-120,510004637,2026_03_01,2026-04-18 17:29
TARKM,-120,4999997,2026_03_01,2026-04-18 17:29
KONYA,-320,1646416,2026_03_01,2026-04-18 17:29
BANVT,-628,36961044,2026_03_01,2026-04-18 17:29
YATAS,-673,94866488,2026_03_01,2026-04-18 17:29
POLTK,-719,1125000,2026_03_01,2026-04-18 17:29
NATEN,-804,309375000,2026_03_01,2026-04-18 17:29
KRONT,-866,116892885,2026_03_01,2026-04-18 17:29
GEREL,-1064,219036379,2026_03_01,2026-04-18 17:29
BVSAN,-1257,13749998,2026_03_01,2026-04-18 17:29
INTEM,-1535,9428747,2026_03_01,2026-04-18 17:29
DENGE,-1700,525284797,2026_03_01,2026-04-18 17:29
MERCN,-1838,74389005,2026_03_01,2026-04-18 17:29
MAALT,-1972,4763850,2026_03_01,2026-04-18 17:29
PAGYO,-2086,57781202,2026_03_01,2026-04-18 17:29
KCAER,-2860,496494775,2026_03_01,2026-04-18 17:29
SAFKR,-3444,139406162,2026_03_01,2026-04-18 17:29
ATAKP,-3552,28224000,2026_03_01,2026-04-18 17:29
TMSN,-3848,44449999,2026_03_01,2026-04-18 17:29
VERTU,-4531,22000000,2026_03_01,2026-04-18 17:29
KLSER,-4803,109457654,2026_03_01,2026-04-18 17:29
IHAAS,-5000,56031248,2026_03_01,2026-04-18 17:29
MERKO,-5319,101104700,2026_03_01,2026-04-18 17:29
ALCAR,-5377,1721735,2026_03_01,2026-04-18 17:29
BRKVY,-5518,13618361,2026_03_01,2026-04-18 17:29
BIGTK,-5794,23834373,2026_03_01,2026-04-18 17:29
RUZYE,-5984,267748491,2026_03_01,2026-04-18 17:29
KTSKR,-6019,14691795,2026_03_01,2026-04-18 17:29
AKCNS,-6402,39359284,2026_03_01,2026-04-18 17:29
HRKET,-6835,24000000,2026_03_01,2026-04-18 17:29
GARFA,-7970,138399778,2026_03_01,2026-04-18 17:29
PKENT,-8397,23766169,2026_03_01,2026-04-18 17:29
EGGUB,-8995,75862197,2026_03_01,2026-04-18 17:29
MEDTR,-9036,24499999,2026_03_01,2026-04-18 17:29
PARSN,-9545,34033246,2026_03_01,2026-04-18 17:29
KLYPV,-9574,46334639,2026_03_01,2026-04-18 17:29
MAKIM,-9614,42559998,2026_03_01,2026-04-18 17:29
MEPET,-10739,73940585,2026_03_01,2026-04-18 17:29
ULUSE,-11311,24000000,2026_03_01,2026-04-18 17:29
FMIZP,-11777,3497641,2026_03_01,2026-04-18 17:29
VERUS,-13645,34499937,2026_03_01,2026-04-18 17:29
LINK,-13795,18231985,2026_03_01,2026-04-18 17:29
MAKTK,-14725,184370066,2026_03_01,2026-04-18 17:29
PNLSN,-15550,34752383,2026_03_01,2026-04-18 17:29
OTTO,-15977,5824438,2026_03_01,2026-04-18 17:29
AVPGY,-17220,99999990,2026_03_01,2026-04-18 17:29
CRDFA,-17457,74996857,2026_03_01,2026-04-18 17:29
ERBOS,-17751,15899843,2026_03_01,2026-04-18 17:29
DOKTA,-18818,145872862,2026_03_01,2026-04-18 17:29
GRSEL,-21231,29650000,2026_03_01,2026-04-18 17:29
TMPOL,-22445,11039990,2026_03_01,2026-04-18 17:29
ALTNY,-22664,399885115,2026_03_01,2026-04-18 17:29
DERIM,-22877,40403770,2026_03_01,2026-04-18 17:29
ENSRI,-23022,236333503,2026_03_01,2026-04-18 17:29
VBTYZ,-24961,56160000,2026_03_01,2026-04-18 17:29
PAMEL,-25000,21533681,2026_03_01,2026-04-18 17:29
INVES,-26439,37480000,2026_03_01,2026-04-18 17:29
DEVA,-27121,199971824,2026_03_01,2026-04-18 17:29
TBORG,-30264,59392160,2026_03_01,2026-04-18 17:29
GZNMI,-30855,40949825,2026_03_01,2026-04-18 17:29
OBAMS,-32003,751078524,2026_03_01,2026-04-18 17:29
EGEEN,-32362,1137161,2026_03_01,2026-04-18 17:29
PKART,-33266,11048497,2026_03_01,2026-04-18 17:29
CATES,-33799,33050000,2026_03_01,2026-04-18 17:29
CRFSA,-36544,18312793,2026_03_01,2026-04-18 17:29
CEOEM,-36847,22209658,2026_03_01,2026-04-18 17:29
ISYAT,-36875,152245569,2026_03_01,2026-04-18 17:29
DGATE,-37796,15227271,2026_03_01,2026-04-18 17:29
ISFIN,-38258,310154523,2026_03_01,2026-04-18 17:29
REEDR,-40417,632419525,2026_03_01,2026-04-18 17:29
ECZYT,-40846,45880511,2026_03_01,2026-04-18 17:29
EGEGY,-41045,69140000,2026_03_01,2026-04-18 17:29
SELEC,-41073,124262097,2026_03_01,2026-04-18 17:29
AHGAZ,-42506,659370871,2026_03_01,2026-04-18 17:29
ARASE,-43162,49999991,2026_03_01,2026-04-18 17:29
BIENY,-43493,83144831,2026_03_01,2026-04-18 17:29
NUHCM,-44059,33164430,2026_03_01,2026-04-18 17:29
BRISA,-44182,31247472,2026_03_01,2026-04-18 17:29
EDIP,-44430,36468204,2026_03_01,2026-04-18 17:29
OFSYM,-48253,22749998,2026_03_01,2026-04-18 17:29
KNFRT,-48822,131747000,2026_03_01,2026-04-18 17:29
POLHO,-50599,164140074,2026_03_01,2026-04-18 17:29
MPARK,-50620,80869110,2026_03_01,2026-04-18 17:29
VAKFN,-50633,2064378140,2026_03_01,2026-04-18 17:29
BORLS,-51703,308652686,2026_03_01,2026-04-18 17:29
OZYSR,-52283,40488000,2026_03_01,2026-04-18 17:29
GLRMK,-53301,38760000,2026_03_01,2026-04-18 17:29
SANKO,-54075,37499197,2026_03_01,2026-04-18 17:29
YGGYO,-55570,240625741,2026_03_01,2026-04-18 17:29
MACKO,-59791,41500000,2026_03_01,2026-04-18 17:29
ARTMS,-59804,24199999,2026_03_01,2026-04-18 17:29
SUWEN,-60351,365687500,2026_03_01,2026-04-18 17:29
ICBCT,-60422,216761845,2026_03_01,2026-04-18 17:29
ANELE,-60577,151405542,2026_03_01,2026-04-18 17:29
UNLU,-62983,102181558,2026_03_01,2026-04-18 17:29
KRTEK,-63051,18914650,2026_03_01,2026-04-18 17:29
HUNER,-64592,670137934,2026_03_01,2026-04-18 17:29
OZSUB,-65100,42499126,2026_03_01,2026-04-18 17:29
OZATD,-66613,13349988,2026_03_01,2026-04-18 17:29
VESBE,-66847,503578676,2026_03_01,2026-04-18 17:29
ONCSM,-70775,10086000,2026_03_01,2026-04-18 17:29
BIZIM,-70949,27601626,2026_03_01,2026-04-18 17:29
AZTEK,-72489,279000000,2026_03_01,2026-04-18 17:29
DZGYO,-73524,399777846,2026_03_01,2026-04-18 17:29
YIGIT,-77595,74999975,2026_03_01,2026-04-18 17:29
OZGYO,-78348,490916869,2026_03_01,2026-04-18 17:29
BAGFS,-79239,100042745,2026_03_01,2026-04-18 17:29
MARBL,-79487,65226403,2026_03_01,2026-04-18 17:29
NETAS,-83149,31783484,2026_03_01,2026-04-18 17:29
SKTAS,-87163,332865443,2026_03_01,2026-04-18 17:29
ARCLK,-90275,170054765,2026_03_01,2026-04-18 17:29
ORGE,-94316,41839996,2026_03_01,2026-04-18 17:29
ANHYT,-96315,88457041,2026_03_01,2026-04-18 17:29
KZGYO,-98677,49999978,2026_03_01,2026-04-18 17:29
DURKN,-100137,42500000,2026_03_01,2026-04-18 17:29
BASGZ,-101337,174999999,2026_03_01,2026-04-18 17:29
TABGD,-103185,52499906,2026_03_01,2026-04-18 17:29
KRDMA,-105526,240300917,2026_03_01,2026-04-18 17:29
LIDER,-111101,279500000,2026_03_01,2026-04-18 17:29
MTRKS,-112397,43633165,2026_03_01,2026-04-18 17:29
EUREN,-112946,1040132637,2026_03_01,2026-04-18 17:29
ASUZU,-116372,41130807,2026_03_01,2026-04-18 17:29
DYOBY,-121218,186553687,2026_03_01,2026-04-18 17:29
HTTBT,-123993,82805422,2026_03_01,2026-04-18 17:29
DESPC,-125211,16023700,2026_03_01,2026-04-18 17:29
MSGYO,-129472,169650150,2026_03_01,2026-04-18 17:29
PNSUT,-132931,128323851,2026_03_01,2026-04-18 17:29
BEYAZ,-135231,42317352,2026_03_01,2026-04-18 17:29
SMRVA,-136725,28000000,2026_03_01,2026-04-18 17:29
FRIGO,-138698,263258455,2026_03_01,2026-04-18 17:29
EDATA,-140234,160065395,2026_03_01,2026-04-18 17:29
VESTL,-141899,295447203,2026_03_01,2026-04-18 17:29
IZMDC,-151925,723225318,2026_03_01,2026-04-18 17:29
ARDYZ,-154487,279551557,2026_03_01,2026-04-18 17:29
GUBRF,-171358,85359737,2026_03_01,2026-04-18 17:29
EUPWR,-173162,199610525,2026_03_01,2026-04-18 17:29
HDFGS,-175295,956974191,2026_03_01,2026-04-18 17:29
PENGD,-181796,171069968,2026_03_01,2026-04-18 17:29
GOODY,-186166,132804473,2026_03_01,2026-04-18 17:29
KMPUR,-187160,132432524,2026_03_01,2026-04-18 17:29
TOASO,-188126,120585077,2026_03_01,2026-04-18 17:29
DUNYH,-188180,36443197,2026_03_01,2026-04-18 17:29
MOGAN,-189715,262635000,2026_03_01,2026-04-18 17:29
KLKIM,-195366,138383655,2026_03_01,2026-04-18 17:29
CEMTS,-196810,233425986,2026_03_01,2026-04-18 17:29
GUNDG,-200000,18968983,2026_03_01,2026-04-18 17:29
MNDRS,-200394,222008082,2026_03_01,2026-04-18 17:29
AKGRT,-205072,629007625,2026_03_01,2026-04-18 17:29
AKSEN,-207711,638545796,2026_03_01,2026-04-18 17:29
AVGYO,-208800,111590302,2026_03_01,2026-04-18 17:29
AHSGY,-228926,184999889,2026_03_01,2026-04-18 17:29
PGSUS,-230243,295068870,2026_03_01,2026-04-18 17:29
KFEIN,-239467,150306170,2026_03_01,2026-04-18 17:29
GOKNR,-255935,178040711,2026_03_01,2026-04-18 17:29
BARMA,-258997,78130939,2026_03_01,2026-04-18 17:29
TNZTP,-263660,87499950,2026_03_01,2026-04-18 17:29
YYLGD,-268550,369826200,2026_03_01,2026-04-18 17:29
ARZUM,-269507,400949823,2026_03_01,2026-04-18 17:29
AGHOL,-276090,1068828243,2026_03_01,2026-04-18 17:29
GSDHO,-276759,999994969,2026_03_01,2026-04-18 17:29
MEGMT,-282246,72749986,2026_03_01,2026-04-18 17:29
BINHO,-285647,488884380,2026_03_01,2026-04-18 17:29
AYDEM,-293936,130000000,2026_03_01,2026-04-18 17:29
CEMZY,-293976,124119970,2026_03_01,2026-04-18 17:29
RALYH,-296064,176370972,2026_03_01,2026-04-18 17:29
YYAPI,-304138,1705025550,2026_03_01,2026-04-18 17:29
GSDDE,-321451,106850751,2026_03_01,2026-04-18 17:29
TCKRC,-324791,70000000,2026_03_01,2026-04-18 17:29
HEDEF,-330124,562499930,2026_03_01,2026-04-18 17:29
BOBET,-332770,113999998,2026_03_01,2026-04-18 17:29
ODINE,-334085,52810834,2026_03_01,2026-04-18 17:29
ULUFA,-346539,305269391,2026_03_01,2026-04-18 17:29
ICUGS,-349000,336250000,2026_03_01,2026-04-18 17:29
AGROT,-351739,843999770,2026_03_01,2026-04-18 17:29
ASGYO,-351950,165000000,2026_03_01,2026-04-18 17:29
INFO,-355553,767463337,2026_03_01,2026-04-18 17:29
AVOD,-359273,253604577,2026_03_01,2026-04-18 17:29
SOKE,-366368,126999996,2026_03_01,2026-04-18 17:29
GESAN,-381780,141759180,2026_03_01,2026-04-18 17:29
GLCVY,-383046,26400000,2026_03_01,2026-04-18 17:29
KLSYN,-385862,107854952,2026_03_01,2026-04-18 17:29
DGNMO,-399825,327634635,2026_03_01,2026-04-18 17:29
NTHOL,-410844,485479112,2026_03_01,2026-04-18 17:29
DOAS,-412485,97899975,2026_03_01,2026-04-18 17:29
MERIT,-413507,329748900,2026_03_01,2026-04-18 17:29
AKSUE,-421207,56376184,2026_03_01,2026-04-18 17:29
RGYAS,-431847,105523000,2026_03_01,2026-04-18 17:29
EGSER,-433908,545751057,2026_03_01,2026-04-18 17:29
YKSLN,-442135,197429570,2026_03_01,2026-04-18 17:29
SELVA,-449007,747897737,2026_03_01,2026-04-18 17:29
GWIND,-454125,179165491,2026_03_01,2026-04-18 17:29
DCTTR,-462295,157328724,2026_03_01,2026-04-18 17:29
MGROS,-464889,96563555,2026_03_01,2026-04-18 17:29
AKFYE,-466899,551782160,2026_03_01,2026-04-18 17:29
KOTON,-481880,136599922,2026_03_01,2026-04-18 17:29
GLRYH,-489912,599623814,2026_03_01,2026-04-18 17:29
TUPRS,-494977,902334139,2026_03_01,2026-04-18 17:29
EPLAS,-505530,190491857,2026_03_01,2026-04-18 17:29
ALGYO,-512303,989338262,2026_03_01,2026-04-18 17:29
IMASM,-517683,622850499,2026_03_01,2026-04-18 17:29
INDES,-522935,462749767,2026_03_01,2026-04-18 17:29
PETUN,-534452,134673118,2026_03_01,2026-04-18 17:29
EFOR,-551683,670679994,2026_03_01,2026-04-18 17:29
TSGYO,-552900,266499982,2026_03_01,2026-04-18 17:29
KRSTL,-554361,183664642,2026_03_01,2026-04-18 17:29
TRCAS,-572460,206252869,2026_03_01,2026-04-18 17:29
KRVGD,-585333,596159766,2026_03_01,2026-04-18 17:29
SNICA,-612174,321688855,2026_03_01,2026-04-18 17:29
KZBGY,-624498,1959999915,2026_03_01,2026-04-18 17:29
YEOTK,-625965,160933198,2026_03_01,2026-04-18 17:29
AKSGY,-626549,1628451947,2026_03_01,2026-04-18 17:29
KBORU,-656044,143999994,2026_03_01,2026-04-18 17:29
KRPLS,-657690,78486163,2026_03_01,2026-04-18 17:29
LOGO,-660624,74328248,2026_03_01,2026-04-18 17:29
YUNSA,-677881,202164056,2026_03_01,2026-04-18 17:29
EKGYO,-724166,1925107366,2026_03_01,2026-04-18 17:29
EGEPO,-724837,200000000,2026_03_01,2026-04-18 17:29
HEKTS,-732737,3946424642,2026_03_01,2026-04-18 17:29
AKSA,-745774,1503650642,2026_03_01,2026-04-18 17:29
KLGYO,-779280,689399869,2026_03_01,2026-04-18 17:29
BNTAS,-802410,170624998,2026_03_01,2026-04-18 17:29
AFYON,-826028,399992258,2026_03_01,2026-04-18 17:29
OTKAR,-834523,33417145,2026_03_01,2026-04-18 17:29
TTRAK,-866848,24967158,2026_03_01,2026-04-18 17:29
VAKBN,-883025,8046896130,2026_03_01,2026-04-18 17:29
GOZDE,-894784,384991447,2026_03_01,2026-04-18 17:29
LMKDC,-930290,155929999,2026_03_01,2026-04-18 17:29
TATGD,-931852,119286243,2026_03_01,2026-04-18 17:29
BIMAS,-991903,436214016,2026_03_01,2026-04-18 17:29
KRDMB,-996216,118762110,2026_03_01,2026-04-18 17:29
BRSAN,-997655,35912460,2026_03_01,2026-04-18 17:29
KATMR,-1032104,1980989998,2026_03_01,2026-04-18 17:29
BURCE,-1166119,44422390,2026_03_01,2026-04-18 17:29
IHGZT,-1167905,570666228,2026_03_01,2026-04-18 17:29
PETKM,-1245681,1241729843,2026_03_01,2026-04-18 17:29
MAGEN,-1248587,719512140,2026_03_01,2026-04-18 17:29
BERA,-1279273,491965090,2026_03_01,2026-04-18 17:29
MOBTL,-1359982,207999999,2026_03_01,2026-04-18 17:29
ULKER,-1384224,338855989,2026_03_01,2026-04-18 17:29
MOPAS,-1431649,57330000,2026_03_01,2026-04-18 17:29
TUREX,-1495402,432000000,2026_03_01,2026-04-18 17:29
KGYO,-1496047,767895148,2026_03_01,2026-04-18 17:29
ASTOR,-1590970,366896261,2026_03_01,2026-04-18 17:29
IZENR,-1598084,914537597,2026_03_01,2026-04-18 17:29
TTKOM,-1711292,524999999,2026_03_01,2026-04-18 17:29
FROTO,-1768720,625119847,2026_03_01,2026-04-18 17:29
CONSE,-1817320,377854899,2026_03_01,2026-04-18 17:29
QUAGR,-1820336,1773200000,2026_03_01,2026-04-18 17:29
SOKM,-1929470,448708248,2026_03_01,2026-04-18 17:29
BUCIM,-2001234,1292638065,2026_03_01,2026-04-18 17:29
LIDFA,-2027254,458180545,2026_03_01,2026-04-18 17:29
ISDMR,-2038501,147631816,2026_03_01,2026-04-18 17:29
TUKAS,-2059792,4499995929,2026_03_01,2026-04-18 17:29
SNGYO,-2126888,3607173097,2026_03_01,2026-04-18 17:29
VKGYO,-2279226,1637203242,2026_03_01,2026-04-18 17:29
ENTRA,-2343007,369383564,2026_03_01,2026-04-18 17:29
KIMMR,-2410598,75000000,2026_03_01,2026-04-18 17:29
AKFGY,-2539869,3457819313,2026_03_01,2026-04-18 17:29
ISMEN,-2630476,467723147,2026_03_01,2026-04-18 17:29
MRGYO,-2704164,2277966226,2026_03_01,2026-04-18 17:29
RYSAS,-2876745,1504020937,2026_03_01,2026-04-18 17:29
KCHOL,-3050098,674052400,2026_03_01,2026-04-18 17:29
DAPGM,-3129359,928276145,2026_03_01,2026-04-18 17:29
KLRHO,-3619013,341250000,2026_03_01,2026-04-18 17:29
SISE,-3633562,1814905642,2026_03_01,2026-04-18 17:29
GARAN,-4141229,2454957798,2026_03_01,2026-04-18 17:29
TKFEN,-4251026,230848007,2026_03_01,2026-04-18 17:29
CVKMD,-4397376,461999787,2026_03_01,2026-04-18 17:29
HALKB,-4640496,6546422780,2026_03_01,2026-04-18 17:29
ENKAI,-5100937,874733059,2026_03_01,2026-04-18 17:29
SRVGY,-6212061,812499687,2026_03_01,2026-04-18 17:29
AEFES,-6400263,2028860053,2026_03_01,2026-04-18 17:29
TCELL,-7413668,1622604373,2026_03_01,2026-04-18 17:29
CWENE,-7949824,530758241,2026_03_01,2026-04-18 17:29
TSPOR,-8057935,3674975174,2026_03_01,2026-04-18 17:29
SKBNK,-8103723,2498877855,2026_03_01,2026-04-18 17:29
THYAO,-8971586,739463453,2026_03_01,2026-04-18 17:29
ZOREN,-9022346,2681244194,2026_03_01,2026-04-18 17:29
DOHOL,-9113497,984706978,2026_03_01,2026-04-18 17:29
YKBNK,-16139552,4705620952,2026_03_01,2026-04-18 17:29
YGYO,-17627625,1310632851,2026_03_01,2026-04-18 17:29
SAHOL,-17810482,1145847384,2026_03_01,2026-04-18 17:29
GENIL,-20262148,1289069985,2026_03_01,2026-04-18 17:29
ALVES,-23500000,1159999780,2026_03_01,2026-04-18 17:29
EFOR,106483770,670679994,2026_03_02,2026-04-18 17:30
ADESE,46087326,4687131701,2026_03_02,2026-04-18 17:30
TURSG,23349890,7907296076,2026_03_02,2026-04-18 17:30
KATMR,16688728,1980989998,2026_03_02,2026-04-18 17:30
BTCIM,12824120,4052064654,2026_03_02,2026-04-18 17:30
TUKAS,12743670,4499995929,2026_03_02,2026-04-18 17:30
USAK,11511033,2436064709,2026_03_02,2026-04-18 17:30
HDFGS,10715728,956974191,2026_03_02,2026-04-18 17:30
SKBNK,10245705,2498877855,2026_03_02,2026-04-18 17:30
IHLAS,7865813,1396079076,2026_03_02,2026-04-18 17:30
TUPRS,6336271,902334044,2026_03_02,2026-04-18 17:30
TATEN,6292137,347799724,2026_03_02,2026-04-18 17:30
TRALT,6192924,952269019,2026_03_02,2026-04-18 17:30
TTKOM,5864510,524999999,2026_03_02,2026-04-18 17:30
KRDMA,4945005,240300917,2026_03_02,2026-04-18 17:30
ASTOR,4765182,366896223,2026_03_02,2026-04-18 17:30
INFO,3800446,767463333,2026_03_02,2026-04-18 17:30
IHGZT,3778496,570666228,2026_03_02,2026-04-18 17:30
PSGYO,3661046,2954231556,2026_03_02,2026-04-18 17:30
SRVGY,3523237,812499687,2026_03_02,2026-04-18 17:30
LXGYO,3500000,120000000,2026_03_02,2026-04-18 17:30
DARDL,3475833,1753442695,2026_03_02,2026-04-18 17:30
AGROT,3339273,843999770,2026_03_02,2026-04-18 17:30
IHYAY,3275058,388124996,2026_03_02,2026-04-18 17:30
IZENR,2261170,914537597,2026_03_02,2026-04-18 17:30
BIMAS,2138029,436214016,2026_03_02,2026-04-18 17:30
MARMR,2053926,961218727,2026_03_02,2026-04-18 17:30
DMRGD,1848400,1277294592,2026_03_02,2026-04-18 17:30
RYGYO,1704790,770588057,2026_03_02,2026-04-18 17:30
ODAS,1659758,1113798031,2026_03_02,2026-04-18 17:30
TKFEN,1478969,230848007,2026_03_02,2026-04-18 17:30
AGHOL,1452508,1068828243,2026_03_02,2026-04-18 17:30
GLRYH,1431370,599623814,2026_03_02,2026-04-18 17:30
MHRGY,1397008,310499991,2026_03_02,2026-04-18 17:30
AKFYE,1394480,551782160,2026_03_02,2026-04-18 17:30
YEOTK,1359974,160933198,2026_03_02,2026-04-18 17:30
ESCOM,1305441,463831670,2026_03_02,2026-04-18 17:30
KZBGY,1213751,1959999915,2026_03_02,2026-04-18 17:30
TEHOL,1088604,1967930261,2026_03_02,2026-04-18 17:30
PAHOL,1080024,3999999979,2026_03_02,2026-04-18 17:30
CIMSA,1075845,488470290,2026_03_02,2026-04-18 17:30
LILAK,1037902,260252705,2026_03_02,2026-04-18 17:30
OZGYO,1001910,490916869,2026_03_02,2026-04-18 17:30
ESEN,992836,682499950,2026_03_02,2026-04-18 17:30
CONSE,858857,377854899,2026_03_02,2026-04-18 17:30
KUYAS,842453,398957788,2026_03_02,2026-04-18 17:30
ENJSA,795231,236209110,2026_03_02,2026-04-18 17:30
HLGYO,647832,1075198517,2026_03_02,2026-04-18 17:30
PATEK,627131,293081892,2026_03_02,2026-04-18 17:30
SAHOL,625623,1145847179,2026_03_02,2026-04-18 17:30
KONTR,613977,936038761,2026_03_02,2026-04-18 17:30
AYDEM,527436,130000000,2026_03_02,2026-04-18 17:30
VKGYO,520104,1637203242,2026_03_02,2026-04-18 17:30
GMTAS,500803,298687813,2026_03_02,2026-04-18 17:30
RTALB,490750,432976722,2026_03_02,2026-04-18 17:30
KARSN,487990,827827039,2026_03_02,2026-04-18 17:30
AZTEK,486567,279000000,2026_03_02,2026-04-18 17:30
TOASO,477906,120585026,2026_03_02,2026-04-18 17:30
ONCSM,477467,10086000,2026_03_02,2026-04-18 17:30
SNGYO,470744,3607173097,2026_03_02,2026-04-18 17:30
FONET,467210,577082984,2026_03_02,2026-04-18 17:30
VAKFN,466589,2064378140,2026_03_02,2026-04-18 17:30
CANTE,448161,8608515636,2026_03_02,2026-04-18 17:30
QUAGR,441486,1773200000,2026_03_02,2026-04-18 17:30
BALSU,439595,278000000,2026_03_02,2026-04-18 17:30
VAKFA,436641,224999701,2026_03_02,2026-04-18 17:30
INDES,431990,462749767,2026_03_02,2026-04-18 17:30
EGSER,426508,545751057,2026_03_02,2026-04-18 17:30
AYGAZ,382662,98568807,2026_03_02,2026-04-18 17:30
KRONT,381964,116892885,2026_03_02,2026-04-18 17:30
ARCLK,362342,170054765,2026_03_02,2026-04-18 17:30
NTGAZ,352708,276000000,2026_03_02,2026-04-18 17:30
JANTS,352245,207607465,2026_03_02,2026-04-18 17:30
TATGD,344659,119286243,2026_03_02,2026-04-18 17:30
KAYSE,344063,818951998,2026_03_02,2026-04-18 17:30
SERNT,340294,113000000,2026_03_02,2026-04-18 17:30
GESAN,336247,141759179,2026_03_02,2026-04-18 17:30
POLHO,330856,164140074,2026_03_02,2026-04-18 17:30
MCARD,320000,18900000,2026_03_02,2026-04-18 17:30
IZFAS,312059,156001658,2026_03_02,2026-04-18 17:30
ENDAE,311978,123506958,2026_03_02,2026-04-18 17:30
BINBN,283078,17000000,2026_03_02,2026-04-18 17:30
OYYAT,282993,91048322,2026_03_02,2026-04-18 17:30
PASEU,282666,215295868,2026_03_02,2026-04-18 17:30
EMKEL,277683,149999458,2026_03_02,2026-04-18 17:30
DENGE,273171,525284797,2026_03_02,2026-04-18 17:30
BLUME,254601,174710134,2026_03_02,2026-04-18 17:30
SNICA,242305,321688855,2026_03_02,2026-04-18 17:30
EKSUN,230148,171792833,2026_03_02,2026-04-18 17:30
DERHL,229323,197281316,2026_03_02,2026-04-18 17:30
CCOLA,217545,820001104,2026_03_02,2026-04-18 17:30
BOSSA,208526,508724189,2026_03_02,2026-04-18 17:30
ZEDUR,207170,69899991,2026_03_02,2026-04-18 17:30
LMKDC,194897,155929999,2026_03_02,2026-04-18 17:30
ALBRK,190950,1050739765,2026_03_02,2026-04-18 17:30
KGYO,185623,767894934,2026_03_02,2026-04-18 17:30
AYEN,181464,55531320,2026_03_02,2026-04-18 17:30
CEOEM,178293,22209658,2026_03_02,2026-04-18 17:30
VBTYZ,160576,56160000,2026_03_02,2026-04-18 17:30
EYGYO,159051,362859667,2026_03_02,2026-04-18 17:30
TRMET,158182,174483588,2026_03_02,2026-04-18 17:30
GEDZA,156016,42983624,2026_03_02,2026-04-18 17:30
MNDTR,150244,910071938,2026_03_02,2026-04-18 17:30
TSGYO,147386,266499982,2026_03_02,2026-04-18 17:30
BMSTL,142533,74760491,2026_03_02,2026-04-18 17:30
CEMZY,142018,124119970,2026_03_02,2026-04-18 17:30
NUGYO,138806,324943976,2026_03_02,2026-04-18 17:30
TRENJ,138499,98018735,2026_03_02,2026-04-18 17:30
KRDMB,137011,118762110,2026_03_02,2026-04-18 17:30
FENER,136961,2772321468,2026_03_02,2026-04-18 17:30
EBEBK,136601,40534692,2026_03_02,2026-04-18 17:30
GOODY,133680,132804473,2026_03_02,2026-04-18 17:30
ASGYO,133279,165000000,2026_03_02,2026-04-18 17:30
KRDMD,131627,780216365,2026_03_02,2026-04-18 17:30
TABGD,130863,52499906,2026_03_02,2026-04-18 17:30
VAKKO,127378,30788486,2026_03_02,2026-04-18 17:30
KMPUR,126587,132432524,2026_03_02,2026-04-18 17:30
ALKLC,118747,45382467,2026_03_02,2026-04-18 17:30
ANHYT,114434,88457041,2026_03_02,2026-04-18 17:30
YYLGD,107330,369826200,2026_03_02,2026-04-18 17:30
FROTO,97914,625119787,2026_03_02,2026-04-18 17:30
PENTA,93936,181070136,2026_03_02,2026-04-18 17:30
FRIGO,92667,263258455,2026_03_02,2026-04-18 17:30
HUNER,91633,670137933,2026_03_02,2026-04-18 17:30
DOFRB,91572,45000000,2026_03_02,2026-04-18 17:30
BUCIM,89708,1292638065,2026_03_02,2026-04-18 17:30
SUNTK,87735,145280000,2026_03_02,2026-04-18 17:30
VESTL,85919,295447203,2026_03_02,2026-04-18 17:30
ISFIN,85569,310154523,2026_03_02,2026-04-18 17:30
DMSAS,84664,199994510,2026_03_02,2026-04-18 17:30
BAYRK,79148,189751123,2026_03_02,2026-04-18 17:30
KLYPV,78552,46334639,2026_03_02,2026-04-18 17:30
GSDHO,78508,999994969,2026_03_02,2026-04-18 17:30
AVOD,73472,253604577,2026_03_02,2026-04-18 17:30
MIATK,70951,313087979,2026_03_02,2026-04-18 17:30
EPLAS,69712,190491857,2026_03_02,2026-04-18 17:30
YGGYO,64513,240625741,2026_03_02,2026-04-18 17:30
ARZUM,63990,400949823,2026_03_02,2026-04-18 17:30
PRKME,63386,53038641,2026_03_02,2026-04-18 17:30
ENSRI,59682,236333502,2026_03_02,2026-04-18 17:30
LYDHO,57734,197140970,2026_03_02,2026-04-18 17:30
YKSLN,57349,197429566,2026_03_02,2026-04-18 17:30
KRTEK,55288,18914650,2026_03_02,2026-04-18 17:30
DSTKF,55016,84533333,2026_03_02,2026-04-18 17:30
AKHAN,48960,54700000,2026_03_02,2026-04-18 17:30
SMRVA,48807,28000000,2026_03_02,2026-04-18 17:30
DNISI,48145,59171727,2026_03_02,2026-04-18 17:30
DESPC,46792,16023700,2026_03_02,2026-04-18 17:30
PCILT,45338,45014182,2026_03_02,2026-04-18 17:30
ICUGS,44739,336250000,2026_03_02,2026-04-18 17:30
BIGCH,43651,368932945,2026_03_02,2026-04-18 17:30
DURKN,42517,42500000,2026_03_02,2026-04-18 17:30
TBORG,41977,59392160,2026_03_02,2026-04-18 17:30
AKFIS,41867,66841328,2026_03_02,2026-04-18 17:30
DOFER,41706,20172500,2026_03_02,2026-04-18 17:30
KLSER,40666,109457654,2026_03_02,2026-04-18 17:30
MAKIM,37917,42559998,2026_03_02,2026-04-18 17:30
DEVA,37652,199971824,2026_03_02,2026-04-18 17:30
TURGG,36215,32042988,2026_03_02,2026-04-18 17:30
AKSEN,35734,638545796,2026_03_02,2026-04-18 17:30
EDIP,34245,36468204,2026_03_02,2026-04-18 17:30
ALCTL,34065,13543218,2026_03_02,2026-04-18 17:30
BRISA,33271,31247472,2026_03_02,2026-04-18 17:30
SKYMD,32978,52499981,2026_03_02,2026-04-18 17:30
ANELE,32847,151405542,2026_03_02,2026-04-18 17:30
VERUS,32291,34499937,2026_03_02,2026-04-18 17:30
OBASE,31771,14924000,2026_03_02,2026-04-18 17:30
BIOEN,31753,197983418,2026_03_02,2026-04-18 17:30
LUKSK,31357,27257202,2026_03_02,2026-04-18 17:30
BARMA,31331,78130939,2026_03_02,2026-04-18 17:30
MOGAN,31236,262635000,2026_03_02,2026-04-18 17:30
MARBL,31078,65226403,2026_03_02,2026-04-18 17:30
BOBET,31048,113999998,2026_03_02,2026-04-18 17:30
LKMNH,30226,163262533,2026_03_02,2026-04-18 17:30
MERCN,29924,74389005,2026_03_02,2026-04-18 17:30
DOAS,28836,97899928,2026_03_02,2026-04-18 17:30
SKTAS,28705,332865443,2026_03_02,2026-04-18 17:30
CRFSA,28411,18312793,2026_03_02,2026-04-18 17:30
CUSAN,27971,18500000,2026_03_02,2026-04-18 17:30
DUNYH,27775,36443197,2026_03_02,2026-04-18 17:30
GSDDE,24689,106850751,2026_03_02,2026-04-18 17:30
DOKTA,22512,145872862,2026_03_02,2026-04-18 17:30
AKSUE,21764,56376184,2026_03_02,2026-04-18 17:30
GOKNR,21214,178040711,2026_03_02,2026-04-18 17:30
DZGYO,19526,399777846,2026_03_02,2026-04-18 17:30
SARKY,19352,999999671,2026_03_02,2026-04-18 17:30
BINHO,18628,488884380,2026_03_02,2026-04-18 17:30
ERCB,18498,39113273,2026_03_02,2026-04-18 17:30
BRYAT,18020,10264685,2026_03_02,2026-04-18 17:30
ADEL,15467,112043619,2026_03_02,2026-04-18 17:30
PRKAB,15234,35225443,2026_03_02,2026-04-18 17:30
MOPAS,15226,57330000,2026_03_02,2026-04-18 17:30
OZSUB,14862,42499126,2026_03_02,2026-04-18 17:30
FORTE,14641,27999999,2026_03_02,2026-04-18 17:30
ALTNY,14375,399885115,2026_03_02,2026-04-18 17:30
EGGUB,14323,75862197,2026_03_02,2026-04-18 17:30
BAHKM,12397,23289000,2026_03_02,2026-04-18 17:30
TRILC,11753,118499496,2026_03_02,2026-04-18 17:30
BANVT,10270,36961044,2026_03_02,2026-04-18 17:30
BIZIM,9712,27601626,2026_03_02,2026-04-18 17:30
ASUZU,9098,41130807,2026_03_02,2026-04-18 17:30
ELITE,8701,44650000,2026_03_02,2026-04-18 17:30
PNLSN,8329,34752383,2026_03_02,2026-04-18 17:30
SDTTR,8058,15990000,2026_03_02,2026-04-18 17:30
AKENR,8000,385189246,2026_03_02,2026-04-18 17:30
BEYAZ,7668,42317352,2026_03_02,2026-04-18 17:30
BIGTK,7542,23834373,2026_03_02,2026-04-18 17:30
BFREN,7068,24586148,2026_03_02,2026-04-18 17:30
SANKO,6887,37499197,2026_03_02,2026-04-18 17:30
ORGE,6249,41839996,2026_03_02,2026-04-18 17:30
CELHA,5496,146124225,2026_03_02,2026-04-18 17:30
PARSN,5234,34033246,2026_03_02,2026-04-18 17:30
GOLTS,5072,12422783,2026_03_02,2026-04-18 17:30
CATES,4270,33050000,2026_03_02,2026-04-18 17:30
KORDS,4046,65421451,2026_03_02,2026-04-18 17:30
HEDEF,3874,562499930,2026_03_02,2026-04-18 17:30
BIGEN,3842,115500000,2026_03_02,2026-04-18 17:30
HATSN,3785,44299964,2026_03_02,2026-04-18 17:30
TARKM,3408,4999997,2026_03_02,2026-04-18 17:30
GENTS,3009,749958921,2026_03_02,2026-04-18 17:30
VSNMD,2695,24000000,2026_03_02,2026-04-18 17:30
ATAKP,2226,28224000,2026_03_02,2026-04-18 17:30
MEDTR,2153,24499999,2026_03_02,2026-04-18 17:30
BMSCH,2081,69277402,2026_03_02,2026-04-18 17:30
MRSHL,2057,4212888,2026_03_02,2026-04-18 17:30
LYDYE,1672,1391287,2026_03_02,2026-04-18 17:30
INVEO,1650,998999954,2026_03_02,2026-04-18 17:30
INVES,1413,37480000,2026_03_02,2026-04-18 17:30
UFUK,1088,46845974,2026_03_02,2026-04-18 17:30
ISGSY,1048,47378729,2026_03_02,2026-04-18 17:30
ALVES,1000,1159999770,2026_03_02,2026-04-18 17:30
HOROZ,939,24599986,2026_03_02,2026-04-18 17:30
ERBOS,920,15899843,2026_03_02,2026-04-18 17:30
MAALT,661,4763850,2026_03_02,2026-04-18 17:30
EGEEN,602,1137161,2026_03_02,2026-04-18 17:30
INTEM,476,9428747,2026_03_02,2026-04-18 17:30
POLTK,261,1125000,2026_03_02,2026-04-18 17:30
NATEN,240,309374995,2026_03_02,2026-04-18 17:30
FRMPL,200,39997767,2026_03_02,2026-04-18 17:30
BORSK,200,279999879,2026_03_02,2026-04-18 17:30
PKENT,164,23766169,2026_03_02,2026-04-18 17:30
ACSEL,24,8589113,2026_03_02,2026-04-18 17:30
CMBTN,21,1023000,2026_03_02,2026-04-18 17:30
KLGYO,3,689275638,2026_03_02,2026-04-18 17:30
YAYLA,2,39874966,2026_03_02,2026-04-18 17:30
YESIL,0,640699949,2026_03_02,2026-04-18 17:30
MANGO,0,37831688,2026_03_02,2026-04-18 17:30
YGYO,0,1310632851,2026_03_02,2026-04-18 17:30
FENIS,0,26080019,2026_03_02,2026-04-18 17:30
YYAPI,0,1705025550,2026_03_02,2026-04-18 17:30
EGCYO,0,21986285,2026_03_02,2026-04-18 17:30
KRATL,0,17800000,2026_03_02,2026-04-18 17:30
ASYAB,0,477899601,2026_03_02,2026-04-18 17:30
MEMSA,0,160110709,2026_03_02,2026-04-18 17:30
MENBA,0,3496852,2026_03_02,2026-04-18 17:30
ARTOG,0,18578922,2026_03_02,2026-04-18 17:30
ARBUL,0,15459297,2026_03_02,2026-04-18 17:30
ENPRA,0,15294299,2026_03_02,2026-04-18 17:30
GOLDS,0,192323946,2026_03_02,2026-04-18 17:30
ATPET,0,11403497,2026_03_02,2026-04-18 17:30
TDGYO,0,61998213,2026_03_02,2026-04-18 17:30
AGYO,0,129036460,2026_03_02,2026-04-18 17:30
QNBFK,0,843137646,2026_03_02,2026-04-18 17:30
DGGYO,0,280709437,2026_03_02,2026-04-18 17:30
IHEVA,0,291631239,2026_03_02,2026-04-18 17:30
ATEKS,0,5441598,2026_03_02,2026-04-18 17:30
SEYKM,0,151040901,2026_03_02,2026-04-18 17:30
MZHLD,0,72215314,2026_03_02,2026-04-18 17:30
AKYHO,0,223895870,2026_03_02,2026-04-18 17:30
SELVA,0,747897737,2026_03_02,2026-04-18 17:30
KENT,0,1786507,2026_03_02,2026-04-18 17:30
CMENT,0,56829666,2026_03_02,2026-04-18 17:30
ISBIR,0,14530542,2026_03_02,2026-04-18 17:30
GLDTRF,0,47350000,2026_03_02,2026-04-18 17:30
AKMGY,0,21568998,2026_03_02,2026-04-18 17:30
BORLS,0,308652686,2026_03_02,2026-04-18 17:30
GLBMD,0,28880500,2026_03_02,2026-04-18 17:30
OYLUM,0,80937367,2026_03_02,2026-04-18 17:30
UNTAR,0,29562129,2026_03_02,2026-04-18 17:30
NIBAS,0,267767946,2026_03_02,2026-04-18 17:30
SONME,0,4349319,2026_03_02,2026-04-18 17:30
OZRDN,0,57107579,2026_03_02,2026-04-18 17:30
UZEL,0,26329793,2026_03_02,2026-04-18 17:30
LIOYS,0,31625013,2026_03_02,2026-04-18 17:30
SEKUR,0,131457835,2026_03_02,2026-04-18 17:30
SKYLP,0,7159255,2026_03_02,2026-04-18 17:30
QNBTR,0,2571745911,2026_03_02,2026-04-18 17:30
OYAYO,0,19999941,2026_03_02,2026-04-18 17:30
SANEL,0,18112451,2026_03_02,2026-04-18 17:30
ARAT,0,39867975,2026_03_02,2026-04-18 17:30
ERSU,0,31755894,2026_03_02,2026-04-18 17:30
PSDTC,0,6599991,2026_03_02,2026-04-18 17:30
PRZMA,0,61941150,2026_03_02,2026-04-18 17:30
ULAS,0,25200172,2026_03_02,2026-04-18 17:30
GEREL,0,219036379,2026_03_02,2026-04-18 17:30
SILVR,0,212818206,2026_03_02,2026-04-18 17:30
PAPIL,0,206247674,2026_03_02,2026-04-18 17:30
BRMEN,0,57566555,2026_03_02,2026-04-18 17:30
AHSGY,0,184999889,2026_03_02,2026-04-18 17:30
EUHOL,0,142999954,2026_03_02,2026-04-18 17:30
SNPAM,0,19679871,2026_03_02,2026-04-18 17:30
CRDFA,0,74996857,2026_03_02,2026-04-18 17:30
KSTUR,0,3952560,2026_03_02,2026-04-18 17:30
MEGAP,0,234498757,2026_03_02,2026-04-18 17:30
ORCAY,0,150506192,2026_03_02,2026-04-18 17:30
RNPOL,0,335900000,2026_03_02,2026-04-18 17:30
KERVN,0,588346973,2026_03_02,2026-04-18 17:30
RUBNS,0,42377765,2026_03_02,2026-04-18 17:30
EUREN,0,1040132637,2026_03_02,2026-04-18 17:30
GRNYO,0,37386059,2026_03_02,2026-04-18 17:30
SMART,0,29737499,2026_03_02,2026-04-18 17:30
ATATR,0,280000000,2026_03_02,2026-04-18 17:30
IHAAS,0,56031248,2026_03_02,2026-04-18 17:30
DOGUB,0,19821566,2026_03_02,2026-04-18 17:30
FLAP,0,93599985,2026_03_02,2026-04-18 17:30
AKPAZ,0,22488832,2026_03_02,2026-04-18 17:30
KLNMA,0,91846864,2026_03_02,2026-04-18 17:30
MEPET,0,73940585,2026_03_02,2026-04-18 17:30
CLEBI,-113,5490178,2026_03_02,2026-04-18 17:30
ALCAR,-167,1721735,2026_03_02,2026-04-18 17:30
CGCAM,-200,42000000,2026_03_02,2026-04-18 17:30
BULGS,-262,72500000,2026_03_02,2026-04-18 17:30
HKTM,-345,72747495,2026_03_02,2026-04-18 17:30
KAPLM,-573,4563571,2026_03_02,2026-04-18 17:30
ARTMS,-684,28399999,2026_03_02,2026-04-18 17:30
DCTTR,-732,157328724,2026_03_02,2026-04-18 17:30
RAYSG,-739,51947024,2026_03_02,2026-04-18 17:30
KONYA,-796,1646416,2026_03_02,2026-04-18 17:30
FMIZP,-1044,3497641,2026_03_02,2026-04-18 17:30
BAKAB,-1203,34985326,2026_03_02,2026-04-18 17:30
OZYSR,-1335,40488000,2026_03_02,2026-04-18 17:30
PAMEL,-1361,21533681,2026_03_02,2026-04-18 17:30
NETAS,-1429,31783484,2026_03_02,2026-04-18 17:30
MEYSU,-1910,175000000,2026_03_02,2026-04-18 17:30
LRSHO,-2504,724120946,2026_03_02,2026-04-18 17:30
UNLU,-2874,102181558,2026_03_02,2026-04-18 17:30
TEKTU,-2965,195639311,2026_03_02,2026-04-18 17:30
ANGEN,-3657,86440002,2026_03_02,2026-04-18 17:30
ALFAS,-3776,84639559,2026_03_02,2026-04-18 17:30
BIENY,-4313,83144831,2026_03_02,2026-04-18 17:30
GARFA,-4999,138399778,2026_03_02,2026-04-18 17:30
ARENA,-5310,66996461,2026_03_02,2026-04-18 17:30
AYCES,-5866,1895369,2026_03_02,2026-04-18 17:30
PLTUR,-6157,49500000,2026_03_02,2026-04-18 17:30
BAGFS,-6431,100042745,2026_03_02,2026-04-18 17:30
BLCYT,-7128,49088907,2026_03_02,2026-04-18 17:30
TLMAN,-8162,10300000,2026_03_02,2026-04-18 17:30
PKART,-8591,11048497,2026_03_02,2026-04-18 17:30
SURGY,-8677,44999990,2026_03_02,2026-04-18 17:30
VKING,-8799,30932905,2026_03_02,2026-04-18 17:30
IHLGM,-9679,986078000,2026_03_02,2026-04-18 17:30
KARTN,-9925,72781126,2026_03_02,2026-04-18 17:30
KNFRT,-9972,131747000,2026_03_02,2026-04-18 17:30
MAKTK,-10080,184370066,2026_03_02,2026-04-18 17:30
ODINE,-11443,52810834,2026_03_02,2026-04-18 17:30
OFSYM,-11754,22749998,2026_03_02,2026-04-18 17:30
HATEK,-11778,62998947,2026_03_02,2026-04-18 17:30
ULUSE,-11832,24000000,2026_03_02,2026-04-18 17:30
TRHOL,-12000,17635692,2026_03_02,2026-04-18 17:30
PETKM,-12138,1241729843,2026_03_02,2026-04-18 17:30
ISYAT,-12454,152244291,2026_03_02,2026-04-18 17:30
GRSEL,-13191,29650000,2026_03_02,2026-04-18 17:30
DERIM,-13376,40403770,2026_03_02,2026-04-18 17:30
OZATD,-13680,13349988,2026_03_02,2026-04-18 17:30
BASGZ,-13737,174999999,2026_03_02,2026-04-18 17:30
TMPOL,-14132,11039990,2026_03_02,2026-04-18 17:30
PAGYO,-14625,57781202,2026_03_02,2026-04-18 17:30
MTRKS,-15044,43633165,2026_03_02,2026-04-18 17:30
TMSN,-15148,44449999,2026_03_02,2026-04-18 17:30
VERTU,-15424,22000000,2026_03_02,2026-04-18 17:30
TGSAS,-15874,12348294,2026_03_02,2026-04-18 17:30
HRKET,-16278,24000000,2026_03_02,2026-04-18 17:30
MERKO,-17614,101104700,2026_03_02,2026-04-18 17:30
AKCNS,-18010,39359284,2026_03_02,2026-04-18 17:30
ALKIM,-18130,182767821,2026_03_02,2026-04-18 17:30
AVHOL,-18598,26047279,2026_03_02,2026-04-18 17:30
KOTON,-19896,136599922,2026_03_02,2026-04-18 17:30
ECZYT,-20040,45880511,2026_03_02,2026-04-18 17:30
AKGRT,-20056,629007625,2026_03_02,2026-04-18 17:30
ADGYO,-22317,379654333,2026_03_02,2026-04-18 17:30
DGATE,-22638,15227271,2026_03_02,2026-04-18 17:30
SAFKR,-23415,139406162,2026_03_02,2026-04-18 17:30
DESA,-23529,171107590,2026_03_02,2026-04-18 17:30
DYOBY,-23878,186553687,2026_03_02,2026-04-18 17:30
ZERGY,-24151,156799985,2026_03_02,2026-04-18 17:30
ECILC,-24610,210589603,2026_03_02,2026-04-18 17:30
ARSAN,-24750,887344281,2026_03_02,2026-04-18 17:30
KRGYO,-24981,275246747,2026_03_02,2026-04-18 17:30
GUNDG,-25994,18968983,2026_03_02,2026-04-18 17:30
KOPOL,-27558,266319652,2026_03_02,2026-04-18 17:30
KUTPO,-28325,10524430,2026_03_02,2026-04-18 17:30
MOBTL,-31917,207999999,2026_03_02,2026-04-18 17:30
BURVA,-32481,4723271,2026_03_02,2026-04-18 17:30
MEGMT,-33784,72749986,2026_03_02,2026-04-18 17:30
BRLSM,-34760,108025075,2026_03_02,2026-04-18 17:30
PNSUT,-34930,128323851,2026_03_02,2026-04-18 17:30
YIGIT,-35388,74999974,2026_03_02,2026-04-18 17:30
YATAS,-35927,94866488,2026_03_02,2026-04-18 17:30
KAREL,-36096,329659497,2026_03_02,2026-04-18 17:30
BNTAS,-36518,170624998,2026_03_02,2026-04-18 17:30
GLCVY,-37058,26400000,2026_03_02,2026-04-18 17:30
MNDRS,-37196,222008082,2026_03_02,2026-04-18 17:30
SUWEN,-37499,365687500,2026_03_02,2026-04-18 17:30
OTTO,-37893,5824438,2026_03_02,2026-04-18 17:30
FADE,-38051,42347497,2026_03_02,2026-04-18 17:30
KLMSN,-38144,30881297,2026_03_02,2026-04-18 17:30
CEMAS,-38200,790994229,2026_03_02,2026-04-18 17:30
EDATA,-38529,160065395,2026_03_02,2026-04-18 17:30
ATATP,-40101,18809999,2026_03_02,2026-04-18 17:30
GZNMI,-40695,40949825,2026_03_02,2026-04-18 17:30
OSMEN,-40902,157750927,2026_03_02,2026-04-18 17:30
GWIND,-41137,179165491,2026_03_02,2026-04-18 17:30
TERA,-41592,240888789,2026_03_02,2026-04-18 17:30
ISGYO,-41916,531312439,2026_03_02,2026-04-18 17:30
DGNMO,-42660,327634635,2026_03_02,2026-04-18 17:30
MPARK,-43195,80869110,2026_03_02,2026-04-18 17:30
CEMTS,-45939,233425986,2026_03_02,2026-04-18 17:30
KONKA,-46184,89670000,2026_03_02,2026-04-18 17:30
NUHCM,-47933,33164430,2026_03_02,2026-04-18 17:30
PETUN,-48072,134673118,2026_03_02,2026-04-18 17:30
DAGI,-52945,175301274,2026_03_02,2026-04-18 17:30
BESTE,-53641,54578499,2026_03_02,2026-04-18 17:30
ECOGR,-56617,110000000,2026_03_02,2026-04-18 17:30
GIPTA,-57528,51617863,2026_03_02,2026-04-18 17:30
SAYAS,-59353,42530887,2026_03_02,2026-04-18 17:30
ARDYZ,-60821,279551557,2026_03_02,2026-04-18 17:30
TAVHL,-61301,213213415,2026_03_02,2026-04-18 17:30
IEYHO,-66255,541032947,2026_03_02,2026-04-18 17:30
AGESA,-69684,35829553,2026_03_02,2026-04-18 17:30
ARMGD,-70305,54996000,2026_03_02,2026-04-18 17:30
SELEC,-71403,124262097,2026_03_02,2026-04-18 17:30
BESLR,-72097,658098036,2026_03_02,2026-04-18 17:30
SEGMN,-73574,80999980,2026_03_02,2026-04-18 17:30
EGPRO,-73721,175170570,2026_03_02,2026-04-18 17:30
ULUFA,-76652,305269391,2026_03_02,2026-04-18 17:30
PINSU,-76884,101635846,2026_03_02,2026-04-18 17:30
MSGYO,-78196,169650150,2026_03_02,2026-04-18 17:30
ARASE,-81066,49999991,2026_03_02,2026-04-18 17:30
RUZYE,-82192,267748491,2026_03_02,2026-04-18 17:30
TEZOL,-82313,139999972,2026_03_02,2026-04-18 17:30
AVGYO,-83606,111590302,2026_03_02,2026-04-18 17:30
OBAMS,-83941,751078524,2026_03_02,2026-04-18 17:30
KTSKR,-85189,14691795,2026_03_02,2026-04-18 17:30
AVPGY,-86884,99999990,2026_03_02,2026-04-18 17:30
VESBE,-88990,503578425,2026_03_02,2026-04-18 17:30
KRSTL,-89557,183664642,2026_03_02,2026-04-18 17:30
ALKA,-89679,330750000,2026_03_02,2026-04-18 17:30
DOHOL,-92765,984706978,2026_03_02,2026-04-18 17:30
MEKAG,-103784,320319999,2026_03_02,2026-04-18 17:30
GOZDE,-108522,384991447,2026_03_02,2026-04-18 17:30
DURDO,-119045,379703149,2026_03_02,2026-04-18 17:30
YAPRK,-132722,88514958,2026_03_02,2026-04-18 17:30
HTTBT,-134068,82805422,2026_03_02,2026-04-18 17:30
GUBRF,-141145,85359736,2026_03_02,2026-04-18 17:30
KRPLS,-154128,78486163,2026_03_02,2026-04-18 17:30
RALYH,-158226,176370972,2026_03_02,2026-04-18 17:30
FZLGY,-162317,398427644,2026_03_02,2026-04-18 17:30
IMASM,-164803,650600499,2026_03_02,2026-04-18 17:30
MARKA,-176652,20802018,2026_03_02,2026-04-18 17:30
FORMT,-178200,1029046010,2026_03_02,2026-04-18 17:30
PEKGY,-184227,4684873406,2026_03_02,2026-04-18 17:30
PENGD,-187990,171069968,2026_03_02,2026-04-18 17:30
KCAER,-189128,496494775,2026_03_02,2026-04-18 17:30
TRGYO,-196891,251573369,2026_03_02,2026-04-18 17:30
KRVGD,-196921,596159766,2026_03_02,2026-04-18 17:30
NTHOL,-199757,485479112,2026_03_02,2026-04-18 17:30
LINK,-206757,18231985,2026_03_02,2026-04-18 17:30
IZMDC,-209798,723225318,2026_03_02,2026-04-18 17:30
SMRTG,-213628,664164672,2026_03_02,2026-04-18 17:30
LOGO,-218099,74328248,2026_03_02,2026-04-18 17:30
DITAS,-220020,83407810,2026_03_02,2026-04-18 17:30
KIMMR,-222285,75000000,2026_03_02,2026-04-18 17:30
RGYAS,-228734,105523000,2026_03_02,2026-04-18 17:30
OSTIM,-231670,510004637,2026_03_02,2026-04-18 17:30
MANAS,-233852,306992000,2026_03_02,2026-04-18 17:30
SANFM,-246985,225029995,2026_03_02,2026-04-18 17:30
LIDER,-259831,279500000,2026_03_02,2026-04-18 17:30
KBORU,-260829,143999994,2026_03_02,2026-04-18 17:30
ICBCT,-261190,216761845,2026_03_02,2026-04-18 17:30
GRTHO,-270110,36745000,2026_03_02,2026-04-18 17:30
GLRMK,-271937,38760000,2026_03_02,2026-04-18 17:30
REEDR,-274952,632419525,2026_03_02,2026-04-18 17:30
TKNSA,-293653,100485379,2026_03_02,2026-04-18 17:30
BEGYO,-298646,290000000,2026_03_02,2026-04-18 17:30
OZKGY,-301288,363999945,2026_03_02,2026-04-18 17:30
MACKO,-321959,41500000,2026_03_02,2026-04-18 17:30
YUNSA,-330013,202164056,2026_03_02,2026-04-18 17:30
OTKAR,-338266,33417145,2026_03_02,2026-04-18 17:30
ASELS,-339851,1178597817,2026_03_02,2026-04-18 17:30
TRCAS,-358854,206252869,2026_03_02,2026-04-18 17:30
KFEIN,-365711,150306170,2026_03_02,2026-04-18 17:30
KOCMT,-380364,587485478,2026_03_02,2026-04-18 17:30
GEDIK,-380477,983076857,2026_03_02,2026-04-18 17:30
BRSAN,-391743,35912460,2026_03_02,2026-04-18 17:30
TTRAK,-396681,24967148,2026_03_02,2026-04-18 17:30
AHGAZ,-397385,659370871,2026_03_02,2026-04-18 17:30
TCKRC,-434880,70000000,2026_03_02,2026-04-18 17:30
ZRGYO,-452457,1173404997,2026_03_02,2026-04-18 17:30
ETILR,-461254,156217454,2026_03_02,2026-04-18 17:30
HURGZ,-466330,220784167,2026_03_02,2026-04-18 17:30
BSOKE,-509176,458487038,2026_03_02,2026-04-18 17:30
SOKE,-552283,126999996,2026_03_02,2026-04-18 17:30
GLYHO,-563299,1949290631,2026_03_02,2026-04-18 17:30
AFYON,-568545,399992258,2026_03_02,2026-04-18 17:30
KLSYN,-613657,107854952,2026_03_02,2026-04-18 17:30
HALKB,-615511,6546422780,2026_03_02,2026-04-18 17:30
ISSEN,-621264,107411517,2026_03_02,2026-04-18 17:30
MERIT,-621985,329748900,2026_03_02,2026-04-18 17:30
METRO,-625334,539989959,2026_03_02,2026-04-18 17:30
KLRHO,-626088,341250000,2026_03_02,2026-04-18 17:30
LIDFA,-627329,458180545,2026_03_02,2026-04-18 17:30
TNZTP,-636357,87499950,2026_03_02,2026-04-18 17:30
ULUUN,-701135,290523352,2026_03_02,2026-04-18 17:30
AKSGY,-723691,1628451947,2026_03_02,2026-04-18 17:30
EGEPO,-741310,200000000,2026_03_02,2026-04-18 17:30
ENTRA,-754207,369383564,2026_03_02,2026-04-18 17:30
RYSAS,-833555,1504020937,2026_03_02,2026-04-18 17:30
EUPWR,-842632,199610525,2026_03_02,2026-04-18 17:30
EGEGY,-857257,69140000,2026_03_02,2026-04-18 17:30
ISMEN,-902662,467723001,2026_03_02,2026-04-18 17:30
KLKIM,-904308,138383655,2026_03_02,2026-04-18 17:30
MGROS,-909847,96563558,2026_03_02,2026-04-18 17:30
TSKB,-930175,1516591673,2026_03_02,2026-04-18 17:30
EKGYO,-966999,1925107366,2026_03_02,2026-04-18 17:30
MAVI,-1011724,576779312,2026_03_02,2026-04-18 17:30
VRGYO,-1032454,597693904,2026_03_02,2026-04-18 17:30
ENERY,-1060713,2420687469,2026_03_02,2026-04-18 17:30
VAKBN,-1101296,8046896130,2026_03_02,2026-04-18 17:30
TCELL,-1217460,1622604373,2026_03_02,2026-04-18 17:30
ALARK,-1350074,165125148,2026_03_02,2026-04-18 17:30
ISDMR,-1376638,147631816,2026_03_02,2026-04-18 17:30
MAGEN,-1464061,719512140,2026_03_02,2026-04-18 17:30
ESCAR,-1492587,101933690,2026_03_02,2026-04-18 17:30
MARTI,-1751296,1475768116,2026_03_02,2026-04-18 17:30
BERA,-1816125,491965090,2026_03_02,2026-04-18 17:30
ANSGR,-1834447,1564416026,2026_03_02,2026-04-18 17:30
AKFGY,-1869396,3457819313,2026_03_02,2026-04-18 17:30
GENIL,-1901917,1289069985,2026_03_02,2026-04-18 17:30
SOKM,-1952004,448708121,2026_03_02,2026-04-18 17:30
BURCE,-2018846,44422390,2026_03_02,2026-04-18 17:30
EREGL,-2128055,3554237933,2026_03_02,2026-04-18 17:30
THYAO,-2219013,739463443,2026_03_02,2026-04-18 17:30
ZOREN,-2433719,2681244194,2026_03_02,2026-04-18 17:30
GARAN,-2822089,2454957797,2026_03_02,2026-04-18 17:30
ULKER,-3253552,338855989,2026_03_02,2026-04-18 17:30
TUREX,-4429578,432000000,2026_03_02,2026-04-18 17:30
ENKAI,-4526370,874733059,2026_03_02,2026-04-18 17:30
AKSA,-4563087,1503650642,2026_03_02,2026-04-18 17:30
KCHOL,-4674975,674052400,2026_03_02,2026-04-18 17:30
PGSUS,-4815340,295068869,2026_03_02,2026-04-18 17:30
HEKTS,-5057955,3946424626,2026_03_02,2026-04-18 17:30
ALGYO,-5975768,989338262,2026_03_02,2026-04-18 17:30
CVKMD,-6211777,461999787,2026_03_02,2026-04-18 17:30
AEFES,-6517611,2028860053,2026_03_02,2026-04-18 17:30
OYAKC,-6668423,4656879379,2026_03_02,2026-04-18 17:30
SISE,-7151857,1814905436,2026_03_02,2026-04-18 17:30
CWENE,-7457689,530758241,2026_03_02,2026-04-18 17:30
DAPGM,-7460397,928276145,2026_03_02,2026-04-18 17:30
ISKPL,-8229818,724625736,2026_03_02,2026-04-18 17:30
KTLEV,-10123522,1288500000,2026_03_02,2026-04-18 17:30
GSRAY,-10729854,10123744690,2026_03_02,2026-04-18 17:30
BJKAS,-13080228,1776089716,2026_03_02,2026-04-18 17:30
ISCTR,-13221114,8880396856,2026_03_02,2026-04-18 17:30
TSPOR,-14274368,3674975174,2026_03_02,2026-04-18 17:30
MRGYO,-23162355,2277966226,2026_03_02,2026-04-18 17:30
AKBNK,-61807288,3059320211,2026_03_02,2026-04-18 17:30
YKBNK,-69855862,4705620952,2026_03_02,2026-04-18 17:30
SASA,-91545334,25700419927,2026_03_02,2026-04-18 17:30
LINK,46858582,747511382,2026_03_03,2026-04-18 17:31
EFOR,40757622,670679994,2026_03_03,2026-04-18 17:31
KATMR,33621949,1980989998,2026_03_03,2026-04-18 17:31
ECOGR,15804582,110000000,2026_03_03,2026-04-18 17:31
DMRGD,14605812,1277294592,2026_03_03,2026-04-18 17:31
TUKAS,11598929,4499995929,2026_03_03,2026-04-18 17:31
TURSG,9880390,7907296076,2026_03_03,2026-04-18 17:31
USAK,8994422,2436064709,2026_03_03,2026-04-18 17:31
MRGYO,8875003,2277966226,2026_03_03,2026-04-18 17:31
TSKB,7407953,1516591673,2026_03_03,2026-04-18 17:31
PSGYO,6303874,2954231556,2026_03_03,2026-04-18 17:31
TUPRS,5880825,902334044,2026_03_03,2026-04-18 17:31
BJKAS,5536994,1776089716,2026_03_03,2026-04-18 17:31
ENKAI,4002229,874733059,2026_03_03,2026-04-18 17:31
TSPOR,3763581,3674975174,2026_03_03,2026-04-18 17:31
KCHOL,3704898,674052400,2026_03_03,2026-04-18 17:31
PETKM,3333399,1241729843,2026_03_03,2026-04-18 17:31
KLRHO,3185098,341250000,2026_03_03,2026-04-18 17:31
GENIL,2825533,1289069985,2026_03_03,2026-04-18 17:31
SRVGY,2738757,812499687,2026_03_03,2026-04-18 17:31
ESCOM,2693182,463831670,2026_03_03,2026-04-18 17:31
CANTE,2471257,8608815636,2026_03_03,2026-04-18 17:31
IHLGM,2412410,986078000,2026_03_03,2026-04-18 17:31
INFO,2200223,767463333,2026_03_03,2026-04-18 17:31
IHYAY,1972869,388124996,2026_03_03,2026-04-18 17:31
ALVES,1868919,1159999780,2026_03_03,2026-04-18 17:31
IHLAS,1845552,1396079076,2026_03_03,2026-04-18 17:31
HDFGS,1705721,956974191,2026_03_03,2026-04-18 17:31
TTKOM,1602037,524999999,2026_03_03,2026-04-18 17:31
CIMSA,1575082,488470290,2026_03_03,2026-04-18 17:31
GLRMK,1556783,38760000,2026_03_03,2026-04-18 17:31
OYAKC,1422734,4656879379,2026_03_03,2026-04-18 17:31
ASELS,1422152,1178597817,2026_03_03,2026-04-18 17:31
KOCMT,1338005,587485478,2026_03_03,2026-04-18 17:31
SAHOL,1321854,1149847179,2026_03_03,2026-04-18 17:31
CCOLA,1277772,820001104,2026_03_03,2026-04-18 17:31
OZGYO,1056608,490916869,2026_03_03,2026-04-18 17:31
KOPOL,1001222,266319652,2026_03_03,2026-04-18 17:31
EREGL,986172,3554237933,2026_03_03,2026-04-18 17:31
RTALB,977273,432976722,2026_03_03,2026-04-18 17:31
MARMR,894000,961218727,2026_03_03,2026-04-18 17:31
ANSGR,821439,1564416026,2026_03_03,2026-04-18 17:31
EUREN,749835,1040132637,2026_03_03,2026-04-18 17:31
DOFRB,709661,45000000,2026_03_03,2026-04-18 17:31
GSDHO,701991,999994969,2026_03_03,2026-04-18 17:31
GLRYH,701018,599623814,2026_03_03,2026-04-18 17:31
YKSLN,668503,197429566,2026_03_03,2026-04-18 17:31
HEKTS,641755,3946424626,2026_03_03,2026-04-18 17:31
TRMET,618331,174483588,2026_03_03,2026-04-18 17:31
ASTOR,588250,366896223,2026_03_03,2026-04-18 17:31
TAVHL,549455,213213415,2026_03_03,2026-04-18 17:31
RYGYO,534517,770588057,2026_03_03,2026-04-18 17:31
EGGUB,523690,75862197,2026_03_03,2026-04-18 17:31
KBORU,463563,143999994,2026_03_03,2026-04-18 17:31
DURDO,402605,379703149,2026_03_03,2026-04-18 17:31
MERIT,401295,329748900,2026_03_03,2026-04-18 17:31
DSTKF,398910,84533333,2026_03_03,2026-04-18 17:31
AYDEM,394972,130000000,2026_03_03,2026-04-18 17:31
DARDL,388146,1753442695,2026_03_03,2026-04-18 17:31
DCTTR,385524,157328724,2026_03_03,2026-04-18 17:31
LILAK,374693,260252705,2026_03_03,2026-04-18 17:31
DZGYO,367003,399777846,2026_03_03,2026-04-18 17:31
ETILR,358281,156217454,2026_03_03,2026-04-18 17:31
BOSSA,350957,508724189,2026_03_03,2026-04-18 17:31
BLUME,347097,174710134,2026_03_03,2026-04-18 17:31
EGSER,343059,545751057,2026_03_03,2026-04-18 17:31
DERHL,339929,197281316,2026_03_03,2026-04-18 17:31
ARZUM,329804,400949823,2026_03_03,2026-04-18 17:31
MHRGY,313158,310499991,2026_03_03,2026-04-18 17:31
ASGYO,297538,165000000,2026_03_03,2026-04-18 17:31
INVEO,289184,998999954,2026_03_03,2026-04-18 17:31
LYDHO,287199,197140970,2026_03_03,2026-04-18 17:31
AYGAZ,284787,98568807,2026_03_03,2026-04-18 17:31
TRENJ,260992,98018735,2026_03_03,2026-04-18 17:31
EUPWR,258362,199610525,2026_03_03,2026-04-18 17:31
BNTAS,251413,170624998,2026_03_03,2026-04-18 17:31
NATEN,244334,309374995,2026_03_03,2026-04-18 17:31
KRGYO,229423,275246747,2026_03_03,2026-04-18 17:31
MOGAN,221790,262635000,2026_03_03,2026-04-18 17:31
SUWEN,220778,365687500,2026_03_03,2026-04-18 17:31
TATGD,208550,119286243,2026_03_03,2026-04-18 17:31
GSDDE,208402,106850751,2026_03_03,2026-04-18 17:31
KONTR,198131,936038761,2026_03_03,2026-04-18 17:31
BALSU,193279,278000000,2026_03_03,2026-04-18 17:31
EMPAE,190328,38000000,2026_03_03,2026-04-18 17:31
BMSTL,187127,74760491,2026_03_03,2026-04-18 17:31
RYSAS,186631,1504020937,2026_03_03,2026-04-18 17:31
REEDR,185777,632419525,2026_03_03,2026-04-18 17:31
EKSUN,177018,171792833,2026_03_03,2026-04-18 17:31
DENGE,161751,525284797,2026_03_03,2026-04-18 17:31
TERA,160789,240888789,2026_03_03,2026-04-18 17:31
ONCSM,157688,10086000,2026_03_03,2026-04-18 17:31
OSTIM,157093,510004637,2026_03_03,2026-04-18 17:31
SEGYO,153837,203351321,2026_03_03,2026-04-18 17:31
GEDIK,153272,983076857,2026_03_03,2026-04-18 17:31
DURKN,150730,42500000,2026_03_03,2026-04-18 17:31
KRVGD,150250,596159766,2026_03_03,2026-04-18 17:31
HEDEF,148583,562499930,2026_03_03,2026-04-18 17:31
BARMA,146437,78130939,2026_03_03,2026-04-18 17:31
METRO,143753,539989959,2026_03_03,2026-04-18 17:31
MNDTR,139388,910071938,2026_03_03,2026-04-18 17:31
PETUN,136989,134673118,2026_03_03,2026-04-18 17:31
HLGYO,136177,1075198517,2026_03_03,2026-04-18 17:31
CWENE,134064,530758241,2026_03_03,2026-04-18 17:31
DMSAS,124195,199994510,2026_03_03,2026-04-18 17:31
PCILT,124029,45014182,2026_03_03,2026-04-18 17:31
UNLU,122177,102181558,2026_03_03,2026-04-18 17:31
KUYAS,121949,398957788,2026_03_03,2026-04-18 17:31
GMTAS,118271,298687813,2026_03_03,2026-04-18 17:31
CEMTS,116948,233425986,2026_03_03,2026-04-18 17:31
IZFAS,98147,156001658,2026_03_03,2026-04-18 17:31
MERKO,95590,101104700,2026_03_03,2026-04-18 17:31
DITAS,91670,83407810,2026_03_03,2026-04-18 17:31
VAKFA,90230,224999701,2026_03_03,2026-04-18 17:31
KAREL,89846,329659497,2026_03_03,2026-04-18 17:31
DESPC,86680,16023700,2026_03_03,2026-04-18 17:31
CEMAS,83917,790994229,2026_03_03,2026-04-18 17:31
MTRKS,80800,43633165,2026_03_03,2026-04-18 17:31
KONKA,76643,89670000,2026_03_03,2026-04-18 17:31
DAGI,76105,175301274,2026_03_03,2026-04-18 17:31
BINBN,75018,17000000,2026_03_03,2026-04-18 17:31
SAFKR,74202,140056162,2026_03_03,2026-04-18 17:31
KFEIN,74014,150306170,2026_03_03,2026-04-18 17:31
CATES,72458,33050000,2026_03_03,2026-04-18 17:31
ALARK,71498,165125148,2026_03_03,2026-04-18 17:31
BIZIM,66323,27601626,2026_03_03,2026-04-18 17:31
AVGYO,65238,111590302,2026_03_03,2026-04-18 17:31
TRCAS,62228,206252869,2026_03_03,2026-04-18 17:31
SKTAS,59871,332865443,2026_03_03,2026-04-18 17:31
GZNMI,57606,40949825,2026_03_03,2026-04-18 17:31
OYYAT,55126,91048322,2026_03_03,2026-04-18 17:31
NUGYO,54301,324943976,2026_03_03,2026-04-18 17:31
PRKME,53175,53038641,2026_03_03,2026-04-18 17:31
YIGIT,52210,74999974,2026_03_03,2026-04-18 17:31
HATEK,52185,62998947,2026_03_03,2026-04-18 17:31
DOHOL,51927,984706978,2026_03_03,2026-04-18 17:31
BEYAZ,51200,42317352,2026_03_03,2026-04-18 17:31
ANELE,50490,151405542,2026_03_03,2026-04-18 17:31
MNDRS,49628,222008082,2026_03_03,2026-04-18 17:31
BIGCH,48942,368932945,2026_03_03,2026-04-18 17:31
YAYLA,48769,39874966,2026_03_03,2026-04-18 17:31
FADE,47977,42347497,2026_03_03,2026-04-18 17:31
PLTUR,47608,49500000,2026_03_03,2026-04-18 17:31
VKING,46888,30932905,2026_03_03,2026-04-18 17:31
GENTS,46543,749958921,2026_03_03,2026-04-18 17:31
ALKIM,45701,182767821,2026_03_03,2026-04-18 17:31
KNFRT,43536,131747000,2026_03_03,2026-04-18 17:31
PINSU,42481,101635846,2026_03_03,2026-04-18 17:31
DOKTA,41885,145872862,2026_03_03,2026-04-18 17:31
PRDGS,41722,110850000,2026_03_03,2026-04-18 17:31
BLCYT,41350,49088907,2026_03_03,2026-04-18 17:31
ISSEN,41076,107411517,2026_03_03,2026-04-18 17:31
POLHO,40932,164140074,2026_03_03,2026-04-18 17:31
YATAS,39976,94866488,2026_03_03,2026-04-18 17:31
FORTE,38979,27999999,2026_03_03,2026-04-18 17:31
MOBTL,38175,207999999,2026_03_03,2026-04-18 17:31
BULGS,36818,72500000,2026_03_03,2026-04-18 17:31
GLCVY,36747,26400000,2026_03_03,2026-04-18 17:31
MERCN,35979,74389005,2026_03_03,2026-04-18 17:31
ORGE,35854,41839996,2026_03_03,2026-04-18 17:31
SMRVA,34929,28000000,2026_03_03,2026-04-18 17:31
KRDMB,34506,118762110,2026_03_03,2026-04-18 17:31
JANTS,33893,207607465,2026_03_03,2026-04-18 17:31
BAHKM,33862,23289000,2026_03_03,2026-04-18 17:31
TOASO,33152,120585026,2026_03_03,2026-04-18 17:31
KTSKR,32301,14691795,2026_03_03,2026-04-18 17:31
CEOEM,31377,22209658,2026_03_03,2026-04-18 17:31
IHGZT,30984,570666228,2026_03_03,2026-04-18 17:31
OBASE,30848,14924000,2026_03_03,2026-04-18 17:31
DERIM,30727,40403770,2026_03_03,2026-04-18 17:31
HOROZ,29452,24599986,2026_03_03,2026-04-18 17:31
UCAYM,26478,60000000,2026_03_03,2026-04-18 17:31
DESA,26059,171107590,2026_03_03,2026-04-18 17:31
HUNER,25816,670137933,2026_03_03,2026-04-18 17:31
PNLSN,24768,34752383,2026_03_03,2026-04-18 17:31
YUNSA,24477,202164056,2026_03_03,2026-04-18 17:31
EGEGY,23807,69140000,2026_03_03,2026-04-18 17:31
BESTE,22866,54578499,2026_03_03,2026-04-18 17:31
ODINE,22299,52810834,2026_03_03,2026-04-18 17:31
KRTEK,22285,18914650,2026_03_03,2026-04-18 17:31
KLSER,20959,109457654,2026_03_03,2026-04-18 17:31
ADEL,20805,112043619,2026_03_03,2026-04-18 17:31
VERUS,20732,34499937,2026_03_03,2026-04-18 17:31
KUTPO,20611,10524430,2026_03_03,2026-04-18 17:31
OBAMS,20484,751078524,2026_03_03,2026-04-18 17:31
SANFM,19987,225029995,2026_03_03,2026-04-18 17:31
PNSUT,19339,128323851,2026_03_03,2026-04-18 17:31
OZSUB,18938,43055021,2026_03_03,2026-04-18 17:31
VERTU,18586,22000000,2026_03_03,2026-04-18 17:31
IZMDC,18047,723225318,2026_03_03,2026-04-18 17:31
CELHA,18041,146124225,2026_03_03,2026-04-18 17:31
TSGYO,16959,266499982,2026_03_03,2026-04-18 17:31
ICUGS,16483,336250000,2026_03_03,2026-04-18 17:31
AKENR,15663,385189246,2026_03_03,2026-04-18 17:31
BIENY,15355,83144831,2026_03_03,2026-04-18 17:31
BESLR,13332,658098036,2026_03_03,2026-04-18 17:31
AKCNS,13148,39359284,2026_03_03,2026-04-18 17:31
BASGZ,12267,174999999,2026_03_03,2026-04-18 17:31
MANAS,12226,306992000,2026_03_03,2026-04-18 17:31
EBEBK,12127,40534692,2026_03_03,2026-04-18 17:31
MAKIM,12057,42559998,2026_03_03,2026-04-18 17:31
EDIP,11964,36468204,2026_03_03,2026-04-18 17:31
ECZYT,11937,45880511,2026_03_03,2026-04-18 17:31
BORSK,11816,279999879,2026_03_03,2026-04-18 17:31
PKART,11809,11048497,2026_03_03,2026-04-18 17:31
SDTTR,10861,15990000,2026_03_03,2026-04-18 17:31
INVES,10142,37480000,2026_03_03,2026-04-18 17:31
KZGYO,9873,49999978,2026_03_03,2026-04-18 17:31
ALKA,9757,330750000,2026_03_03,2026-04-18 17:31
PAMEL,9510,21533681,2026_03_03,2026-04-18 17:31
GARFA,9252,138399778,2026_03_03,2026-04-18 17:31
EMKEL,9244,149999458,2026_03_03,2026-04-18 17:31
FRMPL,9150,39997767,2026_03_03,2026-04-18 17:31
GESAN,9096,141759179,2026_03_03,2026-04-18 17:31
ARFYE,8824,47000000,2026_03_03,2026-04-18 17:31
VBTYZ,8816,56205000,2026_03_03,2026-04-18 17:31
OFSYM,7867,22749998,2026_03_03,2026-04-18 17:31
GOODY,7566,132804473,2026_03_03,2026-04-18 17:31
KRPLS,7370,78486163,2026_03_03,2026-04-18 17:31
ERBOS,7070,15899843,2026_03_03,2026-04-18 17:31
BIGTK,6657,23834373,2026_03_03,2026-04-18 17:31
ASUZU,6630,41130807,2026_03_03,2026-04-18 17:31
TBORG,6495,59392160,2026_03_03,2026-04-18 17:31
GRTHO,6343,36745000,2026_03_03,2026-04-18 17:31
BAGFS,6213,100042745,2026_03_03,2026-04-18 17:31
ANGEN,6049,86440002,2026_03_03,2026-04-18 17:31
OZATD,5952,13349988,2026_03_03,2026-04-18 17:31
LKMNH,5331,163262533,2026_03_03,2026-04-18 17:31
GOKNR,4546,178040711,2026_03_03,2026-04-18 17:31
HATSN,3910,44299964,2026_03_03,2026-04-18 17:31
MAALT,3826,4763850,2026_03_03,2026-04-18 17:31
ERCB,3277,39113273,2026_03_03,2026-04-18 17:31
TLMAN,3267,10300000,2026_03_03,2026-04-18 17:31
ARDYZ,3071,279551557,2026_03_03,2026-04-18 17:31
GIPTA,3050,51617863,2026_03_03,2026-04-18 17:31
KLYPV,2318,46334639,2026_03_03,2026-04-18 17:31
AYCES,2240,1895369,2026_03_03,2026-04-18 17:31
ARTMS,2031,28399999,2026_03_03,2026-04-18 17:31
OZKGY,2008,363999945,2026_03_03,2026-04-18 17:31
ULUSE,1952,24000000,2026_03_03,2026-04-18 17:31
BFREN,1838,24586148,2026_03_03,2026-04-18 17:31
LYDYE,1746,1391287,2026_03_03,2026-04-18 17:31
BRKVY,1728,13618361,2026_03_03,2026-04-18 17:31
SKYMD,1713,52499981,2026_03_03,2026-04-18 17:31
ELITE,1314,44650000,2026_03_03,2026-04-18 17:31
TMSN,1276,44449999,2026_03_03,2026-04-18 17:31
LUKSK,1267,27257202,2026_03_03,2026-04-18 17:31
CGCAM,1200,42000000,2026_03_03,2026-04-18 17:31
ACSEL,1131,8589113,2026_03_03,2026-04-18 17:31
INGRM,924,14969536,2026_03_03,2026-04-18 17:31
AYEN,765,55531320,2026_03_03,2026-04-18 17:31
ALCTL,508,13543218,2026_03_03,2026-04-18 17:31
POLTK,499,1125000,2026_03_03,2026-04-18 17:31
ALCAR,405,1721735,2026_03_03,2026-04-18 17:31
PKENT,394,23766169,2026_03_03,2026-04-18 17:31
UFUK,326,46845974,2026_03_03,2026-04-18 17:31
KAPLM,279,4563571,2026_03_03,2026-04-18 17:31
ALTNY,123,399885115,2026_03_03,2026-04-18 17:31
KRSTL,6,183664642,2026_03_03,2026-04-18 17:31
EDATA,0,160065395,2026_03_03,2026-04-18 17:31
LIOYS,0,31625013,2026_03_03,2026-04-18 17:31
AKMGY,0,21568998,2026_03_03,2026-04-18 17:31
ARAT,0,39867975,2026_03_03,2026-04-18 17:31
EGCYO,0,21986285,2026_03_03,2026-04-18 17:31
PRZMA,0,61941150,2026_03_03,2026-04-18 17:31
PSDTC,0,6599991,2026_03_03,2026-04-18 17:31
ARBUL,0,15459297,2026_03_03,2026-04-18 17:31
QNBFK,0,843137646,2026_03_03,2026-04-18 17:31
QNBTR,0,2571745911,2026_03_03,2026-04-18 17:31
GEREL,0,219036379,2026_03_03,2026-04-18 17:31
RNPOL,0,335900000,2026_03_03,2026-04-18 17:31
ISBIR,0,14530542,2026_03_03,2026-04-18 17:31
RUBNS,0,42377765,2026_03_03,2026-04-18 17:31
RUZYE,0,267748491,2026_03_03,2026-04-18 17:31
MANGO,0,37831688,2026_03_03,2026-04-18 17:31
DGGYO,0,280709437,2026_03_03,2026-04-18 17:31
MEGAP,0,234498757,2026_03_03,2026-04-18 17:31
SANEL,0,18112451,2026_03_03,2026-04-18 17:31
MEMSA,0,160110709,2026_03_03,2026-04-18 17:31
MENBA,0,3496852,2026_03_03,2026-04-18 17:31
SEKUR,0,131457835,2026_03_03,2026-04-18 17:31
SELVA,0,775687737,2026_03_03,2026-04-18 17:31
SEYKM,0,151040901,2026_03_03,2026-04-18 17:31
SILVR,0,212818206,2026_03_03,2026-04-18 17:31
MEPET,0,73940585,2026_03_03,2026-04-18 17:31
SKYLP,0,7159255,2026_03_03,2026-04-18 17:31
ISYAT,0,152244291,2026_03_03,2026-04-18 17:31
SMART,0,29737499,2026_03_03,2026-04-18 17:31
AKPAZ,0,22488832,2026_03_03,2026-04-18 17:31
SNPAM,0,19679871,2026_03_03,2026-04-18 17:31
SONME,0,4349319,2026_03_03,2026-04-18 17:31
GLBMD,0,28880500,2026_03_03,2026-04-18 17:31
ASYAB,0,477899601,2026_03_03,2026-04-18 17:31
GLDTRF,0,47350000,2026_03_03,2026-04-18 17:31
ATATR,0,280000000,2026_03_03,2026-04-18 17:31
ATEKS,0,5441598,2026_03_03,2026-04-18 17:31
TDGYO,0,61998213,2026_03_03,2026-04-18 17:31
DOGUB,0,19821566,2026_03_03,2026-04-18 17:31
TKNSA,0,100485379,2026_03_03,2026-04-18 17:31
ENPRA,0,15294299,2026_03_03,2026-04-18 17:31
KENT,0,1786507,2026_03_03,2026-04-18 17:31
MSGYO,0,169650150,2026_03_03,2026-04-18 17:31
KERVN,0,588346973,2026_03_03,2026-04-18 17:31
MZHLD,0,72215314,2026_03_03,2026-04-18 17:31
TRHOL,0,17583212,2026_03_03,2026-04-18 17:31
GOLDS,0,192323946,2026_03_03,2026-04-18 17:31
NIBAS,0,267767946,2026_03_03,2026-04-18 17:31
KLGYO,0,689399869,2026_03_03,2026-04-18 17:31
KLNMA,0,91846864,2026_03_03,2026-04-18 17:31
ATPET,0,11403497,2026_03_03,2026-04-18 17:31
GRNYO,0,37386059,2026_03_03,2026-04-18 17:31
CMENT,0,56829666,2026_03_03,2026-04-18 17:31
CRDFA,0,74996857,2026_03_03,2026-04-18 17:31
ORCAY,0,150506192,2026_03_03,2026-04-18 17:31
ULAS,0,25200172,2026_03_03,2026-04-18 17:31
ERSU,0,31755894,2026_03_03,2026-04-18 17:31
OSMEN,0,157750927,2026_03_03,2026-04-18 17:31
UNTAR,0,29562129,2026_03_03,2026-04-18 17:31
BORLS,0,308652686,2026_03_03,2026-04-18 17:31
UZEL,0,26329793,2026_03_03,2026-04-18 17:31
ARSAN,0,887344281,2026_03_03,2026-04-18 17:31
OYAYO,0,19999941,2026_03_03,2026-04-18 17:31
OYLUM,0,80937367,2026_03_03,2026-04-18 17:31
EUHOL,0,142999954,2026_03_03,2026-04-18 17:31
KRATL,0,17800000,2026_03_03,2026-04-18 17:31
AKYHO,0,223895870,2026_03_03,2026-04-18 17:31
BRMEN,0,57566555,2026_03_03,2026-04-18 17:31
YESIL,0,640699949,2026_03_03,2026-04-18 17:31
YGYO,0,1310632851,2026_03_03,2026-04-18 17:31
OZRDN,0,57107579,2026_03_03,2026-04-18 17:31
ARTOG,0,18578922,2026_03_03,2026-04-18 17:31
FENIS,0,26080019,2026_03_03,2026-04-18 17:31
YYAPI,0,1705025550,2026_03_03,2026-04-18 17:31
ZERGY,0,156799985,2026_03_03,2026-04-18 17:31
PAPIL,0,206247674,2026_03_03,2026-04-18 17:31
FLAP,0,93599985,2026_03_03,2026-04-18 17:31
FONET,0,577082984,2026_03_03,2026-04-18 17:31
KSTUR,0,3952560,2026_03_03,2026-04-18 17:31
FORMT,0,1029046010,2026_03_03,2026-04-18 17:31
IHAAS,0,56031248,2026_03_03,2026-04-18 17:31
IHEVA,0,291631239,2026_03_03,2026-04-18 17:31
AGYO,0,129036460,2026_03_03,2026-04-18 17:31
QUAGR,-1,1773200000,2026_03_03,2026-04-18 17:31
CMBTN,-21,1023000,2026_03_03,2026-04-18 17:31
KONYA,-403,1646416,2026_03_03,2026-04-18 17:31
CLEBI,-410,5490178,2026_03_03,2026-04-18 17:31
INTEM,-448,9428747,2026_03_03,2026-04-18 17:31
EGEEN,-489,1137161,2026_03_03,2026-04-18 17:31
KAYSE,-526,828951998,2026_03_03,2026-04-18 17:31
ATATP,-607,18809999,2026_03_03,2026-04-18 17:31
ATAKP,-611,28224000,2026_03_03,2026-04-18 17:31
MIATK,-768,313087979,2026_03_03,2026-04-18 17:31
MRSHL,-826,4212888,2026_03_03,2026-04-18 17:31
GRSEL,-874,29650000,2026_03_03,2026-04-18 17:31
ARENA,-921,66996461,2026_03_03,2026-04-18 17:31
DUNYH,-1110,36443197,2026_03_03,2026-04-18 17:31
ARASE,-1260,49999991,2026_03_03,2026-04-18 17:31
TRILC,-1363,118499496,2026_03_03,2026-04-18 17:31
HRKET,-1457,24000000,2026_03_03,2026-04-18 17:31
CRFSA,-1466,18312793,2026_03_03,2026-04-18 17:31
RAYSG,-1627,51947024,2026_03_03,2026-04-18 17:31
BRYAT,-1821,10264685,2026_03_03,2026-04-18 17:31
ISGSY,-1856,47378729,2026_03_03,2026-04-18 17:31
BAKAB,-2098,34985326,2026_03_03,2026-04-18 17:31
SAYAS,-2870,42530887,2026_03_03,2026-04-18 17:31
MEDTR,-3153,24499999,2026_03_03,2026-04-18 17:31
BANVT,-3265,36961044,2026_03_03,2026-04-18 17:31
HKTM,-3319,72747495,2026_03_03,2026-04-18 17:31
VSNMD,-3329,24000000,2026_03_03,2026-04-18 17:31
AKFIS,-3371,66841328,2026_03_03,2026-04-18 17:31
TARKM,-3581,4999997,2026_03_03,2026-04-18 17:31
KARTN,-3867,72781126,2026_03_03,2026-04-18 17:31
KOTON,-4219,136599922,2026_03_03,2026-04-18 17:31
FMIZP,-4309,3497641,2026_03_03,2026-04-18 17:31
NETAS,-4593,31783484,2026_03_03,2026-04-18 17:31
SELEC,-4923,124262097,2026_03_03,2026-04-18 17:31
DGATE,-4974,15227271,2026_03_03,2026-04-18 17:31
AVPGY,-5741,99999990,2026_03_03,2026-04-18 17:31
TURGG,-5839,32042988,2026_03_03,2026-04-18 17:31
ISGYO,-5960,531312439,2026_03_03,2026-04-18 17:31
GOLTS,-6830,12422783,2026_03_03,2026-04-18 17:31
TGSAS,-6983,12348294,2026_03_03,2026-04-18 17:31
TABGD,-8887,52499906,2026_03_03,2026-04-18 17:31
KLSYN,-9118,107854952,2026_03_03,2026-04-18 17:31
GUBRF,-12008,85359736,2026_03_03,2026-04-18 17:31
TMPOL,-12165,11039990,2026_03_03,2026-04-18 17:31
PAHOL,-12482,3999999979,2026_03_03,2026-04-18 17:31
DNISI,-12587,59171727,2026_03_03,2026-04-18 17:31
BRLSM,-13048,108025075,2026_03_03,2026-04-18 17:31
AKSUE,-13175,56376184,2026_03_03,2026-04-18 17:31
PARSN,-13573,34033246,2026_03_03,2026-04-18 17:31
SURGY,-13614,44999990,2026_03_03,2026-04-18 17:31
TTRAK,-13701,24967148,2026_03_03,2026-04-18 17:31
MOPAS,-14055,57330000,2026_03_03,2026-04-18 17:31
TEKTU,-14623,195639311,2026_03_03,2026-04-18 17:31
PRKAB,-15234,35225443,2026_03_03,2026-04-18 17:31
YGGYO,-15237,240625741,2026_03_03,2026-04-18 17:31
ZEDUR,-15279,69899991,2026_03_03,2026-04-18 17:31
BOBET,-15826,113999998,2026_03_03,2026-04-18 17:31
BRISA,-16225,31247472,2026_03_03,2026-04-18 17:31
AVHOL,-16522,26047279,2026_03_03,2026-04-18 17:31
YAPRK,-18684,88514958,2026_03_03,2026-04-18 17:31
BIGEN,-19578,115500000,2026_03_03,2026-04-18 17:31
SEGMN,-19755,80999980,2026_03_03,2026-04-18 17:31
BURVA,-20628,4723271,2026_03_03,2026-04-18 17:31
OZYSR,-20831,40488000,2026_03_03,2026-04-18 17:31
BURCE,-22011,44422390,2026_03_03,2026-04-18 17:31
OTTO,-23045,5824438,2026_03_03,2026-04-18 17:31
DEVA,-23896,199971824,2026_03_03,2026-04-18 17:31
CUSAN,-24641,18500000,2026_03_03,2026-04-18 17:31
DYOBY,-25034,186553687,2026_03_03,2026-04-18 17:31
LIDER,-25698,279500000,2026_03_03,2026-04-18 17:31
CEMZY,-27050,123123970,2026_03_03,2026-04-18 17:31
PAGYO,-27665,57781202,2026_03_03,2026-04-18 17:31
ULUFA,-28306,305269391,2026_03_03,2026-04-18 17:31
FRIGO,-29047,263258455,2026_03_03,2026-04-18 17:31
KORDS,-31379,65421451,2026_03_03,2026-04-18 17:31
AGESA,-31648,35829553,2026_03_03,2026-04-18 17:31
VAKKO,-32023,30788486,2026_03_03,2026-04-18 17:31
BIMAS,-33567,436214016,2026_03_03,2026-04-18 17:31
GEDZA,-34237,42983624,2026_03_03,2026-04-18 17:31
SUNTK,-36671,145280000,2026_03_03,2026-04-18 17:31
ALFAS,-38358,84639559,2026_03_03,2026-04-18 17:31
DOFER,-39277,20172500,2026_03_03,2026-04-18 17:31
ULUUN,-41676,290523352,2026_03_03,2026-04-18 17:31
BMSCH,-43349,69277402,2026_03_03,2026-04-18 17:31
KLMSN,-43402,30881297,2026_03_03,2026-04-18 17:31
GOZDE,-43725,384991447,2026_03_03,2026-04-18 17:31
MACKO,-44667,41500000,2026_03_03,2026-04-18 17:31
NUHCM,-44705,33164430,2026_03_03,2026-04-18 17:31
ENSRI,-44714,236333503,2026_03_03,2026-04-18 17:31
AKSGY,-46541,1628451947,2026_03_03,2026-04-18 17:31
DOAS,-48457,97899928,2026_03_03,2026-04-18 17:31
TCKRC,-48993,70000000,2026_03_03,2026-04-18 17:31
AHSGY,-53203,184999889,2026_03_03,2026-04-18 17:31
BERA,-53865,491983010,2026_03_03,2026-04-18 17:31
VAKFN,-53920,2064378140,2026_03_03,2026-04-18 17:31
ENJSA,-57178,236209110,2026_03_03,2026-04-18 17:31
BIOEN,-58124,197983418,2026_03_03,2026-04-18 17:31
TEZOL,-58725,139999972,2026_03_03,2026-04-18 17:31
SANKO,-60554,37499197,2026_03_03,2026-04-18 17:31
ADGYO,-60738,379654333,2026_03_03,2026-04-18 17:31
ECILC,-62016,210589603,2026_03_03,2026-04-18 17:31
BAYRK,-63746,189751123,2026_03_03,2026-04-18 17:31
KLKIM,-66545,138383655,2026_03_03,2026-04-18 17:31
BEGYO,-66756,290000000,2026_03_03,2026-04-18 17:31
HTTBT,-67213,82805422,2026_03_03,2026-04-18 17:31
SOKE,-69827,126999996,2026_03_03,2026-04-18 17:31
ALKLC,-76301,45283467,2026_03_03,2026-04-18 17:31
FENER,-76661,2772321468,2026_03_03,2026-04-18 17:31
VESTL,-77212,295447203,2026_03_03,2026-04-18 17:31
LOGO,-82828,74328248,2026_03_03,2026-04-18 17:31
AHGAZ,-87026,659370871,2026_03_03,2026-04-18 17:31
EGEPO,-89957,200000000,2026_03_03,2026-04-18 17:31
NTGAZ,-90052,276000000,2026_03_03,2026-04-18 17:31
SARKY,-90946,999999671,2026_03_03,2026-04-18 17:31
OTKAR,-92396,33417145,2026_03_03,2026-04-18 17:31
PENTA,-93633,181070136,2026_03_03,2026-04-18 17:31
KIMMR,-96326,75000000,2026_03_03,2026-04-18 17:31
TNZTP,-96340,87217950,2026_03_03,2026-04-18 17:31
AVOD,-101722,253604577,2026_03_03,2026-04-18 17:31
ARMGD,-105994,54996000,2026_03_03,2026-04-18 17:31
HURGZ,-108857,220784167,2026_03_03,2026-04-18 17:31
BINHO,-109085,488884380,2026_03_03,2026-04-18 17:31
ENDAE,-109961,123506958,2026_03_03,2026-04-18 17:31
KMPUR,-115526,132432524,2026_03_03,2026-04-18 17:31
ISFIN,-117313,310154523,2026_03_03,2026-04-18 17:31
ENTRA,-125690,369383564,2026_03_03,2026-04-18 17:31
RALYH,-131902,176370972,2026_03_03,2026-04-18 17:31
TKFEN,-132094,230848007,2026_03_03,2026-04-18 17:31
MGROS,-132707,96563560,2026_03_03,2026-04-18 17:31
KZBGY,-134277,1959999915,2026_03_03,2026-04-18 17:31
YEOTK,-141762,160933198,2026_03_03,2026-04-18 17:31
TRGYO,-150895,251573369,2026_03_03,2026-04-18 17:31
SISE,-151643,1814905436,2026_03_03,2026-04-18 17:31
EPLAS,-153731,190491857,2026_03_03,2026-04-18 17:31
VESBE,-157908,503578425,2026_03_03,2026-04-18 17:31
EYGYO,-159050,362859667,2026_03_03,2026-04-18 17:31
HALKB,-179244,6546422780,2026_03_03,2026-04-18 17:31
FZLGY,-183574,398427644,2026_03_03,2026-04-18 17:31
SNICA,-185218,321688855,2026_03_03,2026-04-18 17:31
GWIND,-185418,179165491,2026_03_03,2026-04-18 17:31
BUCIM,-192525,1292638065,2026_03_03,2026-04-18 17:31
ANHYT,-195261,88457041,2026_03_03,2026-04-18 17:31
AZTEK,-196777,279000000,2026_03_03,2026-04-18 17:31
DGNMO,-204121,327634635,2026_03_03,2026-04-18 17:31
MEGMT,-214159,72749986,2026_03_03,2026-04-18 17:31
AKSEN,-219224,638545796,2026_03_03,2026-04-18 17:31
PENGD,-227759,171069968,2026_03_03,2026-04-18 17:31
IEYHO,-228401,541032947,2026_03_03,2026-04-18 17:31
KCAER,-232574,496494775,2026_03_03,2026-04-18 17:31
ARCLK,-236743,170054765,2026_03_03,2026-04-18 17:31
ICBCT,-238485,216761845,2026_03_03,2026-04-18 17:31
EGPRO,-250321,175170570,2026_03_03,2026-04-18 17:31
SMRTG,-258578,664164672,2026_03_03,2026-04-18 17:31
BRSAN,-258721,35912460,2026_03_03,2026-04-18 17:31
LMKDC,-263729,155929999,2026_03_03,2026-04-18 17:31
YYLGD,-271534,369826200,2026_03_03,2026-04-18 17:31
GUNDG,-274006,18968983,2026_03_03,2026-04-18 17:31
CONSE,-285674,377854899,2026_03_03,2026-04-18 17:31
MCARD,-294989,18900000,2026_03_03,2026-04-18 17:31
RGYAS,-310548,105523000,2026_03_03,2026-04-18 17:31
AGHOL,-319294,1068828243,2026_03_03,2026-04-18 17:31
PATEK,-319564,293081892,2026_03_03,2026-04-18 17:31
SERNT,-342668,113000000,2026_03_03,2026-04-18 17:31
PASEU,-364963,215295868,2026_03_03,2026-04-18 17:31
ZRGYO,-390636,1173404997,2026_03_03,2026-04-18 17:31
MPARK,-396953,80869110,2026_03_03,2026-04-18 17:31
KRONT,-421789,116892885,2026_03_03,2026-04-18 17:31
VKGYO,-438547,1637203242,2026_03_03,2026-04-18 17:31
ESCAR,-447770,101933690,2026_03_03,2026-04-18 17:31
KRDMD,-476610,780216365,2026_03_03,2026-04-18 17:31
KGYO,-494577,767894934,2026_03_03,2026-04-18 17:31
LRSHO,-497439,724120946,2026_03_03,2026-04-18 17:31
AKSA,-498229,1503650642,2026_03_03,2026-04-18 17:31
VRGYO,-519826,597693904,2026_03_03,2026-04-18 17:31
BSOKE,-525468,458487038,2026_03_03,2026-04-18 17:31
SNGYO,-528456,3607173097,2026_03_03,2026-04-18 17:31
PEKGY,-532836,4685173406,2026_03_03,2026-04-18 17:31
LIDFA,-556080,458180545,2026_03_03,2026-04-18 17:31
PGSUS,-558868,295068869,2026_03_03,2026-04-18 17:31
ISDMR,-567738,147631816,2026_03_03,2026-04-18 17:31
GLYHO,-574808,1949290631,2026_03_03,2026-04-18 17:31
AFYON,-603573,399992258,2026_03_03,2026-04-18 17:31
SOKM,-606687,448708121,2026_03_03,2026-04-18 17:31
ENERY,-607228,2420687469,2026_03_03,2026-04-18 17:31
MAGEN,-625120,719512140,2026_03_03,2026-04-18 17:31
MAVI,-672935,576779312,2026_03_03,2026-04-18 17:31
NTHOL,-683084,485479112,2026_03_03,2026-04-18 17:31
KARSN,-722264,827827039,2026_03_03,2026-04-18 17:31
SKBNK,-755636,2498877855,2026_03_03,2026-04-18 17:31
AKGRT,-784780,629007625,2026_03_03,2026-04-18 17:31
IMASM,-844400,650600499,2026_03_03,2026-04-18 17:31
ODAS,-874735,1113798031,2026_03_03,2026-04-18 17:31
ESEN,-902125,682499950,2026_03_03,2026-04-18 17:31
IZENR,-1009585,914537597,2026_03_03,2026-04-18 17:31
ADESE,-1022579,4687131701,2026_03_03,2026-04-18 17:31
ISCTR,-1061242,8880396856,2026_03_03,2026-04-18 17:31
VAKBN,-1125567,8046896130,2026_03_03,2026-04-18 17:31
ALGYO,-1197495,989338262,2026_03_03,2026-04-18 17:31
EKGYO,-1202787,1925107366,2026_03_03,2026-04-18 17:31
AKFYE,-1270616,551782160,2026_03_03,2026-04-18 17:31
FROTO,-1299618,625119787,2026_03_03,2026-04-18 17:31
INDES,-1332419,462749767,2026_03_03,2026-04-18 17:31
ALBRK,-1402356,1050739765,2026_03_03,2026-04-18 17:31
GARAN,-1405608,2454957797,2026_03_03,2026-04-18 17:31
MARTI,-1734459,1475768116,2026_03_03,2026-04-18 17:31
TEHOL,-1794568,1967930261,2026_03_03,2026-04-18 17:31
ISMEN,-2116950,467723001,2026_03_03,2026-04-18 17:31
ULKER,-2175169,338855989,2026_03_03,2026-04-18 17:31
THYAO,-2230389,739463443,2026_03_03,2026-04-18 17:31
GSRAY,-2416652,10123744690,2026_03_03,2026-04-18 17:31
ISKPL,-2456932,724625736,2026_03_03,2026-04-18 17:31
TUREX,-2704703,432000000,2026_03_03,2026-04-18 17:31
TCELL,-2907840,1622604373,2026_03_03,2026-04-18 17:31
CVKMD,-2972759,461999787,2026_03_03,2026-04-18 17:31
AGROT,-3343165,843999770,2026_03_03,2026-04-18 17:31
ZOREN,-3388138,2681244194,2026_03_03,2026-04-18 17:31
LXGYO,-3489740,118936300,2026_03_03,2026-04-18 17:31
AKFGY,-3951145,3457819313,2026_03_03,2026-04-18 17:31
KTLEV,-4247487,1288500000,2026_03_03,2026-04-18 17:31
AEFES,-4319207,2028860053,2026_03_03,2026-04-18 17:31
KRDMA,-4927796,240300917,2026_03_03,2026-04-18 17:31
TRALT,-4964849,952269019,2026_03_03,2026-04-18 17:31
DAPGM,-4966239,928276145,2026_03_03,2026-04-18 17:31
TATEN,-6825631,347799724,2026_03_03,2026-04-18 17:31
YKBNK,-7814631,4705620952,2026_03_03,2026-04-18 17:31
SASA,-12981988,25700419927,2026_03_03,2026-04-18 17:31
BTCIM,-14803793,4052064654,2026_03_03,2026-04-18 17:31
AKBNK,-28738001,3059320211,2026_03_03,2026-04-18 17:31
PSGYO,135161671,2954231556,2026_03_04,2026-04-18 17:32
KCHOL,23876854,674052400,2026_03_04,2026-04-18 17:32
IZENR,20288787,914537597,2026_03_04,2026-04-18 17:32
EREGL,20174395,3554243274,2026_03_04,2026-04-18 17:32
MRGYO,19480166,2277966226,2026_03_04,2026-04-18 17:32
TEHOL,16544646,1967930261,2026_03_04,2026-04-18 17:32
ASTOR,12521055,366896223,2026_03_04,2026-04-18 17:32
PETKM,12465490,1241729843,2026_03_04,2026-04-18 17:32
OYAKC,11546629,4656879379,2026_03_04,2026-04-18 17:32
LILAK,11345856,260252705,2026_03_04,2026-04-18 17:32
CVKMD,9948437,461999787,2026_03_04,2026-04-18 17:32
SRVGY,8848732,812499687,2026_03_04,2026-04-18 17:32
SISE,8721132,1814905641,2026_03_04,2026-04-18 17:32
ESCAR,8232946,101933690,2026_03_04,2026-04-18 17:32
ASELS,8165879,1178597817,2026_03_04,2026-04-18 17:32
TTKOM,7789902,524999999,2026_03_04,2026-04-18 17:32
KONTR,7214482,936038761,2026_03_04,2026-04-18 17:32
MARMR,6237900,961218727,2026_03_04,2026-04-18 17:32
CCOLA,5917471,820001147,2026_03_04,2026-04-18 17:32
DCTTR,5763065,157328724,2026_03_04,2026-04-18 17:32
REEDR,5570284,632419525,2026_03_04,2026-04-18 17:32
IZFAS,5418677,156001658,2026_03_04,2026-04-18 17:32
AGROT,5000123,879999770,2026_03_04,2026-04-18 17:32
TERA,4806979,240888789,2026_03_04,2026-04-18 17:32
SAHOL,4653641,1149847384,2026_03_04,2026-04-18 17:32
BLUME,4609698,174710134,2026_03_04,2026-04-18 17:32
SMRTG,4260548,664164672,2026_03_04,2026-04-18 17:32
ISMEN,4228685,467723147,2026_03_04,2026-04-18 17:32
BTCIM,4152732,4052065429,2026_03_04,2026-04-18 17:32
ENKAI,3769149,874733059,2026_03_04,2026-04-18 17:32
USAK,3584174,2436064709,2026_03_04,2026-04-18 17:32
CIMSA,3365594,488602363,2026_03_04,2026-04-18 17:32
ODAS,3279807,1113798031,2026_03_04,2026-04-18 17:32
ESCOM,3258630,465831670,2026_03_04,2026-04-18 17:32
TUPRS,3041516,942334139,2026_03_04,2026-04-18 17:32
IHLGM,2940534,986078000,2026_03_04,2026-04-18 17:32
RYGYO,2939761,770588057,2026_03_04,2026-04-18 17:32
KUYAS,2728261,398957788,2026_03_04,2026-04-18 17:32
LRSHO,2569578,724120946,2026_03_04,2026-04-18 17:32
BMSTL,2295472,74772261,2026_03_04,2026-04-18 17:32
ANSGR,2245747,1564416026,2026_03_04,2026-04-18 17:32
TCELL,2207980,1622604373,2026_03_04,2026-04-18 17:32
DENGE,1921973,525284797,2026_03_04,2026-04-18 17:32
MAGEN,1909320,719512140,2026_03_04,2026-04-18 17:32
PEKGY,1886496,4685173406,2026_03_04,2026-04-18 17:32
BEGYO,1856241,290000000,2026_03_04,2026-04-18 17:32
KRDMD,1815081,780216365,2026_03_04,2026-04-18 17:32
ISCTR,1804365,8880396856,2026_03_04,2026-04-18 17:32
TAVHL,1798070,213213415,2026_03_04,2026-04-18 17:32
OZGYO,1729919,490916869,2026_03_04,2026-04-18 17:32
SANFM,1724559,225029995,2026_03_04,2026-04-18 17:32
IHYAY,1710679,388124996,2026_03_04,2026-04-18 17:32
ALKLC,1666630,45283467,2026_03_04,2026-04-18 17:32
CEMZY,1617553,123123970,2026_03_04,2026-04-18 17:32
AEFES,1432079,2028860053,2026_03_04,2026-04-18 17:32
NTGAZ,1333154,276000000,2026_03_04,2026-04-18 17:32
ENJSA,1280847,236209270,2026_03_04,2026-04-18 17:32
TOASO,1262205,120585077,2026_03_04,2026-04-18 17:32
DOFRB,1232238,45000000,2026_03_04,2026-04-18 17:32
IHLAS,1230668,1396079076,2026_03_04,2026-04-18 17:32
KAYSE,1225002,828951998,2026_03_04,2026-04-18 17:32
LXGYO,1208213,118936300,2026_03_04,2026-04-18 17:32
RYSAS,1191347,1504020937,2026_03_04,2026-04-18 17:32
INFO,1080777,767463333,2026_03_04,2026-04-18 17:32
DSTKF,1076242,84533333,2026_03_04,2026-04-18 17:32
EUPWR,1026383,199610525,2026_03_04,2026-04-18 17:32
FROTO,1003667,625119847,2026_03_04,2026-04-18 17:32
MIATK,982592,313087979,2026_03_04,2026-04-18 17:32
HDFGS,980978,956974191,2026_03_04,2026-04-18 17:32
SKTAS,976341,332865443,2026_03_04,2026-04-18 17:32
PAHOL,967467,3999999979,2026_03_04,2026-04-18 17:32
PGSUS,963005,295068869,2026_03_04,2026-04-18 17:32
ANHYT,835059,88457041,2026_03_04,2026-04-18 17:32
KMPUR,823683,132432524,2026_03_04,2026-04-18 17:32
ULUUN,790920,290523353,2026_03_04,2026-04-18 17:32
GMTAS,785135,298687813,2026_03_04,2026-04-18 17:32
EGGUB,730060,75862197,2026_03_04,2026-04-18 17:32
AYGAZ,726829,98568807,2026_03_04,2026-04-18 17:32
AHGAZ,660871,659370871,2026_03_04,2026-04-18 17:32
KRVGD,618198,596159766,2026_03_04,2026-04-18 17:32
KRPLS,592880,78486163,2026_03_04,2026-04-18 17:32
ALTNY,591263,399885115,2026_03_04,2026-04-18 17:32
BIGCH,569245,368932945,2026_03_04,2026-04-18 17:32
DERHL,560170,197281316,2026_03_04,2026-04-18 17:32
EKSUN,539673,171792833,2026_03_04,2026-04-18 17:32
ARCLK,526934,170054765,2026_03_04,2026-04-18 17:32
BIGEN,506146,115500000,2026_03_04,2026-04-18 17:32
KRGYO,472374,275246747,2026_03_04,2026-04-18 17:32
CONSE,459068,377854899,2026_03_04,2026-04-18 17:32
MGROS,431795,96563563,2026_03_04,2026-04-18 17:32
TRENJ,417167,98018735,2026_03_04,2026-04-18 17:32
MARTI,415640,1475768116,2026_03_04,2026-04-18 17:32
SNGYO,404832,3607173097,2026_03_04,2026-04-18 17:32
BORSK,396906,279999879,2026_03_04,2026-04-18 17:32
DURKN,379452,42500000,2026_03_04,2026-04-18 17:32
PASEU,378555,215295868,2026_03_04,2026-04-18 17:32
GENTS,366338,749958921,2026_03_04,2026-04-18 17:32
AVOD,364247,253604577,2026_03_04,2026-04-18 17:32
LYDHO,303850,197140970,2026_03_04,2026-04-18 17:32
DGNMO,300892,327634635,2026_03_04,2026-04-18 17:32
DAGI,299719,175301274,2026_03_04,2026-04-18 17:32
HLGYO,297708,1075198517,2026_03_04,2026-04-18 17:32
ARZUM,291522,400949823,2026_03_04,2026-04-18 17:32
BSOKE,286622,458487038,2026_03_04,2026-04-18 17:32
AZTEK,282749,279000000,2026_03_04,2026-04-18 17:32
CANTE,282572,8608815636,2026_03_04,2026-04-18 17:32
KAREL,271980,329659497,2026_03_04,2026-04-18 17:32
KFEIN,243460,150306170,2026_03_04,2026-04-18 17:32
FADE,220613,42347497,2026_03_04,2026-04-18 17:32
PAGYO,215317,57781202,2026_03_04,2026-04-18 17:32
TSGYO,211970,266499982,2026_03_04,2026-04-18 17:32
TUCLK,205135,263182600,2026_03_04,2026-04-18 17:32
ZEDUR,201783,69899991,2026_03_04,2026-04-18 17:32
MNDTR,187102,910071938,2026_03_04,2026-04-18 17:32
LIDFA,186087,458180545,2026_03_04,2026-04-18 17:32
BEYAZ,182057,42317352,2026_03_04,2026-04-18 17:32
IMASM,181767,650600499,2026_03_04,2026-04-18 17:32
OYYAT,179052,91048322,2026_03_04,2026-04-18 17:32
DZGYO,174242,399777846,2026_03_04,2026-04-18 17:32
ETILR,173955,156217454,2026_03_04,2026-04-18 17:32
EPLAS,167361,190491857,2026_03_04,2026-04-18 17:32
KLSYN,164144,107854952,2026_03_04,2026-04-18 17:32
PCILT,161642,45014182,2026_03_04,2026-04-18 17:32
LIDER,161473,279500000,2026_03_04,2026-04-18 17:32
ONCSM,155980,10086000,2026_03_04,2026-04-18 17:32
BIGTK,150399,23834373,2026_03_04,2026-04-18 17:32
KLMSN,149520,30881297,2026_03_04,2026-04-18 17:32
CATES,146033,33050000,2026_03_04,2026-04-18 17:32
ARDYZ,140415,279551557,2026_03_04,2026-04-18 17:32
FORTE,140076,27999999,2026_03_04,2026-04-18 17:32
FRIGO,139996,263258455,2026_03_04,2026-04-18 17:32
AYEN,123670,55531320,2026_03_04,2026-04-18 17:32
VRGYO,119933,597693904,2026_03_04,2026-04-18 17:32
CEMAS,119752,790994229,2026_03_04,2026-04-18 17:32
TEZOL,119413,139999972,2026_03_04,2026-04-18 17:32
ASGYO,114862,165000000,2026_03_04,2026-04-18 17:32
TNZTP,114582,87217950,2026_03_04,2026-04-18 17:32
NUGYO,112775,324943976,2026_03_04,2026-04-18 17:32
KOTON,111444,136599922,2026_03_04,2026-04-18 17:32
MSGYO,107479,169650150,2026_03_04,2026-04-18 17:32
GLRYH,105356,599623814,2026_03_04,2026-04-18 17:32
MERCN,103256,74389005,2026_03_04,2026-04-18 17:32
SAFKR,100960,140056162,2026_03_04,2026-04-18 17:32
GUBRF,99587,85403679,2026_03_04,2026-04-18 17:32
YGGYO,99327,240625741,2026_03_04,2026-04-18 17:32
AFYON,99150,399992258,2026_03_04,2026-04-18 17:32
SEGMN,96237,80999980,2026_03_04,2026-04-18 17:32
SVGYO,92153,295400000,2026_03_04,2026-04-18 17:32
EUHOL,85272,142999954,2026_03_04,2026-04-18 17:32
GEDIK,84282,983076857,2026_03_04,2026-04-18 17:32
KZBGY,80913,1959999915,2026_03_04,2026-04-18 17:32
GSRAY,80290,10123744690,2026_03_04,2026-04-18 17:32
GIPTA,76938,51617863,2026_03_04,2026-04-18 17:32
TRCAS,74192,206252869,2026_03_04,2026-04-18 17:32
ECOGR,73450,110000000,2026_03_04,2026-04-18 17:32
UFUK,73011,46845974,2026_03_04,2026-04-18 17:32
AKFIS,72425,66841328,2026_03_04,2026-04-18 17:32
VBTYZ,72364,56205000,2026_03_04,2026-04-18 17:32
ULKER,71082,338855989,2026_03_04,2026-04-18 17:32
PNSUT,69310,128323851,2026_03_04,2026-04-18 17:32
YAYLA,68149,39874966,2026_03_04,2026-04-18 17:32
AKSA,64482,1503650642,2026_03_04,2026-04-18 17:32
DGATE,62625,15227271,2026_03_04,2026-04-18 17:32
KRONT,58345,116892885,2026_03_04,2026-04-18 17:32
YUNSA,57164,202164056,2026_03_04,2026-04-18 17:32
KLGYO,57155,689399869,2026_03_04,2026-04-18 17:32
BORLS,54649,308652686,2026_03_04,2026-04-18 17:32
MEKAG,50596,320319999,2026_03_04,2026-04-18 17:32
PRKAB,48458,35225443,2026_03_04,2026-04-18 17:32
VSNMD,48153,24000000,2026_03_04,2026-04-18 17:32
ALKA,48005,330750000,2026_03_04,2026-04-18 17:32
TATGD,47480,119286243,2026_03_04,2026-04-18 17:32
BESLR,47371,658098036,2026_03_04,2026-04-18 17:32
AKSEN,41654,638545796,2026_03_04,2026-04-18 17:32
BAHKM,39517,23289000,2026_03_04,2026-04-18 17:32
PNLSN,39445,34752383,2026_03_04,2026-04-18 17:32
ONRYT,37392,19730000,2026_03_04,2026-04-18 17:32
OSMEN,34352,159162130,2026_03_04,2026-04-18 17:32
AKSUE,33351,56376184,2026_03_04,2026-04-18 17:32
KIMMR,30650,75000000,2026_03_04,2026-04-18 17:32
MTRKS,30567,43633165,2026_03_04,2026-04-18 17:32
ERCB,29433,39113273,2026_03_04,2026-04-18 17:32
GARFA,27922,138399778,2026_03_04,2026-04-18 17:32
KRTEK,27903,18914650,2026_03_04,2026-04-18 17:32
INVES,26650,37480000,2026_03_04,2026-04-18 17:32
HATEK,26265,62998947,2026_03_04,2026-04-18 17:32
KAPLM,25854,4563571,2026_03_04,2026-04-18 17:32
DYOBY,24925,186553687,2026_03_04,2026-04-18 17:32
VERTU,24863,22000000,2026_03_04,2026-04-18 17:32
LUKSK,23815,27257202,2026_03_04,2026-04-18 17:32
DOFER,22774,20172500,2026_03_04,2026-04-18 17:32
GRSEL,22770,29650000,2026_03_04,2026-04-18 17:32
BLCYT,22714,49088907,2026_03_04,2026-04-18 17:32
BASGZ,22363,174999999,2026_03_04,2026-04-18 17:32
MEGMT,22057,85749986,2026_03_04,2026-04-18 17:32
OBAMS,21893,751078524,2026_03_04,2026-04-18 17:32
BRLSM,21755,108025075,2026_03_04,2026-04-18 17:32
DUNYH,20327,36443197,2026_03_04,2026-04-18 17:32
YESIL,20286,640699949,2026_03_04,2026-04-18 17:32
BRKVY,19512,13618361,2026_03_04,2026-04-18 17:32
DESPC,19447,16023700,2026_03_04,2026-04-18 17:32
FENER,19078,2772321468,2026_03_04,2026-04-18 17:32
KZGYO,16555,49999978,2026_03_04,2026-04-18 17:32
BANVT,15332,36961044,2026_03_04,2026-04-18 17:32
TABGD,14534,52499906,2026_03_04,2026-04-18 17:32
TGSAS,14069,12348294,2026_03_04,2026-04-18 17:32
BIOEN,14007,197983418,2026_03_04,2026-04-18 17:32
TKNSA,13179,100485379,2026_03_04,2026-04-18 17:32
INTEM,13123,9428747,2026_03_04,2026-04-18 17:32
BIENY,12954,83144831,2026_03_04,2026-04-18 17:32
PKENT,12052,23766169,2026_03_04,2026-04-18 17:32
AKENR,11918,385189246,2026_03_04,2026-04-18 17:32
ANELE,10639,151405542,2026_03_04,2026-04-18 17:32
GEDZA,10169,42983624,2026_03_04,2026-04-18 17:32
NETAS,9902,31783484,2026_03_04,2026-04-18 17:32
NUHCM,9820,33164430,2026_03_04,2026-04-18 17:32
FZLGY,9794,398427644,2026_03_04,2026-04-18 17:32
ALCTL,8513,13543218,2026_03_04,2026-04-18 17:32
ARSAN,8211,887344281,2026_03_04,2026-04-18 17:32
TRGYO,8096,251573369,2026_03_04,2026-04-18 17:32
AVHOL,6938,26047279,2026_03_04,2026-04-18 17:32
OZYSR,5955,40488000,2026_03_04,2026-04-18 17:32
SDTTR,4877,15990000,2026_03_04,2026-04-18 17:32
VERUS,4803,34499937,2026_03_04,2026-04-18 17:32
ARTMS,4685,28399999,2026_03_04,2026-04-18 17:32
RAYSG,4570,51947024,2026_03_04,2026-04-18 17:32
PAMEL,4227,21533681,2026_03_04,2026-04-18 17:32
CLEBI,4164,5490178,2026_03_04,2026-04-18 17:32
BAGFS,3709,100042745,2026_03_04,2026-04-18 17:32
MCARD,3286,18900000,2026_03_04,2026-04-18 17:32
TTRAK,2772,24967158,2026_03_04,2026-04-18 17:32
CUSAN,2665,18500000,2026_03_04,2026-04-18 17:32
POLTK,2054,1125000,2026_03_04,2026-04-18 17:32
OTTO,1835,5824438,2026_03_04,2026-04-18 17:32
KLRHO,1683,341250000,2026_03_04,2026-04-18 17:32
ULUSE,1403,24000000,2026_03_04,2026-04-18 17:32
SMART,1200,29737499,2026_03_04,2026-04-18 17:32
KNFRT,1153,131747000,2026_03_04,2026-04-18 17:32
INGRM,1038,14969536,2026_03_04,2026-04-18 17:32
BVSAN,980,13749998,2026_03_04,2026-04-18 17:32
KORDS,961,65421451,2026_03_04,2026-04-18 17:32
VKING,879,30932905,2026_03_04,2026-04-18 17:32
SAYAS,825,42530887,2026_03_04,2026-04-18 17:32
MAKTK,300,184370066,2026_03_04,2026-04-18 17:32
LYDYE,254,1391287,2026_03_04,2026-04-18 17:32
TARKM,158,4999997,2026_03_04,2026-04-18 17:32
PAPIL,70,206247674,2026_03_04,2026-04-18 17:32
MEYSU,51,175000000,2026_03_04,2026-04-18 17:32
ISGSY,10,47378729,2026_03_04,2026-04-18 17:32
MEDTR,0,24499999,2026_03_04,2026-04-18 17:32
MEGAP,0,234498757,2026_03_04,2026-04-18 17:32
KERVN,0,588346973,2026_03_04,2026-04-18 17:32
MEMSA,0,160110709,2026_03_04,2026-04-18 17:32
SANEL,0,18112451,2026_03_04,2026-04-18 17:32
MENBA,0,3496852,2026_03_04,2026-04-18 17:32
MEPET,0,73940585,2026_03_04,2026-04-18 17:32
AKPAZ,0,22488832,2026_03_04,2026-04-18 17:32
GOLDS,0,192323946,2026_03_04,2026-04-18 17:32
SEKUR,0,131457835,2026_03_04,2026-04-18 17:32
SELVA,0,775687737,2026_03_04,2026-04-18 17:32
SEYKM,0,151040901,2026_03_04,2026-04-18 17:32
SILVR,0,212818206,2026_03_04,2026-04-18 17:32
GRNYO,0,37386059,2026_03_04,2026-04-18 17:32
ARTOG,0,18578922,2026_03_04,2026-04-18 17:32
SKYLP,0,7159255,2026_03_04,2026-04-18 17:32
KLNMA,0,91846864,2026_03_04,2026-04-18 17:32
ARAT,0,39867975,2026_03_04,2026-04-18 17:32
ERSU,0,31755894,2026_03_04,2026-04-18 17:32
SNPAM,0,19679871,2026_03_04,2026-04-18 17:32
SONME,0,4349319,2026_03_04,2026-04-18 17:32
MZHLD,0,72215314,2026_03_04,2026-04-18 17:32
DGGYO,0,280709437,2026_03_04,2026-04-18 17:32
NIBAS,0,267767946,2026_03_04,2026-04-18 17:32
ARBUL,0,15459297,2026_03_04,2026-04-18 17:32
AKYHO,0,223895870,2026_03_04,2026-04-18 17:32
HURGZ,0,220784167,2026_03_04,2026-04-18 17:32
TDGYO,0,61998213,2026_03_04,2026-04-18 17:32
IHEVA,0,291631239,2026_03_04,2026-04-18 17:32
KRATL,0,17800000,2026_03_04,2026-04-18 17:32
AGYO,0,129036460,2026_03_04,2026-04-18 17:32
ORCAY,0,150506192,2026_03_04,2026-04-18 17:32
DOGUB,0,19821566,2026_03_04,2026-04-18 17:32
ASYAB,0,477899601,2026_03_04,2026-04-18 17:32
CMBTN,0,1023000,2026_03_04,2026-04-18 17:32
OYAYO,0,19999941,2026_03_04,2026-04-18 17:32
OYLUM,0,80937367,2026_03_04,2026-04-18 17:32
FENIS,0,26080019,2026_03_04,2026-04-18 17:32
TRHOL,0,17583212,2026_03_04,2026-04-18 17:32
FLAP,0,93599985,2026_03_04,2026-04-18 17:32
OZRDN,0,57107579,2026_03_04,2026-04-18 17:32
KSTUR,0,3952560,2026_03_04,2026-04-18 17:32
CMENT,0,56829666,2026_03_04,2026-04-18 17:32
ATATR,0,280000000,2026_03_04,2026-04-18 17:32
ULAS,0,25200172,2026_03_04,2026-04-18 17:32
ISBIR,0,14530542,2026_03_04,2026-04-18 17:32
CRDFA,0,74996857,2026_03_04,2026-04-18 17:32
UNTAR,0,29562129,2026_03_04,2026-04-18 17:32
ATEKS,0,5441598,2026_03_04,2026-04-18 17:32
UZEL,0,26329793,2026_03_04,2026-04-18 17:32
LIOYS,0,31625013,2026_03_04,2026-04-18 17:32
EGCYO,0,21986285,2026_03_04,2026-04-18 17:32
ISYAT,0,152245569,2026_03_04,2026-04-18 17:32
ATPET,0,11403497,2026_03_04,2026-04-18 17:32
BRMEN,0,57566555,2026_03_04,2026-04-18 17:32
ARENA,0,66996461,2026_03_04,2026-04-18 17:32
YAPRK,0,88514958,2026_03_04,2026-04-18 17:32
AKMGY,0,21568998,2026_03_04,2026-04-18 17:32
MANGO,0,37831688,2026_03_04,2026-04-18 17:32
PRZMA,0,61941150,2026_03_04,2026-04-18 17:32
YGYO,0,1310632851,2026_03_04,2026-04-18 17:32
PSDTC,0,6599991,2026_03_04,2026-04-18 17:32
YYAPI,0,1705025550,2026_03_04,2026-04-18 17:32
GLBMD,0,28880500,2026_03_04,2026-04-18 17:32
ZERGY,0,156799985,2026_03_04,2026-04-18 17:32
QNBFK,0,843137646,2026_03_04,2026-04-18 17:32
QNBTR,0,2571745911,2026_03_04,2026-04-18 17:32
QUAGR,0,1773200000,2026_03_04,2026-04-18 17:32
ENPRA,0,15294299,2026_03_04,2026-04-18 17:32
KENT,0,1786507,2026_03_04,2026-04-18 17:32
RNPOL,0,335900000,2026_03_04,2026-04-18 17:32
RUZYE,0,267748491,2026_03_04,2026-04-18 17:32
EYGYO,-1,362859668,2026_03_04,2026-04-18 17:32
ELITE,-120,44650000,2026_03_04,2026-04-18 17:32
GLDTRF,-240,47850000,2026_03_04,2026-04-18 17:32
SURGY,-374,44999990,2026_03_04,2026-04-18 17:32
ATAKP,-394,28224000,2026_03_04,2026-04-18 17:32
MANAS,-499,306992000,2026_03_04,2026-04-18 17:32
TMSN,-602,44449999,2026_03_04,2026-04-18 17:32
ALCAR,-703,1721735,2026_03_04,2026-04-18 17:32
EGEEN,-772,1137161,2026_03_04,2026-04-18 17:32
KONYA,-891,1646416,2026_03_04,2026-04-18 17:32
ASUZU,-938,41130807,2026_03_04,2026-04-18 17:32
MRSHL,-1076,4212888,2026_03_04,2026-04-18 17:32
ACSEL,-1705,8589113,2026_03_04,2026-04-18 17:32
TLMAN,-2193,10300000,2026_03_04,2026-04-18 17:32
SUNTK,-2300,145280000,2026_03_04,2026-04-18 17:32
BINHO,-2499,488884380,2026_03_04,2026-04-18 17:32
TBORG,-2537,59392160,2026_03_04,2026-04-18 17:32
AYCES,-2726,1895369,2026_03_04,2026-04-18 17:32
IHAAS,-2945,56031248,2026_03_04,2026-04-18 17:32
TMPOL,-3238,11039990,2026_03_04,2026-04-18 17:32
YYLGD,-3564,369826200,2026_03_04,2026-04-18 17:32
BRYAT,-3887,10264685,2026_03_04,2026-04-18 17:32
MAALT,-3934,4763850,2026_03_04,2026-04-18 17:32
AVPGY,-4642,99999990,2026_03_04,2026-04-18 17:32
OZSUB,-4782,44247402,2026_03_04,2026-04-18 17:32
ARFYE,-5262,47000000,2026_03_04,2026-04-18 17:32
ATATP,-5349,18809999,2026_03_04,2026-04-18 17:32
LMKDC,-6789,155929999,2026_03_04,2026-04-18 17:32
OZATD,-6818,13349988,2026_03_04,2026-04-18 17:32
GEREL,-6949,219036379,2026_03_04,2026-04-18 17:32
BERA,-7072,492027250,2026_03_04,2026-04-18 17:32
BAKAB,-7938,34985326,2026_03_04,2026-04-18 17:32
ERBOS,-9074,15899843,2026_03_04,2026-04-18 17:32
JANTS,-9274,207607465,2026_03_04,2026-04-18 17:32
ANGEN,-9768,86440002,2026_03_04,2026-04-18 17:32
GOLTS,-10930,12422783,2026_03_04,2026-04-18 17:32
BFREN,-11315,24586148,2026_03_04,2026-04-18 17:32
TCKRC,-11955,70000000,2026_03_04,2026-04-18 17:32
BRISA,-12358,31247472,2026_03_04,2026-04-18 17:32
GOODY,-12481,132804473,2026_03_04,2026-04-18 17:32
AKCNS,-14362,39359284,2026_03_04,2026-04-18 17:32
AKGRT,-14602,629007625,2026_03_04,2026-04-18 17:32
DESA,-14793,171107590,2026_03_04,2026-04-18 17:32
ENTRA,-15394,369383564,2026_03_04,2026-04-18 17:32
HATSN,-15395,44299964,2026_03_04,2026-04-18 17:32
BAYRK,-15402,189751123,2026_03_04,2026-04-18 17:32
TRILC,-15790,118499496,2026_03_04,2026-04-18 17:32
FORMT,-15900,1029046010,2026_03_04,2026-04-18 17:32
DNISI,-16543,59171727,2026_03_04,2026-04-18 17:32
EGEGY,-16967,69140000,2026_03_04,2026-04-18 17:32
VAKFN,-17639,2064378140,2026_03_04,2026-04-18 17:32
HEDEF,-17698,562499930,2026_03_04,2026-04-18 17:32
FMIZP,-17858,3497641,2026_03_04,2026-04-18 17:32
BURVA,-17874,4723271,2026_03_04,2026-04-18 17:32
RUBNS,-18557,42377765,2026_03_04,2026-04-18 17:32
DURDO,-18983,379703149,2026_03_04,2026-04-18 17:32
SKYMD,-20139,52499981,2026_03_04,2026-04-18 17:32
TEKTU,-21797,195639311,2026_03_04,2026-04-18 17:32
PLTUR,-21987,49500000,2026_03_04,2026-04-18 17:32
BIZIM,-22296,27601626,2026_03_04,2026-04-18 17:32
CELHA,-23537,146124225,2026_03_04,2026-04-18 17:32
KRDMB,-25045,118762110,2026_03_04,2026-04-18 17:32
GOKNR,-25250,178040711,2026_03_04,2026-04-18 17:32
KUTPO,-25971,10524430,2026_03_04,2026-04-18 17:32
ECZYT,-25988,45880511,2026_03_04,2026-04-18 17:32
ODINE,-26067,52810834,2026_03_04,2026-04-18 17:32
TURGG,-26875,32042988,2026_03_04,2026-04-18 17:32
GLCVY,-27311,26400000,2026_03_04,2026-04-18 17:32
MOPAS,-27526,57330000,2026_03_04,2026-04-18 17:32
ECILC,-28036,210589603,2026_03_04,2026-04-18 17:32
PINSU,-30462,101635846,2026_03_04,2026-04-18 17:32
PATEK,-32357,293081893,2026_03_04,2026-04-18 17:32
KLKIM,-32873,138383655,2026_03_04,2026-04-18 17:32
HOROZ,-33396,24599986,2026_03_04,2026-04-18 17:32
SOKE,-35949,126999996,2026_03_04,2026-04-18 17:32
TATEN,-36289,347799724,2026_03_04,2026-04-18 17:32
OFSYM,-36860,22749998,2026_03_04,2026-04-18 17:32
PKART,-36987,11048497,2026_03_04,2026-04-18 17:32
PRDGS,-37134,110850000,2026_03_04,2026-04-18 17:32
SANKO,-37647,37499197,2026_03_04,2026-04-18 17:32
BMSCH,-39066,69277402,2026_03_04,2026-04-18 17:32
IEYHO,-42682,541033797,2026_03_04,2026-04-18 17:32
MNDRS,-44557,222008082,2026_03_04,2026-04-18 17:32
KBORU,-45863,143999994,2026_03_04,2026-04-18 17:32
HUNER,-47572,670137933,2026_03_04,2026-04-18 17:32
TKFEN,-49301,230848007,2026_03_04,2026-04-18 17:32
DITAS,-49310,83407810,2026_03_04,2026-04-18 17:32
EGPRO,-49432,175170570,2026_03_04,2026-04-18 17:32
EDIP,-50233,36468204,2026_03_04,2026-04-18 17:32
KLYPV,-50821,46334639,2026_03_04,2026-04-18 17:32
OBASE,-51083,14924000,2026_03_04,2026-04-18 17:32
LKMNH,-52748,163262533,2026_03_04,2026-04-18 17:32
VAKKO,-53544,30788486,2026_03_04,2026-04-18 17:32
KONKA,-53659,89670000,2026_03_04,2026-04-18 17:32
GZNMI,-57606,40949825,2026_03_04,2026-04-18 17:32
DOKTA,-59476,145872862,2026_03_04,2026-04-18 17:32
BNTAS,-59542,170624998,2026_03_04,2026-04-18 17:32
CRFSA,-60324,18312793,2026_03_04,2026-04-18 17:32
ICUGS,-61536,336250000,2026_03_04,2026-04-18 17:32
AKFYE,-62142,551782160,2026_03_04,2026-04-18 17:32
SMRVA,-66170,28000000,2026_03_04,2026-04-18 17:32
ORGE,-66294,41839996,2026_03_04,2026-04-18 17:32
SELEC,-68319,124262097,2026_03_04,2026-04-18 17:32
GLYHO,-69236,1949290631,2026_03_04,2026-04-18 17:32
HRKET,-70930,24000000,2026_03_04,2026-04-18 17:32
ALKIM,-71317,182767821,2026_03_04,2026-04-18 17:32
DEVA,-73288,199971824,2026_03_04,2026-04-18 17:32
ADEL,-74111,112043619,2026_03_04,2026-04-18 17:32
EDATA,-78435,160065395,2026_03_04,2026-04-18 17:32
BOBET,-78511,113999998,2026_03_04,2026-04-18 17:32
ADGYO,-79581,379654333,2026_03_04,2026-04-18 17:32
PARSN,-81142,34033246,2026_03_04,2026-04-18 17:32
OTKAR,-81351,33417145,2026_03_04,2026-04-18 17:32
BALSU,-83091,278000000,2026_03_04,2026-04-18 17:32
PETUN,-83979,134673118,2026_03_04,2026-04-18 17:32
KARSN,-85066,827827039,2026_03_04,2026-04-18 17:32
MERKO,-88576,101104700,2026_03_04,2026-04-18 17:32
ALARK,-91582,165125148,2026_03_04,2026-04-18 17:32
GUNDG,-100000,18968983,2026_03_04,2026-04-18 17:32
KTSKR,-100118,14691795,2026_03_04,2026-04-18 17:32
AVGYO,-103537,111590302,2026_03_04,2026-04-18 17:32
MOGAN,-107115,262635000,2026_03_04,2026-04-18 17:32
BINBN,-107902,17000000,2026_03_04,2026-04-18 17:32
DERIM,-113203,40403770,2026_03_04,2026-04-18 17:32
GOZDE,-113851,384991447,2026_03_04,2026-04-18 17:32
OSTIM,-115493,510004637,2026_03_04,2026-04-18 17:32
CEMTS,-116557,233425986,2026_03_04,2026-04-18 17:32
LOGO,-116637,74328248,2026_03_04,2026-04-18 17:32
PENTA,-117898,181070136,2026_03_04,2026-04-18 17:32
ICBCT,-126713,216761845,2026_03_04,2026-04-18 17:32
SUWEN,-129484,365687500,2026_03_04,2026-04-18 17:32
FONET,-133574,577082984,2026_03_04,2026-04-18 17:32
GESAN,-137777,141759179,2026_03_04,2026-04-18 17:32
MPARK,-140625,80869110,2026_03_04,2026-04-18 17:32
MERIT,-150649,329748900,2026_03_04,2026-04-18 17:32
RALYH,-154356,176370972,2026_03_04,2026-04-18 17:32
GSDDE,-160528,106850751,2026_03_04,2026-04-18 17:32
EGEPO,-162042,200000000,2026_03_04,2026-04-18 17:32
PRKME,-162498,53038641,2026_03_04,2026-04-18 17:32
AKSGY,-163039,1628451947,2026_03_04,2026-04-18 17:32
ISFIN,-166169,310154523,2026_03_04,2026-04-18 17:32
HTTBT,-172180,82805422,2026_03_04,2026-04-18 17:32
ENDAE,-175030,123711910,2026_03_04,2026-04-18 17:32
VESTL,-176702,295447203,2026_03_04,2026-04-18 17:32
AGESA,-184354,35829553,2026_03_04,2026-04-18 17:32
MACKO,-186117,41500000,2026_03_04,2026-04-18 17:32
GWIND,-188152,179165491,2026_03_04,2026-04-18 17:32
ENSRI,-190067,236333503,2026_03_04,2026-04-18 17:32
POLHO,-194173,164140074,2026_03_04,2026-04-18 17:32
ARASE,-211349,49999991,2026_03_04,2026-04-18 17:32
RTALB,-213069,432976722,2026_03_04,2026-04-18 17:32
YIGIT,-215981,74999974,2026_03_04,2026-04-18 17:32
EGSER,-217656,545751057,2026_03_04,2026-04-18 17:32
BARMA,-218908,78130939,2026_03_04,2026-04-18 17:32
MAKIM,-223526,42559998,2026_03_04,2026-04-18 17:32
YKSLN,-233922,197429566,2026_03_04,2026-04-18 17:32
GRTHO,-246797,36745000,2026_03_04,2026-04-18 17:32
DMSAS,-260745,199994510,2026_03_04,2026-04-18 17:32
AHSGY,-266175,184999889,2026_03_04,2026-04-18 17:32
KATMR,-266824,1980989998,2026_03_04,2026-04-18 17:32
OZKGY,-272060,363999945,2026_03_04,2026-04-18 17:32
ARMGD,-275053,54996000,2026_03_04,2026-04-18 17:32
EMKEL,-277513,149999458,2026_03_04,2026-04-18 17:32
UNLU,-280772,102181558,2026_03_04,2026-04-18 17:32
INVEO,-296802,998999954,2026_03_04,2026-04-18 17:32
YATAS,-299387,94866488,2026_03_04,2026-04-18 17:32
NATEN,-313967,309374995,2026_03_04,2026-04-18 17:32
BRSAN,-320646,35912460,2026_03_04,2026-04-18 17:32
ISDMR,-336250,147631816,2026_03_04,2026-04-18 17:32
DOHOL,-340395,984706978,2026_03_04,2026-04-18 17:32
MHRGY,-371156,310499991,2026_03_04,2026-04-18 17:32
KLSER,-387445,109457654,2026_03_04,2026-04-18 17:32
IZMDC,-395580,723225318,2026_03_04,2026-04-18 17:32
KARTN,-413933,72781126,2026_03_04,2026-04-18 17:32
RGYAS,-464699,105523000,2026_03_04,2026-04-18 17:32
BOSSA,-471857,508724189,2026_03_04,2026-04-18 17:32
DARDL,-474035,1753442695,2026_03_04,2026-04-18 17:32
METRO,-478431,539989959,2026_03_04,2026-04-18 17:32
BULGS,-487054,72500000,2026_03_04,2026-04-18 17:32
KGYO,-525935,767894934,2026_03_04,2026-04-18 17:32
VKGYO,-525948,1637203242,2026_03_04,2026-04-18 17:32
ALFAS,-544515,84639559,2026_03_04,2026-04-18 17:32
EBEBK,-565267,40534692,2026_03_04,2026-04-18 17:32
MAVI,-567310,576779312,2026_03_04,2026-04-18 17:32
KRSTL,-581684,183664642,2026_03_04,2026-04-18 17:32
CEOEM,-586345,22209658,2026_03_04,2026-04-18 17:32
ISSEN,-597388,107411517,2026_03_04,2026-04-18 17:32
VAKFA,-606269,224999701,2026_03_04,2026-04-18 17:32
BUCIM,-634747,1292638065,2026_03_04,2026-04-18 17:32
SNICA,-643732,321688855,2026_03_04,2026-04-18 17:32
AYDEM,-657861,130000000,2026_03_04,2026-04-18 17:32
TRMET,-761323,174483588,2026_03_04,2026-04-18 17:32
ALVES,-762175,1159999780,2026_03_04,2026-04-18 17:32
GLRMK,-769469,58116000,2026_03_04,2026-04-18 17:32
KCAER,-788931,496494775,2026_03_04,2026-04-18 17:32
EUREN,-827454,1040132637,2026_03_04,2026-04-18 17:32
INDES,-958490,462749767,2026_03_04,2026-04-18 17:32
KTLEV,-960829,1288500000,2026_03_04,2026-04-18 17:32
ESEN,-975303,682499950,2026_03_04,2026-04-18 17:32
KOCMT,-999663,587485478,2026_03_04,2026-04-18 17:32
KOPOL,-1022181,266319652,2026_03_04,2026-04-18 17:32
NTHOL,-1090888,485479112,2026_03_04,2026-04-18 17:32
BIMAS,-1192792,436214016,2026_03_04,2026-04-18 17:32
PENGD,-1203210,171069968,2026_03_04,2026-04-18 17:32
KRDMA,-1241966,240300917,2026_03_04,2026-04-18 17:32
ISGYO,-1248659,531312439,2026_03_04,2026-04-18 17:32
DMRGD,-1328401,1277294592,2026_03_04,2026-04-18 17:32
ALGYO,-1390654,989338262,2026_03_04,2026-04-18 17:32
ULUFA,-1475362,305269391,2026_03_04,2026-04-18 17:32
TUREX,-1482148,432000000,2026_03_04,2026-04-18 17:32
YEOTK,-1531024,160933198,2026_03_04,2026-04-18 17:32
AGHOL,-1662386,1069828243,2026_03_04,2026-04-18 17:32
MOBTL,-1712076,207999999,2026_03_04,2026-04-18 17:32
DOAS,-1749567,97899975,2026_03_04,2026-04-18 17:32
ZRGYO,-1907388,1173404997,2026_03_04,2026-04-18 17:32
VESBE,-2106998,503578676,2026_03_04,2026-04-18 17:32
GENIL,-2155939,1289069985,2026_03_04,2026-04-18 17:32
ALBRK,-2264895,1050739765,2026_03_04,2026-04-18 17:32
ENERY,-2378708,2420687469,2026_03_04,2026-04-18 17:32
BJKAS,-2512517,1776089716,2026_03_04,2026-04-18 17:32
GSDHO,-2543850,999994969,2026_03_04,2026-04-18 17:32
SARKY,-2591467,999999671,2026_03_04,2026-04-18 17:32
THYAO,-2621287,739463453,2026_03_04,2026-04-18 17:32
DAPGM,-2637591,928276145,2026_03_04,2026-04-18 17:32
IHGZT,-2824773,570666228,2026_03_04,2026-04-18 17:32
SKBNK,-2871554,2498877855,2026_03_04,2026-04-18 17:32
ADESE,-3456962,4687131701,2026_03_04,2026-04-18 17:32
TUKAS,-3817924,4499995929,2026_03_04,2026-04-18 17:32
HALKB,-3904926,6546422780,2026_03_04,2026-04-18 17:32
AKFGY,-4045786,3457819313,2026_03_04,2026-04-18 17:32
LINK,-4323361,747511382,2026_03_04,2026-04-18 17:32
GARAN,-4348165,2454957797,2026_03_04,2026-04-18 17:32
VAKBN,-4384858,8046896130,2026_03_04,2026-04-18 17:32
HEKTS,-4390713,3946424637,2026_03_04,2026-04-18 17:32
TSKB,-4743741,1516591673,2026_03_04,2026-04-18 17:32
EFOR,-4920567,670679994,2026_03_04,2026-04-18 17:32
CWENE,-4944070,530758241,2026_03_04,2026-04-18 17:32
EKGYO,-6589328,1925107366,2026_03_04,2026-04-18 17:32
SOKM,-6756119,448708248,2026_03_04,2026-04-18 17:32
ZOREN,-8663452,2681244194,2026_03_04,2026-04-18 17:32
ISKPL,-9353388,724625736,2026_03_04,2026-04-18 17:32
TURSG,-10995716,7907296076,2026_03_04,2026-04-18 17:32
TSPOR,-12206304,3674975174,2026_03_04,2026-04-18 17:32
YKBNK,-27633365,4705620952,2026_03_04,2026-04-18 17:32
TRALT,-38639737,952269019,2026_03_04,2026-04-18 17:32
AKBNK,-51527206,3059320211,2026_03_04,2026-04-18 17:32
SASA,-72821672,25700434927,2026_03_04,2026-04-18 17:32
FORMT,46316887,1093380096,2026_04_01,2026-04-18 17:34
ISCTR,30329239,8880396856,2026_04_01,2026-04-18 17:34
CANTE,18398391,8608815636,2026_04_01,2026-04-18 17:34
PETKM,10692907,1241729843,2026_04_01,2026-04-18 17:34
TEHOL,10515129,1967930261,2026_04_01,2026-04-18 17:34
TUPRS,10288708,942334139,2026_04_01,2026-04-18 17:34
TSPOR,10024607,3674975174,2026_04_01,2026-04-18 17:34
CWENE,9915733,530758241,2026_04_01,2026-04-18 17:34
HEKTS,8782659,3946424637,2026_04_01,2026-04-18 17:34
YKBNK,8626084,4705620952,2026_04_01,2026-04-18 17:34
OYAKC,7986659,4656879379,2026_04_01,2026-04-18 17:34
SRVGY,7118712,812499687,2026_04_01,2026-04-18 17:34
IHLAS,5861794,1396079076,2026_04_01,2026-04-18 17:34
ICUGS,5711087,336250000,2026_04_01,2026-04-18 17:34
DMRGD,4618223,1277294592,2026_04_01,2026-04-18 17:34
LIDFA,4125983,458180545,2026_04_01,2026-04-18 17:34
ENKAI,3887978,874733059,2026_04_01,2026-04-18 17:34
MIATK,3881357,313087979,2026_04_01,2026-04-18 17:34
TCELL,3524353,1622604373,2026_04_01,2026-04-18 17:34
VAKFN,3501742,2064378140,2026_04_01,2026-04-18 17:34
LILAK,2847751,260252705,2026_04_01,2026-04-18 17:34
KRDMD,2620534,780216365,2026_04_01,2026-04-18 17:34
BURCE,1950000,44422390,2026_04_01,2026-04-18 17:34
BORSK,1934298,279999879,2026_04_01,2026-04-18 17:34
ANELE,1660881,151405542,2026_04_01,2026-04-18 17:34
MNDRS,1630772,222008082,2026_04_01,2026-04-18 17:34
TTKOM,1535037,524999999,2026_04_01,2026-04-18 17:34
SMRTG,1460091,664164672,2026_04_01,2026-04-18 17:34
BIMAS,1388424,436214016,2026_04_01,2026-04-18 17:34
AGROT,1378150,879999770,2026_04_01,2026-04-18 17:34
AYGAZ,1285765,98568807,2026_04_01,2026-04-18 17:34
BULGS,1256448,72500000,2026_04_01,2026-04-18 17:34
MEYSU,1223799,175000000,2026_04_01,2026-04-18 17:34
ARZUM,1147661,400949823,2026_04_01,2026-04-18 17:34
SELVA,1142651,775687737,2026_04_01,2026-04-18 17:34
EUPWR,1118032,199610525,2026_04_01,2026-04-18 17:34
YKSLN,1047921,197429566,2026_04_01,2026-04-18 17:34
GSRAY,1035078,10123744690,2026_04_01,2026-04-18 17:34
AKFYE,991484,551782160,2026_04_01,2026-04-18 17:34
RGYAS,979511,105523000,2026_04_01,2026-04-18 17:34
ECOGR,952599,110000000,2026_04_01,2026-04-18 17:34
IHGZT,942695,570666228,2026_04_01,2026-04-18 17:34
EGSER,939832,545751057,2026_04_01,2026-04-18 17:34
ANSGR,864874,1564416026,2026_04_01,2026-04-18 17:34
ULKER,858210,338855989,2026_04_01,2026-04-18 17:34
ETILR,831659,156217454,2026_04_01,2026-04-18 17:34
KAREL,808981,329659497,2026_04_01,2026-04-18 17:34
CIMSA,803120,488602363,2026_04_01,2026-04-18 17:34
SNICA,795480,321688855,2026_04_01,2026-04-18 17:34
ESEN,759565,682499950,2026_04_01,2026-04-18 17:34
ENTRA,755635,369383564,2026_04_01,2026-04-18 17:34
OZGYO,750609,490916869,2026_04_01,2026-04-18 17:34
KRGYO,735735,275246747,2026_04_01,2026-04-18 17:34
MEGMT,734929,85749986,2026_04_01,2026-04-18 17:34
DOHOL,719051,984706978,2026_04_01,2026-04-18 17:34
GMTAS,712384,298687813,2026_04_01,2026-04-18 17:34
YYLGD,708423,369826200,2026_04_01,2026-04-18 17:34
SKTAS,698583,332865443,2026_04_01,2026-04-18 17:34
CCOLA,676754,820001147,2026_04_01,2026-04-18 17:34
DGNMO,672461,327634635,2026_04_01,2026-04-18 17:34
ULUFA,666029,305269391,2026_04_01,2026-04-18 17:34
KCHOL,639937,674053695,2026_04_01,2026-04-18 17:34
RYSAS,603605,1504020937,2026_04_01,2026-04-18 17:34
TUCLK,558796,273182600,2026_04_01,2026-04-18 17:34
GLRMK,532972,58116000,2026_04_01,2026-04-18 17:34
ARCLK,494557,170054765,2026_04_01,2026-04-18 17:34
ADEL,461466,112043619,2026_04_01,2026-04-18 17:34
PAHOL,441919,3999999979,2026_04_01,2026-04-18 17:34
MOGAN,412304,262635000,2026_04_01,2026-04-18 17:34
BUCIM,396960,1292638065,2026_04_01,2026-04-18 17:34
GENIL,391894,1289069985,2026_04_01,2026-04-18 17:34
TAVHL,387365,213213415,2026_04_01,2026-04-18 17:34
RALYH,383820,176370972,2026_04_01,2026-04-18 17:34
ALTNY,364831,399885115,2026_04_01,2026-04-18 17:34
FENER,361630,2772321468,2026_04_01,2026-04-18 17:34
TEKTU,361535,195639311,2026_04_01,2026-04-18 17:34
AHGAZ,343650,659370871,2026_04_01,2026-04-18 17:34
BOSSA,337764,508724189,2026_04_01,2026-04-18 17:34
VKGYO,332203,1637203242,2026_04_01,2026-04-18 17:34
DAGI,319022,175301274,2026_04_01,2026-04-18 17:34
NTGAZ,314970,276000000,2026_04_01,2026-04-18 17:34
BRMEN,305960,57566555,2026_04_01,2026-04-18 17:34
ZEDUR,304075,69899991,2026_04_01,2026-04-18 17:34
RTALB,294266,432976722,2026_04_01,2026-04-18 17:34
NATEN,291865,309374995,2026_04_01,2026-04-18 17:34
CEMTS,291658,233425986,2026_04_01,2026-04-18 17:34
CONSE,270358,377854899,2026_04_01,2026-04-18 17:34
VESTL,265113,295447203,2026_04_01,2026-04-18 17:34
MAGEN,263651,719512140,2026_04_01,2026-04-18 17:34
BSOKE,258811,458487038,2026_04_01,2026-04-18 17:34
ANHYT,241135,88457041,2026_04_01,2026-04-18 17:34
EPLAS,212357,190491857,2026_04_01,2026-04-18 17:34
LYDHO,208147,197140970,2026_04_01,2026-04-18 17:34
KLKIM,203834,138383655,2026_04_01,2026-04-18 17:34
EGGUB,203635,75862197,2026_04_01,2026-04-18 17:34
EYGYO,200655,362859668,2026_04_01,2026-04-18 17:34
RUZYE,200193,267748491,2026_04_01,2026-04-18 17:34
MGROS,198407,96563588,2026_04_01,2026-04-18 17:34
OSTIM,192764,510004637,2026_04_01,2026-04-18 17:34
AKSUE,191286,56376184,2026_04_01,2026-04-18 17:34
SAFKR,190900,140056162,2026_04_01,2026-04-18 17:34
KGYO,190604,767894934,2026_04_01,2026-04-18 17:34
HEDEF,176496,562499930,2026_04_01,2026-04-18 17:34
ALKIM,171299,182767821,2026_04_01,2026-04-18 17:34
IZFAS,169126,156001658,2026_04_01,2026-04-18 17:34
TKFEN,169044,230848007,2026_04_01,2026-04-18 17:34
IHYAY,168282,388124996,2026_04_01,2026-04-18 17:34
BESLR,167293,658098036,2026_04_01,2026-04-18 17:34
AKSGY,166725,1628451947,2026_04_01,2026-04-18 17:34
SUNTK,163898,145280000,2026_04_01,2026-04-18 17:34
NUHCM,149842,33164430,2026_04_01,2026-04-18 17:34
DERHL,148429,197281316,2026_04_01,2026-04-18 17:34
HUNER,146125,670137933,2026_04_01,2026-04-18 17:34
YGGYO,145411,240625951,2026_04_01,2026-04-18 17:34
PASEU,145374,215295868,2026_04_01,2026-04-18 17:34
TATGD,135693,119286243,2026_04_01,2026-04-18 17:34
ENSRI,131723,236333503,2026_04_01,2026-04-18 17:34
BIENY,128050,83144831,2026_04_01,2026-04-18 17:34
TATEN,123345,347799724,2026_04_01,2026-04-18 17:34
LOGO,123282,74328248,2026_04_01,2026-04-18 17:34
PATEK,121292,293081893,2026_04_01,2026-04-18 17:34
TRENJ,118362,98018735,2026_04_01,2026-04-18 17:34
GESAN,109177,141759179,2026_04_01,2026-04-18 17:34
ATATR,100000,280000000,2026_04_01,2026-04-18 17:34
VBTYZ,90222,56205000,2026_04_01,2026-04-18 17:34
IZMDC,88144,723225318,2026_04_01,2026-04-18 17:34
GOODY,84256,132804473,2026_04_01,2026-04-18 17:34
ONCSM,83017,10086000,2026_04_01,2026-04-18 17:34
KNFRT,82200,131747000,2026_04_01,2026-04-18 17:34
PETUN,81937,134673118,2026_04_01,2026-04-18 17:34
KONKA,81756,89670000,2026_04_01,2026-04-18 17:34
CEOEM,79199,22209658,2026_04_01,2026-04-18 17:34
SOKE,78092,126999996,2026_04_01,2026-04-18 17:34
TSGYO,78048,266499982,2026_04_01,2026-04-18 17:34
KZBGY,75541,1959999915,2026_04_01,2026-04-18 17:34
GENTS,75066,749958921,2026_04_01,2026-04-18 17:34
PAGYO,74586,57781202,2026_04_01,2026-04-18 17:34
MTRKS,71910,43633165,2026_04_01,2026-04-18 17:34
RUBNS,70284,42377765,2026_04_01,2026-04-18 17:34
TEZOL,67388,139999972,2026_04_01,2026-04-18 17:34
VERTU,67123,22000000,2026_04_01,2026-04-18 17:34
BAKAB,66044,34985326,2026_04_01,2026-04-18 17:34
KOPOL,65807,266319652,2026_04_01,2026-04-18 17:34
FORTE,63988,27999999,2026_04_01,2026-04-18 17:34
PENTA,63298,181070136,2026_04_01,2026-04-18 17:34
UNLU,63258,102181558,2026_04_01,2026-04-18 17:34
TUREX,59557,432000000,2026_04_01,2026-04-18 17:34
LINK,59278,747511382,2026_04_01,2026-04-18 17:34
GARFA,57993,138399778,2026_04_01,2026-04-18 17:34
KRPLS,57490,78486163,2026_04_01,2026-04-18 17:34
KMPUR,57356,132432524,2026_04_01,2026-04-18 17:34
ARASE,55075,49999991,2026_04_01,2026-04-18 17:34
VAKFA,49950,224999701,2026_04_01,2026-04-18 17:34
ARSAN,49265,887344281,2026_04_01,2026-04-18 17:34
YESIL,48414,640699949,2026_04_01,2026-04-18 17:34
ARDYZ,46902,279551557,2026_04_01,2026-04-18 17:34
TURGG,46785,32042988,2026_04_01,2026-04-18 17:34
BMSTL,43220,74772261,2026_04_01,2026-04-18 17:34
PNSUT,43002,128323851,2026_04_01,2026-04-18 17:34
SAYAS,42545,42530887,2026_04_01,2026-04-18 17:34
KZGYO,40292,49999978,2026_04_01,2026-04-18 17:34
PNLSN,40277,34752383,2026_04_01,2026-04-18 17:34
ZRGYO,40168,1173404997,2026_04_01,2026-04-18 17:34
BINHO,39580,488884380,2026_04_01,2026-04-18 17:34
DNISI,38824,59171727,2026_04_01,2026-04-18 17:34
ICBCT,38555,216761845,2026_04_01,2026-04-18 17:34
KLMSN,38426,30881297,2026_04_01,2026-04-18 17:34
LMKDC,37723,155929999,2026_04_01,2026-04-18 17:34
BYDNR,35441,22999984,2026_04_01,2026-04-18 17:34
SELEC,34878,124262097,2026_04_01,2026-04-18 17:34
SEGYO,34109,203351321,2026_04_01,2026-04-18 17:34
MAKTK,34016,184370066,2026_04_01,2026-04-18 17:34
PRDGS,33967,110850000,2026_04_01,2026-04-18 17:34
VSNMD,33852,24000000,2026_04_01,2026-04-18 17:34
TCKRC,33462,70000000,2026_04_01,2026-04-18 17:34
TGSAS,32988,12348294,2026_04_01,2026-04-18 17:34
PAMEL,29739,21533681,2026_04_01,2026-04-18 17:34
MEDTR,28386,24499999,2026_04_01,2026-04-18 17:34
EDIP,28377,36468204,2026_04_01,2026-04-18 17:34
EKSUN,27728,171792833,2026_04_01,2026-04-18 17:34
SMRVA,27524,28000000,2026_04_01,2026-04-18 17:34
DYOBY,27072,186553687,2026_04_01,2026-04-18 17:34
ONRYT,27015,19730000,2026_04_01,2026-04-18 17:34
BAYRK,26234,189751123,2026_04_01,2026-04-18 17:34
INDES,25524,462749767,2026_04_01,2026-04-18 17:34
BINBN,24086,17000000,2026_04_01,2026-04-18 17:34
TTRAK,24006,24967158,2026_04_01,2026-04-18 17:34
FZLGY,22886,398427644,2026_04_01,2026-04-18 17:34
OZATD,21482,13349988,2026_04_01,2026-04-18 17:34
INVES,21459,37480000,2026_04_01,2026-04-18 17:34
DOKTA,21250,145872862,2026_04_01,2026-04-18 17:34
ARMGD,20089,54996000,2026_04_01,2026-04-18 17:34
LUKSK,19367,27257202,2026_04_01,2026-04-18 17:34
ALCTL,19295,13543218,2026_04_01,2026-04-18 17:34
OFSYM,18772,22749998,2026_04_01,2026-04-18 17:34
GRSEL,18498,29650000,2026_04_01,2026-04-18 17:34
AVGYO,16824,111590302,2026_04_01,2026-04-18 17:34
SUWEN,15214,365687500,2026_04_01,2026-04-18 17:34
OZSUB,15164,44247402,2026_04_01,2026-04-18 17:34
HRKET,14352,24000000,2026_04_01,2026-04-18 17:34
SERNT,12456,113000000,2026_04_01,2026-04-18 17:34
ORGE,11655,41839996,2026_04_01,2026-04-18 17:34
EUREN,11195,1040132637,2026_04_01,2026-04-18 17:34
ARTMS,10704,28399999,2026_04_01,2026-04-18 17:34
SMART,10618,29737499,2026_04_01,2026-04-18 17:34
PINSU,10573,101635846,2026_04_01,2026-04-18 17:34
BEYAZ,10308,42317352,2026_04_01,2026-04-18 17:34
ULUSE,10236,24000000,2026_04_01,2026-04-18 17:34
BORLS,10096,308652686,2026_04_01,2026-04-18 17:34
KATMR,10020,1980989998,2026_04_01,2026-04-18 17:34
GZNMI,9458,40949825,2026_04_01,2026-04-18 17:34
CELHA,9165,146124225,2026_04_01,2026-04-18 17:34
INVEO,9106,998999954,2026_04_01,2026-04-18 17:34
REEDR,8679,632419525,2026_04_01,2026-04-18 17:34
PAPIL,7100,206247674,2026_04_01,2026-04-18 17:34
ASUZU,6962,41130807,2026_04_01,2026-04-18 17:34
TMSN,6942,44449999,2026_04_01,2026-04-18 17:34
IEYHO,6834,541033797,2026_04_01,2026-04-18 17:34
SURGY,6807,44999990,2026_04_01,2026-04-18 17:34
ATAKP,6482,28224000,2026_04_01,2026-04-18 17:34
CUSAN,5933,18500000,2026_04_01,2026-04-18 17:34
KOTON,4794,136599922,2026_04_01,2026-04-18 17:34
INGRM,4589,14969536,2026_04_01,2026-04-18 17:34
HATEK,4505,62998947,2026_04_01,2026-04-18 17:34
ARENA,4474,66996461,2026_04_01,2026-04-18 17:34
NIBAS,4195,267767946,2026_04_01,2026-04-18 17:34
EKOS,4104,307199852,2026_04_01,2026-04-18 17:34
VERUS,3817,34499937,2026_04_01,2026-04-18 17:34
TBORG,3579,59392160,2026_04_01,2026-04-18 17:34
PARSN,3446,34033246,2026_04_01,2026-04-18 17:34
YIGIT,3355,74999974,2026_04_01,2026-04-18 17:34
AVHOL,3213,26047279,2026_04_01,2026-04-18 17:34
ALFAS,2902,84639559,2026_04_01,2026-04-18 17:34
DEVA,2254,199971824,2026_04_01,2026-04-18 17:34
KAPLM,2066,4571305,2026_04_01,2026-04-18 17:34
PKART,1973,11048497,2026_04_01,2026-04-18 17:34
ISGSY,1796,47378729,2026_04_01,2026-04-18 17:34
ACSEL,1637,8589113,2026_04_01,2026-04-18 17:34
FMIZP,1412,3497641,2026_04_01,2026-04-18 17:34
RAYSG,1331,51947024,2026_04_01,2026-04-18 17:34
HKTM,1306,72747495,2026_04_01,2026-04-18 17:34
ALCAR,1215,1721735,2026_04_01,2026-04-18 17:34
BRISA,1207,31247472,2026_04_01,2026-04-18 17:34
CRFSA,681,18312793,2026_04_01,2026-04-18 17:34
GOLTS,658,12422783,2026_04_01,2026-04-18 17:34
HATSN,533,44299964,2026_04_01,2026-04-18 17:34
CLEBI,370,5490178,2026_04_01,2026-04-18 17:34
MRSHL,356,4212888,2026_04_01,2026-04-18 17:34
BRSAN,344,35912460,2026_04_01,2026-04-18 17:34
KTSKR,335,14691795,2026_04_01,2026-04-18 17:34
OYYAT,298,91048322,2026_04_01,2026-04-18 17:34
BFREN,253,24586148,2026_04_01,2026-04-18 17:34
CMBTN,78,1023000,2026_04_01,2026-04-18 17:34
FRMPL,64,39997767,2026_04_01,2026-04-18 17:34
OBASE,22,14924000,2026_04_01,2026-04-18 17:34
EGEEN,21,1137161,2026_04_01,2026-04-18 17:34
CRDFA,0,224990570,2026_04_01,2026-04-18 17:34
ASYAB,0,477899601,2026_04_01,2026-04-18 17:34
SKYLP,0,7159255,2026_04_01,2026-04-18 17:34
KENT,0,1786507,2026_04_01,2026-04-18 17:34
MZHLD,0,72215314,2026_04_01,2026-04-18 17:34
KERVN,0,588346973,2026_04_01,2026-04-18 17:34
DOGUB,0,19821566,2026_04_01,2026-04-18 17:34
SNPAM,0,19679871,2026_04_01,2026-04-18 17:34
EUHOL,0,142999954,2026_04_01,2026-04-18 17:34
SONME,0,4349319,2026_04_01,2026-04-18 17:34
ANGEN,0,86440002,2026_04_01,2026-04-18 17:34
KLNMA,0,91846864,2026_04_01,2026-04-18 17:34
CMENT,0,56829666,2026_04_01,2026-04-18 17:34
AKMGY,0,21568998,2026_04_01,2026-04-18 17:34
ATEKS,0,5441598,2026_04_01,2026-04-18 17:34
ORCAY,0,151124962,2026_04_01,2026-04-18 17:34
FENIS,0,26080019,2026_04_01,2026-04-18 17:34
FLAP,0,93599985,2026_04_01,2026-04-18 17:34
KRATL,0,17800000,2026_04_01,2026-04-18 17:34
OYAYO,0,19999941,2026_04_01,2026-04-18 17:34
TDGYO,0,61998213,2026_04_01,2026-04-18 17:34
OYLUM,0,80937367,2026_04_01,2026-04-18 17:34
HURGZ,0,220784167,2026_04_01,2026-04-18 17:34
ATPET,0,11403497,2026_04_01,2026-04-18 17:34
EGCYO,0,21986285,2026_04_01,2026-04-18 17:34
OZRDN,0,57107579,2026_04_01,2026-04-18 17:34
KSTUR,0,3952560,2026_04_01,2026-04-18 17:34
BURVA,0,4723271,2026_04_01,2026-04-18 17:34
TRHOL,0,17583212,2026_04_01,2026-04-18 17:34
IHEVA,0,291631239,2026_04_01,2026-04-18 17:34
AKYHO,0,223895870,2026_04_01,2026-04-18 17:34
AKPAZ,0,22488832,2026_04_01,2026-04-18 17:34
ARAT,0,39867975,2026_04_01,2026-04-18 17:34
ARTOG,0,18578922,2026_04_01,2026-04-18 17:34
LIOYS,0,31625013,2026_04_01,2026-04-18 17:34
GEREL,0,219036379,2026_04_01,2026-04-18 17:34
ENPRA,0,374258700,2026_04_01,2026-04-18 17:34
ULAS,0,25200172,2026_04_01,2026-04-18 17:34
GLBMD,0,28880500,2026_04_01,2026-04-18 17:34
ISBIR,0,14545542,2026_04_01,2026-04-18 17:34
GLDTRF,0,47850000,2026_04_01,2026-04-18 17:34
UNTAR,0,29562129,2026_04_01,2026-04-18 17:34
UZEL,0,26329793,2026_04_01,2026-04-18 17:34
MANAS,0,306992000,2026_04_01,2026-04-18 17:34
MANGO,0,37831688,2026_04_01,2026-04-18 17:34
PRZMA,0,61941150,2026_04_01,2026-04-18 17:34
PSDTC,0,6599991,2026_04_01,2026-04-18 17:34
QNBFK,0,1051958137,2026_04_01,2026-04-18 17:34
QNBTR,0,2571745911,2026_04_01,2026-04-18 17:34
DGGYO,0,280709437,2026_04_01,2026-04-18 17:34
MEGAP,0,234498757,2026_04_01,2026-04-18 17:34
YAPRK,0,88514958,2026_04_01,2026-04-18 17:34
ISYAT,0,152245569,2026_04_01,2026-04-18 17:34
MEKAG,0,320319999,2026_04_01,2026-04-18 17:34
YGYO,0,1310632851,2026_04_01,2026-04-18 17:34
RNPOL,0,335900000,2026_04_01,2026-04-18 17:34
MEMSA,0,160110709,2026_04_01,2026-04-18 17:34
MENBA,0,3496852,2026_04_01,2026-04-18 17:34
YYAPI,0,1705025550,2026_04_01,2026-04-18 17:34
MEPET,0,73940585,2026_04_01,2026-04-18 17:34
ARBUL,0,15459297,2026_04_01,2026-04-18 17:34
ZERGY,0,156799985,2026_04_01,2026-04-18 17:34
GOLDS,0,192323946,2026_04_01,2026-04-18 17:34
SANEL,0,18112451,2026_04_01,2026-04-18 17:34
AGYO,0,129036460,2026_04_01,2026-04-18 17:34
SEKUR,0,131457835,2026_04_01,2026-04-18 17:34
ERSU,0,31755894,2026_04_01,2026-04-18 17:34
GRNYO,0,37386059,2026_04_01,2026-04-18 17:34
SEYKM,0,151040901,2026_04_01,2026-04-18 17:34
SILVR,0,212818206,2026_04_01,2026-04-18 17:34
LYDYE,-25,1391287,2026_04_01,2026-04-18 17:34
BVSAN,-364,13749998,2026_04_01,2026-04-18 17:34
TARKM,-384,4999997,2026_04_01,2026-04-18 17:34
KARSN,-496,827827039,2026_04_01,2026-04-18 17:34
UFUK,-500,46845974,2026_04_01,2026-04-18 17:34
POLTK,-894,1125000,2026_04_01,2026-04-18 17:34
KONYA,-1036,1646416,2026_04_01,2026-04-18 17:34
MAALT,-1939,4763850,2026_04_01,2026-04-18 17:34
AVPGY,-2226,99999990,2026_04_01,2026-04-18 17:34
BRYAT,-2276,10264685,2026_04_01,2026-04-18 17:34
TLMAN,-2494,10300000,2026_04_01,2026-04-18 17:34
ALKA,-2581,330750000,2026_04_01,2026-04-18 17:34
MOPAS,-2978,57330000,2026_04_01,2026-04-18 17:34
TMPOL,-3285,11039990,2026_04_01,2026-04-18 17:34
ECILC,-3814,210589603,2026_04_01,2026-04-18 17:34
DOFER,-4051,20172500,2026_04_01,2026-04-18 17:34
DESA,-4421,171107590,2026_04_01,2026-04-18 17:34
AKCNS,-4595,39359284,2026_04_01,2026-04-18 17:34
EBEBK,-5008,40534692,2026_04_01,2026-04-18 17:34
EDATA,-5163,160065395,2026_04_01,2026-04-18 17:34
ERBOS,-5168,15899843,2026_04_01,2026-04-18 17:34
NETAS,-5780,31783484,2026_04_01,2026-04-18 17:34
BANVT,-6094,36961044,2026_04_01,2026-04-18 17:34
OZYSR,-6581,40488000,2026_04_01,2026-04-18 17:34
BLCYT,-7485,49088907,2026_04_01,2026-04-18 17:34
PKENT,-7712,23766169,2026_04_01,2026-04-18 17:34
GOZDE,-8870,384991447,2026_04_01,2026-04-18 17:34
MERKO,-9400,101104700,2026_04_01,2026-04-18 17:34
BASGZ,-11611,174999999,2026_04_01,2026-04-18 17:34
BLUME,-12195,174710134,2026_04_01,2026-04-18 17:34
KLSER,-12237,109457654,2026_04_01,2026-04-18 17:34
KCAER,-12267,496494775,2026_04_01,2026-04-18 17:34
OBAMS,-12379,751078524,2026_04_01,2026-04-18 17:34
DESPC,-12706,16023700,2026_04_01,2026-04-18 17:34
BAGFS,-12822,100042745,2026_04_01,2026-04-18 17:34
BRLSM,-12877,108025075,2026_04_01,2026-04-18 17:34
INTEM,-13151,9428747,2026_04_01,2026-04-18 17:34
AKSEN,-13166,638545796,2026_04_01,2026-04-18 17:34
SNGYO,-13475,3607173097,2026_04_01,2026-04-18 17:34
MCARD,-14494,18900000,2026_04_01,2026-04-18 17:34
SDTTR,-15926,15990000,2026_04_01,2026-04-18 17:34
GLCVY,-16388,26400000,2026_04_01,2026-04-18 17:34
LKMNH,-17035,163262533,2026_04_01,2026-04-18 17:34
PRKAB,-17059,35225443,2026_04_01,2026-04-18 17:34
DERIM,-17146,40403770,2026_04_01,2026-04-18 17:34
GRTHO,-17466,36745000,2026_04_01,2026-04-18 17:34
SANKO,-18689,37499197,2026_04_01,2026-04-18 17:34
DUNYH,-19337,36443197,2026_04_01,2026-04-18 17:34
HTTBT,-19368,82805422,2026_04_01,2026-04-18 17:34
BRKVY,-19512,13618361,2026_04_01,2026-04-18 17:34
YATAS,-19745,94866488,2026_04_01,2026-04-18 17:34
VKING,-19984,30932905,2026_04_01,2026-04-18 17:34
BARMA,-20242,78130939,2026_04_01,2026-04-18 17:34
TKNSA,-20663,100485379,2026_04_01,2026-04-18 17:34
VAKKO,-21184,30788486,2026_04_01,2026-04-18 17:34
CATES,-21606,33050000,2026_04_01,2026-04-18 17:34
ALBRK,-22099,1050739765,2026_04_01,2026-04-18 17:34
IHAAS,-23544,56031248,2026_04_01,2026-04-18 17:34
KBORU,-24555,143999994,2026_04_01,2026-04-18 17:34
BAHKM,-26278,23289000,2026_04_01,2026-04-18 17:34
BIZIM,-27328,27601626,2026_04_01,2026-04-18 17:34
ADGYO,-27541,379654333,2026_04_01,2026-04-18 17:34
KRDMB,-28802,118762110,2026_04_01,2026-04-18 17:34
PLTUR,-29378,49500000,2026_04_01,2026-04-18 17:34
ISSEN,-29389,107417374,2026_04_01,2026-04-18 17:34
BALSU,-29885,278000000,2026_04_01,2026-04-18 17:34
KORDS,-30452,65421451,2026_04_01,2026-04-18 17:34
MAKIM,-34347,42559998,2026_04_01,2026-04-18 17:34
OSMEN,-34352,159162130,2026_04_01,2026-04-18 17:34
AKENR,-34655,385189246,2026_04_01,2026-04-18 17:34
ELITE,-34832,44650000,2026_04_01,2026-04-18 17:34
ERCB,-35099,39113273,2026_04_01,2026-04-18 17:34
PRKME,-35298,53038641,2026_04_01,2026-04-18 17:34
BIOEN,-35482,197983418,2026_04_01,2026-04-18 17:34
VAKBN,-37289,8046896130,2026_04_01,2026-04-18 17:34
AZTEK,-37497,279000000,2026_04_01,2026-04-18 17:34
BNTAS,-38185,170624998,2026_04_01,2026-04-18 17:34
YUNSA,-39888,202164056,2026_04_01,2026-04-18 17:34
ALARK,-40680,165125148,2026_04_01,2026-04-18 17:34
KUTPO,-42806,10524430,2026_04_01,2026-04-18 17:34
TRILC,-43827,118499496,2026_04_01,2026-04-18 17:34
MSGYO,-44104,169650150,2026_04_01,2026-04-18 17:34
LIDER,-44819,279500000,2026_04_01,2026-04-18 17:34
AYEN,-47297,55531320,2026_04_01,2026-04-18 17:34
BEGYO,-52123,290000000,2026_04_01,2026-04-18 17:34
EGPRO,-54501,175170570,2026_04_01,2026-04-18 17:34
BMSCH,-55435,69277402,2026_04_01,2026-04-18 17:34
DGATE,-58589,15227271,2026_04_01,2026-04-18 17:34
KAYSE,-59717,828951998,2026_04_01,2026-04-18 17:34
TABGD,-68308,52499906,2026_04_01,2026-04-18 17:34
MERCN,-68598,74389005,2026_04_01,2026-04-18 17:34
DMSAS,-69106,199994510,2026_04_01,2026-04-18 17:34
ULUUN,-72326,290523353,2026_04_01,2026-04-18 17:34
DZGYO,-73449,399777846,2026_04_01,2026-04-18 17:34
ASGYO,-74693,165000000,2026_04_01,2026-04-18 17:34
ISGYO,-76164,531312439,2026_04_01,2026-04-18 17:34
AKFIS,-76575,66841328,2026_04_01,2026-04-18 17:34
SVGYO,-79602,295400000,2026_04_01,2026-04-18 17:34
DSTKF,-79694,84533333,2026_04_01,2026-04-18 17:34
ENDAE,-85283,123901910,2026_04_01,2026-04-18 17:34
OTKAR,-87537,33417145,2026_04_01,2026-04-18 17:34
ODINE,-87838,52810834,2026_04_01,2026-04-18 17:34
GIPTA,-87995,51617863,2026_04_01,2026-04-18 17:34
FONET,-93204,577082984,2026_04_01,2026-04-18 17:34
DOFRB,-95574,45000000,2026_04_01,2026-04-18 17:34
ECZYT,-95904,45880511,2026_04_01,2026-04-18 17:34
GEDZA,-98720,42983624,2026_04_01,2026-04-18 17:34
GEDIK,-100837,983076857,2026_04_01,2026-04-18 17:34
POLHO,-104901,164140074,2026_04_01,2026-04-18 17:34
DURDO,-105852,379703149,2026_04_01,2026-04-18 17:34
VESBE,-110128,503578676,2026_04_01,2026-04-18 17:34
HALKB,-113946,6546422780,2026_04_01,2026-04-18 17:34
KLYPV,-118907,46334639,2026_04_01,2026-04-18 17:34
KOCMT,-123666,587485478,2026_04_01,2026-04-18 17:34
BIGCH,-126930,368932945,2026_04_01,2026-04-18 17:34
AHSGY,-128695,184999889,2026_04_01,2026-04-18 17:34
BERA,-133538,492027250,2026_04_01,2026-04-18 17:34
NUGYO,-135465,324943976,2026_04_01,2026-04-18 17:34
ISDMR,-135578,147631816,2026_04_01,2026-04-18 17:34
YEOTK,-142298,160933198,2026_04_01,2026-04-18 17:34
FRIGO,-142598,263258455,2026_04_01,2026-04-18 17:34
DURKN,-145902,42500000,2026_04_01,2026-04-18 17:34
DENGE,-148769,525284797,2026_04_01,2026-04-18 17:34
SEGMN,-149321,80999980,2026_04_01,2026-04-18 17:34
KRONT,-153503,116892885,2026_04_01,2026-04-18 17:34
CEMAS,-166027,790994229,2026_04_01,2026-04-18 17:34
ALKLC,-166408,45283467,2026_04_01,2026-04-18 17:34
YAYLA,-175720,39874966,2026_04_01,2026-04-18 17:34
MNDTR,-176827,910071938,2026_04_01,2026-04-18 17:34
AYDEM,-184388,130000000,2026_04_01,2026-04-18 17:34
KARTN,-185179,72781126,2026_04_01,2026-04-18 17:34
ALVES,-185668,1159999780,2026_04_01,2026-04-18 17:34
PCILT,-197472,45014182,2026_04_01,2026-04-18 17:34
DOAS,-202422,97899975,2026_04_01,2026-04-18 17:34
AGESA,-203768,35829553,2026_04_01,2026-04-18 17:34
ISFIN,-206074,310154523,2026_04_01,2026-04-18 17:34
TNZTP,-213298,87499950,2026_04_01,2026-04-18 17:34
GSDDE,-218176,106850751,2026_04_01,2026-04-18 17:34
CVKMD,-231152,461999787,2026_04_01,2026-04-18 17:34
KIMMR,-232676,75000000,2026_04_01,2026-04-18 17:34
EMKEL,-237142,149999458,2026_04_01,2026-04-18 17:34
MHRGY,-248290,310499991,2026_04_01,2026-04-18 17:34
BOBET,-248580,113999998,2026_04_01,2026-04-18 17:34
GUBRF,-253738,85403679,2026_04_01,2026-04-18 17:34
CEMZY,-254997,124119970,2026_04_01,2026-04-18 17:34
FADE,-259874,42347497,2026_04_01,2026-04-18 17:34
KRSTL,-260802,183664642,2026_04_01,2026-04-18 17:34
KFEIN,-274988,150306170,2026_04_01,2026-04-18 17:34
AKGRT,-276567,629007625,2026_04_01,2026-04-18 17:34
TERA,-279307,240888789,2026_04_01,2026-04-18 17:34
MACKO,-288716,41500000,2026_04_01,2026-04-18 17:34
MERIT,-299483,329748900,2026_04_01,2026-04-18 17:34
JANTS,-301624,207607465,2026_04_01,2026-04-18 17:34
GUNDG,-302180,18968983,2026_04_01,2026-04-18 17:34
DITAS,-305767,83407810,2026_04_01,2026-04-18 17:34
GWIND,-309096,179165491,2026_04_01,2026-04-18 17:34
TRCAS,-309740,206252869,2026_04_01,2026-04-18 17:34
IHLGM,-309828,986078000,2026_04_01,2026-04-18 17:34
GLRYH,-354259,599623814,2026_04_01,2026-04-18 17:34
AVOD,-364822,253604577,2026_04_01,2026-04-18 17:34
BTCIM,-373436,4220286921,2026_04_01,2026-04-18 17:34
METRO,-376573,539989959,2026_04_01,2026-04-18 17:34
EGEPO,-405542,200000000,2026_04_01,2026-04-18 17:34
ATATP,-421674,18809999,2026_04_01,2026-04-18 17:34
AFYON,-429170,399992258,2026_04_01,2026-04-18 17:34
GOKNR,-432924,178040711,2026_04_01,2026-04-18 17:34
TOASO,-442520,120585077,2026_04_01,2026-04-18 17:34
KUYAS,-459414,398957788,2026_04_01,2026-04-18 17:34
MPARK,-482158,80869110,2026_04_01,2026-04-18 17:34
HDFGS,-486260,956974191,2026_04_01,2026-04-18 17:34
OZKGY,-493099,363999945,2026_04_01,2026-04-18 17:34
BIGEN,-507336,115500000,2026_04_01,2026-04-18 17:34
ASTOR,-509194,366896223,2026_04_01,2026-04-18 17:34
SANFM,-513472,225029995,2026_04_01,2026-04-18 17:34
AKSA,-544886,1503650642,2026_04_01,2026-04-18 17:34
KLGYO,-582712,689399869,2026_04_01,2026-04-18 17:34
ENJSA,-597906,236209270,2026_04_01,2026-04-18 17:34
MOBTL,-617253,207999999,2026_04_01,2026-04-18 17:34
KRVGD,-634626,596159766,2026_04_01,2026-04-18 17:34
KLRHO,-636058,341250000,2026_04_01,2026-04-18 17:34
HLGYO,-641882,1075198517,2026_04_01,2026-04-18 17:34
ZOREN,-700996,2681244194,2026_04_01,2026-04-18 17:34
MAVI,-758985,576779312,2026_04_01,2026-04-18 17:34
TSKB,-771887,1516591673,2026_04_01,2026-04-18 17:34
PENGD,-778944,171069968,2026_04_01,2026-04-18 17:34
KLSYN,-787844,107854952,2026_04_01,2026-04-18 17:34
PGSUS,-993365,295068869,2026_04_01,2026-04-18 17:34
VRGYO,-1035150,597693904,2026_04_01,2026-04-18 17:34
ODAS,-1097656,1113798031,2026_04_01,2026-04-18 17:34
NTHOL,-1115409,485479112,2026_04_01,2026-04-18 17:34
LXGYO,-1145224,120000000,2026_04_01,2026-04-18 17:34
EGEGY,-1149694,69140000,2026_04_01,2026-04-18 17:34
RYGYO,-1187670,770588057,2026_04_01,2026-04-18 17:34
GSDHO,-1215089,999994969,2026_04_01,2026-04-18 17:34
INFO,-1266379,767463333,2026_04_01,2026-04-18 17:34
DARDL,-1274845,1753442695,2026_04_01,2026-04-18 17:34
KONTR,-1282748,936038761,2026_04_01,2026-04-18 17:34
FROTO,-1293983,625119847,2026_04_01,2026-04-18 17:34
ISKPL,-1312847,724625736,2026_04_01,2026-04-18 17:34
IMASM,-1359403,650600499,2026_04_01,2026-04-18 17:34
AKBNK,-1500248,3059320211,2026_04_01,2026-04-18 17:34
THYAO,-1503751,739463453,2026_04_01,2026-04-18 17:34
BIGTK,-1786171,23834373,2026_04_01,2026-04-18 17:34
QUAGR,-1836002,1773200000,2026_04_01,2026-04-18 17:34
USAK,-1880229,2436064709,2026_04_01,2026-04-18 17:34
SKBNK,-1890454,2498877855,2026_04_01,2026-04-18 17:34
TRMET,-2021296,174483588,2026_04_01,2026-04-18 17:34
TURSG,-2196969,7907296076,2026_04_01,2026-04-18 17:34
SARKY,-2243135,999999671,2026_04_01,2026-04-18 17:34
GLYHO,-2331754,1949290631,2026_04_01,2026-04-18 17:34
ISMEN,-2426856,467723147,2026_04_01,2026-04-18 17:34
ESCAR,-2633608,101933690,2026_04_01,2026-04-18 17:34
AGHOL,-2692994,1069828243,2026_04_01,2026-04-18 17:34
KTLEV,-2867281,1288500000,2026_04_01,2026-04-18 17:34
ADESE,-2975505,4687131701,2026_04_01,2026-04-18 17:34
ASELS,-3374424,1178601424,2026_04_01,2026-04-18 17:34
KRDMA,-3472492,240300917,2026_04_01,2026-04-18 17:34
IZENR,-3558354,914537597,2026_04_01,2026-04-18 17:34
AKFGY,-3590181,3457819313,2026_04_01,2026-04-18 17:34
BJKAS,-3937543,1776089716,2026_04_01,2026-04-18 17:34
SAHOL,-4007552,1149847384,2026_04_01,2026-04-18 17:34
DCTTR,-4083442,157328724,2026_04_01,2026-04-18 17:34
SISE,-4588992,1814905641,2026_04_01,2026-04-18 17:34
ENERY,-4770366,2420687469,2026_04_01,2026-04-18 17:34
AEFES,-5073618,2028860053,2026_04_01,2026-04-18 17:34
LRSHO,-5146458,724120946,2026_04_01,2026-04-18 17:34
ALGYO,-5169645,989338262,2026_04_01,2026-04-18 17:34
SOKM,-5451610,448708248,2026_04_01,2026-04-18 17:34
EFOR,-5790169,670679994,2026_04_01,2026-04-18 17:34
MARTI,-5817684,1475768116,2026_04_01,2026-04-18 17:34
TRGYO,-6061633,251573369,2026_04_01,2026-04-18 17:34
MARMR,-6131096,961218727,2026_04_01,2026-04-18 17:34
DAPGM,-6204025,944959850,2026_04_01,2026-04-18 17:34
GARAN,-7632846,2454957797,2026_04_01,2026-04-18 17:34
EKGYO,-8610501,1925107366,2026_04_01,2026-04-18 17:34
TRALT,-12007637,952269019,2026_04_01,2026-04-18 17:34
EREGL,-13950162,3554243274,2026_04_01,2026-04-18 17:34
MRGYO,-15729838,2277966226,2026_04_01,2026-04-18 17:34
TUKAS,-19342699,4499995929,2026_04_01,2026-04-18 17:34
ESCOM,-27391602,465831670,2026_04_01,2026-04-18 17:34
PSGYO,-34570971,2954231556,2026_04_01,2026-04-18 17:34
PEKGY,-34960534,4685173406,2026_04_01,2026-04-18 17:34
SASA,-63371889,25700434927,2026_04_01,2026-04-18 17:34
ISCTR,66511569,8880396856,2026_04_02,2026-04-18 17:35
ASELS,23840955,1178601424,2026_04_02,2026-04-18 17:35
SISE,12738075,1814905641,2026_04_02,2026-04-18 17:35
BJKAS,12161902,1776089716,2026_04_02,2026-04-18 17:35
GSRAY,11761527,10123744690,2026_04_02,2026-04-18 17:35
YKBNK,9669467,4705620952,2026_04_02,2026-04-18 17:35
DMRGD,8608803,1277294592,2026_04_02,2026-04-18 17:35
PETKM,7408093,1241729843,2026_04_02,2026-04-18 17:35
OYAKC,7378619,4656879379,2026_04_02,2026-04-18 17:35
AKBNK,7347092,3059320211,2026_04_02,2026-04-18 17:35
MARMR,7183703,961218727,2026_04_02,2026-04-18 17:35
AAGYO,6500000,176000000,2026_04_02,2026-04-18 17:35
FENER,6279013,2772321468,2026_04_02,2026-04-18 17:35
ADESE,5900522,4687131701,2026_04_02,2026-04-18 17:35
HEKTS,5778491,3946424637,2026_04_02,2026-04-18 17:35
ZOREN,4773671,2681244194,2026_04_02,2026-04-18 17:35
ASTOR,4046018,366896223,2026_04_02,2026-04-18 17:35
EKGYO,3901759,1925107366,2026_04_02,2026-04-18 17:35
CIMSA,3523732,488602363,2026_04_02,2026-04-18 17:35
HLGYO,3321379,1075198517,2026_04_02,2026-04-18 17:35
MAVI,3317122,576779312,2026_04_02,2026-04-18 17:35
ICUGS,3184529,336250000,2026_04_02,2026-04-18 17:35
MIATK,3183415,313087979,2026_04_02,2026-04-18 17:35
KONTR,3060342,936038761,2026_04_02,2026-04-18 17:35
TTKOM,2573786,524999999,2026_04_02,2026-04-18 17:35
KATMR,2497270,1980989998,2026_04_02,2026-04-18 17:35
FROTO,2416588,625119847,2026_04_02,2026-04-18 17:35
SAHOL,2238426,1149847384,2026_04_02,2026-04-18 17:35
DENGE,2217077,525284797,2026_04_02,2026-04-18 17:35
VAKBN,2116212,8046896130,2026_04_02,2026-04-18 17:35
ESEN,2092980,682499950,2026_04_02,2026-04-18 17:35
KRDMD,1983343,780216365,2026_04_02,2026-04-18 17:35
BLCYT,1960474,49088907,2026_04_02,2026-04-18 17:35
KCHOL,1736816,674053695,2026_04_02,2026-04-18 17:35
SMRTG,1643087,664164672,2026_04_02,2026-04-18 17:35
GLRMK,1631239,58116000,2026_04_02,2026-04-18 17:35
TKFEN,1569550,230848007,2026_04_02,2026-04-18 17:35
KRVGD,1539195,596159766,2026_04_02,2026-04-18 17:35
LRSHO,1502988,724120946,2026_04_02,2026-04-18 17:35
DAPGM,1453081,944959850,2026_04_02,2026-04-18 17:35
TCELL,1440629,1622604373,2026_04_02,2026-04-18 17:35
GSDHO,1334755,999994969,2026_04_02,2026-04-18 17:35
ESCOM,1320985,465831670,2026_04_02,2026-04-18 17:35
GARAN,1298009,2454957797,2026_04_02,2026-04-18 17:35
BIMAS,1220660,436214016,2026_04_02,2026-04-18 17:35
ALVES,1213068,1159999780,2026_04_02,2026-04-18 17:35
AKGRT,1197756,629007625,2026_04_02,2026-04-18 17:35
GMTAS,1178882,298687813,2026_04_02,2026-04-18 17:35
BORLS,1138818,308652686,2026_04_02,2026-04-18 17:35
RYGYO,1115497,770588057,2026_04_02,2026-04-18 17:35
RYSAS,1089881,1504020937,2026_04_02,2026-04-18 17:35
AKSA,1057868,1503650642,2026_04_02,2026-04-18 17:35
EUPWR,1034218,199610525,2026_04_02,2026-04-18 17:35
ANSGR,1031833,1564416026,2026_04_02,2026-04-18 17:35
LILAK,1018594,260252705,2026_04_02,2026-04-18 17:35
SEGMN,1014064,80999980,2026_04_02,2026-04-18 17:35
GESAN,951788,141759179,2026_04_02,2026-04-18 17:35
PGSUS,942382,295068869,2026_04_02,2026-04-18 17:35
MGROS,915165,96563588,2026_04_02,2026-04-18 17:35
AYGAZ,914960,98568807,2026_04_02,2026-04-18 17:35
TAVHL,906429,213213415,2026_04_02,2026-04-18 17:35
PNSUT,880145,128323851,2026_04_02,2026-04-18 17:35
IHGZT,865964,570666228,2026_04_02,2026-04-18 17:35
OZGYO,846263,490916869,2026_04_02,2026-04-18 17:35
BIGCH,811189,368932945,2026_04_02,2026-04-18 17:35
OSTIM,803502,510004637,2026_04_02,2026-04-18 17:35
ULUFA,797743,305269391,2026_04_02,2026-04-18 17:35
ESCAR,786146,101933690,2026_04_02,2026-04-18 17:35
CCOLA,762093,821509647,2026_04_02,2026-04-18 17:35
SRVGY,736724,812499687,2026_04_02,2026-04-18 17:35
HALKB,710556,6546422780,2026_04_02,2026-04-18 17:35
ANELE,695308,151405542,2026_04_02,2026-04-18 17:35
CEMZY,686280,124119970,2026_04_02,2026-04-18 17:35
KAYSE,648631,828951998,2026_04_02,2026-04-18 17:35
BSOKE,628118,458487038,2026_04_02,2026-04-18 17:35
EREGL,600279,3554243274,2026_04_02,2026-04-18 17:35
OZKGY,583273,363999945,2026_04_02,2026-04-18 17:35
GWIND,580652,179165491,2026_04_02,2026-04-18 17:35
DOAS,569447,97899975,2026_04_02,2026-04-18 17:35
TOASO,560473,120585077,2026_04_02,2026-04-18 17:35
ENTRA,529000,369383564,2026_04_02,2026-04-18 17:35
BIOEN,528215,197983418,2026_04_02,2026-04-18 17:35
KRGYO,512158,275246747,2026_04_02,2026-04-18 17:35
RGYAS,512045,105523000,2026_04_02,2026-04-18 17:35
TUKAS,510527,4499995929,2026_04_02,2026-04-18 17:35
YEOTK,497217,160933198,2026_04_02,2026-04-18 17:35
DURDO,491687,379703149,2026_04_02,2026-04-18 17:35
LIDER,466849,279500000,2026_04_02,2026-04-18 17:35
TURSG,461924,7907296076,2026_04_02,2026-04-18 17:35
ULKER,414659,338855989,2026_04_02,2026-04-18 17:35
KTSKR,411817,14691795,2026_04_02,2026-04-18 17:35
ENKAI,403680,874733059,2026_04_02,2026-04-18 17:35
GEDIK,401843,983076857,2026_04_02,2026-04-18 17:35
HATEK,400040,62998947,2026_04_02,2026-04-18 17:35
LYDHO,398002,197140970,2026_04_02,2026-04-18 17:35
INFO,388820,767463333,2026_04_02,2026-04-18 17:35
ARMGD,387089,54996000,2026_04_02,2026-04-18 17:35
SNICA,380716,321688855,2026_04_02,2026-04-18 17:35
ODAS,380152,1113798031,2026_04_02,2026-04-18 17:35
AZTEK,373549,279000000,2026_04_02,2026-04-18 17:35
ARDYZ,349038,279551557,2026_04_02,2026-04-18 17:35
GSDDE,326595,106850751,2026_04_02,2026-04-18 17:35
MAGEN,316820,719512140,2026_04_02,2026-04-18 17:35
SMRVA,306356,28000000,2026_04_02,2026-04-18 17:35
KUYAS,301013,398957788,2026_04_02,2026-04-18 17:35
BERA,287072,492027250,2026_04_02,2026-04-18 17:35
QUAGR,283376,1773200000,2026_04_02,2026-04-18 17:35
ONCSM,281312,10086000,2026_04_02,2026-04-18 17:35
AKSEN,274468,638545796,2026_04_02,2026-04-18 17:35
MARTI,259808,1475768116,2026_04_02,2026-04-18 17:35
TNZTP,258670,87499950,2026_04_02,2026-04-18 17:35
ECILC,241298,210589603,2026_04_02,2026-04-18 17:35
AKFYE,225081,551782160,2026_04_02,2026-04-18 17:35
UFUK,224988,46845974,2026_04_02,2026-04-18 17:35
EUREN,222924,1040132637,2026_04_02,2026-04-18 17:35
KBORU,221935,143999994,2026_04_02,2026-04-18 17:35
EKSUN,214581,171792833,2026_04_02,2026-04-18 17:35
KFEIN,212655,150306170,2026_04_02,2026-04-18 17:35
EBEBK,212314,40534692,2026_04_02,2026-04-18 17:35
IZMDC,203570,723225318,2026_04_02,2026-04-18 17:35
IZFAS,202207,156001658,2026_04_02,2026-04-18 17:35
KRDMB,196441,118762110,2026_04_02,2026-04-18 17:35
OSMEN,191031,159162130,2026_04_02,2026-04-18 17:35
ARASE,190541,49999991,2026_04_02,2026-04-18 17:35
MEKAG,190515,320319999,2026_04_02,2026-04-18 17:35
ARCLK,188736,170054765,2026_04_02,2026-04-18 17:35
TUREX,187738,432000000,2026_04_02,2026-04-18 17:35
KAREL,186477,329659497,2026_04_02,2026-04-18 17:35
SEGYO,179027,203351321,2026_04_02,2026-04-18 17:35
TATGD,169482,119286243,2026_04_02,2026-04-18 17:35
NATEN,163793,309374995,2026_04_02,2026-04-18 17:35
FADE,156846,42347497,2026_04_02,2026-04-18 17:35
ECOGR,156406,110000000,2026_04_02,2026-04-18 17:35
RALYH,153144,176370972,2026_04_02,2026-04-18 17:35
AVGYO,152327,111590302,2026_04_02,2026-04-18 17:35
BULGS,151346,72500000,2026_04_02,2026-04-18 17:35
DSTKF,150202,84533333,2026_04_02,2026-04-18 17:35
YGGYO,145309,240625951,2026_04_02,2026-04-18 17:35
SUWEN,140402,365687500,2026_04_02,2026-04-18 17:35
ENSRI,140344,236333503,2026_04_02,2026-04-18 17:35
ENJSA,131515,236209270,2026_04_02,2026-04-18 17:35
YYLGD,131358,369826200,2026_04_02,2026-04-18 17:35
DZGYO,123365,399777846,2026_04_02,2026-04-18 17:35
SAYAS,118273,42530887,2026_04_02,2026-04-18 17:35
AHGAZ,115807,659370871,2026_04_02,2026-04-18 17:35
BINBN,113197,17000000,2026_04_02,2026-04-18 17:35
TRENJ,113113,98018735,2026_04_02,2026-04-18 17:35
SERNT,106707,113000000,2026_04_02,2026-04-18 17:35
NIBAS,105118,267767946,2026_04_02,2026-04-18 17:35
VSNMD,99398,24000000,2026_04_02,2026-04-18 17:35
OZRDN,96770,57107579,2026_04_02,2026-04-18 17:35
LINK,94149,747511382,2026_04_02,2026-04-18 17:35
YKSLN,93300,197429566,2026_04_02,2026-04-18 17:35
VBTYZ,93132,56205000,2026_04_02,2026-04-18 17:35
AKFIS,92565,66841328,2026_04_02,2026-04-18 17:35
KRONT,90287,116892885,2026_04_02,2026-04-18 17:35
CRFSA,88576,18312793,2026_04_02,2026-04-18 17:35
OYYAT,85657,91048322,2026_04_02,2026-04-18 17:35
EGGUB,82099,75862197,2026_04_02,2026-04-18 17:35
ICBCT,79636,216761845,2026_04_02,2026-04-18 17:35
AKSUE,77678,56376184,2026_04_02,2026-04-18 17:35
KZBGY,77489,1959999915,2026_04_02,2026-04-18 17:35
TATEN,77207,347799724,2026_04_02,2026-04-18 17:35
SVGYO,72981,295400000,2026_04_02,2026-04-18 17:35
GEDZA,72022,43033265,2026_04_02,2026-04-18 17:35
ISSEN,68650,107417374,2026_04_02,2026-04-18 17:35
BASGZ,68393,174999999,2026_04_02,2026-04-18 17:35
ULUSE,67039,24000000,2026_04_02,2026-04-18 17:35
INDES,66403,462749767,2026_04_02,2026-04-18 17:35
GOKNR,65316,178040711,2026_04_02,2026-04-18 17:35
DITAS,63773,83407810,2026_04_02,2026-04-18 17:35
ARFYE,63044,47000000,2026_04_02,2026-04-18 17:35
ALBRK,59917,1050739765,2026_04_02,2026-04-18 17:35
EGPRO,53222,175170570,2026_04_02,2026-04-18 17:35
CATES,52850,33050000,2026_04_02,2026-04-18 17:35
PNLSN,52316,34752383,2026_04_02,2026-04-18 17:35
AKHAN,52071,54700000,2026_04_02,2026-04-18 17:35
GEREL,51630,219036379,2026_04_02,2026-04-18 17:35
VKING,50306,30932905,2026_04_02,2026-04-18 17:35
ASUZU,50168,41130807,2026_04_02,2026-04-18 17:35
BYDNR,50017,22999984,2026_04_02,2026-04-18 17:35
BESLR,49869,658098036,2026_04_02,2026-04-18 17:35
ODINE,48840,52810834,2026_04_02,2026-04-18 17:35
MEPET,48197,73940585,2026_04_02,2026-04-18 17:35
YATAS,48088,94866488,2026_04_02,2026-04-18 17:35
FZLGY,47163,398427644,2026_04_02,2026-04-18 17:35
DESA,47009,171107590,2026_04_02,2026-04-18 17:35
BMSCH,45919,69277402,2026_04_02,2026-04-18 17:35
KIMMR,45685,75000000,2026_04_02,2026-04-18 17:35
PCILT,43499,45014182,2026_04_02,2026-04-18 17:35
ARSAN,42207,887344281,2026_04_02,2026-04-18 17:35
GIPTA,39623,51617863,2026_04_02,2026-04-18 17:35
NUGYO,39068,324943976,2026_04_02,2026-04-18 17:35
AFYON,36800,399992258,2026_04_02,2026-04-18 17:35
KRPLS,36463,78486163,2026_04_02,2026-04-18 17:35
ZERGY,35655,156799985,2026_04_02,2026-04-18 17:35
MERCN,35654,74389005,2026_04_02,2026-04-18 17:35
BARMA,34370,78130939,2026_04_02,2026-04-18 17:35
AHSGY,34305,184999889,2026_04_02,2026-04-18 17:35
NUHCM,33833,33164430,2026_04_02,2026-04-18 17:35
PRKAB,33726,35225443,2026_04_02,2026-04-18 17:35
MTRKS,33660,43633165,2026_04_02,2026-04-18 17:35
FORTE,33040,27999999,2026_04_02,2026-04-18 17:35
DESPC,32706,16023700,2026_04_02,2026-04-18 17:35
AVOD,30806,253604577,2026_04_02,2026-04-18 17:35
HURGZ,30549,220784167,2026_04_02,2026-04-18 17:35
VAKKO,29911,30788486,2026_04_02,2026-04-18 17:35
GUBRF,29154,85403679,2026_04_02,2026-04-18 17:35
OZATD,27997,13349988,2026_04_02,2026-04-18 17:35
EDIP,25628,36468204,2026_04_02,2026-04-18 17:35
INVES,24569,37480000,2026_04_02,2026-04-18 17:35
AVPGY,24470,99999990,2026_04_02,2026-04-18 17:35
INVEO,24142,998999954,2026_04_02,2026-04-18 17:35
LUKSK,23973,27257202,2026_04_02,2026-04-18 17:35
KLSER,23848,109457654,2026_04_02,2026-04-18 17:35
INTEM,23806,9428747,2026_04_02,2026-04-18 17:35
SANKO,22547,37499197,2026_04_02,2026-04-18 17:35
BLUME,20935,174710134,2026_04_02,2026-04-18 17:35
ARENA,20259,66996461,2026_04_02,2026-04-18 17:35
GOZDE,19951,384991447,2026_04_02,2026-04-18 17:35
BORSK,19642,279999879,2026_04_02,2026-04-18 17:35
ORGE,19110,41839996,2026_04_02,2026-04-18 17:35
OBAMS,17407,751078524,2026_04_02,2026-04-18 17:35
MCARD,17373,18900000,2026_04_02,2026-04-18 17:35
OZYSR,17131,40488000,2026_04_02,2026-04-18 17:35
VERTU,16826,22000000,2026_04_02,2026-04-18 17:35
ALCTL,16359,13543218,2026_04_02,2026-04-18 17:35
TTRAK,16215,24967158,2026_04_02,2026-04-18 17:35
AKENR,15549,385189246,2026_04_02,2026-04-18 17:35
VERUS,14915,34499937,2026_04_02,2026-04-18 17:35
PARSN,14454,34033246,2026_04_02,2026-04-18 17:35
KNFRT,13061,131747000,2026_04_02,2026-04-18 17:35
KLYPV,13045,46334639,2026_04_02,2026-04-18 17:35
DERIM,12760,40403770,2026_04_02,2026-04-18 17:35
PRKME,12644,53038641,2026_04_02,2026-04-18 17:35
IZINV,12640,13540386,2026_04_02,2026-04-18 17:35
SDTTR,12429,15990000,2026_04_02,2026-04-18 17:35
HOROZ,12173,24599986,2026_04_02,2026-04-18 17:35
VESBE,10978,503578676,2026_04_02,2026-04-18 17:35
OZSUB,10081,44247402,2026_04_02,2026-04-18 17:35
IMASM,9751,650600499,2026_04_02,2026-04-18 17:35
BRKVY,9229,13618361,2026_04_02,2026-04-18 17:35
MNDRS,8548,222008082,2026_04_02,2026-04-18 17:35
MARBL,8143,65226403,2026_04_02,2026-04-18 17:35
TRILC,6679,118499496,2026_04_02,2026-04-18 17:35
KZGYO,6667,49999978,2026_04_02,2026-04-18 17:35
BRISA,6634,31247472,2026_04_02,2026-04-18 17:35
INGRM,6032,14969536,2026_04_02,2026-04-18 17:35
NTGAZ,5622,276000000,2026_04_02,2026-04-18 17:35
KARSN,4940,827827039,2026_04_02,2026-04-18 17:35
BIZIM,4609,27601626,2026_04_02,2026-04-18 17:35
ALFAS,4459,84639559,2026_04_02,2026-04-18 17:35
GOLTS,4399,12422783,2026_04_02,2026-04-18 17:35
BFREN,4396,24586148,2026_04_02,2026-04-18 17:35
HATSN,4300,50924964,2026_04_02,2026-04-18 17:35
ALARK,3425,165125148,2026_04_02,2026-04-18 17:35
IHAAS,2868,56031248,2026_04_02,2026-04-18 17:35
TLMAN,2828,10300000,2026_04_02,2026-04-18 17:35
KUTPO,2810,10524430,2026_04_02,2026-04-18 17:35
PKART,2679,11048497,2026_04_02,2026-04-18 17:35
SELEC,2534,124262097,2026_04_02,2026-04-18 17:35
CVKMD,2373,461999787,2026_04_02,2026-04-18 17:35
MERIT,2139,329752572,2026_04_02,2026-04-18 17:35
TARKM,1736,4999997,2026_04_02,2026-04-18 17:35
DYOBY,1541,186553687,2026_04_02,2026-04-18 17:35
CGCAM,1518,42000000,2026_04_02,2026-04-18 17:35
FMIZP,1514,3497641,2026_04_02,2026-04-18 17:35
ISGSY,1486,47378729,2026_04_02,2026-04-18 17:35
LKMNH,1222,163262533,2026_04_02,2026-04-18 17:35
MERKO,1000,101104700,2026_04_02,2026-04-18 17:35
EGEEN,650,1137161,2026_04_02,2026-04-18 17:35
BAGFS,600,100042745,2026_04_02,2026-04-18 17:35
AKMGY,496,21568998,2026_04_02,2026-04-18 17:35
CLEBI,341,5490178,2026_04_02,2026-04-18 17:35
LYDYE,291,1391287,2026_04_02,2026-04-18 17:35
KONYA,114,1646416,2026_04_02,2026-04-18 17:35
BRYAT,36,10264685,2026_04_02,2026-04-18 17:35
CELHA,9,146124225,2026_04_02,2026-04-18 17:35
CMBTN,7,1023000,2026_04_02,2026-04-18 17:35
SANEL,0,18112451,2026_04_02,2026-04-18 17:35
ARTOG,0,18578922,2026_04_02,2026-04-18 17:35
MEMSA,0,160110709,2026_04_02,2026-04-18 17:35
MENBA,0,3496852,2026_04_02,2026-04-18 17:35
GRNYO,0,37386059,2026_04_02,2026-04-18 17:35
ERSU,0,31755894,2026_04_02,2026-04-18 17:35
SEKUR,0,131457835,2026_04_02,2026-04-18 17:35
BRLSM,0,108025075,2026_04_02,2026-04-18 17:35
KENT,0,1786507,2026_04_02,2026-04-18 17:35
SEYKM,0,151040901,2026_04_02,2026-04-18 17:35
SILVR,0,212818206,2026_04_02,2026-04-18 17:35
KERVN,0,588346973,2026_04_02,2026-04-18 17:35
SKYLP,0,7159255,2026_04_02,2026-04-18 17:35
CMENT,0,56829666,2026_04_02,2026-04-18 17:35
CRDFA,0,224990570,2026_04_02,2026-04-18 17:35
MSGYO,0,169650150,2026_04_02,2026-04-18 17:35
SNPAM,0,19679871,2026_04_02,2026-04-18 17:35
SONME,0,4349319,2026_04_02,2026-04-18 17:35
KLNMA,0,91846864,2026_04_02,2026-04-18 17:35
MZHLD,0,72215314,2026_04_02,2026-04-18 17:35
EUHOL,0,142999954,2026_04_02,2026-04-18 17:35
BRMEN,0,57566555,2026_04_02,2026-04-18 17:35
ARBUL,0,15459297,2026_04_02,2026-04-18 17:35
AKYHO,0,223895870,2026_04_02,2026-04-18 17:35
EDATA,0,160065395,2026_04_02,2026-04-18 17:35
KRATL,0,17800000,2026_04_02,2026-04-18 17:35
TDGYO,0,61998213,2026_04_02,2026-04-18 17:35
FENIS,0,26080019,2026_04_02,2026-04-18 17:35
FLAP,0,93599985,2026_04_02,2026-04-18 17:35
ANGEN,0,86440002,2026_04_02,2026-04-18 17:35
ORCAY,0,151124962,2026_04_02,2026-04-18 17:35
FORMT,0,1029046010,2026_04_02,2026-04-18 17:35
TRHOL,0,17583212,2026_04_02,2026-04-18 17:35
EGCYO,0,21986285,2026_04_02,2026-04-18 17:35
IHEVA,0,291631239,2026_04_02,2026-04-18 17:35
KSTUR,0,3952560,2026_04_02,2026-04-18 17:35
OYAYO,0,19999941,2026_04_02,2026-04-18 17:35
OYLUM,0,80937367,2026_04_02,2026-04-18 17:35
BURVA,0,4723271,2026_04_02,2026-04-18 17:35
ASYAB,0,477899601,2026_04_02,2026-04-18 17:35
ULAS,0,25200172,2026_04_02,2026-04-18 17:35
ATEKS,0,5441598,2026_04_02,2026-04-18 17:35
DGGYO,0,280709437,2026_04_02,2026-04-18 17:35
ATPET,0,11403497,2026_04_02,2026-04-18 17:35
UNTAR,0,29562129,2026_04_02,2026-04-18 17:35
UZEL,0,26329793,2026_04_02,2026-04-18 17:35
ELITE,0,44650000,2026_04_02,2026-04-18 17:35
EMKEL,0,149999458,2026_04_02,2026-04-18 17:35
AKPAZ,0,22488832,2026_04_02,2026-04-18 17:35
LIOYS,0,31625013,2026_04_02,2026-04-18 17:35
PENGD,0,171069968,2026_04_02,2026-04-18 17:35
ISBIR,0,14545542,2026_04_02,2026-04-18 17:35
VRGYO,0,597693904,2026_04_02,2026-04-18 17:35
GLBMD,0,28880500,2026_04_02,2026-04-18 17:35
YAPRK,0,88514958,2026_04_02,2026-04-18 17:35
GLDTRF,0,47850000,2026_04_02,2026-04-18 17:35
AGYO,0,129036460,2026_04_02,2026-04-18 17:35
ISYAT,0,152245569,2026_04_02,2026-04-18 17:35
YGYO,0,1310632851,2026_04_02,2026-04-18 17:35
MANAS,0,306992000,2026_04_02,2026-04-18 17:35
PRZMA,0,61941150,2026_04_02,2026-04-18 17:35
YYAPI,0,1705025550,2026_04_02,2026-04-18 17:35
PSDTC,0,6599991,2026_04_02,2026-04-18 17:35
QNBFK,0,1052820824,2026_04_02,2026-04-18 17:35
QNBTR,0,2571745911,2026_04_02,2026-04-18 17:35
MANGO,0,37831688,2026_04_02,2026-04-18 17:35
ENPRA,0,374258700,2026_04_02,2026-04-18 17:35
ARAT,0,39867975,2026_04_02,2026-04-18 17:35
RNPOL,0,335900000,2026_04_02,2026-04-18 17:35
GOLDS,0,192323946,2026_04_02,2026-04-18 17:35
DOGUB,0,19821566,2026_04_02,2026-04-18 17:35
MEGAP,0,234498757,2026_04_02,2026-04-18 17:35
ERBOS,-92,15899843,2026_04_02,2026-04-18 17:35
ALCAR,-133,1721735,2026_04_02,2026-04-18 17:35
MOPAS,-315,57330000,2026_04_02,2026-04-18 17:35
BVSAN,-416,13749998,2026_04_02,2026-04-18 17:35
MRSHL,-524,4212888,2026_04_02,2026-04-18 17:35
RAYSG,-768,51947024,2026_04_02,2026-04-18 17:35
ENDAE,-930,125414443,2026_04_02,2026-04-18 17:35
HKTM,-1038,72747495,2026_04_02,2026-04-18 17:35
YUNSA,-1202,202164056,2026_04_02,2026-04-18 17:35
TMPOL,-1394,11039990,2026_04_02,2026-04-18 17:35
POLTK,-1416,1125000,2026_04_02,2026-04-18 17:35
KORDS,-1466,65421451,2026_04_02,2026-04-18 17:35
TBORG,-1585,59392160,2026_04_02,2026-04-18 17:35
ACSEL,-1637,8589113,2026_04_02,2026-04-18 17:35
KOTON,-1677,136599922,2026_04_02,2026-04-18 17:35
PKENT,-2445,23766169,2026_04_02,2026-04-18 17:35
OFSYM,-2545,22749998,2026_04_02,2026-04-18 17:35
AKCNS,-2659,39359284,2026_04_02,2026-04-18 17:35
GRSEL,-2873,29650000,2026_04_02,2026-04-18 17:35
PAGYO,-2958,57781202,2026_04_02,2026-04-18 17:35
MAALT,-3409,4763850,2026_04_02,2026-04-18 17:35
PAMEL,-4432,21533681,2026_04_02,2026-04-18 17:35
PINSU,-4669,101635846,2026_04_02,2026-04-18 17:35
NETAS,-5261,31783484,2026_04_02,2026-04-18 17:35
PLTUR,-6475,49500000,2026_04_02,2026-04-18 17:35
TMSN,-6480,44449999,2026_04_02,2026-04-18 17:35
ONRYT,-6891,19730000,2026_04_02,2026-04-18 17:35
PAPIL,-7100,206247674,2026_04_02,2026-04-18 17:35
SURGY,-7490,44999990,2026_04_02,2026-04-18 17:35
ATAKP,-7829,28224000,2026_04_02,2026-04-18 17:35
AVHOL,-8190,26047279,2026_04_02,2026-04-18 17:35
GZNMI,-8818,40949825,2026_04_02,2026-04-18 17:35
FONET,-9093,577082984,2026_04_02,2026-04-18 17:35
OBASE,-9198,14924000,2026_04_02,2026-04-18 17:35
HUNER,-9523,670137933,2026_04_02,2026-04-18 17:35
DOFER,-9647,20172500,2026_04_02,2026-04-18 17:35
MPARK,-10579,80869110,2026_04_02,2026-04-18 17:35
ERCB,-10829,39113273,2026_04_02,2026-04-18 17:35
BANVT,-11039,36961044,2026_04_02,2026-04-18 17:35
GLCVY,-11521,26400000,2026_04_02,2026-04-18 17:35
SMART,-11818,29737499,2026_04_02,2026-04-18 17:35
AGESA,-11971,35829553,2026_04_02,2026-04-18 17:35
TCKRC,-15652,70000000,2026_04_02,2026-04-18 17:35
DOFRB,-18433,45000000,2026_04_02,2026-04-18 17:35
TGSAS,-19337,12348294,2026_04_02,2026-04-18 17:35
DEVA,-19936,199971824,2026_04_02,2026-04-18 17:35
LIDFA,-20324,458180545,2026_04_02,2026-04-18 17:35
MEDTR,-21163,24499999,2026_04_02,2026-04-18 17:35
LOGO,-22061,74328248,2026_04_02,2026-04-18 17:35
UNLU,-22492,102181558,2026_04_02,2026-04-18 17:35
TURGG,-23694,32042988,2026_04_02,2026-04-18 17:35
DNISI,-24314,59171727,2026_04_02,2026-04-18 17:35
BAYRK,-26234,189751123,2026_04_02,2026-04-18 17:35
BINHO,-26864,488884380,2026_04_02,2026-04-18 17:35
MAKTK,-29747,184370066,2026_04_02,2026-04-18 17:35
BAKAB,-31083,34985326,2026_04_02,2026-04-18 17:35
BAHKM,-31802,23289000,2026_04_02,2026-04-18 17:35
ANHYT,-32097,88457041,2026_04_02,2026-04-18 17:35
PRDGS,-33509,110850000,2026_04_02,2026-04-18 17:35
BUCIM,-34181,1292638065,2026_04_02,2026-04-18 17:35
IEYHO,-34778,541033797,2026_04_02,2026-04-18 17:35
DGATE,-35952,15227271,2026_04_02,2026-04-18 17:35
KOPOL,-38826,266319652,2026_04_02,2026-04-18 17:35
VAKFA,-40855,224999701,2026_04_02,2026-04-18 17:35
KLGYO,-41160,689399869,2026_04_02,2026-04-18 17:35
ADGYO,-43397,379654333,2026_04_02,2026-04-18 17:35
TEZOL,-45719,139999972,2026_04_02,2026-04-18 17:35
ISFIN,-47352,310154523,2026_04_02,2026-04-18 17:35
DOKTA,-48551,145872862,2026_04_02,2026-04-18 17:35
BEYAZ,-49194,42317352,2026_04_02,2026-04-18 17:35
SNGYO,-51397,3607173097,2026_04_02,2026-04-18 17:35
ISGYO,-51938,531312439,2026_04_02,2026-04-18 17:35
ISDMR,-52059,147631816,2026_04_02,2026-04-18 17:35
ECZYT,-52716,45880511,2026_04_02,2026-04-18 17:35
ALKIM,-52991,182767821,2026_04_02,2026-04-18 17:35
MACKO,-56732,41500000,2026_04_02,2026-04-18 17:35
ALKA,-57326,330750000,2026_04_02,2026-04-18 17:35
TRCAS,-60725,206252869,2026_04_02,2026-04-18 17:35
GARFA,-61399,138399778,2026_04_02,2026-04-18 17:35
SUNTK,-63101,145280000,2026_04_02,2026-04-18 17:35
FRIGO,-63554,263258455,2026_04_02,2026-04-18 17:35
YIGIT,-65525,89724474,2026_04_02,2026-04-18 17:35
HTTBT,-66246,82805422,2026_04_02,2026-04-18 17:35
REEDR,-74440,632419525,2026_04_02,2026-04-18 17:35
BIGTK,-74892,23834373,2026_04_02,2026-04-18 17:35
CEMTS,-75000,233425986,2026_04_02,2026-04-18 17:35
CONSE,-75810,377854899,2026_04_02,2026-04-18 17:35
ALTNY,-76000,399885115,2026_04_02,2026-04-18 17:35
AYEN,-77036,55531320,2026_04_02,2026-04-18 17:35
HRKET,-77233,24000000,2026_04_02,2026-04-18 17:35
TRGYO,-77269,251573369,2026_04_02,2026-04-18 17:35
PENTA,-82230,181070136,2026_04_02,2026-04-18 17:35
RUBNS,-83775,42377765,2026_04_02,2026-04-18 17:35
EGSER,-84962,545751057,2026_04_02,2026-04-18 17:35
KLKIM,-85455,138383655,2026_04_02,2026-04-18 17:35
DAGI,-91306,175301274,2026_04_02,2026-04-18 17:35
KONKA,-91681,89670000,2026_04_02,2026-04-18 17:35
SOKE,-93974,126999996,2026_04_02,2026-04-18 17:35
BMSTL,-94699,74760491,2026_04_02,2026-04-18 17:35
KLMSN,-94948,30881297,2026_04_02,2026-04-18 17:35
OTKAR,-97259,33417145,2026_04_02,2026-04-18 17:35
ATATR,-99983,280000000,2026_04_02,2026-04-18 17:35
RTALB,-110861,432976722,2026_04_02,2026-04-18 17:35
CEOEM,-113797,22209658,2026_04_02,2026-04-18 17:35
TSKB,-114481,1516591673,2026_04_02,2026-04-18 17:35
YESIL,-114490,640699949,2026_04_02,2026-04-18 17:35
SAFKR,-117698,140056162,2026_04_02,2026-04-18 17:35
HDFGS,-118270,956974191,2026_04_02,2026-04-18 17:35
MHRGY,-120848,310499991,2026_04_02,2026-04-18 17:35
AYDEM,-121147,130000000,2026_04_02,2026-04-18 17:35
PETUN,-121673,134673118,2026_04_02,2026-04-18 17:35
GENTS,-122076,749958921,2026_04_02,2026-04-18 17:35
DERHL,-123338,197281316,2026_04_02,2026-04-18 17:35
BIENY,-131545,83144831,2026_04_02,2026-04-18 17:35
LMKDC,-136777,155929999,2026_04_02,2026-04-18 17:35
TKNSA,-137305,100485379,2026_04_02,2026-04-18 17:35
KRSTL,-139868,183664642,2026_04_02,2026-04-18 17:35
HEDEF,-142218,562499930,2026_04_02,2026-04-18 17:35
ALKLC,-143541,45382467,2026_04_02,2026-04-18 17:35
GRTHO,-145423,36745000,2026_04_02,2026-04-18 17:35
AKSGY,-150949,1628451947,2026_04_02,2026-04-18 17:35
KOCMT,-151790,587485478,2026_04_02,2026-04-18 17:35
BNTAS,-155486,170624998,2026_04_02,2026-04-18 17:35
BRSAN,-157021,35912460,2026_04_02,2026-04-18 17:35
ZRGYO,-162320,1173404997,2026_04_02,2026-04-18 17:35
JANTS,-167678,207607465,2026_04_02,2026-04-18 17:35
TUCLK,-172851,283182600,2026_04_02,2026-04-18 17:35
KAPLM,-176519,4571305,2026_04_02,2026-04-18 17:35
GLRYH,-184076,599623814,2026_04_02,2026-04-18 17:35
DOHOL,-185047,984706978,2026_04_02,2026-04-18 17:35
CEMAS,-189872,790994229,2026_04_02,2026-04-18 17:35
RUZYE,-197493,267748491,2026_04_02,2026-04-18 17:35
EYGYO,-200655,362859668,2026_04_02,2026-04-18 17:35
VESTL,-201707,295447203,2026_04_02,2026-04-18 17:35
MNDTR,-202031,910071938,2026_04_02,2026-04-18 17:35
TSGYO,-216066,266499982,2026_04_02,2026-04-18 17:35
GOODY,-224687,132804473,2026_04_02,2026-04-18 17:35
MOGAN,-225119,262635000,2026_04_02,2026-04-18 17:35
BOSSA,-231301,508724189,2026_04_02,2026-04-18 17:35
BOBET,-232515,113999998,2026_04_02,2026-04-18 17:35
KARTN,-236074,72781126,2026_04_02,2026-04-18 17:35
DURKN,-238315,42500000,2026_04_02,2026-04-18 17:35
ALGYO,-240594,989338262,2026_04_02,2026-04-18 17:35
IHYAY,-244862,388124996,2026_04_02,2026-04-18 17:35
KLSYN,-278501,107854952,2026_04_02,2026-04-18 17:35
EGEPO,-287729,200000000,2026_04_02,2026-04-18 17:35
DMSAS,-288995,199994510,2026_04_02,2026-04-18 17:35
ETILR,-294598,156217454,2026_04_02,2026-04-18 17:35
EGEGY,-295096,69140000,2026_04_02,2026-04-18 17:35
METRO,-298891,539989959,2026_04_02,2026-04-18 17:35
DGNMO,-323711,327634635,2026_04_02,2026-04-18 17:35
ASGYO,-326213,165000000,2026_04_02,2026-04-18 17:35
KMPUR,-342030,132432524,2026_04_02,2026-04-18 17:35
TEKTU,-354759,195639311,2026_04_02,2026-04-18 17:35
KRDMA,-360720,240300917,2026_04_02,2026-04-18 17:35
IHLGM,-366344,986078000,2026_04_02,2026-04-18 17:35
EPLAS,-372033,190491857,2026_04_02,2026-04-18 17:35
VKGYO,-383888,1637203242,2026_04_02,2026-04-18 17:35
AKFGY,-387800,3457819313,2026_04_02,2026-04-18 17:35
ADEL,-477861,112043619,2026_04_02,2026-04-18 17:35
ZEDUR,-503176,69899991,2026_04_02,2026-04-18 17:35
GUNDG,-513438,18968983,2026_04_02,2026-04-18 17:35
BALSU,-551467,278000000,2026_04_02,2026-04-18 17:35
KCAER,-577031,496494775,2026_04_02,2026-04-18 17:35
MOBTL,-581896,207999999,2026_04_02,2026-04-18 17:35
ATATP,-598266,18809999,2026_04_02,2026-04-18 17:35
KGYO,-614396,767894934,2026_04_02,2026-04-18 17:35
TABGD,-656727,52499906,2026_04_02,2026-04-18 17:35
TERA,-680529,240888789,2026_04_02,2026-04-18 17:35
SARKY,-682671,999999671,2026_04_02,2026-04-18 17:35
NTHOL,-763765,485479112,2026_04_02,2026-04-18 17:35
DCTTR,-802855,157328724,2026_04_02,2026-04-18 17:35
ISKPL,-814764,724625736,2026_04_02,2026-04-18 17:35
ULUUN,-831434,290523353,2026_04_02,2026-04-18 17:35
BURCE,-907833,44422390,2026_04_02,2026-04-18 17:35
DUNYH,-918827,36443197,2026_04_02,2026-04-18 17:35
POLHO,-968325,164140074,2026_04_02,2026-04-18 17:35
SELVA,-1142651,775687737,2026_04_02,2026-04-18 17:35
MEYSU,-1223836,175000000,2026_04_02,2026-04-18 17:35
TRMET,-1260632,174483588,2026_04_02,2026-04-18 17:35
PASEU,-1413153,215295868,2026_04_02,2026-04-18 17:35
MEGMT,-1479576,85749986,2026_04_02,2026-04-18 17:35
IHLAS,-1592370,1396079076,2026_04_02,2026-04-18 17:35
ISMEN,-1710230,467723147,2026_04_02,2026-04-18 17:35
THYAO,-1719599,739463453,2026_04_02,2026-04-18 17:35
SKTAS,-1773175,332865443,2026_04_02,2026-04-18 17:35
ENERY,-1828250,2420687469,2026_04_02,2026-04-18 17:35
AGHOL,-1845823,1069828243,2026_04_02,2026-04-18 17:35
BEGYO,-1856721,290000000,2026_04_02,2026-04-18 17:35
EFOR,-1911154,670679994,2026_04_02,2026-04-18 17:35
ARZUM,-1940595,400949823,2026_04_02,2026-04-18 17:35
PATEK,-1979642,293081893,2026_04_02,2026-04-18 17:35
AEFES,-2300839,2028860053,2026_04_02,2026-04-18 17:35
PSGYO,-2399954,2954231556,2026_04_02,2026-04-18 17:35
PAHOL,-2408900,3999999979,2026_04_02,2026-04-18 17:35
SOKM,-2500030,448708248,2026_04_02,2026-04-18 17:35
KLRHO,-2539463,341250000,2026_04_02,2026-04-18 17:35
CWENE,-3340384,530758241,2026_04_02,2026-04-18 17:35
VAKFN,-3587340,2064378140,2026_04_02,2026-04-18 17:35
SANFM,-4020280,225029995,2026_04_02,2026-04-18 17:35
KTLEV,-4528563,1288500000,2026_04_02,2026-04-18 17:35
TUPRS,-4583353,942334139,2026_04_02,2026-04-18 17:35
DARDL,-4732386,1753442695,2026_04_02,2026-04-18 17:35
GENIL,-4836366,1289069985,2026_04_02,2026-04-18 17:35
AGROT,-7289768,879999770,2026_04_02,2026-04-18 17:35
TEHOL,-7800106,1967930261,2026_04_02,2026-04-18 17:35
TRALT,-7935759,952269019,2026_04_02,2026-04-18 17:35
BTCIM,-8052832,4220350772,2026_04_02,2026-04-18 17:35
GLYHO,-8082028,1949290631,2026_04_02,2026-04-18 17:35
CANTE,-8309777,8608815636,2026_04_02,2026-04-18 17:35
TSPOR,-9730221,3674975174,2026_04_02,2026-04-18 17:35
USAK,-13166434,2436064709,2026_04_02,2026-04-18 17:35
SKBNK,-13481308,2498877855,2026_04_02,2026-04-18 17:35
MRGYO,-15303334,2277966226,2026_04_02,2026-04-18 17:35
IZENR,-21379677,914537597,2026_04_02,2026-04-18 17:35
SASA,-29662422,25700434927,2026_04_02,2026-04-18 17:35
PEKGY,-30629834,4685173406,2026_04_02,2026-04-18 17:35
